{
  "type": "FeatureCollection",
  "name": "jardines_reserva",
  "crs_nota": "EPSG:4326",
  "features": [
    {
      "type": "Feature",
      "id": "JR-0001",
      "geometry": {
        "type": "MultiPolygon",
        "coordinates": [
          [
            [
              [
                -77.078257380299789,
                -12.065755331417174,
                0.0
              ],
              [
                -77.078255167769356,
                -12.065761426405869,
                0.0
              ],
              [
                -77.078253607024394,
                -12.065765725882413,
                0.0
              ],
              [
                -77.078248568797662,
                -12.065791893163263,
                0.0
              ],
              [
                -77.078239990946599,
                -12.065836511997974,
                0.0
              ],
              [
                -77.0782336304203,
                -12.065855519636848,
                0.0
              ],
              [
                -77.078205616375101,
                -12.066112739545446,
                0.0
              ],
              [
                -77.078201891128842,
                -12.066171637532625,
                0.0
              ],
              [
                -77.078196403354454,
                -12.066230126442004,
                0.0
              ],
              [
                -77.078192483261034,
                -12.066265396377666,
                0.0
              ],
              [
                -77.07819094447801,
                -12.066276474537279,
                0.0
              ],
              [
                -77.078190331999707,
                -12.066280883951828,
                0.0
              ],
              [
                -77.078190538450158,
                -12.066285008147334,
                0.0
              ],
              [
                -77.078196018960213,
                -12.066293562515565,
                0.0
              ],
              [
                -77.078202858279568,
                -12.066297121473601,
                0.0
              ],
              [
                -77.078212302832029,
                -12.066298770018195,
                0.0
              ],
              [
                -77.078218640177397,
                -12.066299307066142,
                0.0
              ],
              [
                -77.078229081518117,
                -12.066300191900128,
                0.0
              ],
              [
                -77.078240092655065,
                -12.06630114112482,
                0.0
              ],
              [
                -77.078255482060442,
                -12.066303604811704,
                0.0
              ],
              [
                -77.078285204999418,
                -12.066307508632033,
                0.0
              ],
              [
                -77.078307932513368,
                -12.066310261339252,
                0.0
              ],
              [
                -77.078343233773779,
                -12.066312748258158,
                0.0
              ],
              [
                -77.078384486512007,
                -12.066316909792178,
                0.0
              ],
              [
                -77.078432894754656,
                -12.066320330268836,
                0.0
              ],
              [
                -77.078450730638806,
                -12.066322947582858,
                0.0
              ],
              [
                -77.078462813549294,
                -12.066326983097827,
                0.0
              ],
              [
                -77.078478065403786,
                -12.066334261157744,
                0.0
              ],
              [
                -77.078496885863018,
                -12.066351311193133,
                0.0
              ],
              [
                -77.078501295330113,
                -12.066357194300561,
                0.0
              ],
              [
                -77.07850623924331,
                -12.066363790465092,
                0.0
              ],
              [
                -77.07851411220102,
                -12.066373891887205,
                0.0
              ],
              [
                -77.07851589625605,
                -12.066377856454064,
                0.0
              ],
              [
                -77.078529793661829,
                -12.066398168055548,
                0.0
              ],
              [
                -77.078821857280388,
                -12.066413355377323,
                0.0
              ],
              [
                -77.078868126179827,
                -12.06641390619189,
                0.0
              ],
              [
                -77.078875585343994,
                -12.066419059798179,
                0.0
              ],
              [
                -77.07893493301107,
                -12.066267228187861,
                0.0
              ],
              [
                -77.078995011519055,
                -12.066085247146212,
                0.0
              ],
              [
                -77.079045208136151,
                -12.065945116373802,
                0.0
              ],
              [
                -77.078878262377074,
                -12.065903781755999,
                0.0
              ],
              [
                -77.078871924096362,
                -12.065902759216881,
                0.0
              ],
              [
                -77.078870476297524,
                -12.065902150914022,
                0.0
              ],
              [
                -77.078865090082843,
                -12.065899887858,
                0.0
              ],
              [
                -77.078863793574186,
                -12.065912962368897,
                0.0
              ],
              [
                -77.078863617915431,
                -12.065913306699381,
                0.0
              ],
              [
                -77.078860008183895,
                -12.06592038258089,
                0.0
              ],
              [
                -77.078859414620936,
                -12.065920143741604,
                0.0
              ],
              [
                -77.078846166827972,
                -12.065914813062502,
                0.0
              ],
              [
                -77.07880819811696,
                -12.065906157517013,
                0.0
              ],
              [
                -77.078771174189086,
                -12.065898586929082,
                0.0
              ],
              [
                -77.078692474320434,
                -12.065865795306042,
                0.0
              ],
              [
                -77.078682635912799,
                -12.065850848499091,
                0.0
              ],
              [
                -77.078693290985228,
                -12.065818312285902,
                0.0
              ],
              [
                -77.078670535687635,
                -12.065811949792867,
                0.0
              ],
              [
                -77.078654226389645,
                -12.065807687877824,
                0.0
              ],
              [
                -77.078574667669983,
                -12.065786897726673,
                0.0
              ],
              [
                -77.078571302519336,
                -12.06578624556677,
                0.0
              ],
              [
                -77.078559516564695,
                -12.065775303349513,
                0.0
              ],
              [
                -77.0785244613337,
                -12.065759405967702,
                0.0
              ],
              [
                -77.078512243546484,
                -12.065760528628767,
                0.0
              ],
              [
                -77.078487410964968,
                -12.065756588309235,
                0.0
              ],
              [
                -77.078467807385721,
                -12.065751233699356,
                0.0
              ],
              [
                -77.07845417912138,
                -12.06575064783244,
                0.0
              ],
              [
                -77.078436774730292,
                -12.065758685443198,
                0.0
              ],
              [
                -77.078434948096913,
                -12.065759820296593,
                0.0
              ],
              [
                -77.078414001858476,
                -12.065755760942318,
                0.0
              ],
              [
                -77.078316758462663,
                -12.06573310803504,
                0.0
              ],
              [
                -77.078291565977949,
                -12.065727795138612,
                0.0
              ],
              [
                -77.078257380299789,
                -12.065755331417174,
                0.0
              ]
            ],
            [
              [
                -77.078862685863371,
                -12.066249676640961,
                0.0
              ],
              [
                -77.07888682726734,
                -12.066246616462994,
                0.0
              ],
              [
                -77.078882407010283,
                -12.066301359646623,
                0.0
              ],
              [
                -77.078876626674116,
                -12.066301359646621,
                0.0
              ],
              [
                -77.078862005823822,
                -12.066298639488432,
                0.0
              ],
              [
                -77.078860305724959,
                -12.066289798974307,
                0.0
              ],
              [
                -77.078862685863371,
                -12.066249676640961,
                0.0
              ]
            ],
            [
              [
                -77.078892607603507,
                -12.066241176146606,
                0.0
              ],
              [
                -77.078911988730624,
                -12.066240836126818,
                0.0
              ],
              [
                -77.078915388928365,
                -12.066252396799142,
                0.0
              ],
              [
                -77.078910628651528,
                -12.066296939389559,
                0.0
              ],
              [
                -77.078885807208025,
                -12.066299319527989,
                0.0
              ],
              [
                -77.078890567484862,
                -12.066270757866951,
                0.0
              ],
              [
                -77.078892607603507,
                -12.066241176146606,
                0.0
              ]
            ]
          ]
        ]
      },
      "properties": {
        "feature_id": "JR-0001",
        "source_index": 0,
        "codigo": "B 10",
        "nombre": "Jardín Rosales",
        "uso": "Áreas de uso recreativo/descanso",
        "proy_riego": "Falta aspersión",
        "riego_act": "Sin riego tecnificado",
        "referencia": "Exterior de Facultad de Artes Escénicas",
        "pertenecen": "DAF",
        "capa": "jardines_reserva",
        "perimetro_m": 326.392,
        "area_m2": 4985.402
      }
    },
    {
      "type": "Feature",
      "id": "JR-0002",
      "geometry": {
        "type": "MultiPolygon",
        "coordinates": [
          [
            [
              [
                -77.079668388297804,
                -12.070315322286401,
                0.0
              ],
              [
                -77.079679091190926,
                -12.070438518296291,
                0.0
              ],
              [
                -77.079847313218991,
                -12.070570499222198,
                0.0
              ],
              [
                -77.079850678869192,
                -12.070571258905204,
                0.0
              ],
              [
                -77.079851791443801,
                -12.070570619869333,
                0.0
              ],
              [
                -77.079851730096294,
                -12.07057050696524,
                0.0
              ],
              [
                -77.079851677443457,
                -12.070570389890099,
                0.0
              ],
              [
                -77.079851633776343,
                -12.070570269282886,
                0.0
              ],
              [
                -77.079851599336607,
                -12.07057014582055,
                0.0
              ],
              [
                -77.079851574314603,
                -12.070570020178284,
                0.0
              ],
              [
                -77.07985155884883,
                -12.070569893051038,
                0.0
              ],
              [
                -77.079851553024739,
                -12.070569765150614,
                0.0
              ],
              [
                -77.079851556200211,
                -12.070569647570638,
                0.0
              ],
              [
                -77.079851567525722,
                -12.070569530474119,
                0.0
              ],
              [
                -77.079851586948351,
                -12.070569414411731,
                0.0
              ],
              [
                -77.079851614377603,
                -12.070569299924973,
                0.0
              ],
              [
                -77.079851649685466,
                -12.07056918755136,
                0.0
              ],
              [
                -77.079851692707209,
                -12.070569077813586,
                0.0
              ],
              [
                -77.079851743241818,
                -12.070568971221686,
                0.0
              ],
              [
                -77.079851801053394,
                -12.070568868273025,
                0.0
              ],
              [
                -77.079851865872243,
                -12.070568769452294,
                0.0
              ],
              [
                -77.079851937395816,
                -12.070568675218567,
                0.0
              ],
              [
                -77.079852015290371,
                -12.070568586011749,
                0.0
              ],
              [
                -77.079852099192053,
                -12.070568502246161,
                0.0
              ],
              [
                -77.079852188709211,
                -12.070568424311293,
                0.0
              ],
              [
                -77.079851849116494,
                -12.070564807803953,
                0.0
              ],
              [
                -77.079842697331785,
                -12.070565554385089,
                0.0
              ],
              [
                -77.079840500138445,
                -12.07054215526599,
                0.0
              ],
              [
                -77.079849651922402,
                -12.070541408685052,
                0.0
              ],
              [
                -77.079835519902971,
                -12.070390908911079,
                0.0
              ],
              [
                -77.079835439507121,
                -12.070390820626564,
                0.0
              ],
              [
                -77.079835365474921,
                -12.070390727112287,
                0.0
              ],
              [
                -77.079835298157249,
                -12.070390628798652,
                0.0
              ],
              [
                -77.079835237873382,
                -12.070390526163797,
                0.0
              ],
              [
                -77.079835184909115,
                -12.070390419686106,
                0.0
              ],
              [
                -77.079835139515652,
                -12.070390309872227,
                0.0
              ],
              [
                -77.079835101908031,
                -12.070390197246326,
                0.0
              ],
              [
                -77.079835072264842,
                -12.07039008234146,
                0.0
              ],
              [
                -77.07983505072643,
                -12.070389965701736,
                0.0
              ],
              [
                -77.079835037394943,
                -12.070389847880184,
                0.0
              ],
              [
                -77.079835032333705,
                -12.070389729433574,
                0.0
              ],
              [
                -77.079835035203644,
                -12.070389616915389,
                0.0
              ],
              [
                -77.079835045537493,
                -12.070389504825407,
                0.0
              ],
              [
                -77.079835063290801,
                -12.070389393632393,
                0.0
              ],
              [
                -77.079835088387924,
                -12.070389283826042,
                0.0
              ],
              [
                -77.079835120721555,
                -12.07038917586183,
                0.0
              ],
              [
                -77.079835160153465,
                -12.070389070214839,
                0.0
              ],
              [
                -77.079835206515043,
                -12.070388967328057,
                0.0
              ],
              [
                -77.079835259608402,
                -12.070388867636089,
                0.0
              ],
              [
                -77.079835319206339,
                -12.070388771578166,
                0.0
              ],
              [
                -77.079835246997987,
                -12.070388002590031,
                0.0
              ],
              [
                -77.079826091065783,
                -12.070388704939205,
                0.0
              ],
              [
                -77.079823893749293,
                -12.070365304449279,
                0.0
              ],
              [
                -77.079833049680715,
                -12.070364602100307,
                0.0
              ],
              [
                -77.079826688003493,
                -12.070296852912723,
                0.0
              ],
              [
                -77.079826628913295,
                -12.070296819697703,
                0.0
              ],
              [
                -77.079826563854411,
                -12.070296923144811,
                0.0
              ],
              [
                -77.079826491535542,
                -12.070297021808264,
                0.0
              ],
              [
                -77.079826412317544,
                -12.070297115196642,
                0.0
              ],
              [
                -77.079826326596262,
                -12.07029720284798,
                0.0
              ],
              [
                -77.079826234799796,
                -12.070297284325987,
                0.0
              ],
              [
                -77.079826137386348,
                -12.070297359217824,
                0.0
              ],
              [
                -77.079826034842299,
                -12.070297427153536,
                0.0
              ],
              [
                -77.079825927679749,
                -12.070297487788846,
                0.0
              ],
              [
                -77.079825816433782,
                -12.070297540826697,
                0.0
              ],
              [
                -77.079825701659828,
                -12.070297586004365,
                0.0
              ],
              [
                -77.079825583931083,
                -12.070297623089159,
                0.0
              ],
              [
                -77.07982546383522,
                -12.070297651895677,
                0.0
              ],
              [
                -77.079825341972153,
                -12.070297672285847,
                0.0
              ],
              [
                -77.079825218950162,
                -12.070297684155994,
                0.0
              ],
              [
                -77.07982509538374,
                -12.070297687449813,
                0.0
              ],
              [
                -77.079824971889551,
                -12.070297682141149,
                0.0
              ],
              [
                -77.079824849084616,
                -12.070297668264175,
                0.0
              ],
              [
                -77.079824727581894,
                -12.070297645887573,
                0.0
              ],
              [
                -77.079824607988087,
                -12.070297615123167,
                0.0
              ],
              [
                -77.079824490900521,
                -12.070297576121639,
                0.0
              ],
              [
                -77.079824376903616,
                -12.070297529076859,
                0.0
              ],
              [
                -77.079824266566732,
                -12.070297474230223,
                0.0
              ],
              [
                -77.079824160440793,
                -12.070297411853426,
                0.0
              ],
              [
                -77.079824059055838,
                -12.07029734225279,
                0.0
              ],
              [
                -77.079823962917843,
                -12.070297265782241,
                0.0
              ],
              [
                -77.079823872506893,
                -12.070297182817429,
                0.0
              ],
              [
                -77.079823788274624,
                -12.070297093777315,
                0.0
              ],
              [
                -77.079823710641563,
                -12.07029699910696,
                0.0
              ],
              [
                -77.079823639995269,
                -12.070296899273208,
                0.0
              ],
              [
                -77.07982357668844,
                -12.070296794781958,
                0.0
              ],
              [
                -77.079823521037497,
                -12.070296686152304,
                0.0
              ],
              [
                -77.079823473320005,
                -12.07029657392518,
                0.0
              ],
              [
                -77.079823433774266,
                -12.070296458659053,
                0.0
              ],
              [
                -77.079823402597839,
                -12.070296340934238,
                0.0
              ],
              [
                -77.079823379946589,
                -12.070296221337815,
                0.0
              ],
              [
                -77.079823365933208,
                -12.070296100465857,
                0.0
              ],
              [
                -77.079823360627699,
                -12.070295978918853,
                0.0
              ],
              [
                -77.079823363733368,
                -12.070295862467885,
                0.0
              ],
              [
                -77.079823374832856,
                -12.070295746493549,
                0.0
              ],
              [
                -77.079823393875287,
                -12.070295631520006,
                0.0
              ],
              [
                -77.079823420773636,
                -12.07029551808014,
                0.0
              ],
              [
                -77.079823455404465,
                -12.070295406689873,
                0.0
              ],
              [
                -77.079823497609581,
                -12.070295297858912,
                0.0
              ],
              [
                -77.079823547195659,
                -12.070295192088622,
                0.0
              ],
              [
                -77.079823603935523,
                -12.070295089854756,
                0.0
              ],
              [
                -77.079823667569599,
                -12.070294991637617,
                0.0
              ],
              [
                -77.079823737806393,
                -12.07029489787465,
                0.0
              ],
              [
                -77.079823814324698,
                -12.070294809003528,
                0.0
              ],
              [
                -77.079823896773888,
                -12.070294725427663,
                0.0
              ],
              [
                -77.079823984776652,
                -12.070294647529115,
                0.0
              ],
              [
                -77.079824077930184,
                -12.070294575668592,
                0.0
              ],
              [
                -77.079824175807872,
                -12.070294510172509,
                0.0
              ],
              [
                -77.079824277961833,
                -12.070294451337258,
                0.0
              ],
              [
                -77.07982438392412,
                -12.070294399437842,
                0.0
              ],
              [
                -77.079824493209955,
                -12.070294354706295,
                0.0
              ],
              [
                -77.079824605319018,
                -12.070294317353216,
                0.0
              ],
              [
                -77.079824719737857,
                -12.070294287546206,
                0.0
              ],
              [
                -77.079824835942858,
                -12.070294265422772,
                0.0
              ],
              [
                -77.079824953401811,
                -12.070294251081716,
                0.0
              ],
              [
                -77.079825071577332,
                -12.070294244591684,
                0.0
              ],
              [
                -77.079825189928215,
                -12.070294245982584,
                0.0
              ],
              [
                -77.079825307912628,
                -12.070294255245535,
                0.0
              ],
              [
                -77.07982542499056,
                -12.070294272337177,
                0.0
              ],
              [
                -77.079825540626018,
                -12.070294297188241,
                0.0
              ],
              [
                -77.079825654289579,
                -12.070294329673402,
                0.0
              ],
              [
                -77.079825765460825,
                -12.070294369650021,
                0.0
              ],
              [
                -77.07982587363108,
                -12.070294416932278,
                0.0
              ],
              [
                -77.079825978304882,
                -12.070294471308401,
                0.0
              ],
              [
                -77.079826079003212,
                -12.070294532523386,
                0.0
              ],
              [
                -77.07982617526487,
                -12.070294600300565,
                0.0
              ],
              [
                -77.07982626664942,
                -12.070294674328629,
                0.0
              ],
              [
                -77.079826352738493,
                -12.070294754276709,
                0.0
              ],
              [
                -77.07982643313774,
                -12.070294839762044,
                0.0
              ],
              [
                -77.079826507479439,
                -12.070294930406419,
                0.0
              ],
              [
                -77.079826192958151,
                -12.070291580885069,
                0.0
              ],
              [
                -77.079679560798212,
                -12.070304825109108,
                0.0
              ],
              [
                -77.079668388297804,
                -12.070315322286401,
                0.0
              ]
            ]
          ]
        ]
      },
      "properties": {
        "feature_id": "JR-0002",
        "source_index": 1,
        "codigo": "E 24",
        "nombre": "Jardín Comedor Arte Antiguo (lado EEGGCC)",
        "uso": "Áreas de uso recreativo/descanso",
        "proy_riego": "Falta aspersión",
        "riego_act": "Sin riego tecnificado",
        "referencia": "Espacio entre bancas, más pegado a EEGGCC",
        "pertenecen": "DAF",
        "capa": "jardines_reserva",
        "perimetro_m": 91.141,
        "area_m2": 395.956
      }
    },
    {
      "type": "Feature",
      "id": "JR-0003",
      "geometry": {
        "type": "MultiPolygon",
        "coordinates": [
          [
            [
              [
                -77.079678391731164,
                -12.070291317320937,
                0.0
              ],
              [
                -77.079756215142581,
                -12.070284288104471,
                0.0
              ],
              [
                -77.079755479683158,
                -12.07027573272528,
                0.0
              ],
              [
                -77.079783491526584,
                -12.070272476569274,
                0.0
              ],
              [
                -77.079784288920365,
                -12.070281752401216,
                0.0
              ],
              [
                -77.079825031160979,
                -12.070278072441408,
                0.0
              ],
              [
                -77.079811132642703,
                -12.070128800422088,
                0.0
              ],
              [
                -77.079811057775515,
                -12.070128698807874,
                0.0
              ],
              [
                -77.079810990629099,
                -12.070128592102167,
                0.0
              ],
              [
                -77.079810931560232,
                -12.070128480858425,
                0.0
              ],
              [
                -77.079810880882931,
                -12.070128365679794,
                0.0
              ],
              [
                -77.079810838866507,
                -12.070128247169764,
                0.0
              ],
              [
                -77.07981080573424,
                -12.070128125964484,
                0.0
              ],
              [
                -77.07981078166236,
                -12.070128002711229,
                0.0
              ],
              [
                -77.079810766778635,
                -12.070127878049018,
                0.0
              ],
              [
                -77.079810761162335,
                -12.070127752658225,
                0.0
              ],
              [
                -77.07981076449687,
                -12.070127632527093,
                0.0
              ],
              [
                -77.079810776337752,
                -12.070127512922848,
                0.0
              ],
              [
                -77.079810796627314,
                -12.070127394419046,
                0.0
              ],
              [
                -77.079810825266563,
                -12.070127277600379,
                0.0
              ],
              [
                -77.07981086211592,
                -12.070127163032447,
                0.0
              ],
              [
                -77.079810906996073,
                -12.070127051270372,
                0.0
              ],
              [
                -77.079810959688288,
                -12.070126942865633,
                0.0
              ],
              [
                -77.079810952323143,
                -12.070126863762891,
                0.0
              ],
              [
                -77.079810101900719,
                -12.070126385733555,
                0.0
              ],
              [
                -77.079801730656797,
                -12.070126858952932,
                0.0
              ],
              [
                -77.079799550681471,
                -12.070103445676452,
                0.0
              ],
              [
                -77.079808723618825,
                -12.070102927138164,
                0.0
              ],
              [
                -77.07979773390197,
                -12.069984895780689,
                0.0
              ],
              [
                -77.079646510133841,
                -12.070112966360888,
                0.0
              ],
              [
                -77.079646646888861,
                -12.070114496847596,
                0.0
              ],
              [
                -77.07964993996741,
                -12.070114211825883,
                0.0
              ],
              [
                -77.079664985329188,
                -12.070282590974772,
                0.0
              ],
              [
                -77.079678391731164,
                -12.070291317320937,
                0.0
              ]
            ]
          ]
        ]
      },
      "properties": {
        "feature_id": "JR-0003",
        "source_index": 2,
        "codigo": "E 23",
        "nombre": "Jardín Comedor Arte Antiguo (centro)",
        "uso": "Áreas de uso recreativo/descanso",
        "proy_riego": "Falta aspersión",
        "riego_act": "Sin riego tecnificado",
        "referencia": "Exterior del Comedor de Arte Antiguo",
        "pertenecen": "DAF",
        "capa": "jardines_reserva",
        "perimetro_m": 95.254,
        "area_m2": 451.822
      }
    },
    {
      "type": "Feature",
      "id": "JR-0004",
      "geometry": {
        "type": "MultiPolygon",
        "coordinates": [
          [
            [
              [
                -77.079567712411389,
                -12.069428991265847,
                0.0
              ],
              [
                -77.079561219442695,
                -12.0694295720809,
                0.0
              ],
              [
                -77.079562200492717,
                -12.069440180265307,
                0.0
              ],
              [
                -77.079608108525463,
                -12.069436073653835,
                0.0
              ],
              [
                -77.079613435652988,
                -12.06949367624269,
                0.0
              ],
              [
                -77.079606778259077,
                -12.06949427176729,
                0.0
              ],
              [
                -77.079598467697821,
                -12.06950350016862,
                0.0
              ],
              [
                -77.079598729892354,
                -12.069506335296063,
                0.0
              ],
              [
                -77.079612630335603,
                -12.069505091858353,
                0.0
              ],
              [
                -77.079616928505189,
                -12.069504707373623,
                0.0
              ],
              [
                -77.079628359784266,
                -12.069503684809597,
                0.0
              ],
              [
                -77.079630738124663,
                -12.069510342328384,
                0.0
              ],
              [
                -77.079632669604948,
                -12.069517138509005,
                0.0
              ],
              [
                -77.079634145977465,
                -12.069524044326345,
                0.0
              ],
              [
                -77.079635160938352,
                -12.069531030300352,
                0.0
              ],
              [
                -77.079635710153838,
                -12.069538066600106,
                0.0
              ],
              [
                -77.079635791278477,
                -12.069545123179427,
                0.0
              ],
              [
                -77.079635403966094,
                -12.069552169910393,
                0.0
              ],
              [
                -77.079634549870519,
                -12.069559176697542,
                0.0
              ],
              [
                -77.079633232638415,
                -12.069566113631231,
                0.0
              ],
              [
                -77.079665150891145,
                -12.069592275138763,
                0.0
              ],
              [
                -77.079733031550461,
                -12.069586071553287,
                0.0
              ],
              [
                -77.079757601499935,
                -12.06955699303505,
                0.0
              ],
              [
                -77.079752715515937,
                -12.069504160906606,
                0.0
              ],
              [
                -77.079743561055352,
                -12.069504876959696,
                0.0
              ],
              [
                -77.07974139675575,
                -12.069481474374042,
                0.0
              ],
              [
                -77.079750551215568,
                -12.069480758321147,
                0.0
              ],
              [
                -77.079736043170527,
                -12.06932388258941,
                0.0
              ],
              [
                -77.079732652267978,
                -12.069324092528941,
                0.0
              ],
              [
                -77.079706470926396,
                -12.069302345038244,
                0.0
              ],
              [
                -77.07969101619581,
                -12.069303731383219,
                0.0
              ],
              [
                -77.079507782771216,
                -12.069320168015564,
                0.0
              ],
              [
                -77.07950820114776,
                -12.069324486519839,
                0.0
              ],
              [
                -77.079508724118469,
                -12.069329884650189,
                0.0
              ],
              [
                -77.079563262932666,
                -12.069374070838064,
                0.0
              ],
              [
                -77.079556803933485,
                -12.069381826752014,
                0.0
              ],
              [
                -77.079556810800639,
                -12.069381901007334,
                0.0
              ],
              [
                -77.079562115322815,
                -12.06938619861697,
                0.0
              ],
              [
                -77.079563887725513,
                -12.069387634579405,
                0.0
              ],
              [
                -77.079564029226958,
                -12.069389164648241,
                0.0
              ],
              [
                -77.079567712411389,
                -12.069428991265847,
                0.0
              ]
            ]
          ]
        ]
      },
      "properties": {
        "feature_id": "JR-0004",
        "source_index": 3,
        "codigo": "E 4",
        "nombre": "Jardín Tesorería",
        "uso": "Áreas de uso recreativo/descanso",
        "proy_riego": "Falta aspersión",
        "riego_act": "Sin riego tecnificado",
        "referencia": "Frente a cajas de Tesorería Central",
        "pertenecen": "DAF",
        "capa": "jardines_reserva",
        "perimetro_m": 111.302,
        "area_m2": 521.751
      }
    },
    {
      "type": "Feature",
      "id": "JR-0005",
      "geometry": {
        "type": "MultiPolygon",
        "coordinates": [
          [
            [
              [
                -77.07959843234552,
                -12.069746703406423,
                0.0
              ],
              [
                -77.079603761190157,
                -12.069789662410539,
                0.0
              ],
              [
                -77.079608794613975,
                -12.069793375419406,
                0.0
              ],
              [
                -77.079614342411986,
                -12.069785967332201,
                0.0
              ],
              [
                -77.079633348107777,
                -12.069800193420798,
                0.0
              ],
              [
                -77.079627899754485,
                -12.069807468718272,
                0.0
              ],
              [
                -77.079697079731673,
                -12.069858500722201,
                0.0
              ],
              [
                -77.079702528083658,
                -12.069851225423539,
                0.0
              ],
              [
                -77.079721339316691,
                -12.069865101901575,
                0.0
              ],
              [
                -77.079715890965062,
                -12.069872377200566,
                0.0
              ],
              [
                -77.079792394302743,
                -12.069928811370174,
                0.0
              ],
              [
                -77.079791477038938,
                -12.069919042685219,
                0.0
              ],
              [
                -77.079782317105057,
                -12.069919702247349,
                0.0
              ],
              [
                -77.079780119662658,
                -12.069896299889878,
                0.0
              ],
              [
                -77.079789279595758,
                -12.069895640327953,
                0.0
              ],
              [
                -77.079771499474845,
                -12.069706285090517,
                0.0
              ],
              [
                -77.079762360344702,
                -12.069707166132932,
                0.0
              ],
              [
                -77.079760163277484,
                -12.069683767700226,
                0.0
              ],
              [
                -77.079769302406874,
                -12.069682886658013,
                0.0
              ],
              [
                -77.079764996670065,
                -12.069637031207268,
                0.0
              ],
              [
                -77.079735401192139,
                -12.069613084457178,
                0.0
              ],
              [
                -77.079664550474646,
                -12.069619559475848,
                0.0
              ],
              [
                -77.079593915433563,
                -12.069697455782604,
                0.0
              ],
              [
                -77.07959843234552,
                -12.069746703406423,
                0.0
              ]
            ]
          ]
        ]
      },
      "properties": {
        "feature_id": "JR-0005",
        "source_index": 4,
        "codigo": "E 5",
        "nombre": "Jardín DAES",
        "uso": "Áreas de uso recreativo/descanso",
        "proy_riego": "Falta aspersión",
        "riego_act": "Sin riego tecnificado",
        "referencia": "Frente a DAES y Servicio Salud",
        "pertenecen": "DAF",
        "capa": "jardines_reserva",
        "perimetro_m": 99.824,
        "area_m2": 463.022
      }
    },
    {
      "type": "Feature",
      "id": "JR-0006",
      "geometry": {
        "type": "MultiPolygon",
        "coordinates": [
          [
            [
              [
                -77.079739265069122,
                -12.068026791123351,
                0.0
              ],
              [
                -77.079873072735865,
                -12.068031393427166,
                0.0
              ],
              [
                -77.079876038702253,
                -12.06791682860373,
                0.0
              ],
              [
                -77.079742553041228,
                -12.067914048186733,
                0.0
              ],
              [
                -77.079739265069122,
                -12.068026791123351,
                0.0
              ]
            ]
          ]
        ]
      },
      "properties": {
        "feature_id": "JR-0006",
        "source_index": 5,
        "codigo": "C 17",
        "nombre": "Jardín Humanidades bloque B",
        "uso": "Áreas de uso recreativo/descanso",
        "proy_riego": "Falta aspersión",
        "riego_act": "Sin riego tecnificado",
        "referencia": "Entrada al Departamento de Humanidades",
        "pertenecen": "DAF",
        "capa": "jardines_reserva",
        "perimetro_m": 54.268,
        "area_m2": 183.082
      }
    },
    {
      "type": "Feature",
      "id": "JR-0007",
      "geometry": {
        "type": "MultiPolygon",
        "coordinates": [
          [
            [
              [
                -77.081028984097287,
                -12.068474351098708,
                0.0
              ],
              [
                -77.081028427622513,
                -12.068510949785068,
                0.0
              ],
              [
                -77.081028067631806,
                -12.068534625972253,
                0.0
              ],
              [
                -77.081008692838296,
                -12.068534439422525,
                0.0
              ],
              [
                -77.081008509228241,
                -12.068546515201282,
                0.0
              ],
              [
                -77.08100843995544,
                -12.06854781071076,
                0.0
              ],
              [
                -77.081008281957523,
                -12.068549098655701,
                0.0
              ],
              [
                -77.081008035955733,
                -12.068550373162028,
                0.0
              ],
              [
                -77.081007703073354,
                -12.068551628414129,
                0.0
              ],
              [
                -77.081007284829468,
                -12.068552858675385,
                0.0
              ],
              [
                -77.08100678313366,
                -12.068554058333355,
                0.0
              ],
              [
                -77.081006200275951,
                -12.068555221917109,
                0.0
              ],
              [
                -77.081005538916855,
                -12.068556344108154,
                0.0
              ],
              [
                -77.081004802075171,
                -12.068557419779344,
                0.0
              ],
              [
                -77.081004178696077,
                -12.06855811493568,
                0.0
              ],
              [
                -77.081003507145567,
                -12.068558765182267,
                0.0
              ],
              [
                -77.081002790755164,
                -12.068559367294185,
                0.0
              ],
              [
                -77.081002033078647,
                -12.06855991827771,
                0.0
              ],
              [
                -77.081001237874958,
                -12.06856041540909,
                0.0
              ],
              [
                -77.081000409089057,
                -12.068560856215285,
                0.0
              ],
              [
                -77.080999550832288,
                -12.068561238510762,
                0.0
              ],
              [
                -77.080998667362479,
                -12.068561560401943,
                0.0
              ],
              [
                -77.080997763062427,
                -12.068561820287361,
                0.0
              ],
              [
                -77.080996842418458,
                -12.068562016883694,
                0.0
              ],
              [
                -77.080995909997696,
                -12.068562149210834,
                0.0
              ],
              [
                -77.080994970425763,
                -12.068562216611461,
                0.0
              ],
              [
                -77.080994028363861,
                -12.068562218755121,
                0.0
              ],
              [
                -77.080993083874134,
                -12.068562193418204,
                0.0
              ],
              [
                -77.080992143253894,
                -12.068562105621121,
                0.0
              ],
              [
                -77.080991210761525,
                -12.068561955769837,
                0.0
              ],
              [
                -77.080990290619397,
                -12.068561744537368,
                0.0
              ],
              [
                -77.08098938699338,
                -12.068561472885941,
                0.0
              ],
              [
                -77.080988503974638,
                -12.068561142039055,
                0.0
              ],
              [
                -77.080987645561123,
                -12.06856075350103,
                0.0
              ],
              [
                -77.080986815639065,
                -12.06856030902267,
                0.0
              ],
              [
                -77.080986017966424,
                -12.068559810622927,
                0.0
              ],
              [
                -77.080985256154449,
                -12.068559260554576,
                0.0
              ],
              [
                -77.080984533652369,
                -12.068558661315073,
                0.0
              ],
              [
                -77.080983853731212,
                -12.068558015610114,
                0.0
              ],
              [
                -77.080983219469331,
                -12.068557326360745,
                0.0
              ],
              [
                -77.080982560182335,
                -12.068556379208887,
                0.0
              ],
              [
                -77.080981966696513,
                -12.068555390796925,
                0.0
              ],
              [
                -77.080981441666523,
                -12.068554365551901,
                0.0
              ],
              [
                -77.08098098744118,
                -12.068553308065329,
                0.0
              ],
              [
                -77.080980606051824,
                -12.068552223060429,
                0.0
              ],
              [
                -77.080980299204541,
                -12.068551115389965,
                0.0
              ],
              [
                -77.080980068271927,
                -12.068549990014775,
                0.0
              ],
              [
                -77.080979914286743,
                -12.068548851962923,
                0.0
              ],
              [
                -77.080979837937676,
                -12.06854770632023,
                0.0
              ],
              [
                -77.080977713527702,
                -12.068687425201466,
                0.0
              ],
              [
                -77.081337774087686,
                -12.068690884014334,
                0.0
              ],
              [
                -77.081338790485404,
                -12.068690886802848,
                0.0
              ],
              [
                -77.081339804568003,
                -12.068690819270417,
                0.0
              ],
              [
                -77.081340811317403,
                -12.068690681731852,
                0.0
              ],
              [
                -77.081341805752373,
                -12.068690474881615,
                0.0
              ],
              [
                -77.081342782952191,
                -12.068690199741249,
                0.0
              ],
              [
                -77.081343738081443,
                -12.068689857669963,
                0.0
              ],
              [
                -77.081344666413955,
                -12.068689450357976,
                0.0
              ],
              [
                -77.081345563356294,
                -12.068688979826371,
                0.0
              ],
              [
                -77.081346424470311,
                -12.068688448401033,
                0.0
              ],
              [
                -77.081347245494925,
                -12.068687858708202,
                0.0
              ],
              [
                -77.081348022367735,
                -12.06868721367,
                0.0
              ],
              [
                -77.081348751244434,
                -12.068686516474097,
                0.0
              ],
              [
                -77.081349428518649,
                -12.068685770573589,
                0.0
              ],
              [
                -77.081350050839035,
                -12.068684979661008,
                0.0
              ],
              [
                -77.081350615126325,
                -12.068684147646614,
                0.0
              ],
              [
                -77.081351118588259,
                -12.068683278649722,
                0.0
              ],
              [
                -77.08135155873353,
                -12.068682376968381,
                0.0
              ],
              [
                -77.08135193338434,
                -12.068681447062062,
                0.0
              ],
              [
                -77.081352240686954,
                -12.068680493538654,
                0.0
              ],
              [
                -77.081352479120667,
                -12.068679521106974,
                0.0
              ],
              [
                -77.081352647505696,
                -12.068678534589658,
                0.0
              ],
              [
                -77.081352745008957,
                -12.068677538858463,
                0.0
              ],
              [
                -77.081352771147749,
                -12.068676538849322,
                0.0
              ],
              [
                -77.081352725793039,
                -12.068675539504142,
                0.0
              ],
              [
                -77.081352609169031,
                -12.068674545768602,
                0.0
              ],
              [
                -77.081352457910867,
                -12.068673746136236,
                0.0
              ],
              [
                -77.081352443585445,
                -12.068673748664855,
                0.0
              ],
              [
                -77.081342739532914,
                -12.06861839428551,
                0.0
              ],
              [
                -77.08133246925739,
                -12.0685556506709,
                0.0
              ],
              [
                -77.0813225273142,
                -12.068492929849741,
                0.0
              ],
              [
                -77.081321597743738,
                -12.068487016729579,
                0.0
              ],
              [
                -77.081312543115388,
                -12.068488526298328,
                0.0
              ],
              [
                -77.081308892220065,
                -12.068465302463505,
                0.0
              ],
              [
                -77.08131794684769,
                -12.068463792894995,
                0.0
              ],
              [
                -77.081317642524837,
                -12.06846185705666,
                0.0
              ],
              [
                -77.081313074407845,
                -12.068430011735101,
                0.0
              ],
              [
                -77.081305312266878,
                -12.068375938399782,
                0.0
              ],
              [
                -77.081299279416299,
                -12.068330455113532,
                0.0
              ],
              [
                -77.081291171618403,
                -12.068267700375069,
                0.0
              ],
              [
                -77.08128571632578,
                -12.068222970079205,
                0.0
              ],
              [
                -77.081285659710815,
                -12.068222520710368,
                0.0
              ],
              [
                -77.081285661489432,
                -12.068222520452128,
                0.0
              ],
              [
                -77.081285650277266,
                -12.068222428518755,
                0.0
              ],
              [
                -77.081284894124153,
                -12.068216756349839,
                0.0
              ],
              [
                -77.081166822026887,
                -12.068251950629499,
                0.0
              ],
              [
                -77.081136063563051,
                -12.068251494673218,
                0.0
              ],
              [
                -77.081135912472249,
                -12.068268213575214,
                0.0
              ],
              [
                -77.081011299460911,
                -12.068266366860275,
                0.0
              ],
              [
                -77.081011293027899,
                -12.06826678994585,
                0.0
              ],
              [
                -77.081008354794818,
                -12.068266753673992,
                0.0
              ],
              [
                -77.081008298819313,
                -12.068270435067797,
                0.0
              ],
              [
                -77.080999667400548,
                -12.068270352127426,
                0.0
              ],
              [
                -77.08099869321218,
                -12.06833442242211,
                0.0
              ],
              [
                -77.081007324632992,
                -12.068334505362175,
                0.0
              ],
              [
                -77.08100726417581,
                -12.068338481515845,
                0.0
              ],
              [
                -77.080998632754856,
                -12.068338398575801,
                0.0
              ],
              [
                -77.080997662690805,
                -12.068402197768874,
                0.0
              ],
              [
                -77.081006294113806,
                -12.068402280708614,
                0.0
              ],
              [
                -77.081006233656751,
                -12.068406256862252,
                0.0
              ],
              [
                -77.080997602233623,
                -12.068406173922533,
                0.0
              ],
              [
                -77.080996626675713,
                -12.06847033458393,
                0.0
              ],
              [
                -77.081004707158883,
                -12.068470412229333,
                0.0
              ],
              [
                -77.081004650824013,
                -12.068474117281607,
                0.0
              ],
              [
                -77.081028984097287,
                -12.068474351098708,
                0.0
              ]
            ]
          ]
        ]
      },
      "properties": {
        "feature_id": "JR-0007",
        "source_index": 6,
        "codigo": "C 34",
        "nombre": "Jardín Estudio de TV (Paredón)",
        "uso": "Áreas de uso recreativo/descanso",
        "proy_riego": "Falta aspersión",
        "riego_act": "Sin riego tecnificado",
        "referencia": "Espalda del Estudio de TV",
        "pertenecen": "DAF",
        "capa": "jardines_reserva",
        "perimetro_m": 189.568,
        "area_m2": 1697.008
      }
    },
    {
      "type": "Feature",
      "id": "JR-0008",
      "geometry": {
        "type": "MultiPolygon",
        "coordinates": [
          [
            [
              [
                -77.080038344753817,
                -12.070668355299453,
                0.0
              ],
              [
                -77.080016340526385,
                -12.070434649878669,
                0.0
              ],
              [
                -77.080045324083386,
                -12.070431989574606,
                0.0
              ],
              [
                -77.08003919199183,
                -12.070367380822155,
                0.0
              ],
              [
                -77.080084907368686,
                -12.070363184755792,
                0.0
              ],
              [
                -77.080085864854652,
                -12.070363319867507,
                0.0
              ],
              [
                -77.080124085998534,
                -12.070359871173947,
                0.0
              ],
              [
                -77.080116530957099,
                -12.070279490459953,
                0.0
              ],
              [
                -77.08011497549964,
                -12.070279990165426,
                0.0
              ],
              [
                -77.080088044725215,
                -12.070282414477818,
                0.0
              ],
              [
                -77.080087981994041,
                -12.070281739474988,
                0.0
              ],
              [
                -77.079905048500038,
                -12.070298207106031,
                0.0
              ],
              [
                -77.079905761099496,
                -12.07032997264219,
                0.0
              ],
              [
                -77.079898361699193,
                -12.070330705348725,
                0.0
              ],
              [
                -77.079893165976628,
                -12.070299276763887,
                0.0
              ],
              [
                -77.079868726225214,
                -12.070301476814514,
                0.0
              ],
              [
                -77.079903652078201,
                -12.070680217552106,
                0.0
              ],
              [
                -77.080038344753817,
                -12.070668355299453,
                0.0
              ]
            ]
          ]
        ]
      },
      "properties": {
        "feature_id": "JR-0008",
        "source_index": 7,
        "codigo": "F 18",
        "nombre": "Jardín Facu Sociales",
        "uso": "Áreas de uso recreativo/descanso",
        "proy_riego": "Falta aspersión",
        "riego_act": "Sin riego tecnificado",
        "pertenecen": "Unidades",
        "capa": "jardines_reserva",
        "perimetro_m": 145.033,
        "area_m2": 748.171
      }
    },
    {
      "type": "Feature",
      "id": "JR-0009",
      "geometry": {
        "type": "MultiPolygon",
        "coordinates": [
          [
            [
              [
                -77.07938077819756,
                -12.068163755099251,
                0.0
              ],
              [
                -77.079367315534753,
                -12.068324077990088,
                0.0
              ],
              [
                -77.07934990928446,
                -12.068402676313397,
                0.0
              ],
              [
                -77.079372207991028,
                -12.068404541876319,
                0.0
              ],
              [
                -77.079485983756783,
                -12.068336243071082,
                0.0
              ],
              [
                -77.079486230727426,
                -12.068333301954647,
                0.0
              ],
              [
                -77.079499650692327,
                -12.0681734866891,
                0.0
              ],
              [
                -77.07938077819756,
                -12.068163755099251,
                0.0
              ]
            ]
          ]
        ]
      },
      "properties": {
        "feature_id": "JR-0009",
        "source_index": 8,
        "codigo": "D 9",
        "nombre": "Jardín Tinkuy",
        "uso": "Áreas de uso administrativo",
        "proy_riego": "Falta aspersión",
        "riego_act": "Sin riego tecnificado",
        "referencia": "Interno Tinkuy",
        "pertenecen": "DAF",
        "capa": "jardines_reserva",
        "perimetro_m": 74.694,
        "area_m2": 300.761
      }
    },
    {
      "type": "Feature",
      "id": "JR-0010",
      "geometry": {
        "type": "MultiPolygon",
        "coordinates": [
          [
            [
              [
                -77.081468802388443,
                -12.069803579731429,
                0.0
              ],
              [
                -77.081428944032268,
                -12.070055065986145,
                0.0
              ],
              [
                -77.0814310092439,
                -12.070055678981243,
                0.0
              ],
              [
                -77.081427073721073,
                -12.070066866712587,
                0.0
              ],
              [
                -77.081591990453418,
                -12.070119801941974,
                0.0
              ],
              [
                -77.081747470749121,
                -12.070105804767717,
                0.0
              ],
              [
                -77.081696809002949,
                -12.069954569185043,
                0.0
              ],
              [
                -77.081688088020371,
                -12.0699573989728,
                0.0
              ],
              [
                -77.081680612424066,
                -12.06993508278099,
                0.0
              ],
              [
                -77.081689333406089,
                -12.069932252993569,
                0.0
              ],
              [
                -77.08166785491602,
                -12.069868135263302,
                0.0
              ],
              [
                -77.081629832581143,
                -12.069752730834326,
                0.0
              ],
              [
                -77.081587589209846,
                -12.069623311204777,
                0.0
              ],
              [
                -77.081569434907578,
                -12.069627055032516,
                0.0
              ],
              [
                -77.081558683565959,
                -12.069630214488848,
                0.0
              ],
              [
                -77.081558409018513,
                -12.069629328820223,
                0.0
              ],
              [
                -77.081528305027291,
                -12.069635536944103,
                0.0
              ],
              [
                -77.081529382686256,
                -12.069641883395953,
                0.0
              ],
              [
                -77.081530509921663,
                -12.069652448215974,
                0.0
              ],
              [
                -77.081530981056147,
                -12.069663060996282,
                0.0
              ],
              [
                -77.081530794339386,
                -12.06967368231601,
                0.0
              ],
              [
                -77.081525254891645,
                -12.069673774431703,
                0.0
              ],
              [
                -77.081524675413291,
                -12.069683642117029,
                0.0
              ],
              [
                -77.08152343865703,
                -12.069693451031146,
                0.0
              ],
              [
                -77.081521549963725,
                -12.069703158814432,
                0.0
              ],
              [
                -77.081519017490507,
                -12.069712723548971,
                0.0
              ],
              [
                -77.081515852174121,
                -12.069722103923125,
                0.0
              ],
              [
                -77.08151206768423,
                -12.069731259425827,
                0.0
              ],
              [
                -77.081507680364993,
                -12.069740150513852,
                0.0
              ],
              [
                -77.081468156748571,
                -12.069743494121765,
                0.0
              ],
              [
                -77.081473356295618,
                -12.069803194481812,
                0.0
              ],
              [
                -77.081468802388443,
                -12.069803579731429,
                0.0
              ]
            ]
          ]
        ]
      },
      "properties": {
        "feature_id": "JR-0010",
        "source_index": 9,
        "codigo": "F 12",
        "nombre": "Jardin H",
        "uso": "Áreas de uso recreativo/descanso",
        "proy_riego": "Falta aspersión",
        "riego_act": "Sin riego tecnificado",
        "pertenecen": "Unidades",
        "capa": "jardines_reserva",
        "perimetro_m": 235.826,
        "area_m2": 1589.354
      }
    },
    {
      "type": "Feature",
      "id": "JR-0011",
      "geometry": {
        "type": "MultiPolygon",
        "coordinates": [
          [
            [
              [
                -77.080839988165266,
                -12.068155501472241,
                0.0
              ],
              [
                -77.080962080219379,
                -12.068156740635658,
                0.0
              ],
              [
                -77.080976866788006,
                -12.068183888856851,
                0.0
              ],
              [
                -77.081114789668305,
                -12.068182319572733,
                0.0
              ],
              [
                -77.081120835562089,
                -12.068186578382049,
                0.0
              ],
              [
                -77.081158725303112,
                -12.068185219054309,
                0.0
              ],
              [
                -77.081161507313851,
                -12.06821514703879,
                0.0
              ],
              [
                -77.081280576517869,
                -12.068179258959058,
                0.0
              ],
              [
                -77.081280361749663,
                -12.068177338684034,
                0.0
              ],
              [
                -77.081274122944677,
                -12.068121556567331,
                0.0
              ],
              [
                -77.081264978570516,
                -12.068122394863696,
                0.0
              ],
              [
                -77.081262531193303,
                -12.068099019747251,
                0.0
              ],
              [
                -77.081271674679741,
                -12.068098181532406,
                0.0
              ],
              [
                -77.081270523048715,
                -12.068087129163159,
                0.0
              ],
              [
                -77.081267577920585,
                -12.068054449595273,
                0.0
              ],
              [
                -77.081264505488406,
                -12.068021737464674,
                0.0
              ],
              [
                -77.081261586095181,
                -12.067989016495435,
                0.0
              ],
              [
                -77.081258710363002,
                -12.067956328454368,
                0.0
              ],
              [
                -77.081258027507729,
                -12.067948259710999,
                0.0
              ],
              [
                -77.081163329320205,
                -12.067946424338787,
                0.0
              ],
              [
                -77.081163037269533,
                -12.06795545803246,
                0.0
              ],
              [
                -77.081139165222979,
                -12.067954995356621,
                0.0
              ],
              [
                -77.081139457274475,
                -12.067945961662845,
                0.0
              ],
              [
                -77.08099029235369,
                -12.06794307057703,
                0.0
              ],
              [
                -77.080990000297163,
                -12.067952104271457,
                0.0
              ],
              [
                -77.08096612824869,
                -12.067951641580668,
                0.0
              ],
              [
                -77.080966420306027,
                -12.067942607886133,
                0.0
              ],
              [
                -77.080915263658241,
                -12.067941616354902,
                0.0
              ],
              [
                -77.080914971599171,
                -12.067950650049683,
                0.0
              ],
              [
                -77.080891099549859,
                -12.067950187352412,
                0.0
              ],
              [
                -77.08089139160974,
                -12.067941153657523,
                0.0
              ],
              [
                -77.080840449150884,
                -12.067940166263984,
                0.0
              ],
              [
                -77.080839988165266,
                -12.068155501472241,
                0.0
              ]
            ]
          ]
        ]
      },
      "properties": {
        "feature_id": "JR-0011",
        "source_index": 10,
        "codigo": "C 32",
        "nombre": "Jardín Lidera",
        "uso": "Áreas de uso recreativo/descanso",
        "proy_riego": "Falta aspersión",
        "riego_act": "Sin riego tecnificado",
        "referencia": "Frente a Psicología?",
        "pertenecen": "DAF",
        "capa": "jardines_reserva",
        "perimetro_m": 270.485,
        "area_m2": 1435.855
      }
    },
    {
      "type": "Feature",
      "id": "JR-0012",
      "geometry": {
        "type": "MultiPolygon",
        "coordinates": [
          [
            [
              [
                -77.079738797242541,
                -12.068044861285987,
                0.0
              ],
              [
                -77.079734473020082,
                -12.068195276908339,
                0.0
              ],
              [
                -77.07974805891763,
                -12.068195619801298,
                0.0
              ],
              [
                -77.079757676540538,
                -12.068206190037991,
                0.0
              ],
              [
                -77.079773649150482,
                -12.068206593167364,
                0.0
              ],
              [
                -77.079773207077963,
                -12.06822366870705,
                0.0
              ],
              [
                -77.079868032978808,
                -12.068226061978274,
                0.0
              ],
              [
                -77.079872604918336,
                -12.068049463588551,
                0.0
              ],
              [
                -77.079738797242541,
                -12.068044861285987,
                0.0
              ]
            ]
          ]
        ]
      },
      "properties": {
        "feature_id": "JR-0012",
        "source_index": 11,
        "codigo": "C 18",
        "nombre": "Jardín Humanidades bloque A",
        "uso": "Áreas de uso recreativo/descanso",
        "proy_riego": "Falta aspersión",
        "riego_act": "Sin riego tecnificado",
        "referencia": "Entrada al Departamento de Humanidades",
        "pertenecen": "DAF",
        "capa": "jardines_reserva",
        "perimetro_m": 67.771,
        "area_m2": 275.955
      }
    },
    {
      "type": "Feature",
      "id": "JR-0013",
      "geometry": {
        "type": "MultiPolygon",
        "coordinates": [
          [
            [
              [
                -77.080583514300642,
                -12.070544302919036,
                0.0
              ],
              [
                -77.080597864643067,
                -12.070651249135157,
                0.0
              ],
              [
                -77.080655248102033,
                -12.070648213656803,
                0.0
              ],
              [
                -77.080655691659928,
                -12.070656335776238,
                0.0
              ],
              [
                -77.080656775912857,
                -12.070676189845932,
                0.0
              ],
              [
                -77.080656996238616,
                -12.07068022429389,
                0.0
              ],
              [
                -77.080657073496724,
                -12.070681086882528,
                0.0
              ],
              [
                -77.080657210521579,
                -12.070681942248763,
                0.0
              ],
              [
                -77.080657406671207,
                -12.070682786386017,
                0.0
              ],
              [
                -77.080657661027061,
                -12.070683615347079,
                0.0
              ],
              [
                -77.08065797239793,
                -12.070684425242852,
                0.0
              ],
              [
                -77.080658339324955,
                -12.070685212278873,
                0.0
              ],
              [
                -77.08065876008979,
                -12.070685972774667,
                0.0
              ],
              [
                -77.080659232721658,
                -12.070686703159401,
                0.0
              ],
              [
                -77.08065975500655,
                -12.070687400019192,
                0.0
              ],
              [
                -77.080660324498339,
                -12.070688060088427,
                0.0
              ],
              [
                -77.08066093852959,
                -12.07068868027552,
                0.0
              ],
              [
                -77.080661594224267,
                -12.070689257675769,
                0.0
              ],
              [
                -77.080662288510979,
                -12.07068978958417,
                0.0
              ],
              [
                -77.08066301813794,
                -12.070690273508239,
                0.0
              ],
              [
                -77.080663779687669,
                -12.070690707180821,
                0.0
              ],
              [
                -77.080664569592997,
                -12.070691088572925,
                0.0
              ],
              [
                -77.080665384154287,
                -12.070691415897866,
                0.0
              ],
              [
                -77.080666219556022,
                -12.070691687624109,
                0.0
              ],
              [
                -77.080667071885443,
                -12.070691902470793,
                0.0
              ],
              [
                -77.080667937150281,
                -12.070692059442093,
                0.0
              ],
              [
                -77.080668811297983,
                -12.070692157799023,
                0.0
              ],
              [
                -77.080669690233677,
                -12.070692197078795,
                0.0
              ],
              [
                -77.08067056984062,
                -12.070692177097774,
                0.0
              ],
              [
                -77.080682242799412,
                -12.070691518059512,
                0.0
              ],
              [
                -77.080682808082415,
                -12.070701644512992,
                0.0
              ],
              [
                -77.080681891058333,
                -12.070701691744901,
                0.0
              ],
              [
                -77.080680974296186,
                -12.070701743668634,
                0.0
              ],
              [
                -77.080684113076785,
                -12.070757971610675,
                0.0
              ],
              [
                -77.080685946863397,
                -12.070757872454951,
                0.0
              ],
              [
                -77.080689205770611,
                -12.070816252268232,
                0.0
              ],
              [
                -77.08080630655644,
                -12.070819864645291,
                0.0
              ],
              [
                -77.081096360892928,
                -12.070761904596331,
                0.0
              ],
              [
                -77.081095267732678,
                -12.070756605604428,
                0.0
              ],
              [
                -77.081112406710233,
                -12.070753181494158,
                0.0
              ],
              [
                -77.081113594905915,
                -12.070758460803189,
                0.0
              ],
              [
                -77.081134241242594,
                -12.070754279829186,
                0.0
              ],
              [
                -77.08115849926341,
                -12.070719236219148,
                0.0
              ],
              [
                -77.081152608294303,
                -12.07071467083321,
                0.0
              ],
              [
                -77.081146867865868,
                -12.070709923329552,
                0.0
              ],
              [
                -77.081141283788185,
                -12.070704998506292,
                0.0
              ],
              [
                -77.081135861713079,
                -12.070699901352601,
                0.0
              ],
              [
                -77.081130607128827,
                -12.070694637033425,
                0.0
              ],
              [
                -77.081125525353542,
                -12.070689210859362,
                0.0
              ],
              [
                -77.081120621531028,
                -12.070683628341936,
                0.0
              ],
              [
                -77.081111709327658,
                -12.070671663792211,
                0.0
              ],
              [
                -77.081103660506059,
                -12.070659120470868,
                0.0
              ],
              [
                -77.081096513722898,
                -12.070646058613498,
                0.0
              ],
              [
                -77.081090303302432,
                -12.070632540958885,
                0.0
              ],
              [
                -77.081085059071967,
                -12.070618632429925,
                0.0
              ],
              [
                -77.081080806217955,
                -12.07060439982226,
                0.0
              ],
              [
                -77.081077565166169,
                -12.070589911494872,
                0.0
              ],
              [
                -77.081075351482198,
                -12.070575237032541,
                0.0
              ],
              [
                -77.081074175797795,
                -12.070560446910763,
                0.0
              ],
              [
                -77.081074067584609,
                -12.07054996337903,
                0.0
              ],
              [
                -77.081074511387243,
                -12.070539488413349,
                0.0
              ],
              [
                -77.081075506013548,
                -12.070529050140022,
                0.0
              ],
              [
                -77.081077048791784,
                -12.070518676606438,
                0.0
              ],
              [
                -77.081079135577852,
                -12.070508395670601,
                0.0
              ],
              [
                -77.08108176076675,
                -12.070498234949325,
                0.0
              ],
              [
                -77.081084917306981,
                -12.070488221734637,
                0.0
              ],
              [
                -77.081086030594875,
                -12.07048482143464,
                0.0
              ],
              [
                -77.081087145145148,
                -12.070481421537304,
                0.0
              ],
              [
                -77.081088260957372,
                -12.070478022035632,
                0.0
              ],
              [
                -77.081089378031749,
                -12.070474622940395,
                0.0
              ],
              [
                -77.08109049636785,
                -12.070471224247287,
                0.0
              ],
              [
                -77.081091615965633,
                -12.070467825954154,
                0.0
              ],
              [
                -77.081092736825084,
                -12.070464428066362,
                0.0
              ],
              [
                -77.081118204407559,
                -12.070388040220184,
                0.0
              ],
              [
                -77.081124714270786,
                -12.070368514434039,
                0.0
              ],
              [
                -77.081056297251521,
                -12.070294534957053,
                0.0
              ],
              [
                -77.081020171115838,
                -12.070254924657998,
                0.0
              ],
              [
                -77.080999245828906,
                -12.070232308330811,
                0.0
              ],
              [
                -77.080824817985999,
                -12.07029794291752,
                0.0
              ],
              [
                -77.080843147486547,
                -12.070521480844574,
                0.0
              ],
              [
                -77.080583514300642,
                -12.070544302919036,
                0.0
              ]
            ]
          ]
        ]
      },
      "properties": {
        "feature_id": "JR-0013",
        "source_index": 12,
        "codigo": "F 23",
        "nombre": "Jardín Comedor Central",
        "uso": "Áreas de uso recreativo/descanso",
        "proy_riego": "Falta aspersión",
        "riego_act": "Sin riego tecnificado",
        "referencia": "Entre Sociales y Comedor Central",
        "pertenecen": "DAF",
        "capa": "jardines_reserva",
        "perimetro_m": 230.891,
        "area_m2": 2322.055
      }
    },
    {
      "type": "Feature",
      "id": "JR-0014",
      "geometry": {
        "type": "MultiPolygon",
        "coordinates": [
          [
            [
              [
                -77.080049086949799,
                -12.069615327120427,
                0.0
              ],
              [
                -77.080033071336757,
                -12.069616775715563,
                0.0
              ],
              [
                -77.080025110033915,
                -12.069531515812962,
                0.0
              ],
              [
                -77.080023553166512,
                -12.069515870516067,
                0.0
              ],
              [
                -77.079784642741529,
                -12.06932014276134,
                0.0
              ],
              [
                -77.079777190699446,
                -12.069319066949014,
                0.0
              ],
              [
                -77.079800892280545,
                -12.069576502011353,
                0.0
              ],
              [
                -77.079826664420807,
                -12.069850630397603,
                0.0
              ],
              [
                -77.079859977890166,
                -12.069837338099017,
                0.0
              ],
              [
                -77.080049086949799,
                -12.069615327120427,
                0.0
              ]
            ]
          ]
        ]
      },
      "properties": {
        "feature_id": "JR-0014",
        "source_index": 13,
        "codigo": "F 1",
        "nombre": "Jardín CAPU",
        "uso": "Áreas de uso recreativo/descanso",
        "proy_riego": "Falta aspersión",
        "riego_act": "Sin riego tecnificado",
        "pertenecen": "DAF",
        "capa": "jardines_reserva",
        "perimetro_m": 142.636,
        "area_m2": 927.087
      }
    },
    {
      "type": "Feature",
      "id": "JR-0015",
      "geometry": {
        "type": "MultiPolygon",
        "coordinates": [
          [
            [
              [
                -77.08024144851403,
                -12.071333645410233,
                0.0
              ],
              [
                -77.080208110470593,
                -12.071216068162627,
                0.0
              ],
              [
                -77.080014945171143,
                -12.071246705783556,
                0.0
              ],
              [
                -77.079988278396712,
                -12.07126183011432,
                0.0
              ],
              [
                -77.08003075571942,
                -12.07145577792342,
                0.0
              ],
              [
                -77.080048460534982,
                -12.071505215072019,
                0.0
              ],
              [
                -77.080074732720504,
                -12.071571198978923,
                0.0
              ],
              [
                -77.080075177437152,
                -12.071570976380059,
                0.0
              ],
              [
                -77.08007563623562,
                -12.071570783433812,
                0.0
              ],
              [
                -77.08007610707665,
                -12.07157062099996,
                0.0
              ],
              [
                -77.080076587867893,
                -12.071570489807343,
                0.0
              ],
              [
                -77.080077076472548,
                -12.071570390434358,
                0.0
              ],
              [
                -77.080077570718828,
                -12.071570323319575,
                0.0
              ],
              [
                -77.080078068410359,
                -12.071570288768157,
                0.0
              ],
              [
                -77.080078567335207,
                -12.071570286930241,
                0.0
              ],
              [
                -77.080079065275697,
                -12.071570317809476,
                0.0
              ],
              [
                -77.080079560018959,
                -12.071570381275876,
                0.0
              ],
              [
                -77.080080049366273,
                -12.07157047704421,
                0.0
              ],
              [
                -77.080080531142727,
                -12.071570604691159,
                0.0
              ],
              [
                -77.080081003206914,
                -12.071570763646617,
                0.0
              ],
              [
                -77.080081463461013,
                -12.071570953202269,
                0.0
              ],
              [
                -77.080081909859373,
                -12.071571172520105,
                0.0
              ],
              [
                -77.08008234041823,
                -12.071571420623744,
                0.0
              ],
              [
                -77.080082753223735,
                -12.071571696407009,
                0.0
              ],
              [
                -77.080083146441453,
                -12.071571998651066,
                0.0
              ],
              [
                -77.080083518323534,
                -12.071572326007146,
                0.0
              ],
              [
                -77.080083867217411,
                -12.071572677022353,
                0.0
              ],
              [
                -77.080084191572411,
                -12.071573050135269,
                0.0
              ],
              [
                -77.080084489946927,
                -12.071573443693175,
                0.0
              ],
              [
                -77.080084761014959,
                -12.071573855939054,
                0.0
              ],
              [
                -77.080085003571654,
                -12.071574285046021,
                0.0
              ],
              [
                -77.080085216539047,
                -12.071574729104372,
                0.0
              ],
              [
                -77.080085398970567,
                -12.071575186138768,
                0.0
              ],
              [
                -77.080085550055571,
                -12.071575654125457,
                0.0
              ],
              [
                -77.080085669122496,
                -12.071576130979301,
                0.0
              ],
              [
                -77.080085755642415,
                -12.071576614581774,
                0.0
              ],
              [
                -77.080085809230198,
                -12.07157710278314,
                0.0
              ],
              [
                -77.080085829648084,
                -12.071577593407993,
                0.0
              ],
              [
                -77.080085815177938,
                -12.071578110566575,
                0.0
              ],
              [
                -77.080085763858293,
                -12.071578625448534,
                0.0
              ],
              [
                -77.080085675942243,
                -12.071579135510159,
                0.0
              ],
              [
                -77.080085551863661,
                -12.071579638246456,
                0.0
              ],
              [
                -77.080085392234579,
                -12.071580131168391,
                0.0
              ],
              [
                -77.080085197842635,
                -12.071580611848074,
                0.0
              ],
              [
                -77.080084969646791,
                -12.07158107790808,
                0.0
              ],
              [
                -77.080084708772759,
                -12.071581527055896,
                0.0
              ],
              [
                -77.080084416507646,
                -12.07158195707539,
                0.0
              ],
              [
                -77.080084094293468,
                -12.071582365839783,
                0.0
              ],
              [
                -77.080083743719541,
                -12.071582751337534,
                0.0
              ],
              [
                -77.080083366515694,
                -12.071583111663804,
                0.0
              ],
              [
                -77.080082964542655,
                -12.071583445042062,
                0.0
              ],
              [
                -77.080082539783618,
                -12.071583749828454,
                0.0
              ],
              [
                -77.080082094334159,
                -12.0715840245162,
                0.0
              ],
              [
                -77.080081630391859,
                -12.07158426775289,
                0.0
              ],
              [
                -77.080081150245803,
                -12.071584478342729,
                0.0
              ],
              [
                -77.080080656264286,
                -12.071584655240203,
                0.0
              ],
              [
                -77.080080150884569,
                -12.071584797569628,
                0.0
              ],
              [
                -77.080092235015854,
                -12.071615490704117,
                0.0
              ],
              [
                -77.080097469345375,
                -12.071613527350681,
                0.0
              ],
              [
                -77.080102200929574,
                -12.071625669187982,
                0.0
              ],
              [
                -77.080203224020437,
                -12.07160396301401,
                0.0
              ],
              [
                -77.080207063698509,
                -12.071621268930762,
                0.0
              ],
              [
                -77.080221418094183,
                -12.071618184691886,
                0.0
              ],
              [
                -77.080222098035591,
                -12.071621276262157,
                0.0
              ],
              [
                -77.080264622930571,
                -12.071612139200255,
                0.0
              ],
              [
                -77.080263942988736,
                -12.071609047630163,
                0.0
              ],
              [
                -77.080264209530185,
                -12.071608990360028,
                0.0
              ],
              [
                -77.080260658943544,
                -12.071592983952824,
                0.0
              ],
              [
                -77.080296286038603,
                -12.071584778547022,
                0.0
              ],
              [
                -77.080301071365085,
                -12.071604307744451,
                0.0
              ],
              [
                -77.080309842442162,
                -12.071602423155154,
                0.0
              ],
              [
                -77.080305739564935,
                -12.071583878725582,
                0.0
              ],
              [
                -77.080297216656788,
                -12.071585709992197,
                0.0
              ],
              [
                -77.08024144851403,
                -12.071333645410233,
                0.0
              ]
            ]
          ]
        ]
      },
      "properties": {
        "feature_id": "JR-0015",
        "source_index": 14,
        "codigo": "F 32",
        "nombre": "Jardin física",
        "uso": "Áreas de uso recreativo/descanso",
        "proy_riego": "Falta aspersión",
        "riego_act": "Sin riego tecnificado",
        "pertenecen": "Unidades",
        "capa": "jardines_reserva",
        "perimetro_m": 192.158,
        "area_m2": 1237.515
      }
    },
    {
      "type": "Feature",
      "id": "JR-0016",
      "geometry": {
        "type": "MultiPolygon",
        "coordinates": [
          [
            [
              [
                -77.081947061225065,
                -12.070697996003394,
                0.0
              ],
              [
                -77.081890124307122,
                -12.070705613637601,
                0.0
              ],
              [
                -77.081890455111932,
                -12.070707219528265,
                0.0
              ],
              [
                -77.081706948143193,
                -12.070744304385387,
                0.0
              ],
              [
                -77.081718735281299,
                -12.070791152968686,
                0.0
              ],
              [
                -77.08177177244167,
                -12.071000434975115,
                0.0
              ],
              [
                -77.081788752261161,
                -12.071011207215157,
                0.0
              ],
              [
                -77.082038338429285,
                -12.070968734531396,
                0.0
              ],
              [
                -77.081957576216013,
                -12.070729184728151,
                0.0
              ],
              [
                -77.081950473346737,
                -12.070731648625751,
                0.0
              ],
              [
                -77.081941796153373,
                -12.070705911058898,
                0.0
              ],
              [
                -77.081948899022123,
                -12.070703447161616,
                0.0
              ],
              [
                -77.081947621219271,
                -12.070699657049179,
                0.0
              ],
              [
                -77.081947061225065,
                -12.070697996003394,
                0.0
              ]
            ]
          ]
        ]
      },
      "properties": {
        "feature_id": "JR-0016",
        "source_index": 15,
        "codigo": "F 26",
        "nombre": "Jardín Palmeras (Gastronomía)",
        "uso": "Áreas de uso recreativo/descanso",
        "proy_riego": "Falta aspersión",
        "riego_act": "Sin riego tecnificado",
        "pertenecen": "Unidades",
        "capa": "jardines_reserva",
        "perimetro_m": 138.173,
        "area_m2": 918.693
      }
    },
    {
      "type": "Feature",
      "id": "JR-0017",
      "geometry": {
        "type": "MultiPolygon",
        "coordinates": [
          [
            [
              [
                -77.081484697778933,
                -12.070781873427329,
                0.0
              ],
              [
                -77.081459005975546,
                -12.070814407339803,
                0.0
              ],
              [
                -77.081461981419721,
                -12.070828209255343,
                0.0
              ],
              [
                -77.081462743619511,
                -12.070828043609456,
                0.0
              ],
              [
                -77.081497375314612,
                -12.070988686273131,
                0.0
              ],
              [
                -77.081501714111141,
                -12.070987877743407,
                0.0
              ],
              [
                -77.081507102270649,
                -12.07098682465252,
                0.0
              ],
              [
                -77.081532324349411,
                -12.070981895112329,
                0.0
              ],
              [
                -77.081545893560886,
                -12.071044260956823,
                0.0
              ],
              [
                -77.081556922715905,
                -12.071051236447284,
                0.0
              ],
              [
                -77.081575516209142,
                -12.071047493928576,
                0.0
              ],
              [
                -77.081745628365468,
                -12.07101854568972,
                0.0
              ],
              [
                -77.08175611832057,
                -12.071002897634193,
                0.0
              ],
              [
                -77.081703191280639,
                -12.070794050110411,
                0.0
              ],
              [
                -77.081674429800401,
                -12.070750875992296,
                0.0
              ],
              [
                -77.081576869326554,
                -12.07077059188955,
                0.0
              ],
              [
                -77.081578487016984,
                -12.070778014941714,
                0.0
              ],
              [
                -77.081545473779542,
                -12.07078468654543,
                0.0
              ],
              [
                -77.081543856089922,
                -12.07077726349293,
                0.0
              ],
              [
                -77.081524372351254,
                -12.070781200935205,
                0.0
              ],
              [
                -77.081525415183648,
                -12.07078615683681,
                0.0
              ],
              [
                -77.081504716339694,
                -12.070790339836547,
                0.0
              ],
              [
                -77.08150367350764,
                -12.070785383934805,
                0.0
              ],
              [
                -77.08148619536324,
                -12.070788916066657,
                0.0
              ],
              [
                -77.081484697778933,
                -12.070781873427329,
                0.0
              ]
            ]
          ]
        ]
      },
      "properties": {
        "feature_id": "JR-0017",
        "source_index": 16,
        "codigo": "F 26",
        "nombre": "Jardín Palmeras (Gastronomía)",
        "uso": "Áreas de uso recreativo/descanso",
        "proy_riego": "Falta aspersión",
        "riego_act": "Sin riego tecnificado",
        "pertenecen": "Unidades",
        "capa": "jardines_reserva",
        "perimetro_m": 212.296,
        "area_m2": 1143.885
      }
    },
    {
      "type": "Feature",
      "id": "JR-0018",
      "geometry": {
        "type": "MultiPolygon",
        "coordinates": [
          [
            [
              [
                -77.079854758775639,
                -12.070151432061914,
                0.0
              ],
              [
                -77.080021436809531,
                -12.070139109500264,
                0.0
              ],
              [
                -77.079997715868359,
                -12.069833096845903,
                0.0
              ],
              [
                -77.07987613822533,
                -12.069844629773577,
                0.0
              ],
              [
                -77.079831087191565,
                -12.069897885657388,
                0.0
              ],
              [
                -77.079854758775639,
                -12.070151432061914,
                0.0
              ]
            ]
          ]
        ]
      },
      "properties": {
        "feature_id": "JR-0018",
        "source_index": 17,
        "codigo": "F 4",
        "nombre": "Jardín Frutas",
        "uso": "Áreas de uso recreativo/descanso",
        "proy_riego": "Falta aspersión",
        "riego_act": "Sin riego tecnificado",
        "referencia": "Frente a Comedor de Arte Antiguo",
        "pertenecen": "DAF",
        "capa": "jardines_reserva",
        "perimetro_m": 239.862,
        "area_m2": 2449.075
      }
    },
    {
      "type": "Feature",
      "id": "JR-0019",
      "geometry": {
        "type": "MultiPolygon",
        "coordinates": [
          [
            [
              [
                -77.080021436809531,
                -12.070139109500264,
                0.0
              ],
              [
                -77.079854758775639,
                -12.070151432061914,
                0.0
              ],
              [
                -77.079866229188411,
                -12.070274291354648,
                0.0
              ],
              [
                -77.080030780539374,
                -12.070259648140937,
                0.0
              ],
              [
                -77.080021436809531,
                -12.070139109500264,
                0.0
              ]
            ]
          ]
        ]
      },
      "properties": {
        "feature_id": "JR-0019",
        "source_index": 18,
        "codigo": "F 4",
        "nombre": "Jardín Frutas-Lado FCCSS",
        "uso": "Áreas de uso recreativo/descanso",
        "proy_riego": "Falta aspersión",
        "riego_act": "Sin riego tecnificado",
        "referencia": "Frente a Comedor de Arte Antiguo",
        "pertenecen": "DAF",
        "capa": "jardines_reserva",
        "perimetro_m": 239.862,
        "area_m2": 2449.075
      }
    },
    {
      "type": "Feature",
      "id": "JR-0020",
      "geometry": {
        "type": "MultiPolygon",
        "coordinates": [
          [
            [
              [
                -77.079821802182011,
                -12.068692427393804,
                0.0
              ],
              [
                -77.079854940571096,
                -12.068547692005929,
                0.0
              ],
              [
                -77.079851588393623,
                -12.068547600665358,
                0.0
              ],
              [
                -77.079853900626105,
                -12.068447978089575,
                0.0
              ],
              [
                -77.079839307745473,
                -12.068447486940405,
                0.0
              ],
              [
                -77.079839632814171,
                -12.068433481398928,
                0.0
              ],
              [
                -77.07977235871914,
                -12.068431217159816,
                0.0
              ],
              [
                -77.079772148995119,
                -12.068440252993327,
                0.0
              ],
              [
                -77.079742504337815,
                -12.068439255240323,
                0.0
              ],
              [
                -77.079742714062846,
                -12.068430219406654,
                0.0
              ],
              [
                -77.079727904647072,
                -12.06842972096347,
                0.0
              ],
              [
                -77.079721963447568,
                -12.068641780108969,
                0.0
              ],
              [
                -77.079721467099546,
                -12.068671195226095,
                0.0
              ],
              [
                -77.079818078857897,
                -12.068700752469145,
                0.0
              ],
              [
                -77.079820711845215,
                -12.068692093818177,
                0.0
              ],
              [
                -77.079821802182011,
                -12.068692427393804,
                0.0
              ]
            ]
          ]
        ]
      },
      "properties": {
        "feature_id": "JR-0020",
        "source_index": 19,
        "codigo": "C 23",
        "nombre": "Jardín Comedor Letras",
        "uso": "Áreas de uso recreativo/descanso",
        "proy_riego": "Falta aspersión",
        "riego_act": "Sin riego tecnificado",
        "referencia": "Frente a Juan Valdez",
        "pertenecen": "DAF",
        "capa": "jardines_reserva",
        "perimetro_m": 250.466,
        "area_m2": 1758.691
      }
    },
    {
      "type": "Feature",
      "id": "JR-0021",
      "geometry": {
        "type": "MultiPolygon",
        "coordinates": [
          [
            [
              [
                -77.081569434907578,
                -12.069627055032516,
                0.0
              ],
              [
                -77.081587589209846,
                -12.069623311204777,
                0.0
              ],
              [
                -77.081587115317674,
                -12.069621859356891,
                0.0
              ],
              [
                -77.081569434907578,
                -12.069627055032516,
                0.0
              ]
            ]
          ]
        ]
      },
      "properties": {
        "feature_id": "JR-0021",
        "source_index": 20,
        "codigo": "F 12",
        "nombre": "Jardin H",
        "uso": "Áreas de uso recreativo/descanso",
        "proy_riego": "Falta aspersión",
        "riego_act": "Sin riego tecnificado",
        "pertenecen": "Unidades",
        "capa": "jardines_reserva",
        "perimetro_m": 235.826,
        "area_m2": 1589.354
      }
    }
  ]
}
