Fecha,Área,Subproceso,Etapa,Descripción,Responsables del reporte,Observaciones,Lugar
,,,,,,,
,,,,,,,
,,,,,,,
,,,,,,,
,,,,,,,
,,,,,,,
,,,,,,,
,,,,,,,
23/9/2026,Flora,"Acondicionamiento, recuperación, aclimatación y custodia de plantas (ARAC)",Traslado de plantas hacia el vivero (sólo para recuperación y custodia),"Se ingresó dos macetas de DGTH, del director Cortez",Magno,,Vivero
23/9/2026,Fauna, Alimentación de animales bajo crianza (zoocriadero),"Alimentos del
abastecimiento regular",Preparación de alimentos y reparto ,Efrain,,Bosque húmedo
23/9/2026,Fauna, Alimentación de animales bajo crianza (zoocriadero),"Alimentos adicionales,
provenientes del
Comedor Central y
Frutería",recolección a de alimentos en Comedor Central y Frutería,Magno,,Bosque húmedo
23/9/2026,Fauna,Atención de fauna silvestre que ingresa libremente al campus,Monitoreo de desarrollo de larvas de Aedes aegypti (vector del dengue),"Y se aplicó larvicida a las pozas de estructura, rural y laboratorio hidráulico",Magno,,Laboratorios
23/9/2026,Fauna,Atención de fauna silvestre que ingresa libremente al campus,Monitoreo de desarrollo de larvas de Aedes aegypti (vector del dengue),Cambio de ovitrampas y envio de evidencia,Magno,,Laboratorios
23/9/2026,Flora,"Acondicionamiento, recuperación, aclimatación y custodia de plantas (ARAC)",Traslado de retorno de plantas hacia unidades o ambientes de origen (sólo para recuperación y custodia),"se entregó una maceta de las cuatro que tiene la facultad de arte y diseño, tres aún están en recuperación.",Magno,,Arte y Diseño
23/9/2026,Flora,"Ornamentación, y mantenimiento in situ de plantas de interior, e instalación y mantenimiento de flora peculiar en el Campus.",Instalación  de flora peculiar en el Campus,Se terminó de sembrar el abutilon en Fares,Cesar,,Fares
23/9/2026,Fauna,Mantenimiento de condiciones adecuadas para la estadia de los animales bajo crianza,Monitoreo posterior,Verificar estado de la fauna,Magno,,Bosque húmedo
23/9/2026,Fauna,Atención de fauna silvestre que ingresa libremente al campus,Desarrollo de atenciones adicionales en unidades o ambientes del Campus previamente identificadas o no,Se enterró el ave en busque húmedo,Magno,,Bosque húmedo
22/9/2026,Otros,Apoyo con espacio en vivero,Espacio para traslado de platos,Se alistó el espacio para los platos de edificio administrativo,Hector,,Vivero
22/9/2026,Flora,"Acondicionamiento, recuperación, aclimatación y custodia de plantas (ARAC)",Traslado de retorno de plantas hacia unidades o ambientes de origen (sólo para recuperación y custodia),se entregaron las macetas de contabilidad,Magno,,Ciencias contables
22/9/2026,Flora,"Acondicionamiento, recuperación, aclimatación y custodia de plantas (ARAC)",Traslado de retorno de plantas hacia unidades o ambientes de origen (sólo para recuperación y custodia),se entregaron las macetas de DAES.of. de servicios y orientación al estudiante,Magno,,DAES
22/9/2026,Flora,Mantenimiento in situ de plantas de interior e instalación y mantenimiento de flora peculiar en el Campus.,"Ejecución del
mantenimiento de plantas de
interior y flora peculiar",se terminó de sembrar en las macetas de la señorita Rosa Gómez,Magno,,Vivero
22/9/2026,Flora,"Acondicionamiento, recuperación, aclimatación y custodia de plantas (ARAC)",Traslado de plantas hacia el vivero (sólo para recuperación y custodia),Se trajeron las macetas de ciencias (sin retorno),Magno,,Estudios Generales Ciencias
22/9/2026,Flora,"Acondicionamiento, recuperación, aclimatación y custodia de plantas (ARAC)",Traslado de retorno de plantas hacia unidades o ambientes de origen (sólo para recuperación y custodia),se entregaron las macetas de ciencias,Magno,,Estudios Generales Ciencias
22/9/2026,Fauna,Atención de fauna silvestre que ingresa libremente al campus,Desarrollo de atenciones adicionales en unidades o ambientes del Campus previamente identificadas o no,se procedió a enterrar a una ardilla,Magno,,Bosque húmedo
22/9/2026,Fauna,Mantenimiento de condiciones adecuadas para la estadia de los animales bajo crianza,Monitoreo posterior,Verificar estado de la fauna,Magno,,Bosque húmedo
21/9/2026,Fauna, Alimentación de animales bajo crianza (zoocriadero),"Alimentos del
abastecimiento regular",Preparación de alimentos y reparto ,Efrain,,Bosque húmedo
21/9/2026,Fauna, Alimentación de animales bajo crianza (zoocriadero),"Alimentos adicionales,
provenientes del
Comedor Central y
Frutería",recolección a de alimentos en Comedor Central y Frutería,Magno,,Bosque húmedo
21/9/2026,Flora,"Acondicionamiento, recuperación, aclimatación y custodia de plantas (ARAC)",Traslado de plantas hacia el vivero (sólo para recuperación y custodia),Se recogieron las macetas de la señorita Rosa Gómez,Magno,,Aulas Moviles
21/9/2026,Flora,Mantenimiento in situ de plantas de interior e instalación y mantenimiento de flora peculiar en el Campus.,"Ejecución del
mantenimiento de plantas de
interior y flora peculiar",la maceta de la señorita Silvia Carranza permanecerá en internamiento a petición de ella hasta que se recupere,Magno,,Fares
21/9/2026,Flora,"Acondicionamiento, recuperación, aclimatación y custodia de plantas (ARAC)",Traslado de retorno de plantas hacia unidades o ambientes de origen (sólo para recuperación y custodia),se entregaron las macetas de sicología y archivo,Magno,Petición 0000179780 (psicolología) // Petición 0000179643 (archivo),Psicología
21/9/2026,Flora,Mantenimiento in situ de plantas de interior e instalación y mantenimiento de flora peculiar en el Campus.,"Ejecución del
mantenimiento de plantas de
interior y flora peculiar",se regó las suculentas del edificio administrativo,Magno,,Edificio Administrativo
21/9/2026,Flora,Mantenimiento in situ de plantas de interior e instalación y mantenimiento de flora peculiar en el Campus.,"Ejecución del
mantenimiento de plantas de
interior y flora peculiar",se regó el cactario de educación,Efrain,,Educación
21/9/2026,Fauna,Mantenimiento de condiciones adecuadas para la estadia de los animales bajo crianza,Monitoreo posterior,Verificar estado de la fauna,Magno,,Bosque húmedo
19/9/2026,Flora,"Mantenimiento de
plantas en el vivero","Ejecución de actividades de mantenimiento (riego)
preventivo",Se terminó de regar el vivero,Hector,,Vivero
19/9/2026,Flora,"Mantenimiento de
plantas en el vivero","Control fitosanitario químico (artrópodos, hongos y bacterias; hierbas indeseadas solo cuando no se ponga en riesgo a las plantas afectadas por éstas) y fertilización.",se llegó a fumigar el vivero.,Magno,,Vivero
19/9/2026,Flora,Mantenimiento in situ de plantas de interior e instalación y mantenimiento de flora peculiar en el Campus.,"Ejecución del
mantenimiento de plantas de
interior y flora peculiar","se regó, deshierbo y se aplico abono foliar de las plantas que se encuentra ubicado en la jardinera de la parte baja de ciencias.",Magno,,Estudios Generales Ciencias
19/9/2026,Flora,Mantenimiento in situ de plantas de interior e instalación y mantenimiento de flora peculiar en el Campus.,"Ejecución del
mantenimiento de plantas de
interior y flora peculiar",riego de las orquídeas al costado del auditorio Juan Pablo,Magno,,Auditorio Juan Pablo
19/9/2026,Flora,Mantenimiento in situ de plantas de interior e instalación y mantenimiento de flora peculiar en el Campus.,"Ejecución del
mantenimiento de plantas de
interior y flora peculiar",se aplicó abono foliar a las bromelias de humanidades,Magno,,Humanidades
19/9/2026,Flora,Mantenimiento in situ de plantas de interior e instalación y mantenimiento de flora peculiar en el Campus.,"Ejecución del
mantenimiento de plantas de
interior y flora peculiar",se aplicó abono foliar a las bromelias de ciencias,Magno,,Estudios Generales Ciencias
19/9/2026,Flora,Mantenimiento in situ de plantas de interior e instalación y mantenimiento de flora peculiar en el Campus.,"Ejecución del
mantenimiento de plantas de
interior y flora peculiar",se aplicó abono foliar a las bromelias de rectorado,Magno,,Rectorado
19/9/2026,Flora,Mantenimiento in situ de plantas de interior e instalación y mantenimiento de flora peculiar en el Campus.,"Ejecución del
mantenimiento de plantas de
interior y flora peculiar",se regó el cactario de educación,Efrain,,Educación
19/9/2026,Flora,Mantenimiento in situ de plantas de interior e instalación y mantenimiento de flora peculiar en el Campus.,"Ejecución del
mantenimiento de plantas de
interior y flora peculiar",se regó el cactario de ceprepucp,Efrain,,CEPREPUC
19/9/2026,Flora,Mantenimiento in situ de plantas de interior e instalación y mantenimiento de flora peculiar en el Campus.,"Ejecución del
mantenimiento de plantas de
interior y flora peculiar",se regó el cactario de Arquitectura,Efrain,,Arquitectura
19/9/2026,Flora,Mantenimiento in situ de plantas de interior e instalación y mantenimiento de flora peculiar en el Campus.,"Ejecución del
mantenimiento de plantas de
interior y flora peculiar",se regó el cactario de Ciencias,Efrain,,Estudios Generales Ciencias
19/9/2026,Flora,"Ornamentación, y mantenimiento in situ de plantas de interior, e instalación y mantenimiento de flora peculiar en el Campus.",Ejecución de actividades de mantenimiento de refuerzo o correctivas,"se retiró una opuntia enferma, para su mantenimiento",Hector,,Ingenieria
19/9/2026,Flora,Mantenimiento in situ de plantas de interior e instalación y mantenimiento de flora peculiar en el Campus.,"Ejecución del
mantenimiento de plantas de
interior y flora peculiar",Se terminó de regar el cactario de ingeniería,Hector,,Ingenieria
19/9/2026,Flora,"Acondicionamiento, recuperación, aclimatación y custodia de plantas (ARAC)",Traslado de plantas hacia el vivero (sólo para recuperación y custodia),se recogió la macetita de rectorado y se le dió mantenimiento,Hector,,Vivero
19/9/2026,Fauna,Atención de fauna silvestre que ingresa libremente al campus,"Desarrollo de atenciones adicionales en unidades o ambientes del Campus previamente
identificadas o no",Se recogió al   ave y se traslado al bosque húmedo,Hector,,Bosque húmedo
19/9/2026,Fauna,Mantenimiento de condiciones adecuadas para la estadia de los animales bajo crianza,Monitoreo posterior,Verificar estado de la fauna,Magno,,Bosque húmedo
18/9/2026,Flora,Mantenimiento in situ de plantas de interior e instalación y mantenimiento de flora peculiar en el Campus.,"Ejecución del
mantenimiento de plantas de
interior y flora peculiar",hoy se regó las bromelias de humanidades,Magno,,Humanidades
18/9/2026,Flora,Mantenimiento in situ de plantas de interior e instalación y mantenimiento de flora peculiar en el Campus.,"Ejecución del
mantenimiento de plantas de
interior y flora peculiar",hoy se regó las bromelias de ciencias,Magno,,Estudios Generales Ciencias
18/9/2026,Flora,Mantenimiento in situ de plantas de interior e instalación y mantenimiento de flora peculiar en el Campus.,"Ejecución del
mantenimiento de plantas de
interior y flora peculiar",hoy se regó las bromelias de rectorado,Magno,,Rectorado
18/9/2026,Flora,Producción de plantas,Mantenimiento de almácigos o clones propagados,se avanzó con el sembrado en las macetas que se trajeron a vivero,Magno,,Vivero
18/9/2026,Fauna, Alimentación de animales bajo crianza (zoocriadero),"Alimentos del
abastecimiento regular",Preparación de alimentos y reparto ,Efrain,,Bosque húmedo
18/9/2026,Fauna, Alimentación de animales bajo crianza (zoocriadero),"Alimentos adicionales,
provenientes del
Comedor Central y
Frutería",recolección a de alimentos en Comedor Central y Frutería,Magno,,Bosque húmedo
18/9/2026,Fauna,Mantenimiento de condiciones adecuadas para la estadia de los animales bajo crianza,Monitoreo posterior,Verificar estado de la fauna,Magno,,Bosque húmedo
17/9/2026,Flora,"Ornamentación, y mantenimiento in situ de plantas de interior, e instalación y mantenimiento de flora peculiar en el Campus.",Ejecución de actividades de mantenimiento de refuerzo o correctivas,se avanzó con el traslado de tierra al cactario de arquitectura,Magno,,Arquitectura
17/9/2026,Flora,"Acondicionamiento, recuperación, aclimatación y custodia de plantas (ARAC)",Traslado de retorno de plantas hacia unidades o ambientes de origen (sólo para recuperación y custodia),se entregó una maceta en dpto humanidades jefatura,Magno,,Humanidades
17/9/2026,Flora,"Acondicionamiento, recuperación, aclimatación y custodia de plantas (ARAC)",Traslado de plantas hacia el vivero (sólo para recuperación y custodia),se trajeron las macetas y la kokedama de dpto humanidades jefatura,Magno,,Humanidades
17/9/2026,Otros,Apoyo a un profesor,Apoyo para hacer calicata,apoyar al profesor Tavarez a sacar muestras de tierra  ( de la unidad de CYGA),Efrain,,CIGA
17/9/2026,Fauna,"Acondicionamiento, recuperación, aclimatación y custodia de plantas (ARAC)",Traslado de retorno de plantas hacia unidades o ambientes de origen (sólo para recuperación y custodia),se hizo entrega de las macetas de DAP,Magno,,DAP
17/9/2026,Fauna,Mantenimiento de condiciones adecuadas para la estadia de los animales bajo crianza,Monitoreo posterior,Verificar estado de la fauna,Magno,,Bosque húmedo
16/9/2026,Flora,Mantenimiento in situ de plantas de interior e instalación y mantenimiento de flora peculiar en el Campus.,"Ejecución del
mantenimiento de plantas de
interior y flora peculiar",Se avanzó con el cambio de plantas en las macetas de Archivo del edificio administrativo,Magno,,Vivero
16/9/2026,Fauna, Alimentación de animales bajo crianza (zoocriadero),"Alimentos del
abastecimiento regular",Preparación de alimentos y reparto ,Efrain,,Bosque húmedo
16/9/2026,Fauna, Alimentación de animales bajo crianza (zoocriadero),"Alimentos adicionales,
provenientes del
Comedor Central y
Frutería",recolección a de alimentos en Comedor Central y Frutería,Magno,,Bosque húmedo
16/9/2026,Fauna,Atención de fauna silvestre que ingresa libremente al campus,Monitoreo de desarrollo de larvas de Aedes aegypti (vector del dengue),se aplicó larvicida en laboratorio hidráulico,Efrain,,Laboratorios
16/9/2026,Fauna,Atención de fauna silvestre que ingresa libremente al campus,Monitoreo de desarrollo de larvas de Aedes aegypti (vector del dengue),se aplicó larvicida en rural,Efrain,,Apoyo Rural
16/9/2026,Fauna,Atención de fauna silvestre que ingresa libremente al campus,Monitoreo de desarrollo de larvas de Aedes aegypti (vector del dengue),se aplicó larvicida en estructuras,Efrain,,Laboratorios
16/9/2026,Fauna,Atención de fauna silvestre que ingresa libremente al campus,Monitoreo de desarrollo de larvas de Aedes aegypti (vector del dengue),se hizo el recorrido del control de zancudos y no hubo presencia de zancudos,Efrain,,Laboratorios
16/9/2026,Flora,"Acondicionamiento, recuperación, aclimatación y custodia de plantas (ARAC)",Traslado de plantas hacia el vivero (sólo para recuperación y custodia),se trajeron las 3 macetas de Pab. H,Magno,,Pabellon H
16/9/2026,Fauna,Mantenimiento de condiciones adecuadas para la estadia de los animales bajo crianza,Monitoreo posterior,Verificar estado de la fauna,Magno,,Bosque húmedo
15/9/2026,Flora,"Acondicionamiento, recuperación, aclimatación y custodia de plantas (ARAC)",Traslado de plantas hacia el vivero (sólo para recuperación y custodia),se trajeron las macetas de departamento de economía edificio centenario,Magno,,Centenario
15/9/2026,Fauna,"Acondicionamiento, recuperación, aclimatación y custodia de plantas (ARAC)",Traslado de retorno de plantas hacia unidades o ambientes de origen (sólo para recuperación y custodia),"se hizo entrega de las macetas  de la señorita Maritza Herrera, ambos de humanidades",Magno,,Humanidades
15/9/2026,Fauna,"Acondicionamiento, recuperación, aclimatación y custodia de plantas (ARAC)",Traslado de retorno de plantas hacia unidades o ambientes de origen (sólo para recuperación y custodia),se hizo entrega de la maceta del señor ysauro garay,Magno,,Humanidades
15/9/2026,Fauna,Atención de fauna silvestre que ingresa libremente al campus,"Desarrollo de atenciones adicionales en unidades o ambientes del Campus previamente
identificadas o no",Se desalojo el nido de la facultad de derecho,Edgar,,Derecho
15/9/2026,Fauna,Atención de fauna silvestre que ingresa libremente al campus,"Desarrollo de atenciones adicionales en unidades o ambientes del Campus previamente
identificadas o no",Se recogio el.ave muerta en arte antiguo,Edgar,,Arte Antiguo
15/9/2026,Flora,Mantenimiento in situ de plantas de interior e instalación y mantenimiento de flora peculiar en el Campus.,"Ejecución del
mantenimiento de plantas de
interior y flora peculiar",se entregaron los platos a sociales,Magno,,Ciencias sociales
15/9/2026,Fauna,Mantenimiento de condiciones adecuadas para la estadia de los animales bajo crianza,Monitoreo posterior,Verificar estado de la fauna,Magno,,Bosque húmedo
14/9/2026,Fauna, Alimentación de animales bajo crianza (zoocriadero),"Alimentos del
abastecimiento regular",Preparación de alimentos y reparto ,Efrain,,Bosque húmedo
14/9/2026,Fauna, Alimentación de animales bajo crianza (zoocriadero),"Alimentos adicionales,
provenientes del
Comedor Central y
Frutería",recolección a de alimentos en Comedor Central y Frutería,Magno,,Bosque húmedo
14/9/2026,Flora,"Acondicionamiento, recuperación, aclimatación y custodia de plantas (ARAC)",Traslado de plantas hacia el vivero (sólo para recuperación y custodia),se trajeron las macetas de Facultad de artes escénicas pab. X,Magno,,Fares
14/9/2026,Flora,"Acondicionamiento, recuperación, aclimatación y custodia de plantas (ARAC)",Traslado de plantas hacia el vivero (sólo para recuperación y custodia),se trajo la maceta de pabellón V de electrónica,Magno,,Ingeniería electrica y electrónica
14/9/2026,Fauna,Mantenimiento de condiciones adecuadas para la estadia de los animales bajo crianza,Monitoreo posterior,Verificar estado de la fauna,Magno,,Bosque húmedo
14/9/2026,Fauna,"Acondicionamiento, recuperación, aclimatación y custodia de plantas (ARAC)",Traslado de retorno de plantas hacia unidades o ambientes de origen (sólo para recuperación y custodia),se hizo entrega de las macetas de rectorado y protocolo,Magno,,Rectorado
12/9/2026,Flora,Mantenimiento in situ de plantas de interior e instalación y mantenimiento de flora peculiar en el Campus.,"Ejecución del
mantenimiento de plantas de
interior y flora peculiar",se regaron los  cactarios de arquitectura,Magno,,Arquitectura
12/9/2026,Flora,Mantenimiento in situ de plantas de interior e instalación y mantenimiento de flora peculiar en el Campus.,"Ejecución del
mantenimiento de plantas de
interior y flora peculiar","se regaron los  cactarios de ciencias, la jardinera que se encuentra en la parte baja de ciencias",Magno,,Estudios Generales Ciencias
12/9/2026,Fauna,Mantenimiento de condiciones adecuadas para la estadía de los animales bajo crianza en el zoocriadero.,Mantenimiento cíclico regular (Control sanitario programado de ambientes y utensilios),se hizo desinfección del zoo criadero,Magno,,Bosque húmedo
12/9/2026,Flora,Mantenimiento in situ de plantas de interior e instalación y mantenimiento de flora peculiar en el Campus.,"Ejecución del
mantenimiento de plantas de
interior y flora peculiar",se regaron los  cactarios de camino inca,Efrain,,Camino Inca
12/9/2026,Flora,Mantenimiento in situ de plantas de interior e instalación y mantenimiento de flora peculiar en el Campus.,"Ejecución del
mantenimiento de plantas de
interior y flora peculiar",se regaron los  cactarios de ceprepucp,Efrain,,CEPREPUC
12/9/2026,Flora,Mantenimiento in situ de plantas de interior e instalación y mantenimiento de flora peculiar en el Campus.,"Ejecución del
mantenimiento de plantas de
interior y flora peculiar",se regaron los  cactarios de la puerta principal,Efrain,,puerta principal.
12/9/2026,Fauna,Mantenimiento de condiciones adecuadas para la estadia de los animales bajo crianza,Monitoreo posterior,Verificar estado de la fauna,Magno,,Bosque húmedo
11/9/2026,Fauna, Alimentación de animales bajo crianza (zoocriadero),"Alimentos del
abastecimiento regular",Preparación de alimentos y reparto ,Efrain,,Bosque húmedo
11/9/2026,Fauna, Alimentación de animales bajo crianza (zoocriadero),"Alimentos adicionales,
provenientes del
Comedor Central y
Frutería",recolección a de alimentos en Comedor Central y Frutería,Magno,,Bosque húmedo
11/9/2026,Fauna,Atención de fauna silvestre que ingresa libremente al campus,"Desarrollo de atenciones adicionales en unidades o ambientes del Campus previamente
identificadas o no",El ave pegada a la trampa se procedio a botar en el tacho rojo,Magno,,Bosque húmedo
11/9/2026,Fauna,Atención de fauna silvestre que ingresa libremente al campus,"Desarrollo de atenciones adicionales en unidades o ambientes del Campus previamente
identificadas o no",se procedió a enterrar el pichón,Magno,,Bosque húmedo
11/9/2026,Fauna,Atención de fauna silvestre que ingresa libremente al campus,"Desarrollo de atenciones adicionales en unidades o ambientes del Campus previamente
identificadas o no",Se recogio 1 ave muerta en arte antiguo,Edgar,,Arte Antiguo
11/9/2026,Fauna,Atención de fauna silvestre que ingresa libremente al campus,"Desarrollo de atenciones adicionales en unidades o ambientes del Campus previamente
identificadas o no",se recogio los dos pajaritos muertos en tesosrería de Dinthilac,Edgar,,Dinthilac
11/9/2026,Fauna,Mantenimiento de condiciones adecuadas para la estadia de los animales bajo crianza,Monitoreo posterior,Verificar estado de la fauna,Magno,,Bosque húmedo
11/9/2026,Fauna,"Acondicionamiento, recuperación, aclimatación y custodia de plantas (ARAC)",Traslado de retorno de plantas hacia unidades o ambientes de origen (sólo para recuperación y custodia),Entrega de macetas a Rectorado y protocolo,Magno,,Rectorado
10/9/2026,Fauna,Atención de fauna silvestre que ingresa libremente al campus,Monitoreo de desarrollo de larvas de Aedes aegypti (vector del dengue),Y se aplicó larvicida a las pozas de laboratorio de hidraulica,Magno,,Laboratorios
10/9/2026,Fauna, Alimentación de animales bajo crianza (zoocriadero),"Alimentos del
abastecimiento regular",Preparación de alimentos y reparto ,Efrain,,Bosque húmedo
10/9/2026,Fauna, Alimentación de animales bajo crianza (zoocriadero),"Alimentos adicionales,
provenientes del
Comedor Central y
Frutería",recolección a de alimentos en Comedor Central y Frutería,Magno,,Bosque húmedo
10/9/2026,Flora,Mantenimiento in situ de plantas de interior e instalación y mantenimiento de flora peculiar en el Campus.,"Ejecución del
mantenimiento de plantas de
interior y flora peculiar",se regó las suculentas del edificio administrativo,Magno,,Bosque húmedo
10/9/2026,Fauna, Alimentación de animales bajo crianza (zoocriadero),"Alimentos adicionales,
provenientes del
Comedor Central y
Frutería",Se le dió un poco de heno para adelantar su comida de la 1pm,Magno,,Bosque húmedo
10/9/2026,Fauna,Mantenimiento de condiciones adecuadas para la estadia de los animales bajo crianza,Monitoreo posterior,Verificar estado de la fauna,Magno,,Bosque húmedo
9/9/2026,Fauna,Atención de fauna silvestre que ingresa libremente al campus,Monitoreo de desarrollo de larvas de Aedes aegypti (vector del dengue),Y se aplicó larvicida a las pozas de estructura y rural,Magno,,Apoyo Rural
9/9/2026,Fauna,Atención de fauna silvestre que ingresa libremente al campus,Monitoreo de desarrollo de larvas de Aedes aegypti (vector del dengue),Cambio de ovitrampas y envio de evidencia,Magno,,Laboratorios
9/9/2026,Fauna,Atención de fauna silvestre que ingresa libremente al campus,"Desarrollo de atenciones adicionales en unidades o ambientes del Campus previamente
identificadas o no","se fue a recoger el ave, al llegar al punto ya se había volado",Efrain,,EEGGLL (Estudios generales Letras)
9/9/2026,Flora,"Acondicionamiento, recuperación, aclimatación y custodia de plantas (ARAC)",Traslado de plantas hacia el vivero (sólo para recuperación y custodia),Se trajo la maceta de letras,Magno,,EEGGLL (Estudios generales Letras)
9/9/2026,Flora,"Ornamentación, y mantenimiento in situ de plantas de interior, e instalación y mantenimiento de flora peculiar en el Campus.",Ejecución de actividades de mantenimiento de refuerzo o correctivas,se avanzó parte del cactario de arquitectura,Magno,,Arquitectura
9/9/2026,Fauna,Mantenimiento de condiciones adecuadas para la estadia de los animales bajo crianza,Monitoreo posterior,Verificar estado de la fauna,Magno,,Bosque húmedo
8/9/2026,Flora,"Ornamentación, y mantenimiento in situ de plantas de interior, e instalación y mantenimiento de flora peculiar en el Campus.",Ejecución de actividades de mantenimiento de refuerzo o correctivas,se continuó con el cactario de arquitectura,Magno,,Arquitectura
8/9/2026,Flora,"Acondicionamiento, recuperación, aclimatación y custodia de plantas (ARAC)",Traslado de plantas hacia el vivero (sólo para recuperación y custodia),Se trajo la maceta de DARiG,Magno,,Rectorado
8/9/2026,Flora,"Acondicionamiento, recuperación, aclimatación y custodia de plantas (ARAC)",Traslado de plantas hacia el vivero (sólo para recuperación y custodia),se trajo la maceta (chiflera) de DARI,Magno,,Libreria
8/9/2026,Flora,"Acondicionamiento, recuperación, aclimatación y custodia de plantas (ARAC)",Traslado de plantas hacia el vivero (sólo para recuperación y custodia),se trajo la maceta de Educación Continua de edificio Mcgregor.,Magno,,Mac Gregor
8/9/2026,Flora,"Acondicionamiento, recuperación, aclimatación y custodia de plantas (ARAC)",Traslado de plantas hacia el vivero (sólo para recuperación y custodia),se entregó las macetas en comedor de rectorado,Magno,,Rectorado
8/9/2026,Fauna,Mantenimiento de condiciones adecuadas para la estadia de los animales bajo crianza,Monitoreo posterior,Verificar estado de la fauna,Magno,,Bosque húmedo
7/9/2026,Flora,"Ornamentación, y mantenimiento in situ de plantas de interior, e instalación y mantenimiento de flora peculiar en el Campus.",Ejecución de actividades de mantenimiento de refuerzo o correctivas,se avanzó con el cactario de arquitectura,Magno,,Arquitectura
7/9/2026,Fauna, Alimentación de animales bajo crianza (zoocriadero),"Alimentos del
abastecimiento regular",Preparación de alimentos y reparto ,Efrain,,Bosque húmedo
7/9/2026,Fauna, Alimentación de animales bajo crianza (zoocriadero),"Alimentos adicionales,
provenientes del
Comedor Central y
Frutería",recolección a de alimentos en Comedor Central y Frutería,Magno,,Bosque húmedo
7/9/2026,Fauna,Atención de fauna silvestre que ingresa libremente al campus,"Desarrollo de atenciones adicionales en unidades o ambientes del Campus previamente
identificadas o no","Se fue a recoger una paloma muerta, al llegar al punto ya se había deshechado",Efrain,,EEGGLL (Estudios generales Letras)
7/9/2026,Flora,"Acondicionamiento, recuperación, aclimatación y custodia de plantas (ARAC)",Recepción de plantas en el vivero,"se trajeron las macetas del edificio administrativo, archivo.",Magno,,Edificio Administrativo
7/9/2026,Fauna,Mantenimiento de condiciones adecuadas para la estadia de los animales bajo crianza,Monitoreo posterior,Verificar estado de la fauna,Magno,,Bosque húmedo
5/9/2026,Flora,"Mantenimiento de
plantas en el vivero","Ejecución de actividades de mantenimiento (riego)
preventivo",Se regó el vivero de forma manual,Magno,,Vivero
5/9/2026,Flora,"Mantenimiento de
plantas en el vivero",Ejecución de actividades de mantenimiento preventivo Desyerbo (Traslado de residuos al punto de acopio),se botó coche de maleza,Magno,,Punto de Acopio
5/9/2026,Flora,Mantenimiento in situ de plantas de interior e instalación y mantenimiento de flora peculiar en el Campus.,"Ejecución del
mantenimiento de plantas de
interior y flora peculiar",se regó las orquídeas del auditorio Juan Pablo,Magno,,Auditorio Juan Pablo
5/9/2026,Flora,Mantenimiento in situ de plantas de interior e instalación y mantenimiento de flora peculiar en el Campus.,"Ejecución del
mantenimiento de plantas de
interior y flora peculiar",hoy se regó y se aplicó abono foliar a las bromelias de humanidades,Magno,,Humanidades
5/9/2026,Flora,Mantenimiento in situ de plantas de interior e instalación y mantenimiento de flora peculiar en el Campus.,"Ejecución del
mantenimiento de plantas de
interior y flora peculiar",hoy se regó y se aplicó abono foliar a las bromelias de ciencias,Magno,,Estudios Generales Ciencias
5/9/2026,Flora,Mantenimiento in situ de plantas de interior e instalación y mantenimiento de flora peculiar en el Campus.,"Ejecución del
mantenimiento de plantas de
interior y flora peculiar",hoy se regó y se aplicó abono foliar a las bromelias de rectorado,Magno,,Rectorado
5/9/2026,Flora,Mantenimiento in situ de plantas de interior e instalación y mantenimiento de flora peculiar en el Campus.,"Ejecución del
mantenimiento de plantas de
interior y flora peculiar",se rego los cactarios de bosque seco y en educación,Efrain,,Educación
5/9/2026,Fauna,Mantenimiento de condiciones adecuadas para la estadia de los animales bajo crianza,Monitoreo posterior,Verificar estado de la fauna,Magno,,Bosque húmedo
4/9/2026,Flora,"Ornamentación, y mantenimiento in situ de plantas de interior, e instalación y mantenimiento de flora peculiar en el Campus.",Ejecución de actividades de mantenimiento de refuerzo o correctivas,se trasladó tierra hacia el cactario de arquitectura,Magno,,Arquitectura
4/9/2026,Fauna, Alimentación de animales bajo crianza (zoocriadero),"Alimentos del
abastecimiento regular",Preparación de alimentos y reparto ,Hector,,Bosque húmedo
4/9/2026,Fauna, Alimentación de animales bajo crianza (zoocriadero),"Alimentos adicionales,
provenientes del
Comedor Central y
Frutería",recolección a de alimentos en Comedor Central y Frutería,Magno,,Bosque húmedo
4/9/2026,Flora,"Ornamentación, y mantenimiento in situ de plantas de interior, e instalación y mantenimiento de flora peculiar en el Campus.",Ejecución de actividades de mantenimiento de refuerzo o correctivas,se realizó el mantenimiento de las macetas de segundo piso de librería,Magno,,Libreria
4/9/2026,Fauna,Atención de fauna silvestre que ingresa libremente al campus,"Desarrollo de atenciones adicionales en unidades o ambientes del Campus previamente
identificadas o no",se procedió a enterrar a las aves.,Magno,,Bosque húmedo
4/9/2026,Fauna,Mantenimiento de condiciones adecuadas para la estadia de los animales bajo crianza,Monitoreo posterior,Verificar estado de la fauna,Magno,,Bosque húmedo
3/9/2026,Flora,"Acondicionamiento, recuperación, aclimatación y custodia de plantas (ARAC)",Traslado de plantas hacia el vivero (sólo para recuperación y custodia),se entregaron las 51 macetas a DAES,Magno,,DAES
3/9/2026,Flora,Producción de plantas,Repique (si corresponde),Se hizo resembrado de helecho de bolsa a maceta,Magno,,Vivero
3/9/2026,Otros,"Ornamentación, y mantenimiento in situ de plantas de interior, e instalación y mantenimiento de flora peculiar en el Campus.",Instalación  de flora peculiar en el Campus,se hicieron dos viajes en el traslado de tierra arquitectura.,Magno,,Arquitectura
3/9/2026,Fauna,Mantenimiento de condiciones adecuadas para la estadia de los animales bajo crianza,Monitoreo posterior,Verificar estado de la fauna,Magno,,Bosque húmedo
2/9/2026,Flora,"Ornamentación, y mantenimiento in situ de plantas de interior, e instalación y mantenimiento de flora peculiar en el Campus.",Ejecución de actividades de mantenimiento de refuerzo o correctivas,se trajeron las macetas que se encontraban en la puerta 7,Magno,,Puerta Rivaguero
2/9/2026,Fauna, Alimentación de animales bajo crianza (zoocriadero),"Alimentos del
abastecimiento regular",Preparación de alimentos y reparto ,Hector,,Bosque húmedo
2/9/2026,Fauna, Alimentación de animales bajo crianza (zoocriadero),"Alimentos adicionales,
provenientes del
Comedor Central y
Frutería",recolección a de alimentos en Comedor Central y Frutería,Magno,,Bosque húmedo
2/9/2026,Fauna,Atención de fauna silvestre que ingresa libremente al campus,Monitoreo de desarrollo de larvas de Aedes aegypti (vector del dengue),Cambio de ovitrampas y envio de evidencia,Hector,,Laboratorios
2/9/2026,Fauna,Atención de fauna silvestre que ingresa libremente al campus,Monitoreo de desarrollo de larvas de Aedes aegypti (vector del dengue),se aplicó el larvicida en este charco,Hector,,Laboratorios
2/9/2026,Fauna,Atención de fauna silvestre que ingresa libremente al campus,Monitoreo de desarrollo de larvas de Aedes aegypti (vector del dengue),Se aplicó el larvicida en las pozas de laboratorio de estructuras,Hector,,Laboratorios
2/9/2026,Fauna,Atención de fauna silvestre que ingresa libremente al campus,Monitoreo de desarrollo de larvas de Aedes aegypti (vector del dengue),se aplicó el larvicida en ésta poza de rural,Hector,,Apoyo Rural
2/9/2026,Flora,"Mantenimiento de
plantas en el vivero",Ejecución de actividades de mantenimiento preventivo Desyerbo (Traslado de residuos al punto de acopio),se botó la maleza en acopio pero está todo lleno que no se puede cerrar la puerta,Magno,,Punto de Acopio
2/9/2026,Fauna,Mantenimiento de condiciones adecuadas para la estadia de los animales bajo crianza,Monitoreo posterior,Verificar estado de la fauna,Magno,,Bosque húmedo
1/9/2026,Flora,"Ornamentación, y mantenimiento in situ de plantas de interior, e instalación y mantenimiento de flora peculiar en el Campus.",Ejecución de actividades de mantenimiento de refuerzo o correctivas,se procedio al trazo preliminar de la ampliacion del cactario de Arquitectura mediante  la recomposicion del area contigua con vista al BCIA,Ing. Javier,,Arquitectura
1/9/2026,Flora,"Ornamentación, y mantenimiento in situ de plantas de interior, e instalación y mantenimiento de flora peculiar en el Campus.",Ejecución de actividades de mantenimiento de refuerzo o correctivas,"Retiro de macetas en exceso ubicadas a la entrada de DAPE, Protocolo y DARI",Ing. Javier,,Dinthilac
1/9/2026,Flora,Mantenimiento in situ de plantas de interior e instalación y mantenimiento de flora peculiar en el Campus.,"Ejecución del
mantenimiento de plantas de
interior y flora peculiar","se procedio tambien con el equipo a retirar los trichocereus sp  fma. mounstruosa enfermos en el el cactario de CEPREPUCP y se aplico fungicida en polvo como preventivo.  Luego se procedio a plantar Carnegia gigantea, Stenocereus weberi, Corryocactus apiciflorus, Pilosocereus sp  Austrocylindropuntia pachypus, Opuntia microdasys y Opuntia sp.. en el mismo cactario",Ing. Javier,,CEPREPUC
1/9/2026,Fauna,Control sanitario y monitoreo de los animales bajo crianza en el zoocriadero.,Apoyo en curaciones post intervención veterinaria de algún animal,se le aplicó la dosis  a la alpaca,Hector,,Bosque húmedo
1/9/2026,Fauna,Mantenimiento de condiciones adecuadas para la estadia de los animales bajo crianza,Monitoreo posterior,Verificar estado de la fauna,Magno,,Bosque húmedo
Setiembre,,,,,,,
31/8/2026,Fauna, Alimentación de animales bajo crianza (zoocriadero),"Alimentos del
abastecimiento regular",Preparación de alimentos y reparto ,Hector,,Bosque húmedo
31/8/2026,Fauna, Alimentación de animales bajo crianza (zoocriadero),"Alimentos adicionales, provenientes del Comedor Central y Frutería",recolección a de alimentos en Comedor Central y Frutería,Magno,,Bosque húmedo
31/8/2026,Fauna,Control sanitario y monitoreo de los animales bajo crianza en el zoocriadero.,Apoyo en curaciones post intervención veterinaria de algún animal,se le aplicó la dosis  a la alpaca,Magno,,Bosque húmedo
31/8/2026,Flora,"Acondicionamiento, recuperación, aclimatación y custodia de plantas (ARAC)",Traslado de retorno de plantas hacia unidades o ambientes de origen (sólo para recuperación y custodia),Se entregó las macetas de DTI,Magno,,DTI
31/8/2026,Flora,"Acondicionamiento, recuperación, aclimatación y custodia de plantas (ARAC)",Traslado de retorno de plantas hacia unidades o ambientes de origen (sólo para recuperación y custodia),se entregó la maceta de tambo,Magno,,Tambo
31/8/2026,Fauna,Mantenimiento de condiciones adecuadas para la estadia de los animales bajo crianza,Monitoreo posterior,Verificar estado de la fauna,Magno,,Bosque húmedo
31/8/2026,Fauna,"Acondicionamiento, recuperación, aclimatación y custodia de plantas (ARAC)",Traslado de retorno de plantas hacia unidades o ambientes de origen (sólo para recuperación y custodia),Entrega de macetas a Rectorado y protocolo,Hector,,Rectorado
29/8/2026,Flora,Mantenimiento in situ de plantas de interior e instalación y mantenimiento de flora peculiar en el Campus.,"Ejecución del
mantenimiento de plantas de
interior y flora peculiar","se dió mantenimiento al cactario de Mc Gregor (recalzo con algunos sedum y echinopsis, RIEGO)",Hector,,Jardin Lateral McGregor
29/8/2026,Flora,Mantenimiento in situ de plantas de interior e instalación y mantenimiento de flora peculiar en el Campus.,"Ejecución del
mantenimiento de plantas de
interior y flora peculiar",Se recalzo   con agaves el cactario de Tinkuy  y también se le dió riego,Hector,,Tinkuy
29/8/2026,Flora,Mantenimiento in situ de plantas de interior e instalación y mantenimiento de flora peculiar en el Campus.,"Ejecución del
mantenimiento de plantas de
interior y flora peculiar",se regó ciencias y las orquídeas del auditorio Juan Pablo,Magno,,Estudios Generales Ciencias
29/8/2026,Flora,Mantenimiento in situ de plantas de interior e instalación y mantenimiento de flora peculiar en el Campus.,"Ejecución del
mantenimiento de plantas de
interior y flora peculiar","se regó los cactarios de Ocai, ceprepuc y camino inca",Magno,,OCAI
29/8/2026,Otros,Mantenimiento en bosque húmedo,Monitoreo posterior,Se tapo de manera temporal un hueco en el bosque húmedo ,Hector,,Bosque húmedo
29/8/2026,Fauna,Mantenimiento de condiciones adecuadas para la estadia de los animales bajo crianza,Monitoreo posterior,Verificar estado de la fauna,Magno,,Bosque húmedo
29/8/2026,Fauna,Control sanitario y monitoreo de los animales bajo crianza en el zoocriadero.,Apoyo en curaciones post intervención veterinaria de algún animal,se le aplicó la dosis  a la alpaca,Efrain,,Bosque húmedo
28/8/2026,Fauna, Alimentación de animales bajo crianza (zoocriadero),"Alimentos del
abastecimiento regular",Preparación de alimentos y reparto ,Hector,,Bosque húmedo
28/8/2026,Fauna, Alimentación de animales bajo crianza (zoocriadero),"Alimentos adicionales,
provenientes del
Comedor Central y
Frutería",recolección a de alimentos en Comedor Central y Frutería,Magno,,Bosque húmedo
28/8/2026,Fauna,Control sanitario y monitoreo de los animales bajo crianza en el zoocriadero.,Apoyo en curaciones post intervención veterinaria de algún animal,se le aplicó la dosis  a la alpaca,Efrain,,Bosque húmedo
28/8/2026,Flora,"Ornamentación, y mantenimiento in situ de plantas de interior, e instalación y mantenimiento de flora peculiar en el Campus.",Mantenimiento in situ de plantas de interior e instalación y mantenimiento de flora peculiar en el Campus.,se dió mantenimiento a una planta afectada,Hector,,Tinkuy
28/8/2026,Flora,"Ornamentación, y mantenimiento in situ de plantas de interior, e instalación y mantenimiento de flora peculiar en el Campus.",Instalación  de flora peculiar en el Campus,Se sembró 25 agaves enanos en el cactario de tinkuy,Hector,,Tinkuy
28/8/2026,Fauna,Atención de fauna silvestre que ingresa libremente al campus,Monitoreo de desarrollo de larvas de Aedes aegypti (vector del dengue),Se añadio 1 ovitrampa (20) en el vivero,Hector,,Vivero
28/8/2026,Flora,"Acondicionamiento, recuperación, aclimatación y custodia de plantas (ARAC)",Recepción de plantas en el vivero,se trajeron las macetas de protocolo y rectorado,Magno,,Dinthilac
27/8/2026,Flora,Mantenimiento de plantas en el vivero,Ejecución de actividades de mantenimiento  preventivo (deshierbo),se avanzó con el deshierbo y poda hasta este punto,Magno,,Vivero
27/8/2026,Flora,"Ornamentación, y mantenimiento in situ de plantas de interior, e instalación y mantenimiento de flora peculiar en el Campus.",Instalación  de flora peculiar en el Campus,Se retiró el cactus de Cise. Y se reemplazo por otro,Hector,,Mac Gregor
27/8/2026,Flora,Mantenimiento de plantas en el vivero,Limpieza en el vivero,Se terminó de ordenar los materiales para el cactario y hacer espacio para los costales de tierra preparada,Hector,,Vivero
27/8/2026,Flora,"Mantenimiento de
plantas en el vivero",Ejecución de actividades de mantenimiento preventivo Desyerbo (Traslado de residuos al punto de acopio),Se llegó a botar un coche de basura,Hector,,Punto de Acopio
27/8/2026,Fauna,Atención de fauna silvestre que ingresa libremente al campus,Monitoreo de desarrollo de larvas de Aedes aegypti (vector del dengue),Se procedió a tomar muestras ,Hector,,Laboratorios
27/8/2026,Fauna,Atención de fauna silvestre que ingresa libremente al campus,Monitoreo de desarrollo de larvas de Aedes aegypti (vector del dengue),cambio de ovitrampas y se aplicó el larvicida  en las pozas de laboratorio de estructuras,Hector,,Laboratorios
27/8/2026,Fauna,Control sanitario y monitoreo de los animales bajo crianza en el zoocriadero.,Apoyo en curaciones post intervención veterinaria de algún animal,se le aplicó la dosis  a la alpaca,Efrain,,Bosque húmedo
27/8/2026,Fauna,Mantenimiento de condiciones adecuadas para la estadia de los animales bajo crianza,Monitoreo posterior,Verificar estado de la fauna,Magno,,Bosque húmedo
26/8/2026,Flora,Mantenimiento de plantas en el vivero,Limpieza en el vivero,Se empezó a ordenar los materiales para lo cactarios,Hector,,Vivero
26/8/2026,Fauna, Alimentación de animales bajo crianza (zoocriadero),"Alimentos del
abastecimiento regular",Preparación de alimentos y reparto ,Hector,,Bosque húmedo
26/8/2026,Fauna, Alimentación de animales bajo crianza (zoocriadero),"Alimentos adicionales,
provenientes del
Comedor Central y
Frutería",recolección a de alimentos en Comedor Central y Frutería,Magno,,Comedor Central
26/8/2026,Flora,"Ornamentación, y mantenimiento in situ de plantas de interior, e instalación y mantenimiento de flora peculiar en el Campus.",Mantenimiento in situ de plantas de interior e instalación y mantenimiento de flora peculiar en el Campus.,Se hizo la poda del chirimoyo de dinthilac,Magno,,Dinthilac
26/8/2026,Fauna,Control sanitario y monitoreo de los animales bajo crianza en el zoocriadero.,Apoyo en curaciones post intervención veterinaria de algún animal,se le aplicó la dosis  a la alpaca,Efrain,,Bosque húmedo
26/8/2026,Fauna,Mantenimiento de condiciones adecuadas para la estadia de los animales bajo crianza,Monitoreo posterior,Verificar estado de la fauna,Magno,,Bosque húmedo
25/8/2026,Flora,Mantenimiento de plantas en el vivero,Ejecución de actividades de mantenimiento  preventivo (deshierbo),se avanzó con el deshierbo hasta este punto,Magno,,Vivero
25/8/2026,Flora,Mantenimiento de plantas en el vivero,"Control fitosanitario químico (artrópodos, hongos y bacterias; hierbas indeseadas solo cuando no se ponga en riesgo a las plantas afectadas por éstas) y fertilización.",se hizo control de plagas en macetas de edificio administrativo.,Magno,,Edificio Administrativo
25/8/2026,Flora,"Acondicionamiento, recuperación, aclimatación y custodia de plantas (ARAC)",Traslado de plantas hacia el vivero (sólo para recuperación y custodia),Se trajo para mantenimiento  el plato/maceta de administrativo,Hector,,Edificio Administrativo
25/8/2026,Flora,"Acondicionamiento, recuperación, aclimatación y custodia de plantas (ARAC)",Recepción de plantas en el vivero,se recogieron las macetas de gastronomía,Magno,,Gastronomía 
25/8/2026,Flora,Mantenimiento in situ de plantas de interior e instalación y mantenimiento de flora peculiar en el Campus.,"Ejecución del
mantenimiento de plantas de
interior y flora peculiar",se regó las suculentas del edificio administrativo,Magno,,Edificio Administrativo
25/8/2026,Fauna,Control sanitario y monitoreo de los animales bajo crianza en el zoocriadero.,Apoyo en curaciones post intervención veterinaria de algún animal,se le aplicó la dosis  a la alpaca,Efrain,,Bosque húmedo
25/8/2026,Fauna,Atención de fauna silvestre que ingresa libremente al campus,"Desarrollo de atenciones adicionales en unidades o ambientes del Campus previamente
identificadas o no",se liberó el ave en bosque húmedo,Magno,,
25/8/2026,Fauna,Mantenimiento de condiciones adecuadas para la estadia de los animales bajo crianza,Monitoreo posterior,Verificar estado de la fauna,Magno,,Bosque húmedo
24/8/2026,Fauna, Alimentación de animales bajo crianza (zoocriadero),"Alimentos del
abastecimiento regular",Preparación de alimentos y reparto ,Hector,,Bosque húmedo
24/8/2026,Fauna, Alimentación de animales bajo crianza (zoocriadero),"Alimentos adicionales,
provenientes del
Comedor Central y
Frutería",recolección a de alimentos en Comedor Central y Frutería,Magno,,Comedor Central
24/8/2026,Flora,"Acondicionamiento, recuperación, aclimatación y custodia de plantas (ARAC)",Desarrollo de tratamiento ARAC mantenimiento de plantas de interior y flora peculiar,Se les dió mantenimiento a las macetas de Derecho,Hector,,Derecho
24/8/2026,Flora,"Acondicionamiento, recuperación, aclimatación y custodia de plantas (ARAC)",Traslado de plantas hacia el vivero (sólo para recuperación y custodia),se trajeron las macetas de derecho,Magno,,Derecho
24/8/2026,Flora,"Ornamentación, y mantenimiento in situ de plantas de interior, e instalación y mantenimiento de flora peculiar en el Campus.",Mantenimiento in situ de plantas de interior e instalación y mantenimiento de flora peculiar en el Campus.,se completó el riego en humanidades,Magno,,Humanidades
24/8/2026,Fauna,Control sanitario y monitoreo de los animales bajo crianza en el zoocriadero.,Apoyo en curaciones post intervención veterinaria de algún animal,se le aplicó la dosis  a la alpaca,Efrain,,Bosque húmedo
24/8/2026,Fauna,Mantenimiento de condiciones adecuadas para la estadia de los animales bajo crianza,Monitoreo posterior,Verificar estado de la fauna,Magno,,Bosque húmedo
22/8/2026,Flora,"Mantenimiento de
plantas en el vivero","Ejecución de actividades de mantenimiento (riego)
preventivo",Se regó vivero de forma manual,Efrain,,Vivero
22/8/2026,Flora,Producción de plantas,Repique (si corresponde),"Se sembraron akalifas y chifleras, y también se embolsaron senecios.",Magno,,
22/8/2026,Flora,"Ornamentación, y mantenimiento in situ de plantas de interior, e instalación y mantenimiento de flora peculiar en el Campus.",Mantenimiento in situ de plantas de interior e instalación y mantenimiento de flora peculiar en el Campus.,Se avanzó con el riego de los cactarios,Hector,,
22/8/2026,Flora,"Mantenimiento de
plantas en el vivero",Ejecución de actividades de mantenimiento preventivo Desyerbo (Traslado de residuos al punto de acopio),Se botó coche con maleza,Hector,,Punto de Acopio
22/8/2026,Flora,Mantenimiento in situ de plantas de interior e instalación y mantenimiento de flora peculiar en el Campus.,"Ejecución del
mantenimiento de plantas de
interior y flora peculiar",Se regó y  se aplicó abono foliar a dinthilac,Magno,,Dinthilac
23/8/2026,Flora,Mantenimiento in situ de plantas de interior e instalación y mantenimiento de flora peculiar en el Campus.,"Ejecución del
mantenimiento de plantas de
interior y flora peculiar",Se regó y  se aplicó abono foliar a ciencias,Magno,,Estudios Generales Ciencias
24/8/2026,Flora,Mantenimiento in situ de plantas de interior e instalación y mantenimiento de flora peculiar en el Campus.,"Ejecución del
mantenimiento de plantas de
interior y flora peculiar",Se regó y  se aplicó abono foliar a las orquídeas del auditorio Juan Pablo.,Magno,,CAPU
25/8/2026,Flora,Mantenimiento in situ de plantas de interior e instalación y mantenimiento de flora peculiar en el Campus.,"Ejecución del
mantenimiento de plantas de
interior y flora peculiar",Humanidades solo se aplicó abono foliar ya que la presión de agua no hubo mucho.,Magno,,Humanidades
22/8/2026,Fauna,Atención de fauna silvestre que ingresa libremente al campus,Monitoreo de desarrollo de larvas de Aedes aegypti (vector del dengue),Se terminó de colocar las nuevas ovitrampas,Hector,,
22/8/2026,Fauna,Control sanitario y monitoreo de los animales bajo crianza en el zoocriadero.,Apoyo en curaciones post intervención veterinaria de algún animal,se le aplicó la dosis  a la alpaca,Efrain,,Bosque húmedo
22/8/2026,Fauna,Mantenimiento de condiciones adecuadas para la estadía de los animales bajo crianza en el zoocriadero.,Mantenimiento cíclico regular (Control sanitario programado de ambientes y utensilios),Se aplicó el DMQ a los utensilios del  zoocriadero,Hector,,
22/8/2026,Fauna,Mantenimiento de condiciones adecuadas para la estadia de los animales bajo crianza,Monitoreo posterior,Verificar estado de la fauna,Magno,,Bosque húmedo
21/8/2026,Flora,Mantenimiento in situ de plantas de interior e instalación y mantenimiento de flora peculiar en el Campus.,"Ejecución del
mantenimiento de plantas de
interior y flora peculiar",en la mañana se avanzó con el riego de algunos cactarios,Hector,,
21/8/2026,Fauna,Control sanitario y monitoreo de los animales bajo crianza en el zoocriadero.,Apoyo en curaciones post intervención veterinaria de algún animal,Se le aplicó la gota a la alpaca,Magno,,Bosque húmedo
21/8/2026,Fauna, Alimentación de animales bajo crianza (zoocriadero),"Alimentos del
abastecimiento regular",Preparación de alimentos y reparto ,Hector,,
21/8/2026,Fauna, Alimentación de animales bajo crianza (zoocriadero),"Alimentos adicionales,
provenientes del
Comedor Central y
Frutería",recolección a de alimentos en Comedor Central y Frutería,Magno,,
21/8/2026,Flora,"Ornamentación, y mantenimiento in situ de plantas de interior, e instalación y mantenimiento de flora peculiar en el Campus.",Identificación o recepción de requerimiento,Medición de área de un jardín en Humanidades,Magno,,Humanidades
21/8/2026,Flora,Mantenimiento in situ de plantas de interior e instalación y mantenimiento de flora peculiar en el Campus.,"Ejecución del
mantenimiento de plantas de
interior y flora peculiar",se regó el cactario de la Ocai,Magno,,OCAI
21/8/2026,Fauna,Atención de fauna silvestre que ingresa libremente al campus,Monitoreo de desarrollo de larvas de Aedes aegypti (vector del dengue),Se añadieron 2 de ovitrampas (18 y 19) cerca del laboratorio de estructuras antisismicas,Camila,,Laboratorios
21/8/2026,Fauna,Mantenimiento de condiciones adecuadas para la estadia de los animales bajo crianza,Monitoreo posterior,Verificar estado de la fauna,Magno,,
20/8/2026,Fauna,Control sanitario y monitoreo de los animales bajo crianza en el zoocriadero.,Apoyo en curaciones post intervención veterinaria de algún animal,Se le aplicó la 3ra dosis a la alpaca,Efrain,,
20/8/2026,Flora,"Mantenimiento de
plantas en el vivero","Ejecución de actividades de mantenimiento (riego)
preventivo",Se rego ligeramente el invernadero,Hector,,Vivero
20/8/2026,Fauna,Atención de fauna silvestre que ingresa libremente al campus,Monitoreo de desarrollo de larvas de Aedes aegypti (vector del dengue),Se procedió a tomar muestras y se aplicó el larvicida en cilindro de agua que presenta larvas,Hector,,
20/8/2026,Fauna,Atención de fauna silvestre que ingresa libremente al campus,Monitoreo de desarrollo de larvas de Aedes aegypti (vector del dengue),cambio de ovitrampas y se aplicó el larvicida  en las pozas de laboratorio de estructuras,Hector,,Laboratorios
20/8/2026,Fauna,Control sanitario y monitoreo de los animales bajo crianza en el zoocriadero.,Apoyo en curaciones post intervención veterinaria de algún animal,se le aplicó la gota por segunda vez en el día a la alpaca,Efrain,,
20/8/2026,Flora,Mantenimiento in situ de plantas de interior e instalación y mantenimiento de flora peculiar en el Campus.,"Ejecución del
mantenimiento de plantas de
interior y flora peculiar",Se regó los cactarios de ceprepuc y de camino inca,Magno,,CEPREPUC
20/8/2026,Flora,"Ornamentación, y mantenimiento in situ de plantas de interior, e instalación y mantenimiento de flora peculiar en el Campus.",Reubicación de macetas,"se atendió la petición de la señorita Silvia Carranza, que fue reubicar las macetas a la entrada de la facultad",Magno,,Fares
20/8/2026,Flora,Mantenimiento de plantas en el vivero,Riego en bosque húmedo,Se colocó los aspersores en el bosque húmedo,Hector,,
20/8/2026,Fauna,Atención de fauna silvestre que ingresa libremente al campus,"Desarrollo de atenciones adicionales en unidades o ambientes del Campus previamente
identificadas o no",Se llevo al zoocriadero el ave muerta,Magno,,
20/8/2026,Fauna,Mantenimiento de condiciones adecuadas para la estadia de los animales bajo crianza,Monitoreo posterior,Verificar estado de la fauna,Magno,,
20/8/2026,Fauna,Control sanitario y monitoreo de los animales bajo crianza en el zoocriadero.,Apoyo en curaciones post intervención veterinaria de algún animal,se le aplicó la gota a la alpaca,Efrain,,
19/8/2026,Fauna,Control sanitario y monitoreo de los animales bajo crianza en el zoocriadero.,Apoyo en curaciones post intervención veterinaria de algún animal,Se le aplicó la 3ra dosis a la alpaca,Efrain,,
19/8/2026,Fauna, Alimentación de animales bajo crianza (zoocriadero),"Alimentos del
abastecimiento regular",Preparación de alimentos y reparto ,Hector,,
19/8/2026,Fauna, Alimentación de animales bajo crianza (zoocriadero),"Alimentos adicionales,
provenientes del
Comedor Central y
Frutería",recolección a de alimentos en Comedor Central y Frutería,Magno,,
19/8/2026,Fauna,Control sanitario y monitoreo de los animales bajo crianza en el zoocriadero.,Apoyo en curaciones post intervención veterinaria de algún animal,se le aplicó la gota por segunda vez en el día a la alpaca,Efrain,,
19/8/2026,Flora,"Ornamentación, y mantenimiento in situ de plantas de interior, e instalación y mantenimiento de flora peculiar en el Campus.",Mantenimiento in situ de plantas de interior e instalación y mantenimiento de flora peculiar en el Campus.,se pusieron las piedras alrededor de las macetas en Rectorado (chirimoyo),Magno,,Dinthilac
19/8/2026,Flora,"Acondicionamiento, recuperación, aclimatación y custodia de plantas (ARAC)",Recepción de plantas en el vivero,se recogieron las macetas de comedor de Rectorado,Hector,,Dinthilac
19/8/2026,Fauna,Control sanitario y monitoreo de los animales bajo crianza en el zoocriadero.,Apoyo en curaciones post intervención veterinaria de algún animal,se le aplicó la gota a la alpaca,Efrain,,
19/8/2026,Fauna,Mantenimiento de condiciones adecuadas para la estadia de los animales bajo crianza,Monitoreo posterior,Verificar estado de la fauna,Magno,,
18/8/2026,Flora,Mantenimiento de plantas en el vivero,Ejecución de actividades de mantenimiento  preventivo (deshierbo),Se avanzó con el deshierbo del vivero,Magno,,
18/8/2026,Fauna,Control sanitario y monitoreo de los animales bajo crianza en el zoocriadero.,Apoyo en curaciones post intervención veterinaria de algún animal,Se le aplicó la 3ra dosis a la alpaca,Efrain,,
18/8/2026,Fauna,Control sanitario y monitoreo de los animales bajo crianza en el zoocriadero.,Apoyo en curaciones post intervención veterinaria de algún animal,se le aplicó la gota por segunda vez en el día a la alpaca,Efrain,,
18/8/2026,Ambiental,"Segundo uso o reciclaje, en jardinería del vivero, de elementos descartados en el Campus",Segundo uso de elementos diversos descartados,Recolección y acopio de piedra,Efrain,,
18/8/2026,Fauna,Control sanitario y monitoreo de los animales bajo crianza en el zoocriadero.,Apoyo en curaciones post intervención veterinaria de algún animal,se le aplicó la gota a la alpaca,Efrain,,
18/8/2026,Fauna,Mantenimiento de condiciones adecuadas para la estadia de los animales bajo crianza,Monitoreo posterior,Verificar estado de la fauna,Magno,,
17/8/2026,Fauna,Control sanitario y monitoreo de los animales bajo crianza en el zoocriadero.,Apoyo en curaciones post intervención veterinaria de algún animal,se le aplicó la gota por tercera vez en el día a la alpaca,Efrain,,
17/8/2026,Fauna, Alimentación de animales bajo crianza (zoocriadero),"Alimentos del
abastecimiento regular",Preparación de alimentos y reparto ,Hector,,
17/8/2026,Fauna, Alimentación de animales bajo crianza (zoocriadero),"Alimentos adicionales,
provenientes del
Comedor Central y
Frutería",recolección a de alimentos en Comedor Central y Frutería,Magno,,
17/8/2026,Fauna,Control sanitario y monitoreo de los animales bajo crianza en el zoocriadero.,Apoyo en curaciones post intervención veterinaria de algún animal,se le aplicó la gota por segunda vez en el día a la alpaca,Efrain,,
17/8/2026,Fauna,Control sanitario y monitoreo de los animales bajo crianza en el zoocriadero.,Apoyo en curaciones post intervención veterinaria de algún animal,se le aplicó la gota a la alpaca,Efrain,,
17/8/2026,Fauna,"Acondicionamiento, recuperación, aclimatación y custodia de plantas (ARAC)",Traslado de retorno de plantas hacia unidades o ambientes de origen (sólo para recuperación y custodia),Se entregaron las macetas de rectorado y protocolo,Magno,,
17/8/2026,Fauna,"Acondicionamiento, recuperación, aclimatación y custodia de plantas (ARAC)",Traslado de retorno de plantas hacia unidades o ambientes de origen (sólo para recuperación y custodia),Se retorno las macetas del rectorado con el apoyo del grupo de responsable,Hector,,
15/8/2026,Flora,"Acondicionamiento, recuperación, aclimatación y custodia de plantas (ARAC)",Desarrollo de tratamiento ARAC mantenimiento de plantas de interior y flora peculiar,se hizo el mantenimiento de las macetas de rectorado,Magno,,Dinthilac
15/8/2026,Flora,Mantenimiento in situ de plantas de interior e instalación y mantenimiento de flora peculiar en el Campus.,"Ejecución del
mantenimiento de plantas de
interior y flora peculiar",Se terminó el mantenimiento del cactario de OCAI,Magno,,OCAI
15/8/2026,Fauna,Control sanitario y monitoreo de los animales bajo crianza en el zoocriadero.,Apoyo en curaciones post intervención veterinaria de algún animal,Se le aplicó la segunda dosis a la alpaca,Efrain,,
15/8/2026,Flora,"Ornamentación, y mantenimiento in situ de plantas de interior, e instalación y mantenimiento de flora peculiar en el Campus.",Instalación  de flora peculiar en el Campus,se completó el trabajo en ciencias,Hector,,Estudios Generales Ciencias
15/8/2026,Fauna,Control sanitario y monitoreo de los animales bajo crianza en el zoocriadero.,Apoyo en curaciones post intervención veterinaria de algún animal,se le aplicó la gota a la alpaca,Hector,,
15/8/2026,Flora,"Acondicionamiento, recuperación, aclimatación y custodia de plantas (ARAC)",Recepción de plantas en el vivero,se recogieron las macetas de rectorado,Hector,,
15/8/2026,Fauna,Mantenimiento de condiciones adecuadas para la estadia de los animales bajo crianza,Monitoreo posterior,Verificar estado de la fauna,Magno,,
14/8/2026,Fauna, Alimentación de animales bajo crianza (zoocriadero),"Alimentos del
abastecimiento regular",Preparación de alimentos y reparto ,Hector,,
14/8/2026,Fauna, Alimentación de animales bajo crianza (zoocriadero),"Alimentos adicionales,
provenientes del
Comedor Central y
Frutería",recolección a de alimentos en Comedor Central y Frutería,Magno,,
14/8/2026,Fauna,Mantenimiento de condiciones adecuadas para la estadia de los animales bajo crianza,Monitoreo posterior,ya se terminó de curar a la alpaca,Efrain,,
14/8/2026,Flora,"Ornamentación, y mantenimiento in situ de plantas de interior, e instalación y mantenimiento de flora peculiar en el Campus.",Instalación  de flora peculiar en el Campus,Se termino la recuperación de jardín de ciencias,Efrain,,Estudios Generales Ciencias
14/8/2026,Fauna,Mantenimiento de condiciones adecuadas para la estadia de los animales bajo crianza,Monitoreo posterior,Verificar estado de la fauna,Magno,,
13/8/2026,Flora,"Ornamentación, y mantenimiento in situ de plantas de interior, e instalación y mantenimiento de flora peculiar en el Campus.",Instalación  de flora peculiar en el Campus,Avance de trabajo de recuperación de jardín interno de ciencias ,Camila,,
13/8/2026,Flora,"Acondicionamiento, recuperación, aclimatación y custodia de plantas (ARAC)",Traslado de plantas hacia el vivero (sólo para recuperación y custodia),Se entregaron las macetas en el comedor de rectorado,Magno,,
13/8/2026,Fauna,Mantenimiento de condiciones adecuadas para la estadia de los animales bajo crianza,Monitoreo posterior,Verificar estado de la fauna,Magno,,
12/8/2026,Fauna, Alimentación de animales bajo crianza (zoocriadero),"Alimentos del
abastecimiento regular",Preparación de alimentos y reparto ,Hector,,
12/8/2026,Fauna,Mantenimiento de condiciones adecuadas para la estadia de los animales bajo crianza,Monitoreo posterior,La alpaca presenta inflamación en el ojo derecho,Hector,,
12/8/2026,Flora,"Acondicionamiento, recuperación, aclimatación y custodia de plantas (ARAC)",Recepción de plantas en el vivero,recogimos las 8 macetas de ciencias.,Magno,,Estudios Generales Ciencias
12/8/2026,Fauna,Atención de fauna silvestre que ingresa libremente al campus,Monitoreo de desarrollo de larvas de Aedes aegypti (vector del dengue),cambio de ovitrampas y se aplicó el larvicida en ésta poza de rural,Hector,,Apoyo Rural
12/8/2026,Flora,Mantenimiento de plantas en el vivero,Ejecución de actividades de mantenimiento  preventivo (deshierbo),Se avanzó con el deshierbo del vivero,Hector,,Vivero
12/8/2026,Fauna,Atención de fauna silvestre que ingresa libremente al campus,"Desarrollo de atenciones adicionales en unidades o ambientes del Campus previamente
identificadas o no",La paloma fue recogida y enterrada,Efrain,,
12/8/2026,Otros,Apoyo en desocupar para su posterior limpieza de refrigerador,Apoyo externo,Se  desocupo la refrigeradora  para su limpieza,Hector,,
12/8/2026,Fauna,Mantenimiento de condiciones adecuadas para la estadia de los animales bajo crianza,Monitoreo posterior,Verificar estado de la fauna,Magno,,
11/8/2026,Otros,Apoyo en redacción del Protocolo - procesos,consultas sobre procesos definidos,Apoyo en redacción del Protocolo,Camila,,
11/8/2026,Flora,Prestamos de macetas por un evento,Entrega,se dejaron las macetas en gastronomía,Magno,,Gastronomía 
11/8/2026,Flora,Mantenimiento in situ de plantas de interior e instalación y mantenimiento de flora peculiar en el Campus.,"Ejecución del
mantenimiento de plantas de
interior y flora peculiar",Se terminó de dar mantenimiento a las macetas de DAES,Hector,,DAES
11/8/2026,Flora,Mantenimiento in situ de plantas de interior e instalación y mantenimiento de flora peculiar en el Campus.,"Ejecución del
mantenimiento de plantas de
interior y flora peculiar","se regó las plantas del edificio administrativo, con su respectivo deshierbo",Magno,,Edificio Administrativo
11/8/2026,Fauna,Mantenimiento de condiciones adecuadas para la estadia de los animales bajo crianza,Monitoreo posterior,Verificar estado de la fauna,Magno,,
10/8/2026,Fauna, Alimentación de animales bajo crianza (zoocriadero),"Alimentos del
abastecimiento regular",Preparación de alimentos y reparto ,Efrain,,
10/8/2026,Flora,"Acondicionamiento, recuperación, aclimatación y custodia de plantas (ARAC)",Traslado de plantas hacia el vivero (sólo para recuperación y custodia),Se recepcionó 5 macetas de derecho con sus platos,Hector,,Derecho
10/8/2026,Flora,"Acondicionamiento, recuperación, aclimatación y custodia de plantas (ARAC)",Recepción de plantas en el vivero,"se recogió la maceta de la señorita María Dextre del edificio administrativo, sótano.",Magno,,Edificio Administrativo
10/8/2026,Flora,Mantenimiento in situ de plantas de interior e instalación y mantenimiento de flora peculiar en el Campus.,"Ejecución del
mantenimiento de plantas de
interior y flora peculiar",se sacó todas las hojas secas del butilon,Magno,,
10/8/2026,Fauna,Atención de fauna silvestre que ingresa libremente al campus,"Desarrollo de atenciones adicionales en unidades o ambientes del Campus previamente
identificadas o no",Se fue al lugar e informaron que el día sábado desecharon el ave muerta.,Magno,,
10/8/2026,Fauna,Mantenimiento de condiciones adecuadas para la estadia de los animales bajo crianza,Monitoreo posterior,Verificar estado de la fauna,Magno,,
8/8/2026,Flora,Mantenimiento in situ de plantas de interior e instalación y mantenimiento de flora peculiar en el Campus.,"Ejecución del
mantenimiento de plantas de
interior y flora peculiar",Se dio  mantenimiento a las macetas de humanidades,Hector,,Humanidades
8/8/2026,Flora,Mantenimiento in situ de plantas de interior e instalación y mantenimiento de flora peculiar en el Campus.,"Ejecución del
mantenimiento de plantas de
interior y flora peculiar",se rego el cactario de ingeniería,Hector,,ingenieria
8/8/2026,Flora,"Mantenimiento de
plantas en el vivero","Ejecución de actividades de mantenimiento (riego)
preventivo",se regó el vivero de forma manual,Magno,,
8/8/2026,Flora,"Mantenimiento de
plantas en el vivero",Ejecución de actividades de mantenimiento preventivo Desyerbo (Traslado de residuos al punto de acopio),se botó un coche de basura en acopio,Magno,,Punto de Acopio
8/8/2026,Flora,Mantenimiento in situ de plantas de interior e instalación y mantenimiento de flora peculiar en el Campus.,"Ejecución del
mantenimiento de plantas de
interior y flora peculiar",se rego el cactario de educación y el de bosque seco,Efrain,,Bosque Seco
8/8/2026,Flora,Mantenimiento in situ de plantas de interior e instalación y mantenimiento de flora peculiar en el Campus.,"Ejecución del
mantenimiento de plantas de
interior y flora peculiar",se regó las orquídeas de CAPU,Magno,,CAPU
8/8/2026,Flora,Mantenimiento in situ de plantas de interior e instalación y mantenimiento de flora peculiar en el Campus.,"Ejecución del
mantenimiento de plantas de
interior y flora peculiar","Se regó y se aplicó abono foliar a las bromelias de rectorado, ciencias y humanidades.",Magno,,
8/8/2026,Flora,Mantenimiento in situ de plantas de interior e instalación y mantenimiento de flora peculiar en el Campus.,"Ejecución del
mantenimiento de plantas de
interior y flora peculiar",se terminó de darle mantenimiento al jardín de la profesora Lucia.,Efrain,,Fares
8/8/2026,Fauna,Mantenimiento de condiciones adecuadas para la estadia de los animales bajo crianza,Monitoreo posterior,Verificar estado de la fauna,Magno,,
7/8/2026,Flora,Mantenimiento de plantas en el vivero,Ejecución de actividades de mantenimiento  preventivo (deshierbo),se avanzó con el deshierbo hasta este punto,Magno,,Vivero
7/8/2026,Fauna, Alimentación de animales bajo crianza (zoocriadero),"Alimentos del
abastecimiento regular",Preparación de alimentos y reparto ,Hector,,
7/8/2026,Flora,Producción de plantas,"Abastecimiento de semillas e insumos, materiales, herramientas y equipos ",Recolectando semillas de Penta enana,Magno,,
7/8/2026,Flora,"Ornamentación, y mantenimiento in situ de plantas de interior, e instalación y mantenimiento de flora peculiar en el Campus.",Instalación  de flora peculiar en el Campus,se sembró plantas en las macetas contabilidad,Magno,,Ciencias contables
7/8/2026,Flora,Mantenimiento in situ de plantas de interior e instalación y mantenimiento de flora peculiar en el Campus.,"Ejecución del
mantenimiento de plantas de
interior y flora peculiar",se regó el cactario de ceprepucp,Efrain,,CEPREPUC
7/8/2026,Flora,Prestamos de macetas por un evento,Entrega,Se terminó de preparar las macetas para préstamo a Gastronomía,Hector,,Gastronomía 
7/8/2026,Fauna,Mantenimiento de condiciones adecuadas para la estadia de los animales bajo crianza,Monitoreo posterior,Verificar estado de la fauna,Magno,,
5/8/2026,Flora,Mantenimiento de plantas en el vivero,Ejecución de actividades de mantenimiento  preventivo (deshierbo),Se avanzó con el deshierbo del vivero,Hector,,
5/8/2026,Flora,"Acondicionamiento, recuperación, aclimatación y custodia de plantas (ARAC)",Traslado de plantas hacia el vivero (sólo para recuperación y custodia),Se fue a recoger macetas de la Facultad de Ciencias contables,Hector,,
5/8/2026,Flora,"Acondicionamiento, recuperación, aclimatación y custodia de plantas (ARAC)",Traslado de plantas hacia el vivero (sólo para recuperación y custodia),se trajeron las macetas de DAES,Magno,,DAES
5/8/2026,Fauna, Alimentación de animales bajo crianza (zoocriadero),"Alimentos del
abastecimiento regular",Preparación de alimentos y reparto ,Hector,,
5/8/2026,Fauna,Atención de fauna silvestre que ingresa libremente al campus,Colocación de inhibidor de maduración de larvas,Se aplicó el larvicida ésta poza de rural. Las demás pozas están secas.,Hector,,
5/8/2026,Fauna,Atención de fauna silvestre que ingresa libremente al campus,Monitoreo de desarrollo de larvas de Aedes aegypti (vector del dengue),Cambio de ovitrampas y envio de evidencia,Hector,,
5/8/2026,Flora,"Acondicionamiento, recuperación, aclimatación y custodia de plantas (ARAC)",Traslado de plantas hacia el vivero (sólo para recuperación y custodia),se trajo la maceta de David ochante de pab. H,Magno,,
5/8/2026,Flora,"Acondicionamiento, recuperación, aclimatación y custodia de plantas (ARAC)",Traslado de plantas hacia el vivero (sólo para recuperación y custodia),se trajeron las dos macetas de dpto de humanidades jefatura,Magno,,
5/8/2026,Flora,"Ornamentación, y mantenimiento in situ de plantas de interior, e instalación y mantenimiento de flora peculiar en el Campus.",Instalación  de flora peculiar en el Campus,se terminó de sembrar en fares,Hector,,
5/8/2026,Fauna,Mantenimiento de condiciones adecuadas para la estadia de los animales bajo crianza,Monitoreo posterior,Verificar estado de la fauna,Magno,,
4/8/2026,Flora,Mantenimiento de plantas en el vivero,Ejecución de actividades de mantenimiento  preventivo (deshierbo),se avanzó con el deshierbo de la cama 5,Hector,,
4/8/2026,Flora,Producción de plantas,Siembra de semillas y mantenimiento de almácigos o clones propagados ,Se sembró bergeranthus,Hector,,
4/8/2026,Flora,Mantenimiento de plantas en el vivero,Ejecución de actividades de mantenimiento  preventivo (deshierbo),Se está avanzando con el deshierbo del vivero,Hector,,
4/8/2026,Flora,Mantenimiento de plantas en el vivero,Ejecución de actividades de mantenimiento de refuerzo o correctivas,Se colocó en maceta la planta destinada a  Fares,Hector,,
4/8/2026,Flora,"Acondicionamiento, recuperación, aclimatación y custodia de plantas (ARAC)",Desarrollo de tratamiento ARAC mantenimiento de plantas de interior y flora peculiar,Se reacondiciono  las plantas de pab. H para un segundo uso,Hector,,
4/8/2026,Flora,"Acondicionamiento, recuperación, aclimatación y custodia de plantas (ARAC)",Desarrollo de tratamiento ARAC mantenimiento de plantas de interior y flora peculiar,Se dió mantenimiento a las macetas de fares,Hector,,
4/8/2026,Fauna,Mantenimiento de condiciones adecuadas para la estadia de los animales bajo crianza,Monitoreo posterior,Verificar estado de la fauna,Magno,,
3/8/2026,Fauna, Alimentación de animales bajo crianza (zoocriadero),"Alimentos del
abastecimiento regular",Preparación de alimentos y reparto ,Hector,,
3/8/2026,Flora,"Acondicionamiento, recuperación, aclimatación y custodia de plantas (ARAC)",Traslado de plantas hacia el vivero (sólo para recuperación y custodia),se trajo la maceta de escuela de posgrado de edificio Mcgregor.,Magno,,
3/8/2026,Flora,"Acondicionamiento, recuperación, aclimatación y custodia de plantas (ARAC)",Traslado de plantas hacia el vivero (sólo para recuperación y custodia),Se trajeron las 3 macetas de DAP,Magno,,
3/8/2026,Flora,"Acondicionamiento, recuperación, aclimatación y custodia de plantas (ARAC)",Traslado de plantas hacia el vivero (sólo para recuperación y custodia),"se entregó la maceta a la señorita Rosa Gómez, proyectos institucionales.",Magno,,
3/8/2026,Flora,"Acondicionamiento, recuperación, aclimatación y custodia de plantas (ARAC)",Traslado de retorno de plantas hacia unidades o ambientes de origen (sólo para recuperación y custodia),se devolvieron las macetas de gestión,Magno,,
3/8/2026,Fauna,Mantenimiento de condiciones adecuadas para la estadía de los animales bajo crianza en el zoocriadero.,Monitoreo posterior,se volteo a la tortuga y se libero al que estaba enredado con la malla,Efrain,,
3/8/2026,Fauna,"Acondicionamiento, recuperación, aclimatación y custodia de plantas (ARAC)",Traslado de retorno de plantas hacia unidades o ambientes de origen (sólo para recuperación y custodia),Se devolvieron las macetas de rectorado,Hector,,
3/8/2026,Fauna,Mantenimiento de condiciones adecuadas para la estadia de los animales bajo crianza,Monitoreo posterior,Verificar estado de la fauna,Magno,,
1/8/2026,Flora,"Mantenimiento de
plantas en el vivero","Ejecución de actividades de mantenimiento (riego)
preventivo",se regó el vivero de forma manual,Magno,,
1/8/2026,Flora,Mantenimiento in situ de plantas de interior e instalación y mantenimiento de flora peculiar en el Campus.,"Ejecución del
mantenimiento de plantas de
interior y flora peculiar",Se rego el cactario de Ingeniería,Hector,,
1/8/2026,Flora,Mantenimiento de plantas en el vivero,Ejecución de actividades de mantenimiento de refuerzo o correctivas,Se terminó de podar y fertilizar está planta,Hector,,
1/8/2026,Otros,Actividades de apoyo,Apoyo en el píntado de macetas,Se pintaron macetas,Hector,,
1/8/2026,Flora,"Acondicionamiento, recuperación, aclimatación y custodia de plantas (ARAC)",Traslado de plantas hacia el vivero (sólo para recuperación y custodia),Se trajo las macetas de Gestión y se les dió mantenimiento,Hector,,
1/8/2026,Flora,Mantenimiento de plantas en el vivero,"Control fitosanitario químico (artrópodos, hongos y bacterias; hierbas indeseadas solo cuando no se ponga en riesgo a las plantas afectadas por éstas) y fertilización.",se terminó de aplicar CD600 en bosque húmedo,Magno,,
1/8/2026,Fauna,Atención de fauna silvestre que ingresa libremente al campus,Desarrollo de atenciones adicionales en unidades o ambientes del Campus previamente identificadas o no,se liberó al loro en el bosque húmedo,Magno,,
1/8/2026,Fauna,Mantenimiento de condiciones adecuadas para la estadia de los animales bajo crianza,Monitoreo posterior,Verificar estado de la fauna,Magno,,
Agosto,,,,,,,
31/7/2026,Fauna, Alimentación de animales bajo crianza (zoocriadero),"Alimentos del
abastecimiento regular",Preparación de alimentos y reparto ,Efrain,,
31/7/2026,Fauna, Alimentación de animales bajo crianza (zoocriadero),"Alimentos del
abastecimiento regular",Preparación de alimentos y reparto ,Hector,,
31/7/2026,Fauna,Mantenimiento de condiciones adecuadas para la estadia de los animales bajo crianza,Monitoreo posterior,Verificar estado de la fauna,Magno,,
31/7/2026,Flora,"Acondicionamiento, recuperación, aclimatación y custodia de plantas (ARAC)",Traslado de plantas hacia el vivero (sólo para recuperación y custodia),Recojo de macetas de rectorado,Hector,,
30/7/2026,Flora,"Mantenimiento de
plantas en el vivero",Ejecución de actividades de mantenimiento  preventivo (deshierbo),Se avanzó con el deshierbo de crotons,Magno,,
30/7/2026,Fauna, Alimentación de animales bajo crianza (zoocriadero),"Alimentos del
abastecimiento regular",Preparación de alimentos y reparto ,Hector,,
30/7/2026,Fauna,Mantenimiento de condiciones adecuadas para la estadía de los animales bajo crianza en el zoocriadero.,Mantenimiento complementario o extraordinario,Busqueda de tortugas ,Hector,,
30/7/2026,Flora,"Acondicionamiento, recuperación, aclimatación y custodia de plantas (ARAC)",Recepción de plantas en el vivero,Se recogieron las macetas del pabellón H,Hector,,
30/7/2026,Fauna,Mantenimiento de condiciones adecuadas para la estadia de los animales bajo crianza,Monitoreo posterior,Verificar estado de la fauna,Magno,,
27/7/2026,Fauna, Alimentación de animales bajo crianza (zoocriadero),"Alimentos del
abastecimiento regular",Preparación de alimentos y reparto ,Hector,,
27/7/2026,Flora,Mantenimiento in situ de plantas de interior e instalación y mantenimiento de flora peculiar en el Campus.,"Ejecución del
mantenimiento de plantas de
interior y flora peculiar",Se terminó de regar el cactario de Cepre,Hector,,
27/7/2026,Flora,Mantenimiento in situ de plantas de interior e instalación y mantenimiento de flora peculiar en el Campus.,"Ejecución del
mantenimiento de plantas de
interior y flora peculiar",Se regó las plantas que están en administrativo,Magno,,
27/7/2026,Flora,Mantenimiento in situ de plantas de interior e instalación y mantenimiento de flora peculiar en el Campus.,"Ejecución del
mantenimiento de plantas de
interior y flora peculiar","se regó y se le aplicó abono a los epidemdrum de
 CAPU",Magno,,
27/7/2026,Flora,Mantenimiento in situ de plantas de interior e instalación y mantenimiento de flora peculiar en el Campus.,"Ejecución del
mantenimiento de plantas de
interior y flora peculiar","se aplicó abono foliar a las bromelias de rectorado, ciencias y humanidades.",Magno,,
27/7/2026,Flora,Mantenimiento in situ de plantas de interior e instalación y mantenimiento de flora peculiar en el Campus.,"Ejecución del
mantenimiento de plantas de
interior y flora peculiar",Se terminó de regar el cactario de la OCAI,Hector,,
27/7/2026,Flora,"Mantenimiento de
plantas en el vivero","Ejecución de actividades de mantenimiento (riego)
preventivo",Se rego el invernadero,Hector,,
27/7/2026,Flora,"Ornamentación, y mantenimiento in situ de plantas de interior, e instalación y mantenimiento de flora peculiar en el Campus.",Instalación  de flora peculiar en el Campus,Se aprovecho en sembrar algunos cactus,Hector,,
27/7/2026,Fauna,Mantenimiento de condiciones adecuadas para la estadia de los animales bajo crianza,Monitoreo posterior,Verificar estado de la fauna,Magno,,
25/7/2026,Flora,Mantenimiento in situ de plantas de interior e instalación y mantenimiento de flora peculiar en el Campus.,"Ejecución del
mantenimiento de plantas de
interior y flora peculiar",Se regaron cactarios,Hector,,
25/7/2026,Flora,"Ornamentación, y mantenimiento in situ de plantas de interior, e instalación y mantenimiento de flora peculiar en el Campus.",Instalación  de flora peculiar en el Campus,Se avanzó con la siembra de cactus y suculentas en el jardín xerofito de Ingeniería,Hector,,
25/7/2026,Flora,"Mantenimiento de
plantas en el vivero","Ejecución de actividades de mantenimiento (riego)
preventivo",Se rego vivero de forma Manual,Efrain,,
25/7/2026,Flora,Mantenimiento in situ de plantas de interior e instalación y mantenimiento de flora peculiar en el Campus.,"Ejecución del
mantenimiento de plantas de
interior y flora peculiar",Se rego y se deshierbo en cactario ingeniería. Se llevo el coche con maleza al punto de acopio,Efrain,,
25/7/2026,Flora,"Ornamentación, y mantenimiento in situ de plantas de interior, e instalación y mantenimiento de flora peculiar en el Campus.",Mantenimiento in situ de plantas de interior e instalación y mantenimiento de flora peculiar en el Campus.,"se regó las bromelias de rectorado, humanidades y ciencias",Magno,,
25/7/2026,Fauna, Alimentación de animales bajo crianza (zoocriadero),"Alimentos del
abastecimiento regular",Preparación de alimentos y reparto  (tortugas),Magno,,
25/7/2026,Fauna,Mantenimiento de condiciones adecuadas para la estadia de los animales bajo crianza,Monitoreo posterior,Verificar estado de la fauna,Magno,,
24/7/2026,Fauna, Alimentación de animales bajo crianza (zoocriadero),"Alimentos del
abastecimiento regular",Preparación de alimentos y reparto ,Hector,,
24/7/2026,Flora,"Ornamentación, y mantenimiento in situ de plantas de interior, e instalación y mantenimiento de flora peculiar en el Campus.",Instalación  de flora peculiar en el Campus,Se culminó con el sembrado de cactario de ingenieria,Magno,,
24/7/2026,Flora,"Ornamentación, y mantenimiento in situ de plantas de interior, e instalación y mantenimiento de flora peculiar en el Campus.",Instalación  de flora peculiar en el Campus,Se culminó con el sembrado de cactario de aulario,Magno,,
24/7/2026,Fauna,Mantenimiento de condiciones adecuadas para la estadia de los animales bajo crianza,Monitoreo posterior,Verificar estado de la fauna,Magno,,
22/7/2026,Flora,"Ornamentación, y mantenimiento in situ de plantas de interior, e instalación y mantenimiento de flora peculiar en el Campus.",Instalación  de flora peculiar en el Campus,se avanzó con el cactario de aulario,Magno,,
22/7/2026,Fauna,Atención de fauna silvestre que ingresa libremente al campus,Monitoreo de desarrollo de larvas de Aedes aegypti (vector del dengue),Cambio de ovitrampas y envio de evidencia,Hector,,
22/7/2026,Flora,Producción de plantas,"Abastecimiento de semillas e insumos, materiales, herramientas y equipos ",Se recolectaron diefembaquias de la zona de Cetam (garay) para propagación.,Magno,,
22/7/2026,Fauna, Alimentación de animales bajo crianza (zoocriadero),"Alimentos del
abastecimiento regular",Preparación de alimentos y reparto ,Hector,,
22/7/2026,Flora,"Acondicionamiento, recuperación, aclimatación y custodia de plantas (ARAC)",Traslado de plantas hacia el vivero (sólo para recuperación y custodia),"se entregaron las macetas de la "" Facultad de Letras y Ciencias Humanas """,Efrain,,
22/7/2026,Flora,"Acondicionamiento, recuperación, aclimatación y custodia de plantas (ARAC)",Traslado de plantas hacia el vivero (sólo para recuperación y custodia),Se devolvieron las macetas de letras,Hector,,
22/7/2026,Flora,"Acondicionamiento, recuperación, aclimatación y custodia de plantas (ARAC)",Traslado de plantas hacia el vivero (sólo para recuperación y custodia),se entregaron las macetas de ingeniería,Magno,,
22/7/2026,Flora,"Acondicionamiento, recuperación, aclimatación y custodia de plantas (ARAC)",Traslado de plantas hacia el vivero (sólo para recuperación y custodia),se entregó las macetas de DTI,Magno,,
22/7/2026,Fauna,Mantenimiento de condiciones adecuadas para la estadia de los animales bajo crianza,Monitoreo posterior,Verificar estado de la fauna,Magno,,
21/7/2026,Flora,"Acondicionamiento, recuperación, aclimatación y custodia de plantas (ARAC)",Desarrollo de tratamiento ARAC mantenimiento de plantas de interior y flora peculiar,Se  dió mantenimiento a las terroneras  de sociales,Hector,,
21/7/2026,Flora,"Acondicionamiento, recuperación, aclimatación y custodia de plantas (ARAC)",Traslado de plantas hacia el vivero (sólo para recuperación y custodia),Se recepcionaron 9 macetitas de Educación,Hector,,
21/7/2026,Flora,"Ornamentación, y mantenimiento in situ de plantas de interior, e instalación y mantenimiento de flora peculiar en el Campus.",Ejecución del mantenimiento de plantas de interior y flora peculiar,Se terminó de dar mantenimiento completo a todas las macetas de E.EG.G. Letras,Hector,,
21/7/2026,Fauna,Mantenimiento de condiciones adecuadas para la estadia de los animales bajo crianza,Monitoreo posterior,Verificar estado de la fauna,Magno,,
20/7/2026,Flora,Producción de plantas,"Abastecimiento de semillas e insumos, materiales, herramientas y equipos ",Se recolectaron diefembaquias de la zona de Cetam (garay) para propagación.,Magno,,
20/7/2026,Fauna, Alimentación de animales bajo crianza (zoocriadero),"Alimentos del
abastecimiento regular",Preparación de alimentos y reparto ,Hector,,
20/7/2026,Fauna, Alimentación de animales bajo crianza (zoocriadero),"Alimentos adicionales, provenientes del Comedor Central y Frutería",recolección a de alimentos en Comedor Central y Frutería,Magno,No hubo entrega de alimentos,
20/7/2026,Flora,"Ornamentación, y mantenimiento in situ de plantas de interior, e instalación y mantenimiento de flora peculiar en el Campus.",Ejecución de actividades de mantenimiento de refuerzo o correctivas,se avanzó con la aplicación de abono foliar a las macetas de letras,Magno,,
20/7/2026,Flora,"Acondicionamiento, recuperación, aclimatación y custodia de plantas (ARAC)",Traslado de plantas hacia el vivero (sólo para recuperación y custodia),se trajo la maceta del departamento de humanidades de ysauro garay,Magno,,
20/7/2026,Fauna,Mantenimiento de condiciones adecuadas para la estadia de los animales bajo crianza,Monitoreo posterior,Verificar estado de la fauna,Magno,,
20/7/2026,Flora,"Acondicionamiento, recuperación, aclimatación y custodia de plantas (ARAC)",Traslado de retorno de plantas hacia unidades o ambientes de origen (sólo para recuperación y custodia),"Se entregaron las macetas del 3 piso, incluyendo las 4 macetas  pendientes",Hector,,
20/7/2026,Flora,"Acondicionamiento, recuperación, aclimatación y custodia de plantas (ARAC)",Traslado de retorno de plantas hacia unidades o ambientes de origen (sólo para recuperación y custodia),se devolvieron las macetas de protocolo,Magno,,
18/7/2026,Flora,Mantenimiento de plantas en el vivero,"Control fitosanitario químico (artrópodos, hongos y bacterias; hierbas indeseadas solo cuando no se ponga en riesgo a las plantas afectadas por éstas) y fertilización.",Se realizó el control de plagas en el vivero,Hector,,
18/7/2026,Fauna,Alimentación de animales bajo crianza (zoocriadero),Abastecimiento de agua ,Se llenó agua a los bebederos de los animales,Efrain,,
18/7/2026,Flora,"Ornamentación, y mantenimiento in situ de plantas de interior, e instalación y mantenimiento de flora peculiar en el Campus.",Ejecución de actividades de mantenimiento de refuerzo o correctivas,se aplicó abono foliar a las bromelias de rectorado y de humanidades,Magno,,
18/7/2026,Flora,Mantenimiento in situ de plantas de interior e instalación y mantenimiento de flora peculiar en el Campus.,"Ejecución del
mantenimiento de plantas de
interior y flora peculiar",Se rego el cactario de Cepre pucp,Hector,,
18/7/2026,Fauna,Mantenimiento de condiciones adecuadas para la estadía de los animales bajo crianza en el zoocriadero.,Mantenimiento cíclico regular (Control sanitario programado de ambientes y utensilios),Se terminó de aplicar el DMQ a los utensilios del zoocriadero,Hector,,
18/7/2026,Flora,"Acondicionamiento, recuperación, aclimatación y custodia de plantas (ARAC)",Desarrollo de tratamiento ARAC mantenimiento de plantas de interior y flora peculiar,Se terminó de regar y fertilizar las macetas de rectorado,Efrain,,
17/7/2026,Fauna, Alimentación de animales bajo crianza (zoocriadero),"Alimentos del
abastecimiento regular",Preparación de alimentos y reparto ,Hector,,
17/7/2026,Fauna, Alimentación de animales bajo crianza (zoocriadero),"Alimentos adicionales,
provenientes del
Comedor Central y
Frutería",recolección a de alimentos en Comedor Central y Frutería,Magno,,
17/7/2026,Flora,Mantenimiento in situ de plantas de interior e instalación y mantenimiento de flora peculiar en el Campus.,"Ejecución del
mantenimiento de plantas de
interior y flora peculiar",Se regó las suculentas del edificio administrativo,Magno,,
17/7/2026,Flora,"Acondicionamiento, recuperación, aclimatación y custodia de plantas (ARAC)",Traslado de plantas hacia el vivero (sólo para recuperación y custodia),Se trajo la maceta de Archivo del edificio administrativo,Magno,,
17/7/2026,Flora,"Acondicionamiento, recuperación, aclimatación y custodia de plantas (ARAC)",Traslado de plantas hacia el vivero (sólo para recuperación y custodia),Se recogieron las macetas de psicología,Magno,,
17/7/2026,Flora,"Acondicionamiento, recuperación, aclimatación y custodia de plantas (ARAC)",Traslado de plantas hacia el vivero (sólo para recuperación y custodia),se recogieron las macetas de DTI,Magno,,
17/7/2026,Flora,"Acondicionamiento, recuperación, aclimatación y custodia de plantas (ARAC)",Traslado de retorno de plantas hacia unidades o ambientes de origen (sólo para recuperación y custodia),se entregó la maceta en ciga,Magno,,
17/7/2026,Flora,"Acondicionamiento, recuperación, aclimatación y custodia de plantas (ARAC)",Desarrollo de tratamiento ARAC mantenimiento de plantas de interior y flora peculiar,Se terminó de regar y fertilizar las macetas de rectorado,Magno,,
17/7/2026,Fauna,Mantenimiento de condiciones adecuadas para la estadia de los animales bajo crianza,Monitoreo posterior,Verificar estado de la fauna,Magno,,
17/7/2026,Flora,"Acondicionamiento, recuperación, aclimatación y custodia de plantas (ARAC)",Traslado de plantas hacia el vivero (sólo para recuperación y custodia),Se recogió las macetas de rectorado,Hector,,
16/7/2026,Flora,"Acondicionamiento, recuperación, aclimatación y custodia de plantas (ARAC)",Desarrollo de tratamiento ARAC mantenimiento de plantas de interior y flora peculiar,Se dió mantenimiento a las macetas del arte nuevo,Hector,,
16/7/2026,Flora,"Mantenimiento de
plantas en el vivero",Ejecución de actividades de mantenimiento preventivo Desyerbo (Traslado de residuos al punto de acopio),Se terminó de botar la maleza,Hector,,
16/7/2026,Flora,"Acondicionamiento, recuperación, aclimatación y custodia de plantas (ARAC)",Traslado de plantas hacia el vivero (sólo para recuperación y custodia),Se traslado al vivero una chiflera para cambiarla,Efrain,,
16/7/2026,Flora,"Acondicionamiento, recuperación, aclimatación y custodia de plantas (ARAC)",Traslado de plantas hacia el vivero (sólo para recuperación y custodia),Se registró el ingreso de las macetas de arte nuevo,Hector,,
16/7/2026,Flora,"Ornamentación, y mantenimiento in situ de plantas de interior, e instalación y mantenimiento de flora peculiar en el Campus.",Mantenimiento in situ de plantas de interior e instalación y mantenimiento de flora peculiar en el Campus.,Se culminó la poda de las jacarandas de la profesora Lucía,Hector,,
16/7/2026,Fauna,Mantenimiento de condiciones adecuadas para la estadia de los animales bajo crianza,Monitoreo posterior,Verificar estado de la fauna,Magno,,
15/7/2026,Fauna,Atención de fauna silvestre que ingresa libremente al campus,Monitoreo de desarrollo de larvas de Aedes aegypti (vector del dengue),Cambio de ovitrampas y envio de evidencia,Hector,,
15/7/2026,Fauna, Alimentación de animales bajo crianza (zoocriadero),"Alimentos del
abastecimiento regular",Preparación de alimentos y reparto ,Hector,,
15/7/2026,Fauna, Alimentación de animales bajo crianza (zoocriadero),"Alimentos adicionales,
provenientes del
Comedor Central y
Frutería",recolección a de alimentos en Comedor Central y Frutería,Magno,,
15/7/2026,Flora,"Ornamentación, y mantenimiento in situ de plantas de interior, e instalación y mantenimiento de flora peculiar en el Campus.",Mantenimiento in situ de plantas de interior e instalación y mantenimiento de flora peculiar en el Campus.,Se terminó de darle mantenimiento a los 2 requerimientos de ciencias,Hector,,
15/7/2026,Fauna,Mantenimiento de condiciones adecuadas para la estadia de los animales bajo crianza,Monitoreo posterior,Verificar estado de la fauna,Magno,,
14/7/2026,Flora,"Ornamentación, y mantenimiento in situ de plantas de interior, e instalación y mantenimiento de flora peculiar en el Campus.",Mantenimiento in situ de plantas de interior e instalación y mantenimiento de flora peculiar en el Campus.,Se terminó de regar el cactario de ingeniería,Hector,,
14/7/2026,Flora,"Ornamentación, y mantenimiento in situ de plantas de interior, e instalación y mantenimiento de flora peculiar en el Campus.",Instalación de flora peculiar en el Campus,"Se terminó de sembrar los 18 haageocereus, 7 milas y 2 opuntias",Hector,,
14/7/2026,Flora,"Ornamentación, y mantenimiento in situ de plantas de interior, e instalación y mantenimiento de flora peculiar en el Campus.",Mantenimiento in situ de plantas de interior e instalación y mantenimiento de flora peculiar en el Campus.,"Se terminó de regar las bromelias de rectorado, ciencias y humanidades.",Magno,,
14/7/2026,Fauna,Mantenimiento de condiciones adecuadas para la estadia de los animales bajo crianza,Monitoreo posterior,Verificar estado de la fauna,Magno,,
13/7/2026,Fauna, Alimentación de animales bajo crianza (zoocriadero),"Alimentos del
abastecimiento regular",Preparación de alimentos y reparto ,Hector,,
13/7/2026,Fauna, Alimentación de animales bajo crianza (zoocriadero),"Alimentos adicionales,
provenientes del
Comedor Central y
Frutería",recolección a de alimentos en Comedor Central y Frutería,Magno,,
13/7/2026,Flora,"Acondicionamiento, recuperación, aclimatación y custodia de plantas (ARAC)",Traslado de retorno de plantas hacia unidades o ambientes de origen (sólo para recuperación y custodia),Se entregaron  las macetas en becas,Efrain,Petición 0000177167,
13/7/2026,Flora,"Acondicionamiento, recuperación, aclimatación y custodia de plantas (ARAC)",Traslado de retorno de plantas hacia unidades o ambientes de origen (sólo para recuperación y custodia),Se entregó la maceta de humanidades,Magno,Petición 0000178564,
13/7/2026,Flora,"Acondicionamiento, recuperación, aclimatación y custodia de plantas (ARAC)",Traslado de retorno de plantas hacia unidades o ambientes de origen (sólo para recuperación y custodia),Se entregó la maceta de economía,Magno,Petición 0000177694,
13/7/2026,Fauna,Mantenimiento de condiciones adecuadas para la estadia de los animales bajo crianza,Monitoreo posterior,Verificar estado de la fauna,Magno,,
11/7/2026,Flora,"Ornamentación, y mantenimiento in situ de plantas de interior, e instalación y mantenimiento de flora peculiar en el Campus.",Instalación de flora peculiar en el Campus,se terminó de sembrar en ceprepuc,Magno,,
11/7/2026,Flora,"Ornamentación, y mantenimiento in situ de plantas de interior, e instalación y mantenimiento de flora peculiar en el Campus.",Instalación y mantenimiento de flora peculiar en el Campus,Se terminó de sembrar y regar los cactus,Hector,,
11/7/2026,Fauna,Mantenimiento de condiciones adecuadas para la estadia de los animales bajo crianza,Monitoreo posterior,Verificar estado de la fauna,Magno,,
10/7/2026,Flora,Producción de plantas,Siembra de semillas y mantenimiento de almácigos o clones propagados ,se avanzó con la siembra de crotons,Magno,,
10/7/2026,Flora,"Ornamentación, y mantenimiento in situ de plantas de interior, e instalación y mantenimiento de flora peculiar en el Campus.",Mantenimiento in situ de plantas de interior e instalación y mantenimiento de flora peculiar en el Campus.,Se avanzó con el deshierbo,Efrain,,
10/7/2026,Fauna, Alimentación de animales bajo crianza (zoocriadero),"Alimentos del
abastecimiento regular",Preparación de alimentos y reparto ,Hector,,
10/7/2026,Fauna, Alimentación de animales bajo crianza (zoocriadero),"Alimentos adicionales,
provenientes del
Comedor Central y
Frutería",recolección a de alimentos en Comedor Central y Frutería,Magno,,
10/7/2026,Flora,"Acondicionamiento, recuperación, aclimatación y custodia de plantas (ARAC)",Traslado de retorno de plantas hacia unidades o ambientes de origen (sólo para recuperación y custodia),Se terminó de entregar la maceta de Química,Hector,Petición 0000172665,
10/7/2026,Flora,"Acondicionamiento, recuperación, aclimatación y custodia de plantas (ARAC)",Traslado de retorno de plantas hacia unidades o ambientes de origen (sólo para recuperación y custodia),Se entregó la maceta de economía,Hector,Petición 0000178158,
10/7/2026,Flora,"Acondicionamiento, recuperación, aclimatación y custodia de plantas (ARAC)",Traslado de retorno de plantas hacia unidades o ambientes de origen (sólo para recuperación y custodia),Se entregó las macetas en la  Facultad de artes escénicas -  tambo,Efrain,Petición 0000177224,
10/7/2026,Flora,"Acondicionamiento, recuperación, aclimatación y custodia de plantas (ARAC)",Traslado de retorno de plantas hacia unidades o ambientes de origen (sólo para recuperación y custodia),Se entregó las 2 macetas de Gestión,Hector,Petición 0000178208,
10/7/2026,Fauna,Mantenimiento de condiciones adecuadas para la estadia de los animales bajo crianza,Monitoreo posterior,Verificar estado de la fauna,Magno,,
9/7/2026,Flora,Producción de plantas,Siembra de semillas y mantenimiento de almácigos o clones propagados ,se sembró 134 crotons,Magno,,
9/7/2026,Flora,Prestamos de macetas para decoración en sala de entrega de togas,Entrega,Se Llevó 2 macetas de préstamo para la Oficina Eventos y Viajes Almacén,Efrain,,
9/7/2026,Flora,"Acondicionamiento, recuperación, aclimatación y custodia de plantas (ARAC)",Traslado de retorno de plantas hacia unidades o ambientes de origen (sólo para recuperación y custodia),Se reemplazaron macetas en Ciencias.,Efrain,,
9/7/2026,Flora,"Ornamentación, y mantenimiento in situ de plantas de interior, e instalación y mantenimiento de flora peculiar en el Campus.",Monitoreo post actividades de instalación y mantenimiento.,Se regó a las macetas prestadas a ciencias,Efrain,,
9/7/2026,Flora,"Acondicionamiento, recuperación, aclimatación y custodia de plantas (ARAC)",Traslado de retorno de plantas hacia unidades o ambientes de origen (sólo para recuperación y custodia),se entregó la maceta en IDU,Magno,petición 0000177402,
9/7/2026,Flora,"Acondicionamiento, recuperación, aclimatación y custodia de plantas (ARAC)",Traslado de retorno de plantas hacia unidades o ambientes de origen (sólo para recuperación y custodia),se entregó la maceta en Inovación académica,Efrain,,
9/7/2026,Flora,"Acondicionamiento, recuperación, aclimatación y custodia de plantas (ARAC)",Traslado de retorno de plantas hacia unidades o ambientes de origen (sólo para recuperación y custodia),Se devolvió la maceta en Estudios Generales Ciencias,Efrain,petición 0000177230,
9/7/2026,Fauna,Mantenimiento de condiciones adecuadas para la estadia de los animales bajo crianza,Monitoreo posterior,Verificar estado de la fauna,Magno,,
8/7/2026,Fauna,Atención de fauna silvestre que ingresa libremente al campus,Monitoreo de desarrollo de larvas de Aedes aegypti (vector del dengue),Cambio de ovitrampas y envio de evidencia,Hector,,
8/7/2026,Fauna, Alimentación de animales bajo crianza (zoocriadero),"Alimentos del
abastecimiento regular",Preparación de alimentos y reparto ,Hector,,
8/7/2026,Fauna, Alimentación de animales bajo crianza (zoocriadero),"Alimentos adicionales,
provenientes del
Comedor Central y
Frutería",recolección a de alimentos en Comedor Central y Frutería,Magno,,
8/7/2026,Flora,Producción de plantas,"Abastecimiento de semillas e insumos, materiales, herramientas y equipos ",se recolectó semillas de Crotons de la facultad de contabilidad,Efrain,,
8/7/2026,Otros,Retroalimentación,Monitoreo de actividades,Retroalimentación (cálculos de tiempos),Cesar,,
8/7/2026,Fauna,Mantenimiento de condiciones adecuadas para la estadia de los animales bajo crianza,Monitoreo posterior,Verificar estado de la fauna,Magno,,
7/7/2026,Flora,Producción de plantas,"Abastecimiento de semillas e insumos, materiales, herramientas y equipos ",Se recolectó chefleras y Crotons de la Facultad de letras,Cesar ,,
7/7/2026,Flora,"Acondicionamiento, recuperación, aclimatación y custodia de plantas (ARAC)",Traslado de plantas hacia el vivero (sólo para recuperación y custodia),Se trajeron 6 macetas de pulso,Efrain,,
7/7/2026,Flora,Mantenimiento de plantas en el vivero,"Ejecución de actividades de mantenimiento preventivo (Control fitosanitario químico (artrópodos, hongos y bacterias; hierbas indeseadas solo cuando no se ponga en riesgo a las plantas afectadas por éstas) y fertilización.)",Se fumigó las plantas de O. B..P.,Efrain,,
7/7/2026,Flora,Producción de plantas,Mantenimiento de almácigos o clones propagados,Se terminó de sembrar  11 opuntias microdasys,Cesar,,
7/7/2026,Fauna,Mantenimiento de condiciones adecuadas para la estadia de los animales bajo crianza,Monitoreo posterior,Verificar estado de la fauna,Magno,,
6/7/2026,Flora,"Ornamentación, y mantenimiento in situ de plantas de interior, e instalación y mantenimiento de flora peculiar en el Campus.",Mantenimiento in situ de plantas de interior e instalación y mantenimiento de flora peculiar en el Campus.,Se realizó el riego correspondiente a las bromelias,Magno,,
6/7/2026,Fauna,Mantenimiento de condiciones adecuadas para la estadía de los animales bajo crianza en el zoocriadero.,Monitoreo posterior,Visitas aprovechando movimientos por otras razones (busqueda de tortugas),Hector,,
6/7/2026,Fauna, Alimentación de animales bajo crianza (zoocriadero),"Alimentos del
abastecimiento regular",Preparación de alimentos y reparto ,Hector,,
6/7/2026,Fauna, Alimentación de animales bajo crianza (zoocriadero),"Alimentos adicionales,
provenientes del
Comedor Central y
Frutería",recolección a de alimentos en Comedor Central y Frutería,Magno,,
6/7/2026,otros,Reubicación de cáctareas ,Ejecución de actividades de reubicación,Reubicación de plantas de cáctario,Hector,,
6/7/2026,Flora,Prestamos de macetas para inaguaración de una infraestructura en área de comedor,Retorno,Devolución de macetas prestadas,Efrain,,
6/7/2026,Fauna,"Acondicionamiento, recuperación, aclimatación y custodia de plantas (ARAC)",Traslado de retorno de plantas hacia unidades o ambientes de origen (sólo para recuperación y custodia),Se entregaron las macetas del rectorado con el apoyo  de los compañeros,Cesar,,
6/7/2026,Fauna,Mantenimiento de condiciones adecuadas para la estadia de los animales bajo crianza,Monitoreo posterior,Verificar estado de la fauna,Magno,,
4/7/2026,Flora,Mantenimiento in situ de plantas de interior e instalación y mantenimiento de flora peculiar en el Campus.,"Ejecución del
mantenimiento de plantas de
interior y flora peculiar",Se rego algunas zonas del cactario,Hector,,
4/7/2026,Flora,"Mantenimiento de
plantas en el vivero","Ejecución de actividades de mantenimiento (riego)
preventivo",Se regó todo el vivero de forma manual,Todos,,
4/7/2026,Flora,"Producción de
plantas",Siembra de semillas y mantenimiento de almácigos o clones propagados,Se estuvo propagando carex,Todos,,
4/7/2026,Flora,"Acondicionamiento, recuperación, aclimatación y custodia de plantas (ARAC)",Desarrollo de tratamiento ARAC mantenimiento de plantas de interior y flora peculiar,Se culminó con el mantenimiento de las macetas del humanidades,todos,,
4/7/2026,Flora,"Acondicionamiento, recuperación, aclimatación y custodia de plantas (ARAC)",Desarrollo de tratamiento ARAC mantenimiento de plantas de interior y flora peculiar,Se culminó con el mantenimiento de las macetas del rectorado ,todos,,
4/7/2026,Flora,"Ornamentación, y mantenimiento in situ de plantas de interior, e instalación y mantenimiento de flora peculiar en el Campus.",Mantenimiento in situ de plantas de interior e instalación y mantenimiento de flora peculiar en el Campus.,Se realizó el castrado de cactus,Todos,,
4/7/2026,Fauna,Mantenimiento de condiciones adecuadas para la estadia de los animales bajo crianza,Monitoreo posterior,Verificar estado de la fauna,Magno,,
3/7/2026,Fauna, Alimentación de animales bajo crianza (zoocriadero),"Alimentos del
abastecimiento regular",Preparación de alimentos y reparto ,Todos,,
3/7/2026,Fauna, Alimentación de animales bajo crianza (zoocriadero),"Alimentos adicionales,
provenientes del
Comedor Central y
Frutería",recolección a de alimentos en Comedor Central y Frutería,Magno,,
3/7/2026,Fauna,Atención de fauna silvestre que ingresa libremente al campus,"Desarrollo de atenciones adicionales en unidades o ambientes del Campus previamente
identificadas o no","Captura o ahuyentamiento de ave, para su posterior entierro", Efrain,ave viva se libero en EL bosque húmedo,
3/7/2026,Flora,"Acondicionamiento, recuperación, aclimatación y custodia de plantas (ARAC)",Desarrollo de tratamiento ARAC mantenimiento de plantas de interior y flora peculiar,Se terminó de dar mantenimiento a las macetas de contabilidad,todos,,
3/7/2026,Flora,Prestamos de macetas para inaguaración de una infraestructura en área de comedor,Retorno,Se recogieron 3 macetas prestadas al comedor,hector,,
3/7/2026,Flora,Mantenimiento in situ de plantas de interior e instalación y mantenimiento de flora peculiar en el Campus.,"Ejecución del
mantenimiento de plantas de
interior y flora peculiar",Se rego el cactario de Mc Gregor,Hector,,
3/7/2026,Fauna,Mantenimiento de condiciones adecuadas para la estadia de los animales bajo crianza,Monitoreo posterior,Verificar estado de la fauna,Magno,,
3/7/2026,Flora,"Acondicionamiento, recuperación, aclimatación y custodia de plantas (ARAC)",Traslado de plantas hacia el vivero (sólo para recuperación y custodia),Se culminó con el recojo de las macetas del rectorado con el apoyo  de los compañeros,Cesar,,
2/7/2026,Flora,"Producción de
plantas",Siembra de semillas y mantenimiento de almácigos o clones propagados,Se propago clavel chino,Magno,,
2/7/2026,Flora,"Mantenimiento de
plantas en el vivero",Ejecución de actividades de mantenimiento  preventivo (deshierbo),Se avanzó con el deshierbo,Efrain,,
2/7/2026,Flora,"Producción de
plantas",Siembra de semillas y mantenimiento de almácigos o clones propagados,Se estuvo propagando carex,Hector,,
2/7/2026,otros,Traslado de materiales al vivero,Materiales de jardinería,los materiales que estaban en el almacén se han traído al vivero,Efrain,,
2/7/2026,Flora,"Ornamentación, y mantenimiento in situ de plantas de interior, e instalación y mantenimiento de flora peculiar en el Campus.",Instalación de flora peculiar en el Campus,Se terminó de sembrar las  suculentas y los penisetum en el cactario de Mc Gregor,Hector,,
2/7/2026,otros,Pedido de movimiento de congeladora,Apoyo con traslado, se movió la congeladora,Cesar,,
2/7/2026,Flora,Mantenimiento de condiciones adecuadas para la estadia de los animales bajo crianza,Monitoreo posterior,Reporte del zoocriadero (no recogieron el grass),Cesar,,
2/7/2026,Flora,"Acondicionamiento, recuperación, aclimatación y custodia de plantas (ARAC)",Traslado de plantas hacia el vivero (sólo para recuperación y custodia),Se recogió las macetas de Dti y de contabilidad,Todos,,
2/7/2026,Fauna,Atención de fauna silvestre que ingresa libremente al campus,"Desarrollo de atenciones adicionales en unidades o ambientes del Campus previamente
identificadas o no","Captura o ahuyentamiento de ave, para su posterior entierro",Hector y Efrain,,
2/7/2026,Fauna,Mantenimiento de condiciones adecuadas para la estadia de los animales bajo crianza,Monitoreo posterior,Verificar estado de la fauna,Magno,,
1/7/2026,Fauna, Alimentación de animales bajo crianza (zoocriadero),"Alimentos adicionales,
provenientes del
Comedor Central y
Frutería",recolección a de alimentos en Comedor Central y Frutería,Magno,,
1/7/2026,Fauna, Alimentación de animales bajo crianza (zoocriadero),"Alimentos del
abastecimiento regular",Preparación de alimentos y reparto ,Todos,,
1/7/2026,Fauna,Atención de fauna silvestre que ingresa libremente al campus,"Monitoreo de desarrollo
de larvas de Aedes
aegypti (vector del
dengue)",Cambio de ovitrampas y envio de evidencia,Hector,,
1/7/2026,Fauna,Mantenimiento de condiciones adecuadas para la estadia de los animales bajo crianza,Monitoreo posterior,Verificar estado de la fauna,Magno,,
Junio,,,,,,,
30/6/2026,Fauna,Mantenimiento de condiciones adecuadas para la estadia de los animales bajo crianza,Monitoreo posterior,Verificar estado de la fauna,Magno,,Bosque húmedo
27/6/2026,Flora,Mantenimiento in situ de plantas de interior e instalación y mantenimiento de flora peculiar en el Campus.,"Ejecución del
mantenimiento de plantas de
interior y flora peculiar",Se les dio mantenimiento a los cactarios,todos,,
27/6/2026,Flora,Mantenimiento de plantas en el vivero,"Control fitosanitario químico (artrópodos, hongos y bacterias; hierbas indeseadas solo cuando no se ponga en riesgo a las plantas afectadas por éstas) y fertilización.",Se fumigo el vivero,todos,,
27/6/2026,Flora,"Mantenimiento de
plantas en el vivero","Ejecución de actividades de mantenimiento (riego)
preventivo",Se rego el vivero,todos,,Vivero
27/6/2026,Flora,"Mantenimiento de
plantas en el vivero",Ejecución de actividades de mantenimiento preventivo Desyerbo (Traslado de residuos al punto de acopio),Se boto maleza,todos,,Punto de Acopio
27/6/2026,Fauna,Mantenimiento de condiciones adecuadas para la estadía de los animales bajo crianza en el zoocriadero.,Mantenimiento cíclico regular (Control sanitario programado de ambientes y utensilios),Se aplico dmq a los recipientes del zoocriadero,todos,,
26/6/2026,Fauna,Atención de fauna silvestre que ingresa libremente al campus,"Desarrollo de atenciones adicionales en unidades o ambientes del Campus previamente
identificadas o no",Se dejo al ave libre en el zoocriadero,Magno,,
26/6/2026,Fauna,Atención de fauna silvestre que ingresa libremente al campus,"Desarrollo de atenciones adicionales en unidades o ambientes del Campus previamente
identificadas o no","Se reporto un ave dañada, el personal de seguridad lo dejo en el vivero",Neeskens,,Vivero
26/6/2026,Fauna,Mantenimiento de condiciones adecuadas para la estadia de los animales bajo crianza,Monitoreo posterior,Verificar estado de la fauna,Magno,,
25/6/2026,Fauna,Mantenimiento de condiciones adecuadas para la estadia de los animales bajo crianza,Monitoreo posterior,Verificar estado de la fauna,Magno,,
24/6/2026,Fauna,Atención de fauna silvestre que ingresa libremente al campus,"Monitoreo de desarrollo
de larvas de Aedes
aegypti (vector del
dengue)",Cambio de ovitrampas y envio de evidencia,Neeskens,,
24/6/2026,Fauna,Atención de fauna silvestre que ingresa libremente al campus,"Desarrollo de atenciones adicionales en unidades o ambientes del Campus previamente
identificadas o no",Paloma atrapada en BCIA (piso 4) - murio y se cayo. Se enterro en el zoocriadero,Neeskens,,
24/6/2026,Fauna,Mantenimiento de condiciones adecuadas para la estadia de los animales bajo crianza,Monitoreo posterior,Verificar estado de la fauna,Magno,,
23/6/2026,Fauna,Atención de fauna silvestre que ingresa libremente al campus,"Desarrollo de atenciones adicionales en unidades o ambientes del Campus previamente
identificadas o no",Paloma atrapada en BCIA (piso 4),Javier y Camila,,CIA
23/6/2026,Fauna,Mantenimiento de condiciones adecuadas para la estadia de los animales bajo crianza,Monitoreo posterior,Verificar estado de la fauna,Magno,,
22/6/2026,Fauna,Atención de fauna silvestre que ingresa libremente al campus,"Desarrollo de atenciones adicionales en unidades o ambientes del Campus previamente
identificadas o no","Se encontro un ave muerta dentro de una maceta ubicada en EEGGLL, en la zona central junto a un arbol. Se llevo al zoocriadero a enterrarlo. ",Neskens,,EEGGLL (Estudios generales Letras)
22/6/2026,Flora,"Acondicionamiento, recuperación, aclimatación y custodia de plantas (ARAC)",Desarrollo de tratamiento ARAC mantenimiento de plantas de interior y flora peculiar,Se culminó con el mantenimiento de las macetas del rectorado ,todos,,
22/6/2026,Fauna,Mantenimiento de condiciones adecuadas para la estadia de los animales bajo crianza,Monitoreo posterior,Verificar estado de la fauna,Magno,,
20/6/2026,Flora,"Mantenimiento de
plantas en el vivero","Ejecución de actividades de mantenimiento (riego)
preventivo", Se rego el vivero,todos,,Vivero
20/6/2026,Flora,"Acondicionamiento, recuperación, aclimatación y custodia de plantas (ARAC)",Desarrollo de tratamiento ARAC mantenimiento de plantas de interior y flora peculiar,Se les dió mantenimiento a las macetas de rectorado,todos,,Dinthilac
20/6/2026,Flora,Mantenimiento in situ de plantas de interior e instalación y mantenimiento de flora peculiar en el Campus.,"Ejecución del
mantenimiento de plantas de
interior y flora peculiar",Se dio mantenimiento al cactario de arquitectura,todos,,Arquitectura
20/6/2026,Flora,"Ornamentación, y mantenimiento in situ de plantas de interior, e instalación y mantenimiento de flora peculiar en el Campus.",Ejecución de actividades de mantenimiento de refuerzo o correctivas,"Se aplico abono foliar a las bromelias de dinthilac, ciencias y humanidades",todos,,Humanidades
20/6/2026,Flora,Mantenimiento de plantas en el vivero,"Control fitosanitario químico (artrópodos, hongos y bacterias; hierbas indeseadas solo cuando no se ponga en riesgo a las plantas afectadas por éstas) y fertilización.",Se aplicó cd600 a los laterales del bosque húmedo,todos,,Bosque húmedo
20/6/2026,Fauna,Mantenimiento de condiciones adecuadas para la estadia de los animales bajo crianza,Monitoreo posterior,Verificar estado de la fauna,Magno,,Bosque húmedo
19/6/2026,Fauna,Mantenimiento de condiciones adecuadas para la estadia de los animales bajo crianza,Monitoreo posterior,Verificar estado de la fauna,Magno,,
18/6/2026,Fauna,Mantenimiento de condiciones adecuadas para la estadia de los animales bajo crianza,Monitoreo posterior,Verificar estado de la fauna,Magno,,
17/6/2026,Flora,"Ornamentación, y mantenimiento in situ de plantas de interior, e instalación y mantenimiento de flora peculiar en el Campus.",Mantenimiento in situ de plantas de interior e instalación y mantenimiento de flora peculiar en el Campus.,"Se realizó el mantenimiento de ""cerebros"" en cactario cepre",Hector,,CEPREPUC
17/6/2026,Fauna,Atención de fauna silvestre que ingresa libremente al campus,"Monitoreo de desarrollo
de larvas de Aedes
aegypti (vector del
dengue)",Cambio de ovitrampas y envio de evidencia,Neeskens,,
17/6/2026,Ambiental,Apoyo en actividades puntuales relacionadas a la gestión ambiental,Identificación de necesidad o recepción de solicitud de apoyo,Abrir puerta del zoocriadero por motivo de ecorruta,Magno,,
17/6/2026,Fauna,Mantenimiento de condiciones adecuadas para la estadia de los animales bajo crianza,Monitoreo posterior,Verificar estado de la fauna,Magno,,
16/6/2026,Fauna,Atención de fauna silvestre que ingresa libremente al campus,"Desarrollo de atenciones adicionales en unidades o ambientes del Campus previamente
identificadas o no",Ave de color negro se encontro en el departamento de Humanidades y se llevo al zoocriadero para liberarla,Neskens,,Humanidades
16/6/2026,Ambiental,"Apoyo en actividades
puntuales relacionadas a
la gestión ambiental",Preparación de esquejes para un taller ambiental,Preparación de 50 esquejes para la feria de la semana ambiental,Hector y Cesar,,Vivero
15/6/2026,Flora,"Ornamentación, y mantenimiento in situ de plantas de interior, e instalación y mantenimiento de flora peculiar en el Campus.",Mantenimiento in situ de plantas de interior e instalación y mantenimiento de flora peculiar en el Campus.,Se colocaron macetas en pabellón Z,todos,,Pabellón Z
15/6/2026,Flora,"Ornamentación, y mantenimiento in situ de plantas de interior, e instalación y mantenimiento de flora peculiar en el Campus.",Instalación de flora peculiar en el Campus,Mantenimiento a macetas de ciencias,Todos,,Estudios Generales Ciencias
15/6/2026,Fauna,Mantenimiento de condiciones adecuadas para la estadia de los animales bajo crianza,Monitoreo posterior,Verificar estado de la fauna,Magno,,
13/6/2026,Flora,Mantenimiento de plantas en el vivero,"Control fitosanitario químico (artrópodos, hongos y bacterias; hierbas indeseadas solo cuando no se ponga en riesgo a las plantas afectadas por éstas) y fertilización.",Se fumigo el vivero,todos,,Vivero
13/6/2026,Flora,"Acondicionamiento, recuperación, aclimatación y custodia de plantas (ARAC)",Traslado de plantas hacia el vivero (sólo para recuperación y custodia),Se traslado al vivero un arbol sobreviviente,todos,,Vivero
13/6/2026,Flora,Mantenimiento in situ de plantas de interior e instalación y mantenimiento de flora peculiar en el Campus.,"Ejecución del
mantenimiento de plantas de
interior y flora peculiar",Se dio mantenimiento al cactario de ciencias,todos,,Estudios Generales Ciencias
13/6/2026,Flora,Reubicación de cáctareas ,Ejecución de actividades de reubicación,Se retiraron las plantas de las macetas del jardin de ciencias,todos,,
13/6/2026,Fauna,Mantenimiento de condiciones adecuadas para la estadia de los animales bajo crianza,Monitoreo posterior,Verificar estado de la fauna,Magno,,
12/6/2026,Fauna,Mantenimiento de condiciones adecuadas para la estadia de los animales bajo crianza,Monitoreo posterior,Verificar estado de la fauna,Magno,,
11/6/2026,Fauna,Atención de fauna silvestre que ingresa libremente al campus,"Desarrollo de atenciones adicionales en unidades o ambientes del Campus previamente
identificadas o no","Ardilla muerta, se procedio a enterrar en el zoocriadero",Hector,,
11/6/2026,Fauna,Mantenimiento de condiciones adecuadas para la estadia de los animales bajo crianza,Monitoreo posterior,Verificar estado de la fauna,Magno,,
10/6/2026,Fauna,Atención de fauna silvestre que ingresa libremente al campus,"Monitoreo de desarrollo
de larvas de Aedes
aegypti (vector del
dengue)",Cambio de ovitrampas y envio de evidencia,Neeskens,,
10/6/2026,Fauna,Atención de fauna silvestre que ingresa libremente al campus,"Desarrollo de atenciones adicionales en unidades o ambientes del Campus previamente
identificadas o no",Paloma atrapada en BCIA (piso 4),Javier y Camila,,CIA
10/6/2026,Fauna,Mantenimiento de condiciones adecuadas para la estadia de los animales bajo crianza,Monitoreo posterior,Verificar estado de la fauna,Magno,,
9/6/2026,Fauna,Mantenimiento de condiciones adecuadas para la estadia de los animales bajo crianza,Monitoreo posterior,Verificar estado de la fauna,Magno,,
6/6/2026,Fauna,Mantenimiento de condiciones adecuadas para la estadia de los animales bajo crianza,Monitoreo posterior,Verificar estado de la fauna,Magno,,
6/6/2026,Fauna,Mantenimiento de condiciones adecuadas para la estadía de los animales bajo crianza en el zoocriadero.,Mantenimiento cíclico regular (Control sanitario programado de ambientes y utensilios),Se aplico dmq a los comederos y recipientes de agua del zoocriadero,todos ,,
6/6/2026,Flora,"Acondicionamiento, recuperación, aclimatación y custodia de plantas (ARAC)",Traslado de plantas hacia el vivero (sólo para recuperación y custodia),Se culminó con el recojo de las macetas del rectorado con el apoyo  de los compañeros,Todos,,
5/6/2026,Fauna,Mantenimiento de condiciones adecuadas para la estadia de los animales bajo crianza,Monitoreo posterior,Verificar estado de la fauna,Magno,,
5/6/2026,Flora,"Acondicionamiento, recuperación, aclimatación y custodia de plantas (ARAC)",Traslado de plantas hacia el vivero (sólo para recuperación y custodia),Se culminó con el recojo de las macetas del rectorado con el apoyo  de los compañeros,Todos,,Dinthilac
4/6/2026,Fauna,Atención de fauna silvestre que ingresa libremente al campus,"Desarrollo de atenciones adicionales en unidades o ambientes del Campus previamente
identificadas o no","Cria de ave, no puede volar",Neeskens,"Cuando el personal se acerco, el ave voló",
4/6/2026,Fauna,Mantenimiento de condiciones adecuadas para la estadia de los animales bajo crianza,Monitoreo posterior,Verificar estado de la fauna,Magno,,
3/6/2026,Fauna,Atención de fauna silvestre que ingresa libremente al campus,"Monitoreo de desarrollo
de larvas de Aedes
aegypti (vector del
dengue)",Cambio de ovitrampas y envio de evidencia,Hector,,
3/6/2026,Flora,"Acondicionamiento, recuperación, aclimatación y custodia de plantas (ARAC)",Traslado de plantas hacia el vivero (sólo para recuperación y custodia),Recojo de macetas en becas,todos,,Becas
3/6/2026,Flora,"Acondicionamiento, recuperación, aclimatación y custodia de plantas (ARAC)",Traslado de retorno de plantas hacia unidades o ambientes de origen (sólo para recuperación y custodia),Entrega de macetas a la facultad civil,todos,,Ing CIVIL
3/6/2026,Fauna,Mantenimiento de condiciones adecuadas para la estadia de los animales bajo crianza,Monitoreo posterior,Verificar estado de la fauna,Magno,,
2/6/2026,Fauna,Mantenimiento de condiciones adecuadas para la estadia de los animales bajo crianza,Monitoreo posterior,Verificar estado de la fauna,Magno,,
1/6/2026,Fauna,Atención de fauna silvestre que ingresa libremente al campus,"Desarrollo de atenciones adicionales en unidades o ambientes del Campus previamente
identificadas o no",Ardilla acurrucada en el pasto y se llevo al bosque húmedo,Hector,,
1/6/2026,Fauna, Alimentación de animales bajo crianza (zoocriadero),"Alimentos del
abastecimiento regular",Preparación de alimentos y reparto ,Todos,,
1/6/2026,Fauna, Alimentación de animales bajo crianza (zoocriadero),"Alimentos adicionales,
provenientes del
Comedor Central y
Frutería",recolección a de alimentos en Comedor Central y Frutería,Magno,,
1/6/2026,Fauna,Atención de fauna silvestre que ingresa libremente al campus,"Desarrollo de atenciones adicionales en unidades o ambientes del Campus previamente
identificadas o no",El persona fue a recoger a la ardilla y ya se había escapado,Neeskens,,
1/6/2026,Fauna, Alimentación de animales bajo crianza (zoocriadero),"Alimentos del
abastecimiento regular",Preparación de alimentos y reparto ,Todos,,
1/6/2026,Fauna, Alimentación de animales bajo crianza (zoocriadero),"Alimentos adicionales,
provenientes del
Comedor Central y
Frutería",recolección a de alimentos en Comedor Central y Frutería,Magno,,
1/6/2026,Fauna,Mantenimiento de condiciones adecuadas para la estadia de los animales bajo crianza,Monitoreo posterior,Verificar estado de la fauna,Magno,,
Mayo,,,,,,,
30/5/2026,Flora,Mantenimiento in situ de plantas de interior e instalación y mantenimiento de flora peculiar en el Campus.,Mantenimiento de los cactarios,Mantenimiento de los cactarios,Neskens,,
30/5/2026,,,,Deshierbo del vivero,Neskeens,,
30/5/2026,,,,Se rego el vivero,Neskeens,,
30/5/2026,,,,Se fumigo el vivero,Neskeens,,
30/5/2026,,,,Registro de orden,Neskeens,,
30/5/2026,,,,Se realizo ecorruta,Neskeens,,
30/5/2026,,,,Se boto la basura,Neskeens,,
30/5/2026,Fauna,Mantenimiento de condiciones adecuadas para la estadia de los animales bajo crianza,Monitoreo posterior,Verificar estado de la fauna,Magno,,
29/5/2026,Fauna,Mantenimiento de condiciones adecuadas para la estadia de los animales bajo crianza,Monitoreo posterior,Verificar estado de la fauna,Magno,,
28/5/2026,Fauna,Mantenimiento de condiciones adecuadas para la estadia de los animales bajo crianza,Monitoreo posterior,Verificar estado de la fauna,Magno,,
27/5/2026,,,,Ovitrampas ,Neskeens,,
27/5/2026,Fauna,Mantenimiento de condiciones adecuadas para la estadia de los animales bajo crianza,Monitoreo posterior,Verificar estado de la fauna,Magno,,
26/5/2026,,,,Se trajo 2 macetas de fares - tambo,Hector,,
26/5/2026,Fauna,Mantenimiento de condiciones adecuadas para la estadia de los animales bajo crianza,Monitoreo posterior,Verificar estado de la fauna,Magno,,
25/5/2026,Fauna,Mantenimiento de condiciones adecuadas para la estadia de los animales bajo crianza,Monitoreo posterior,Verificar estado de la fauna,Magno,,
25/5/2026,,,,Entrega de macetas de rectorado y protocolo,Neskeens,,
23/5/2026,,,,Se regaron los cactarios y el vivero,Neskeens,,
23/5/2026,,,,"Se regaron las bromelias de dinthilac, ciencias y humanidades",Neskeens,,
23/5/2026,,,,Se dio mantenimiento a las macetas de rectorado,Neskeens,,
22/5/2026,Fauna,Mantenimiento de condiciones adecuadas para la estadia de los animales bajo crianza,Monitoreo posterior,Verificar estado de la fauna,Magno,,
22/5/2026,Fauna,Mantenimiento de condiciones adecuadas para la estadia de los animales bajo crianza,Monitoreo posterior,Verificar estado de la fauna,Magno,,
21/5/2026,,,,Se recodio maceta de Fares,Hector,,
21/5/2026,Fauna,Mantenimiento de condiciones adecuadas para la estadia de los animales bajo crianza,Monitoreo posterior,Verificar estado de la fauna,Magno,,
20/5/2026,,,,Ovitrampas ,Neskeens,,
20/5/2026,Fauna,Mantenimiento de condiciones adecuadas para la estadia de los animales bajo crianza,Monitoreo posterior,Verificar estado de la fauna,Magno,,
19/5/2026,Fauna,Mantenimiento de condiciones adecuadas para la estadia de los animales bajo crianza,Monitoreo posterior,Verificar estado de la fauna,Magno,,
18/5/2026,Fauna,Mantenimiento de condiciones adecuadas para la estadia de los animales bajo crianza,Monitoreo posterior,Verificar estado de la fauna,Magno,,
16/5/2026,,,,Se sembraron esquejes de cenesio,Neskeens,,
16/5/2026,,,,Se regaron los cactarios,Neskeens,,
16/5/2026,,,,Se rego el vivero,Neskeens,,
16/5/2026,,,,Se fumigo el vivero,Neskeens,,
16/5/2026,Fauna,Mantenimiento de condiciones adecuadas para la estadia de los animales bajo crianza,Monitoreo posterior,Verificar estado de la fauna,Magno,,
15/5/2026,Fauna,Mantenimiento de condiciones adecuadas para la estadia de los animales bajo crianza,Monitoreo posterior,Verificar estado de la fauna,Magno,,
14/5/2026,Fauna,Mantenimiento de condiciones adecuadas para la estadia de los animales bajo crianza,Monitoreo posterior,Verificar estado de la fauna,Magno,,
13/5/2026,,,,Ovitrampas ,Neskeens,,
13/5/2026,Fauna,Mantenimiento de condiciones adecuadas para la estadia de los animales bajo crianza,Monitoreo posterior,Verificar estado de la fauna,Magno,,
12/5/2026,,,,Resembró las suculentas del cactario de arquitectura,Hector,,
12/5/2026,Fauna,Mantenimiento de condiciones adecuadas para la estadia de los animales bajo crianza,Monitoreo posterior,Verificar estado de la fauna,Magno,,
11/5/2026,Fauna,Mantenimiento de condiciones adecuadas para la estadia de los animales bajo crianza,Monitoreo posterior,Verificar estado de la fauna,Magno,,
11/5/2026,,,,Macetas de rectorado y protocolo,Neskeens,,
9/5/2026,Fauna,Mantenimiento de condiciones adecuadas para la estadia de los animales bajo crianza,Monitoreo posterior,Verificar estado de la fauna,Magno,,
8/5/2026,Fauna,Mantenimiento de condiciones adecuadas para la estadia de los animales bajo crianza,Monitoreo posterior,Verificar estado de la fauna,Magno,,
7/5/2026,Fauna,Mantenimiento de condiciones adecuadas para la estadia de los animales bajo crianza,Monitoreo posterior,Verificar estado de la fauna,Magno,,
6/5/2026,,,,Ovitrampas ,Ing. javier,,
6/5/2026,Fauna,Mantenimiento de condiciones adecuadas para la estadia de los animales bajo crianza,Monitoreo posterior,Verificar estado de la fauna,Magno,,
5/5/2026,Fauna,Mantenimiento de condiciones adecuadas para la estadia de los animales bajo crianza,Monitoreo posterior,Verificar estado de la fauna,Magno,,
4/5/2026,,,,Ave que no puede volar en Pabellon G,Ing. Javier,,
4/5/2026,Fauna,Mantenimiento de condiciones adecuadas para la estadia de los animales bajo crianza,Monitoreo posterior,Verificar estado de la fauna,Magno,,
2/5/2026,Flora,"Ornamentación, y mantenimiento in situ de plantas de interior, e instalación y mantenimiento de flora peculiar en el Campus.",Mantenimiento in situ de plantas de interior e instalación y mantenimiento de flora peculiar en el Campus.,Riego de cactarios ,Neskeens,,
2/5/2026,,,,Riego al vivero,Neskeens,,
2/5/2026,,,,Alimento a los animales,Neskeens,,
2/5/2026,Flora,Mantenimiento in situ de plantas de interior e instalación y mantenimiento de flora peculiar en el Campus.,"Ejecución del
mantenimiento de plantas de
interior y flora peculiar","Aplicación de abono foliar a bromelias de dinthilac, ciencias y humanidades",Neskeens,,
2/5/2026,,,,Sembrío de bromelias en ciencias,Neskeens,,
2/5/2026,Fauna,Mantenimiento de condiciones adecuadas para la estadia de los animales bajo crianza,Monitoreo posterior,Verificar estado de la fauna,Magno,,
Abril,,,,,,,
30/4/2026,Fauna,Mantenimiento de condiciones adecuadas para la estadia de los animales bajo crianza,Monitoreo posterior,Verificar estado de la fauna,Magno,,Bosque húmedo
29/4/2026,Fauna,Mantenimiento de condiciones adecuadas para la estadia de los animales bajo crianza,Monitoreo posterior,Verificar estado de la fauna,Magno,,
29/4/2026,Fauna,Atención de fauna silvestre que ingresa libremente al campus,Monitoreo de desarrollo de larvas de Aedes aegypti (vector del dengue),Cambio de ovitrampas y envio de evidencia,Hector,,
29/4/2026,Flora,"Ornamentación, y mantenimiento in situ de plantas de interior, e instalación y mantenimiento de flora peculiar en el Campus.",Mantenimiento in situ de plantas de interior e instalación y mantenimiento de flora peculiar en el Campus.,Mantenimiento de OCAI,Neeskens,,OCAI
29/4/2026,Fauna,Atención de fauna silvestre que ingresa libremente al campus,Desarrollo de atenciones adicionales en unidades o ambientes del Campus previamente identificadas o no,Se libero el ave en el zoocriadero temprano,Magno,,
28/4/2026,Fauna,Mantenimiento de condiciones adecuadas para la estadia de los animales bajo crianza,Monitoreo posterior,Verificar estado de la fauna,Magno,,
28/4/2026,Fauna,Atención de fauna silvestre que ingresa libremente al campus,Desarrollo de atenciones adicionales en unidades o ambientes del Campus previamente identificadas o no,Recojo de un ave en Aulario,Hector,,Aulario
28/4/2026,Fauna,Atención de fauna silvestre que ingresa libremente al campus,Desarrollo de atenciones adicionales en unidades o ambientes del Campus previamente identificadas o no,Recojo del loro al lado de Tinkuy,Camila,,Tinkuy
27/4/2026,Fauna,"Acondicionamiento, recuperación, aclimatación y custodia de plantas (ARAC)",Traslado de plantas hacia el vivero (sólo para recuperación y custodia),Se entrego macetas de rectorado y protocolo,Neeskens,,Dinthilac
27/4/2026,Fauna,Mantenimiento de condiciones adecuadas para la estadia de los animales bajo crianza,Monitoreo posterior,Verificar estado de la fauna,Magno,,
25/4/2026,Flora,"Ornamentación, y mantenimiento in situ de plantas de interior, e instalación y mantenimiento de flora peculiar en el Campus.",Mantenimiento in situ de plantas de interior e instalación y mantenimiento de flora peculiar en el Campus.,Riego de bromelias del campus,Hector,,
25/4/2026,Flora,Mantenimiento de plantas en el vivero,"Control fitosanitario químico (artrópodos, hongos y bacterias; hierbas indeseadas solo cuando no se ponga en riesgo a las plantas afectadas por éstas) y fertilización.",Control de plagas en el vivero,Hector,,Vivero
25/4/2026,Flora,"Acondicionamiento, recuperación, aclimatación y custodia de plantas (ARAC)",Traslado de plantas hacia el vivero (sólo para recuperación y custodia),Recojo de macetas de rectorado,Hector,,Dinthilac
25/4/2026,Fauna,Mantenimiento de condiciones adecuadas para la estadía de los animales bajo crianza en el zoocriadero.,Mantenimiento cíclico regular (Control sanitario programado de ambientes y utensilios),Se aplico DMQ en el zoocriadero,Hector,,
24/4/2026,Fauna,Atención de fauna silvestre que ingresa libremente al campus,Desarrollo de atenciones adicionales en unidades o ambientes del Campus previamente identificadas o no,Se recogio un ave de la facultad de mecánica,Hector,,Mecánica
24/4/2026,Fauna,Atención de fauna silvestre que ingresa libremente al campus,Desarrollo de atenciones adicionales en unidades o ambientes del Campus previamente identificadas o no,Se recogio 3 ave de la facultad de mecánica,Magno,,Mecánica
24/4/2026,Flora,"Acondicionamiento, recuperación, aclimatación y custodia de plantas (ARAC)",Traslado de plantas hacia el vivero (sólo para recuperación y custodia),Se recogieron las macetas de DAES - OBP,Magno,,DAES
24/4/2026,Flora,"Acondicionamiento, recuperación, aclimatación y custodia de plantas (ARAC)",Traslado de plantas hacia el vivero (sólo para recuperación y custodia),Se entrego las macetas de arquitectura,Magno,,Arquitectura
24/4/2026,Fauna,Mantenimiento de condiciones adecuadas para la estadia de los animales bajo crianza,Monitoreo posterior,Verificar estado de la fauna,Magno,,
23/4/2026,Flora,"Acondicionamiento, recuperación, aclimatación y custodia de plantas (ARAC)",Traslado de plantas hacia el vivero (sólo para recuperación y custodia),Se recogio la maceta de FARES,Magno,,Fares
23/4/2026,Fauna,Mantenimiento de condiciones adecuadas para la estadia de los animales bajo crianza,Monitoreo posterior,Verificar estado de la fauna,Magno,,Bosque húmedo
22/4/2026,Fauna,Atención de fauna silvestre que ingresa libremente al campus,Monitoreo de desarrollo de larvas de Aedes aegypti (vector del dengue),Cambio de ovitrampas y envio de evidencia,Hector,,
22/4/2026,Flora,"Acondicionamiento, recuperación, aclimatación y custodia de plantas (ARAC)",Traslado de plantas hacia el vivero (sólo para recuperación y custodia),Se entregó la maceta en DGTH - Edificio Administrativo,Magno,,Edificio Administrativo
22/4/2026,Flora,"Ornamentación, y mantenimiento in situ de plantas de interior, e instalación y mantenimiento de flora peculiar en el Campus.",Instalación de flora peculiar en el Campus ,Se sembró la colvilea en ciencias,Hector,,Estudios Generales Ciencias
22/4/2026,Fauna,Mantenimiento de condiciones adecuadas para la estadia de los animales bajo crianza,Monitoreo posterior,Verificar estado de la fauna,Magno,,Bosque húmedo
21/4/2026,Fauna,Mantenimiento de condiciones adecuadas para la estadia de los animales bajo crianza,Monitoreo posterior,Verificar estado de la fauna,Magno,,Bosque húmedo
20/4/2026,Fauna,Atención de fauna silvestre que ingresa libremente al campus,Desarrollo de atenciones adicionales en unidades o ambientes del Campus previamente identificadas o no,Se recogio un ave en pabellon de estudios generales letras - aula 403. Ave que no podía volar y se liberó en el zoocriadero. ,Hector,,EEGGLL (Estudios generales Letras)
20/4/2026,Fauna,Mantenimiento de condiciones adecuadas para la estadia de los animales bajo crianza,Monitoreo posterior,Verificar estado de la fauna,Magno,,Bosque húmedo
18/4/2026,Flora,"Ornamentación, y mantenimiento in situ de plantas de interior, e instalación y mantenimiento de flora peculiar en el Campus.",Mantenimiento in situ de plantas de interior e instalación y mantenimiento de flora peculiar en el Campus.,Deshierbo de las mallas ubicadas al lado izquierdo de la estación meteorológica,Hector,,Bosque húmedo
18/4/2026,Flora,"Ornamentación, y mantenimiento in situ de plantas de interior, e instalación y mantenimiento de flora peculiar en el Campus.",Instalación de flora peculiar en el Campus ,Sembrío de arboles Bauhinias amazonicas,Hector,,Bosque húmedo
18/4/2026,Flora,"Mantenimiento de
plantas en el vivero",Ejecución de actividades de mantenimiento preventivo Desyerbo (Traslado de residuos al punto de acopio),Se realizó la disposición de la maleza,Hector,,Punto de Acopio
18/4/2026,Flora,"Mantenimiento de
plantas en el vivero","Ejecución de actividades de mantenimiento (riego)
preventivo",Se rego el vivero ,Hector,,Vivero
18/4/2026,Fauna,Mantenimiento de condiciones adecuadas para la estadia de los animales bajo crianza,Monitoreo posterior,Verificar estado de la fauna,Magno,,Bosque húmedo
17/4/2026,Fauna,Atención de fauna silvestre que ingresa libremente al campus,Desarrollo de atenciones adicionales en unidades o ambientes del Campus previamente identificadas o no,"Se recogio un ave de EEGGLL, se llevo al bosque húmedo",Magno,,EEGGLL (Estudios generales Letras)
17/4/2026,Fauna,Mantenimiento de condiciones adecuadas para la estadia de los animales bajo crianza,Monitoreo posterior,Verificar estado de la fauna,Magno,,Bosque húmedo
16/4/2026,Flora,"Ornamentación, y mantenimiento in situ de plantas de interior, e instalación y mantenimiento de flora peculiar en el Campus.",Monitoreo post actividades de instalación y mantenimiento.,Se colocó una malla al rededor de un arbolito,Hector,,Bosque húmedo
16/4/2026,Flora,"Ornamentación, y mantenimiento in situ de plantas de interior, e instalación y mantenimiento de flora peculiar en el Campus.",Mantenimiento in situ de plantas de interior e instalación y mantenimiento de flora peculiar en el Campus.,"Cambio de bromelias, nivelación de tierra, reacomodo de mulch",Hector,,Humanidades
16/4/2026,Fauna,Atención de fauna silvestre que ingresa libremente al campus,Desarrollo de atenciones adicionales en unidades o ambientes del Campus previamente identificadas o no,Se recogio una paloma muerta y se enterro en el zoocriadero,Neeskens,,ingenieria
16/4/2026,Fauna,Mantenimiento de condiciones adecuadas para la estadia de los animales bajo crianza,Monitoreo posterior,Verificar estado de la fauna,Magno,,Bosque húmedo
15/4/2026,Fauna,Atención de fauna silvestre que ingresa libremente al campus,Monitoreo de desarrollo de larvas de Aedes aegypti (vector del dengue),Cambio de ovitrampas y envio de evidencia,Hector,,
15/4/2026,Flora,"Acondicionamiento, recuperación, aclimatación y custodia de plantas (ARAC)",Traslado de plantas hacia el vivero (sólo para recuperación y custodia),"Entrega de macetas de aulas móviles, al departamento de psicologia",Magno,,Psicología
15/4/2026,Flora,"Acondicionamiento, recuperación, aclimatación y custodia de plantas (ARAC)",Traslado de plantas hacia el vivero (sólo para recuperación y custodia),Entrega de macetas en el comedor de rectorado,Cesar,,Dinthilac
15/4/2026,Fauna,Mantenimiento de condiciones adecuadas para la estadia de los animales bajo crianza,Monitoreo posterior,Verificar estado de la fauna,Magno,,Bosque húmedo
14/4/2026,Fauna,Mantenimiento de condiciones adecuadas para la estadia de los animales bajo crianza,Monitoreo posterior,Verificar estado de la fauna,Magno,,Bosque húmedo
14/4/2026,Fauna,Mantenimiento de condiciones adecuadas para la estadia de los animales bajo crianza,Monitoreo posterior,Verificar estado de la fauna (venado anastesiado),Magno,,Bosque húmedo
13/4/2026,Flora,"Acondicionamiento, recuperación, aclimatación y custodia de plantas (ARAC)",Traslado de plantas hacia el vivero (sólo para recuperación y custodia),Entrega de macetas a rectorado,Hector,,Dinthilac
13/4/2026,Flora,"Ornamentación, y mantenimiento in situ de plantas de interior, e instalación y mantenimiento de flora peculiar en el Campus.",Ejecución de actividades de mantenimiento de refuerzo o correctivas,Mantenimeiento de plantas quemadas por el plástico en Dintilhac,Hector,,Dinthilac
13/4/2026,Fauna,Mantenimiento de condiciones adecuadas para la estadia de los animales bajo crianza,Monitoreo posterior,Verificar estado de la fauna,Magno,,Bosque húmedo
11/4/2026,Fauna,Mantenimiento de condiciones adecuadas para la estadia de los animales bajo crianza,Monitoreo posterior,Verificar estado de la fauna,Magno,,Bosque húmedo
10/4/2026,Fauna,Mantenimiento de condiciones adecuadas para la estadia de los animales bajo crianza,Monitoreo posterior,Verificar estado de la fauna (pavos juntos Y venado en cuarentena),Magno,,Bosque húmedo
9/4/2026,Fauna,Atención de fauna silvestre que ingresa libremente al campus,Desarrollo de atenciones adicionales en unidades o ambientes del Campus previamente identificadas o no,Se recogio un ave que no podía volar y se liberó en el zoocriadero (Arte nuevo),Neeskens,,Arte Nuevo
9/4/2026,Fauna,Mantenimiento de condiciones adecuadas para la estadia de los animales bajo crianza,Monitoreo posterior,Verificar estado de la fauna (pavos hembra y macho juntos),Cesar,,Bosque húmedo
9/4/2026,Fauna,Mantenimiento de condiciones adecuadas para la estadia de los animales bajo crianza,Monitoreo posterior,Verificar estado de la fauna (venado en cuarentena),Magno,,Bosque húmedo
8/4/2026,Fauna,Atención de fauna silvestre que ingresa libremente al campus,Monitoreo de desarrollo de larvas de Aedes aegypti (vector del dengue),Cambio de ovitrampas y envio de evidencia,Hector,,
8/4/2026,Fauna,Atención de fauna silvestre que ingresa libremente al campus,Desarrollo de atenciones adicionales en unidades o ambientes del Campus previamente identificadas o no,"Pichon de paloma, se encontró en jardín de arte antiguo, se recogio y se liberó en el zoocriadero",Neeskens,,Arte Antiguo
8/4/2026,Fauna,Atención de fauna silvestre que ingresa libremente al campus,Desarrollo de atenciones adicionales en unidades o ambientes del Campus previamente identificadas o no,"Lorito, que no podia volar, se encontró en FEPUC, se llevo al zoocriadero a liberarlo",Camila,,
8/4/2026,Fauna,Mantenimiento de condiciones adecuadas para la estadia de los animales bajo crianza,Monitoreo posterior,Verificar estado de la fauna (venado en cuarentena),Magno,,Bosque húmedo
7/4/2026,Fauna,Mantenimiento de condiciones adecuadas para la estadia de los animales bajo crianza,Monitoreo posterior,Verificar estado de la fauna (venado en cuarentena),Magno,,Bosque húmedo
6/4/2026,Fauna,Mantenimiento de condiciones adecuadas para la estadia de los animales bajo crianza,Monitoreo posterior,Verificar estado de la fauna (venado en cuarentena),Magno,,Bosque húmedo
4/4/2026,Flora,"Ornamentación, y mantenimiento in situ de plantas de interior, e instalación y mantenimiento de flora peculiar en el Campus.",Mantenimiento in situ de plantas de interior e instalación y mantenimiento de flora peculiar en el Campus.,Riego de bromelias del campus,Hector,,
4/4/2026,Flora,Mantenimiento de plantas en el vivero,"Control fitosanitario químico (artrópodos, hongos y bacterias; hierbas indeseadas solo cuando no se ponga en riesgo a las plantas afectadas por éstas) y fertilización.",Fertilización de cactereos,Hector,,Vivero
4/4/2026,Fauna,Mantenimiento de condiciones adecuadas para la estadía de los animales bajo crianza en el zoocriadero.,Mantenimiento cíclico regular (Control sanitario programado de ambientes y utensilios),Se aplico DMQ en el zoocriadero,Hector,,Bosque húmedo
4/4/2026,Fauna, Alimentación de animales bajo crianza (zoocriadero),"Alimentos del
abastecimiento regular",Se alimento a los animales,Hector,,Bosque húmedo
4/4/2026,Flora,"Mantenimiento de
plantas en el vivero","Ejecución de actividades de mantenimiento (riego)
preventivo",Se rego el vivero ,Hector,,Vivero
4/4/2026,Fauna,Mantenimiento de condiciones adecuadas para la estadia de los animales bajo crianza,Monitoreo posterior,Verificar estado de la fauna,Magno,,Bosque húmedo
1/4/2026,Fauna,Atención de fauna silvestre que ingresa libremente al campus,Monitoreo de desarrollo de larvas de Aedes aegypti (vector del dengue),Cambio de ovitrampas y envio de evidencia,Hector,,
1/4/2026,Otros,Apoyo al CAPU,Apoyo al CAPU,Recojo de arbolito y de gruta,Hector,,CAPU
1/4/2026,Fauna,Mantenimiento de condiciones adecuadas para la estadia de los animales bajo crianza,Monitoreo posterior,Verificar estado de la fauna,Magno,,Bosque húmedo
Marzo  (Ing. Javier),,,,,,,
,,,,,,,
,,,,,,,
,,,,,,,
,,,,,,,
,,,,,,,
,,,,,,,
,,,,,,,
,,,,,,,
,,,,,,,
,,,,,,,
,,,,,,,
,,,,,,,
,,,,,,,
,,,,,,,
,,,,,,,
,,,,,,,
,,,,,,,
Febrero (Camila),,,,,,,
,,,,,,,
,,,,,,,
,,,,,,,
,,,,,,,
,,,,,,,
,,,,,,,
,,,,,,,
,,,,,,,
,,,,,,,
,,,,,,,
Enero (Ing. Javier),,,,,,,