{"type":"FeatureCollection","name":"edificios_pando","fuente":"© OpenStreetMap contributors. Extracto api/0.6/map del recinto Pando. Altura: height, si no building:levels×3.2, si no 8 m.","features":[{"type":"Feature","id":"osm-way-154553040","geometry":{"type":"Polygon","coordinates":[[[-77.0810142,-12.0674628],[-77.0809647,-12.0674799],[-77.0808679,-12.0674759],[-77.0808649,-12.0675463],[-77.0811318,-12.0675554],[-77.0811353,-12.0674353],[-77.0810289,-12.0674323],[-77.0810142,-12.0674628]]]},"properties":{"feature_id":"osm-way-154553040","altura_m":8.0,"building":"yes","nombre":"CIGA"}},{"type":"Feature","id":"osm-way-154803996","geometry":{"type":"Polygon","coordinates":[[[-77.0780131,-12.0683239],[-77.0780177,-12.0686275],[-77.0780614,-12.0686269],[-77.0780618,-12.0686527],[-77.0780239,-12.0686533],[-77.0780255,-12.0687593],[-77.0780802,-12.0687585],[-77.0780808,-12.0687928],[-77.0781378,-12.0687907],[-77.0782584,-12.0687863],[-77.0782578,-12.0687441],[-77.0782768,-12.0687439],[-77.0782762,-12.0687077],[-77.0782957,-12.0687074],[-77.0782925,-12.0686852],[-77.0782809,-12.0686584],[-77.0782606,-12.0686338],[-77.0782313,-12.0686128],[-77.0782057,-12.068598],[-77.0782115,-12.0685767],[-77.0781504,-12.0685664],[-77.0781489,-12.0684683],[-77.0780783,-12.0684693],[-77.078078,-12.068453],[-77.0780849,-12.0684425],[-77.0780867,-12.0684342],[-77.0780869,-12.0684265],[-77.078084,-12.0684166],[-77.0780773,-12.0684058],[-77.078077,-12.0683848],[-77.0780761,-12.0683229],[-77.0780131,-12.0683239]]]},"properties":{"feature_id":"osm-way-154803996","altura_m":8.0,"building":"university","nombre":"Admisión"}},{"type":"Feature","id":"osm-way-157957228","geometry":{"type":"Polygon","coordinates":[[[-77.0801561,-12.0710233],[-77.0805557,-12.0709925],[-77.0805539,-12.0709702],[-77.0805305,-12.0706803],[-77.0803543,-12.0706939],[-77.0803622,-12.0707915],[-77.0801388,-12.0708088],[-77.080155,-12.0710092],[-77.0801561,-12.0710233]]]},"properties":{"feature_id":"osm-way-157957228","altura_m":8.0,"building":"university","nombre":"Biblioteca de Ciencas Sociales Alberto Flores Galindo"}},{"type":"Feature","id":"osm-way-157957230","geometry":{"type":"Polygon","coordinates":[[[-77.0801424,-12.0702704],[-77.0801628,-12.0702695],[-77.0801623,-12.0702568],[-77.0803626,-12.070248],[-77.0803995,-12.0702464],[-77.0804213,-12.0702454],[-77.08042,-12.0702166],[-77.0806787,-12.0702052],[-77.0806792,-12.0702159],[-77.0807354,-12.0702134],[-77.0807371,-12.0702508],[-77.0807234,-12.0702514],[-77.0807243,-12.070271],[-77.0807757,-12.0702687],[-77.0807839,-12.0704467],[-77.0807333,-12.070449],[-77.0807347,-12.0704805],[-77.080534,-12.0704893],[-77.0805346,-12.0705021],[-77.0804802,-12.0705044],[-77.0804763,-12.0704187],[-77.0804278,-12.0704208],[-77.0804249,-12.0703577],[-77.0804079,-12.0703584],[-77.0803904,-12.0703592],[-77.080392,-12.0703945],[-77.0803197,-12.0703976],[-77.0803185,-12.0703713],[-77.0801667,-12.0703779],[-77.0801662,-12.0703669],[-77.0801469,-12.0703677],[-77.0801424,-12.0702704]]]},"properties":{"feature_id":"osm-way-157957230","altura_m":8.0,"building":"university","nombre":"Departamento de Ciencias Sociales"}},{"type":"Feature","id":"osm-way-157964496","geometry":{"type":"Polygon","coordinates":[[[-77.0812467,-12.0698912],[-77.0811175,-12.0698978],[-77.0811154,-12.0698574],[-77.0810589,-12.0698603],[-77.0810631,-12.069938],[-77.0810054,-12.0699286],[-77.0809781,-12.0699731],[-77.0809704,-12.0699816],[-77.0809851,-12.0700388],[-77.0810019,-12.0700293],[-77.0810158,-12.0700526],[-77.0810452,-12.0700359],[-77.081081,-12.0700961],[-77.0811448,-12.0700598],[-77.0811645,-12.070075],[-77.0811798,-12.0700621],[-77.0811957,-12.0700683],[-77.0812237,-12.0700257],[-77.0812391,-12.0700236],[-77.081215,-12.0700832],[-77.0812849,-12.0701101],[-77.081296,-12.0700824],[-77.0812971,-12.0701],[-77.0813755,-12.0700953],[-77.0813715,-12.0700318],[-77.0812931,-12.0700366],[-77.0812936,-12.0700445],[-77.0812672,-12.0700344],[-77.0812778,-12.0700046],[-77.0812397,-12.0699944],[-77.0812467,-12.0698912]]]},"properties":{"feature_id":"osm-way-157964496","altura_m":8.0,"building":"university","nombre":"Auditorio de Derecho"}},{"type":"Feature","id":"osm-way-157964892","geometry":{"type":"Polygon","coordinates":[[[-77.0798851,-12.0688924],[-77.0800559,-12.0688863],[-77.0800567,-12.0689079],[-77.0800959,-12.0689065],[-77.0800978,-12.0689566],[-77.0801723,-12.0689539],[-77.0801712,-12.0689255],[-77.0803917,-12.0689176],[-77.0803928,-12.0689467],[-77.0804425,-12.0689449],[-77.0804537,-12.0692463],[-77.0799857,-12.069263],[-77.0799806,-12.0691263],[-77.0798352,-12.0691314],[-77.0798323,-12.0690546],[-77.0799324,-12.069051],[-77.0799306,-12.0690028],[-77.0798893,-12.0690043],[-77.0798851,-12.0688924]]]},"properties":{"feature_id":"osm-way-157964892","altura_m":8.0,"building":"university","nombre":"Biblioteca Central Luis Jaime Cisneros"}},{"type":"Feature","id":"osm-way-183922762","geometry":{"type":"Polygon","coordinates":[[[-77.0803032,-12.0723093],[-77.0802772,-12.0721781],[-77.0803645,-12.0721307],[-77.0805333,-12.0723388],[-77.0806236,-12.0723219],[-77.0804291,-12.0720048],[-77.0802091,-12.0718152],[-77.0800621,-12.0721149],[-77.0801146,-12.0723445],[-77.0803032,-12.0723093]]]},"properties":{"feature_id":"osm-way-183922762","altura_m":12.8,"building":"university","nombre":"Complejo De Innovación Académica"}},{"type":"Feature","id":"osm-way-183922763","geometry":{"type":"Polygon","coordinates":[[[-77.0797838,-12.0722032],[-77.0796403,-12.0722349],[-77.0796831,-12.0724178],[-77.0791708,-12.0725312],[-77.0791954,-12.0726398],[-77.0798513,-12.0724947],[-77.0797838,-12.0722032]]]},"properties":{"feature_id":"osm-way-183922763","altura_m":6.4,"building":"university","nombre":"Facultad de Ciencias e Ingeniería"}},{"type":"Feature","id":"osm-way-183922766","geometry":{"type":"Polygon","coordinates":[[[-77.0802197,-12.0713012],[-77.0802767,-12.0715712],[-77.0802021,-12.0715863],[-77.0802293,-12.0717151],[-77.0804182,-12.071677],[-77.080413,-12.0716525],[-77.0805004,-12.0716348],[-77.0804668,-12.0714758],[-77.0803752,-12.0714943],[-77.0803297,-12.071279],[-77.0802805,-12.0712696],[-77.0802706,-12.0712697],[-77.0802633,-12.0712726],[-77.0802589,-12.0712788],[-77.0802598,-12.0712931],[-77.0802197,-12.0713012]]]},"properties":{"feature_id":"osm-way-183922766","altura_m":9.6,"building":"university","nombre":"Física"}},{"type":"Feature","id":"osm-way-183924285","geometry":{"type":"Polygon","coordinates":[[[-77.0822561,-12.0719683],[-77.0821878,-12.0719881],[-77.082108,-12.0717259],[-77.0821764,-12.071706],[-77.0822561,-12.0719683]]]},"properties":{"feature_id":"osm-way-183924285","altura_m":3.2,"building":"university","nombre":""}},{"type":"Feature","id":"osm-way-183924286","geometry":{"type":"Polygon","coordinates":[[[-77.0823456,-12.0719555],[-77.08222,-12.0719889],[-77.0822887,-12.0722354],[-77.0824143,-12.0722019],[-77.0823456,-12.0719555]]]},"properties":{"feature_id":"osm-way-183924286","altura_m":6.0,"building":"university","nombre":"Instituto Corrosión y Protección"}},{"type":"Feature","id":"osm-way-183924860","geometry":{"type":"Polygon","coordinates":[[[-77.0802766,-12.0698797],[-77.0801042,-12.0698937],[-77.0800962,-12.069796],[-77.0802023,-12.0697878],[-77.0802432,-12.0697386],[-77.0802386,-12.0696358],[-77.0803495,-12.0696309],[-77.0803569,-12.069783],[-77.0802766,-12.0698797]]]},"properties":{"feature_id":"osm-way-183924860","altura_m":5.0,"building":"university","nombre":"Auditorio Juan Pablo II"}},{"type":"Feature","id":"osm-way-183925517","geometry":{"type":"Polygon","coordinates":[[[-77.0790658,-12.0710499],[-77.0788131,-12.0711029],[-77.0788426,-12.07123],[-77.0790889,-12.0711736],[-77.0790658,-12.0710499]]]},"properties":{"feature_id":"osm-way-183925517","altura_m":6.4,"building":"university","nombre":"Facultad de Contabilidad y Administracion"}},{"type":"Feature","id":"osm-way-201423242","geometry":{"type":"Polygon","coordinates":[[[-77.0791994,-12.075151],[-77.0788106,-12.0752374],[-77.0788352,-12.0753435],[-77.0792241,-12.075257],[-77.0791994,-12.075151]]]},"properties":{"feature_id":"osm-way-201423242","altura_m":24.0,"building":"yes","nombre":""}},{"type":"Feature","id":"osm-way-225365961","geometry":{"type":"Polygon","coordinates":[[[-77.0821051,-12.0748636],[-77.081633,-12.0749068],[-77.0816505,-12.0754563],[-77.0821494,-12.0754183],[-77.0821051,-12.0748636]]]},"properties":{"feature_id":"osm-way-225365961","altura_m":8.0,"building":"yes","nombre":"Centro Comercial Shopping Center San Miguel"}},{"type":"Feature","id":"osm-way-225365962","geometry":{"type":"Polygon","coordinates":[[[-77.0840712,-12.0756188],[-77.0831761,-12.0756995],[-77.0831743,-12.0759677],[-77.0836653,-12.0759361],[-77.0839701,-12.0759175],[-77.0841328,-12.0759023],[-77.0841067,-12.0757466],[-77.0840712,-12.0756188]]]},"properties":{"feature_id":"osm-way-225365962","altura_m":12.0,"building":"yes","nombre":"Cineplanet"}},{"type":"Feature","id":"osm-way-225365963","geometry":{"type":"Polygon","coordinates":[[[-77.0829393,-12.0757402],[-77.0823706,-12.0757796],[-77.0823948,-12.0760183],[-77.0826636,-12.0759969],[-77.0829554,-12.0759737],[-77.0829393,-12.0757402]]]},"properties":{"feature_id":"osm-way-225365963","altura_m":8.0,"building":"yes","nombre":"Boulevard Plaza San Miguel"}},{"type":"Feature","id":"osm-way-225365964","geometry":{"type":"Polygon","coordinates":[[[-77.0821825,-12.0760328],[-77.0821622,-12.0757516],[-77.0814636,-12.0758],[-77.081484,-12.0760811],[-77.0816091,-12.0760725],[-77.0821825,-12.0760328]]]},"properties":{"feature_id":"osm-way-225365964","altura_m":8.0,"building":"yes","nombre":"Coney Park"}},{"type":"Feature","id":"osm-way-225365965","geometry":{"type":"Polygon","coordinates":[[[-77.0814237,-12.0758133],[-77.0810564,-12.075832],[-77.0807027,-12.0759943],[-77.0806925,-12.0760263],[-77.0807771,-12.0762253],[-77.0808246,-12.0762592],[-77.0810461,-12.0762042],[-77.081101,-12.0761921],[-77.081438,-12.0761276],[-77.0814588,-12.0761126],[-77.0814421,-12.0758243],[-77.0814237,-12.0758133]]]},"properties":{"feature_id":"osm-way-225365965","altura_m":8.0,"building":"yes","nombre":"Centro de Convenciones Plaza San Miguel"}},{"type":"Feature","id":"osm-way-225365966","geometry":{"type":"Polygon","coordinates":[[[-77.0802113,-12.0770358],[-77.0806309,-12.0769866],[-77.0802004,-12.0760108],[-77.0800951,-12.0758223],[-77.0797592,-12.0759536],[-77.0802113,-12.0770358]]]},"properties":{"feature_id":"osm-way-225365966","altura_m":8.0,"building":"yes","nombre":"Maestro"}},{"type":"Feature","id":"osm-way-293493224","geometry":{"type":"Polygon","coordinates":[[[-77.0825793,-12.0680494],[-77.0823827,-12.0680727],[-77.0819777,-12.0681225],[-77.0819932,-12.0682431],[-77.0820676,-12.0682339],[-77.082103,-12.0685093],[-77.0821364,-12.068765],[-77.0821482,-12.0688545],[-77.0822494,-12.0688417],[-77.0823752,-12.0688265],[-77.0824664,-12.0688159],[-77.0826709,-12.0687917],[-77.0826486,-12.0686114],[-77.082637,-12.0685151],[-77.0825793,-12.0680494]]]},"properties":{"feature_id":"osm-way-293493224","altura_m":10.0,"building":"yes","nombre":""}},{"type":"Feature","id":"osm-way-294594368","geometry":{"type":"Polygon","coordinates":[[[-77.0825165,-12.0691232],[-77.0820284,-12.0691862],[-77.0820552,-12.0692701],[-77.0825219,-12.0692255],[-77.0825165,-12.0691232]]]},"properties":{"feature_id":"osm-way-294594368","altura_m":8.0,"building":"yes","nombre":""}},{"type":"Feature","id":"osm-way-294594369","geometry":{"type":"Polygon","coordinates":[[[-77.0834133,-12.0675877],[-77.0835294,-12.0675708],[-77.0835613,-12.0675661],[-77.0835568,-12.0675078],[-77.0834309,-12.0675099],[-77.083389,-12.0674689],[-77.0833735,-12.0673112],[-77.0833249,-12.0673155],[-77.0834221,-12.068009],[-77.0834617,-12.0680339],[-77.0834638,-12.068036],[-77.0834906,-12.0680522],[-77.0835546,-12.0680241],[-77.083548,-12.067983],[-77.083495,-12.067996],[-77.0834781,-12.0679858],[-77.0834596,-12.0679744],[-77.0834133,-12.0675877]]]},"properties":{"feature_id":"osm-way-294594369","altura_m":4.0,"building":"yes","nombre":""}},{"type":"Feature","id":"osm-way-294594370","geometry":{"type":"Polygon","coordinates":[[[-77.0834906,-12.0680522],[-77.0834638,-12.068036],[-77.0834617,-12.0680339],[-77.0834464,-12.0680608],[-77.0834663,-12.068091],[-77.0834685,-12.0681926],[-77.0834353,-12.0682077],[-77.0834596,-12.0684345],[-77.0835325,-12.0684648],[-77.0837269,-12.0684302],[-77.0837689,-12.0683287],[-77.0837517,-12.0683242],[-77.0837359,-12.0683197],[-77.083685,-12.0684043],[-77.083654,-12.0684151],[-77.0836231,-12.068387],[-77.0835834,-12.0684064],[-77.0835591,-12.0684345],[-77.0835303,-12.0684388],[-77.0834972,-12.0684043],[-77.0834928,-12.0683416],[-77.0835193,-12.0683416],[-77.0835127,-12.0682639],[-77.0834773,-12.0682703],[-77.0834773,-12.068225],[-77.0835127,-12.0681775],[-77.0834906,-12.0680522]]]},"properties":{"feature_id":"osm-way-294594370","altura_m":8.0,"building":"roof","nombre":""}},{"type":"Feature","id":"osm-way-294596343","geometry":{"type":"Polygon","coordinates":[[[-77.0819377,-12.0681267],[-77.081835,-12.0681402],[-77.0818543,-12.0682796],[-77.0819568,-12.0682661],[-77.0819496,-12.0682139],[-77.0819748,-12.0682105],[-77.0819685,-12.0681647],[-77.0819329,-12.0681597],[-77.0819377,-12.0681267]]]},"properties":{"feature_id":"osm-way-294596343","altura_m":8.0,"building":"yes","nombre":""}},{"type":"Feature","id":"osm-way-294597757","geometry":{"type":"Polygon","coordinates":[[[-77.0821054,-12.0729522],[-77.0819476,-12.0730063],[-77.0819244,-12.0729974],[-77.0818841,-12.0729821],[-77.0818532,-12.073038],[-77.0815436,-12.0731456],[-77.0815895,-12.073272],[-77.0816255,-12.0732595],[-77.0816394,-12.0732976],[-77.0821639,-12.0731153],[-77.0821602,-12.0731052],[-77.0822169,-12.0730855],[-77.0821946,-12.073024],[-77.082175,-12.0729958],[-77.0821507,-12.0729548],[-77.0821114,-12.0729687],[-77.0821054,-12.0729522]]]},"properties":{"feature_id":"osm-way-294597757","altura_m":10.0,"building":"university","nombre":"Pabellón V - Sección Electrónica, Informática y Telecomunicaciones"}},{"type":"Feature","id":"osm-way-294597759","geometry":{"type":"Polygon","coordinates":[[[-77.0816411,-12.0728432],[-77.0815927,-12.0728584],[-77.0815881,-12.0728445],[-77.0815515,-12.0728561],[-77.0815937,-12.072984],[-77.0816787,-12.0729572],[-77.0816411,-12.0728432]]]},"properties":{"feature_id":"osm-way-294597759","altura_m":8.0,"building":"yes","nombre":""}},{"type":"Feature","id":"osm-way-294597760","geometry":{"type":"Polygon","coordinates":[[[-77.0804336,-12.072589],[-77.0803376,-12.0726089],[-77.0803888,-12.0728452],[-77.0804848,-12.0728253],[-77.0804336,-12.072589]]]},"properties":{"feature_id":"osm-way-294597760","altura_m":8.0,"building":"university","nombre":"Departamento de Arquitectura"}},{"type":"Feature","id":"osm-way-294597765","geometry":{"type":"Polygon","coordinates":[[[-77.0816333,-12.0718761],[-77.0814362,-12.0719304],[-77.0814659,-12.0720336],[-77.0815036,-12.0720233],[-77.0815108,-12.0720482],[-77.0814771,-12.0720586],[-77.0814698,-12.0720639],[-77.0814651,-12.0720715],[-77.0814637,-12.0720802],[-77.0814658,-12.0720889],[-77.0814712,-12.072096],[-77.0814789,-12.0721006],[-77.0814879,-12.072102],[-77.0815119,-12.0720966],[-77.0815643,-12.0722774],[-77.0814582,-12.0723066],[-77.0815149,-12.0725034],[-77.0816547,-12.0724649],[-77.0816466,-12.0724365],[-77.0817838,-12.0723988],[-77.0816333,-12.0718761]]]},"properties":{"feature_id":"osm-way-294597765","altura_m":9.6,"building":"university","nombre":"Sección Ingeniería de Minas"}},{"type":"Feature","id":"osm-way-294599426","geometry":{"type":"Polygon","coordinates":[[[-77.0809839,-12.0681879],[-77.0808411,-12.0681865],[-77.0808383,-12.0684581],[-77.0808946,-12.0684587],[-77.0808938,-12.0685372],[-77.0809586,-12.0685378],[-77.080959,-12.0685016],[-77.0810167,-12.0685022],[-77.0810171,-12.0684549],[-77.0809813,-12.0684546],[-77.0809833,-12.0682477],[-77.0809839,-12.0681879]]]},"properties":{"feature_id":"osm-way-294599426","altura_m":8.0,"building":"university","nombre":"Estudio de Tv"}},{"type":"Feature","id":"osm-way-294599428","geometry":{"type":"Polygon","coordinates":[[[-77.0811268,-12.0681881],[-77.0809839,-12.0681879],[-77.0809833,-12.0682477],[-77.0811265,-12.0682483],[-77.0811268,-12.0681881]]]},"properties":{"feature_id":"osm-way-294599428","altura_m":8.0,"building":"university","nombre":""}},{"type":"Feature","id":"osm-way-294599429","geometry":{"type":"Polygon","coordinates":[[[-77.0807568,-12.0682402],[-77.080674,-12.0682393],[-77.0806727,-12.0682638],[-77.0806591,-12.0682764],[-77.080575,-12.068276],[-77.0805769,-12.0681017],[-77.0806476,-12.0681024],[-77.0806483,-12.0680398],[-77.0805653,-12.0680392],[-77.0805639,-12.0680199],[-77.0805575,-12.0680003],[-77.080544,-12.0679814],[-77.0805311,-12.0679711],[-77.0804495,-12.0680376],[-77.0804488,-12.0680974],[-77.0804763,-12.0680977],[-77.0804766,-12.0681402],[-77.0804453,-12.0681688],[-77.0804438,-12.0682774],[-77.0804782,-12.0682774],[-77.0804778,-12.0683149],[-77.0804934,-12.068315],[-77.0804929,-12.0683528],[-77.0805111,-12.068353],[-77.0805105,-12.0684101],[-77.0806226,-12.0684113],[-77.0806234,-12.0683405],[-77.080591,-12.0683401],[-77.0805913,-12.0683144],[-77.0807397,-12.0683159],[-77.08074,-12.0682892],[-77.0807562,-12.0682894],[-77.0807568,-12.0682402]]]},"properties":{"feature_id":"osm-way-294599429","altura_m":8.0,"building":"university","nombre":"Facultad de Psicología"}},{"type":"Feature","id":"osm-way-294600389","geometry":{"type":"Polygon","coordinates":[[[-77.0807036,-12.069381],[-77.0807081,-12.0694343],[-77.0806747,-12.0694625],[-77.0806374,-12.0694397],[-77.0806341,-12.0693864],[-77.080666,-12.069354],[-77.0807036,-12.069381]]]},"properties":{"feature_id":"osm-way-294600389","altura_m":8.0,"building":"university","nombre":""}},{"type":"Feature","id":"osm-way-294600390","geometry":{"type":"Polygon","coordinates":[[[-77.0806125,-12.0694023],[-77.0805337,-12.0694074],[-77.0805385,-12.0694781],[-77.0805025,-12.0695218],[-77.0805071,-12.0695898],[-77.0805953,-12.0695842],[-77.0805931,-12.0695519],[-77.0806224,-12.06955],[-77.0806125,-12.0694023]]]},"properties":{"feature_id":"osm-way-294600390","altura_m":8.0,"building":"university","nombre":""}},{"type":"Feature","id":"osm-way-294600395","geometry":{"type":"Polygon","coordinates":[[[-77.0807728,-12.0684826],[-77.0804574,-12.0684796],[-77.0804563,-12.0685936],[-77.0804117,-12.0685932],[-77.0804115,-12.0686128],[-77.0803779,-12.0686125],[-77.0803766,-12.0687457],[-77.0805172,-12.068747],[-77.0805168,-12.0687835],[-77.0805875,-12.0687842],[-77.0805877,-12.0687651],[-77.0806863,-12.0687661],[-77.0806872,-12.0686831],[-77.0805616,-12.0686819],[-77.0805619,-12.0686562],[-77.0807711,-12.0686582],[-77.0807728,-12.0684826]]]},"properties":{"feature_id":"osm-way-294600395","altura_m":8.0,"building":"university","nombre":"Facultad de Ciencias y Artes de la Comunicación"}},{"type":"Feature","id":"osm-way-294600397","geometry":{"type":"Polygon","coordinates":[[[-77.0803942,-12.0679497],[-77.0802285,-12.067946],[-77.0802117,-12.0679635],[-77.0801366,-12.0679635],[-77.0801136,-12.0679429],[-77.0800088,-12.0679406],[-77.0800074,-12.0680046],[-77.0799832,-12.0680246],[-77.0799825,-12.0680545],[-77.0801241,-12.0680576],[-77.0801245,-12.0680413],[-77.080147,-12.0680418],[-77.0801466,-12.0680581],[-77.0802824,-12.0680611],[-77.0802828,-12.0680448],[-77.0803144,-12.0680455],[-77.080314,-12.0680618],[-77.0804208,-12.0680642],[-77.0804219,-12.068013],[-77.0803928,-12.0680124],[-77.0803942,-12.0679497]]]},"properties":{"feature_id":"osm-way-294600397","altura_m":8.0,"building":"university","nombre":""}},{"type":"Feature","id":"osm-way-294600401","geometry":{"type":"Polygon","coordinates":[[[-77.0786463,-12.0668933],[-77.078649,-12.0667307],[-77.0786494,-12.0667097],[-77.0785567,-12.0667082],[-77.0785563,-12.066729],[-77.0785511,-12.0670379],[-77.0796025,-12.0670549],[-77.079605,-12.0669088],[-77.079561,-12.0669081],[-77.0792847,-12.0669036],[-77.079018,-12.0668993],[-77.0786463,-12.0668933]]]},"properties":{"feature_id":"osm-way-294600401","altura_m":8.0,"building":"university","nombre":""}},{"type":"Feature","id":"osm-way-294600409","geometry":{"type":"Polygon","coordinates":[[[-77.0793862,-12.067302],[-77.079338,-12.0673019],[-77.0793381,-12.0672784],[-77.0792913,-12.0672782],[-77.0792909,-12.0674402],[-77.0792721,-12.0674401],[-77.079272,-12.0674827],[-77.0793467,-12.0674828],[-77.0793588,-12.06747],[-77.0793699,-12.06747],[-77.0793858,-12.0674548],[-77.0793862,-12.067302]]]},"properties":{"feature_id":"osm-way-294600409","altura_m":8.0,"building":"university","nombre":"Departamento de Educación"}},{"type":"Feature","id":"osm-way-294600601","geometry":{"type":"Polygon","coordinates":[[[-77.0798412,-12.0725545],[-77.0792071,-12.0726979],[-77.0792436,-12.072852],[-77.0793553,-12.0728268],[-77.079343,-12.072775],[-77.0797505,-12.0726828],[-77.0797634,-12.0727372],[-77.0798783,-12.0727112],[-77.0798412,-12.0725545]]]},"properties":{"feature_id":"osm-way-294600601","altura_m":21.0,"building":"university","nombre":"Pabellón A"}},{"type":"Feature","id":"osm-way-294601873","geometry":{"type":"Polygon","coordinates":[[[-77.0786293,-12.065555],[-77.0784666,-12.0655167],[-77.0784209,-12.0657028],[-77.0785836,-12.065741],[-77.0786293,-12.065555]]]},"properties":{"feature_id":"osm-way-294601873","altura_m":8.0,"building":"university","nombre":"Artes Escénicas"}},{"type":"Feature","id":"osm-way-294601876","geometry":{"type":"Polygon","coordinates":[[[-77.0797552,-12.065861],[-77.079712,-12.0658502],[-77.0797233,-12.0658066],[-77.0796318,-12.0657838],[-77.0796359,-12.065768],[-77.0795222,-12.0657397],[-77.0794773,-12.0659121],[-77.0795823,-12.0659383],[-77.0795639,-12.0660087],[-77.0795777,-12.0660121],[-77.0795131,-12.06626],[-77.0795832,-12.0662775],[-77.079642,-12.0660522],[-77.0797015,-12.066067],[-77.0797552,-12.065861]]]},"properties":{"feature_id":"osm-way-294601876","altura_m":8.0,"building":"sports_hall","nombre":""}},{"type":"Feature","id":"osm-way-294601880","geometry":{"type":"Polygon","coordinates":[[[-77.0795407,-12.0667781],[-77.0794173,-12.0667773],[-77.0794164,-12.0669002],[-77.0795398,-12.0669011],[-77.0795407,-12.0667781]]]},"properties":{"feature_id":"osm-way-294601880","altura_m":8.0,"building":"university","nombre":""}},{"type":"Feature","id":"osm-way-294601881","geometry":{"type":"Polygon","coordinates":[[[-77.0792686,-12.066776],[-77.0791482,-12.0667751],[-77.0791473,-12.066898],[-77.0792677,-12.0668989],[-77.0792686,-12.066776]]]},"properties":{"feature_id":"osm-way-294601881","altura_m":8.0,"building":"university","nombre":""}},{"type":"Feature","id":"osm-way-294601888","geometry":{"type":"Polygon","coordinates":[[[-77.0795769,-12.0680754],[-77.079558,-12.0683373],[-77.0794658,-12.068331],[-77.0794775,-12.0681683],[-77.0793316,-12.0681583],[-77.0793038,-12.0685442],[-77.0792147,-12.068547],[-77.0792571,-12.0680208],[-77.0792962,-12.0680235],[-77.0792938,-12.0680559],[-77.0795769,-12.0680754]]]},"properties":{"feature_id":"osm-way-294601888","altura_m":8.0,"building":"university","nombre":"Tinkuy"}},{"type":"Feature","id":"osm-way-294602558","geometry":{"type":"Polygon","coordinates":[[[-77.0819929,-12.06881],[-77.0819708,-12.0688251],[-77.0819664,-12.0689828],[-77.0820525,-12.0689655],[-77.0820525,-12.0689374],[-77.0820017,-12.068918],[-77.0819929,-12.06881]]]},"properties":{"feature_id":"osm-way-294602558","altura_m":8.0,"building":"retail","nombre":"Entrada"}},{"type":"Feature","id":"osm-way-304722739","geometry":{"type":"Polygon","coordinates":[[[-77.0807029,-12.0662669],[-77.0805873,-12.0662633],[-77.0805805,-12.066473],[-77.0806961,-12.0664766],[-77.0807029,-12.0662669]]]},"properties":{"feature_id":"osm-way-304722739","altura_m":3.2,"building":"yes","nombre":""}},{"type":"Feature","id":"osm-way-304722742","geometry":{"type":"Polygon","coordinates":[[[-77.0810836,-12.0687949],[-77.081082,-12.0686989],[-77.080853,-12.0687025],[-77.0808542,-12.0687764],[-77.080812,-12.0687771],[-77.0808129,-12.0688369],[-77.0810649,-12.068833],[-77.0810643,-12.0687952],[-77.0810836,-12.0687949]]]},"properties":{"feature_id":"osm-way-304722742","altura_m":4.0,"building":"university","nombre":"CFCOM"}},{"type":"Feature","id":"osm-way-304722759","geometry":{"type":"Polygon","coordinates":[[[-77.0799694,-12.0682331],[-77.0799062,-12.0682331],[-77.079843,-12.0682331],[-77.079843,-12.0682717],[-77.0797213,-12.0682716],[-77.0797213,-12.0684315],[-77.0798057,-12.0684315],[-77.0798057,-12.0685357],[-77.0799958,-12.0685357],[-77.0800975,-12.0684317],[-77.0800975,-12.0683964],[-77.0799694,-12.0683963],[-77.0799694,-12.0682331]]]},"properties":{"feature_id":"osm-way-304722759","altura_m":8.0,"building":"university","nombre":"Cafetería de Letras"}},{"type":"Feature","id":"osm-way-316316386","geometry":{"type":"Polygon","coordinates":[[[-77.0843761,-12.0695387],[-77.0847237,-12.0694742],[-77.0848693,-12.0694913],[-77.0848537,-12.0695938],[-77.0847761,-12.0695919],[-77.0847741,-12.0696849],[-77.0844887,-12.0697172],[-77.084479,-12.0696811],[-77.0845043,-12.0696507],[-77.0847314,-12.0696147],[-77.0847877,-12.0695596],[-77.0847877,-12.0695197],[-77.0847198,-12.0695273],[-77.0843878,-12.0695862],[-77.0843761,-12.0695387]]]},"properties":{"feature_id":"osm-way-316316386","altura_m":3.2,"building":"yes","nombre":"Aves"}},{"type":"Feature","id":"osm-way-316316392","geometry":{"type":"Polygon","coordinates":[[[-77.083633,-12.0672566],[-77.0835921,-12.0672496],[-77.083595,-12.0672153],[-77.0835756,-12.0671831],[-77.0835458,-12.0671639],[-77.0835168,-12.0671618],[-77.0834902,-12.0671679],[-77.0834591,-12.0671907],[-77.0834455,-12.0672286],[-77.0834489,-12.0672497],[-77.0834591,-12.0672647],[-77.0834266,-12.0672835],[-77.0834125,-12.0672625],[-77.0834086,-12.0672362],[-77.0834106,-12.0671945],[-77.0834331,-12.0671557],[-77.0834582,-12.0671355],[-77.0834984,-12.067121],[-77.083534,-12.0671209],[-77.0835711,-12.0671286],[-77.0836067,-12.0671508],[-77.083628,-12.0671812],[-77.0836377,-12.0672248],[-77.083633,-12.0672566]]]},"properties":{"feature_id":"osm-way-316316392","altura_m":3.2,"building":"yes","nombre":"Felinos Pequeños"}},{"type":"Feature","id":"osm-way-316316400","geometry":{"type":"Polygon","coordinates":[[[-77.0848037,-12.0691676],[-77.0851298,-12.0691906],[-77.0851683,-12.0692763],[-77.0851642,-12.0693314],[-77.0847936,-12.0693053],[-77.0848037,-12.0691676]]]},"properties":{"feature_id":"osm-way-316316400","altura_m":3.2,"building":"hall","nombre":"Museo Kalinowski"}},{"type":"Feature","id":"osm-way-316316410","geometry":{"type":"Polygon","coordinates":[[[-77.0837815,-12.0682511],[-77.0837973,-12.0682664],[-77.0838015,-12.0682832],[-77.0838022,-12.068289],[-77.0837908,-12.068313],[-77.0837635,-12.0683246],[-77.0837531,-12.0683218],[-77.0837414,-12.0683188],[-77.0837244,-12.0682977],[-77.0837262,-12.0682688],[-77.083744,-12.0682507],[-77.0837608,-12.0682463],[-77.0837815,-12.0682511]]]},"properties":{"feature_id":"osm-way-316316410","altura_m":3.2,"building":"hut","nombre":""}},{"type":"Feature","id":"osm-way-316316411","geometry":{"type":"Polygon","coordinates":[[[-77.0838925,-12.0672246],[-77.0839083,-12.0672399],[-77.0839131,-12.0672625],[-77.0839017,-12.0672865],[-77.0838744,-12.0672981],[-77.0838523,-12.0672923],[-77.0838353,-12.0672712],[-77.0838371,-12.0672423],[-77.0838549,-12.0672242],[-77.0838717,-12.0672199],[-77.0838925,-12.0672246]]]},"properties":{"feature_id":"osm-way-316316411","altura_m":3.2,"building":"hut","nombre":""}},{"type":"Feature","id":"osm-way-316316413","geometry":{"type":"Polygon","coordinates":[[[-77.0856055,-12.0673772],[-77.0854862,-12.0673529],[-77.0854982,-12.0672967],[-77.0856175,-12.0673211],[-77.0856055,-12.0673772]]]},"properties":{"feature_id":"osm-way-316316413","altura_m":3.2,"building":"yes","nombre":""}},{"type":"Feature","id":"osm-way-332988008","geometry":{"type":"Polygon","coordinates":[[[-77.0828006,-12.072578],[-77.0828454,-12.0727092],[-77.0823885,-12.0728587],[-77.0823448,-12.072731],[-77.0823126,-12.0727415],[-77.0823044,-12.0727173],[-77.0823998,-12.0726861],[-77.0824069,-12.0727068],[-77.0828006,-12.072578]]]},"properties":{"feature_id":"osm-way-332988008","altura_m":8.0,"building":"university","nombre":"Pabellón O"}},{"type":"Feature","id":"osm-way-387031737","geometry":{"type":"Polygon","coordinates":[[[-77.0756616,-12.0719656],[-77.0756831,-12.072063],[-77.0754967,-12.0721024],[-77.0754752,-12.0720049],[-77.0756616,-12.0719656]]]},"properties":{"feature_id":"osm-way-387031737","altura_m":8.0,"building":"yes","nombre":""}},{"type":"Feature","id":"osm-way-387031738","geometry":{"type":"Polygon","coordinates":[[[-77.0757578,-12.0721509],[-77.0757954,-12.0723215],[-77.0753471,-12.0724161],[-77.0753094,-12.0722455],[-77.0757578,-12.0721509]]]},"properties":{"feature_id":"osm-way-387031738","altura_m":8.0,"building":"yes","nombre":""}},{"type":"Feature","id":"osm-way-387031741","geometry":{"type":"Polygon","coordinates":[[[-77.0786596,-12.0677447],[-77.0786576,-12.0678964],[-77.078125,-12.0678897],[-77.0781261,-12.0678091],[-77.0781821,-12.0678098],[-77.0781862,-12.0674968],[-77.0782924,-12.0674982],[-77.0783102,-12.0675204],[-77.0783091,-12.0676075],[-77.0782891,-12.0676291],[-77.0782626,-12.0676288],[-77.0782611,-12.0677397],[-77.0786596,-12.0677447]]]},"properties":{"feature_id":"osm-way-387031741","altura_m":8.0,"building":"university","nombre":"Edificio Oficinas Administrativas"}},{"type":"Feature","id":"osm-way-387031751","geometry":{"type":"Polygon","coordinates":[[[-77.0803376,-12.0726089],[-77.0803888,-12.0728452],[-77.0802814,-12.0728675],[-77.0802302,-12.0726312],[-77.0803376,-12.0726089]]]},"properties":{"feature_id":"osm-way-387031751","altura_m":8.0,"building":"university","nombre":"Laboratorio de hidraulica"}},{"type":"Feature","id":"osm-way-387031752","geometry":{"type":"Polygon","coordinates":[[[-77.0802302,-12.0726312],[-77.0802814,-12.0728675],[-77.0801762,-12.0728893],[-77.080125,-12.072653],[-77.0802302,-12.0726312]]]},"properties":{"feature_id":"osm-way-387031752","altura_m":8.0,"building":"university","nombre":"Laboratorio de Mecánica de Suelos"}},{"type":"Feature","id":"osm-way-387031753","geometry":{"type":"Polygon","coordinates":[[[-77.080125,-12.072653],[-77.0801762,-12.0728893],[-77.0801053,-12.072904],[-77.0800541,-12.0726677],[-77.080125,-12.072653]]]},"properties":{"feature_id":"osm-way-387031753","altura_m":8.0,"building":"university","nombre":""}},{"type":"Feature","id":"osm-way-387031755","geometry":{"type":"Polygon","coordinates":[[[-77.0818092,-12.0714377],[-77.0817741,-12.0713169],[-77.0818331,-12.0713004],[-77.0818683,-12.0714212],[-77.0819486,-12.0713988],[-77.0819802,-12.0715071],[-77.081952,-12.071515],[-77.0819761,-12.0715977],[-77.081552,-12.0717159],[-77.0815592,-12.0717406],[-77.0814937,-12.0717588],[-77.0814868,-12.0717352],[-77.0812072,-12.071813],[-77.0811799,-12.0717192],[-77.0814296,-12.0716496],[-77.0813972,-12.0715386],[-77.0814465,-12.0715249],[-77.0814502,-12.0715378],[-77.08148,-12.0715295],[-77.0814625,-12.0714693],[-77.0815659,-12.0714405],[-77.081504,-12.0712279],[-77.0816763,-12.0711799],[-77.0817219,-12.0713365],[-77.0815834,-12.0713751],[-77.0816172,-12.0714912],[-77.0818092,-12.0714377]]]},"properties":{"feature_id":"osm-way-387031755","altura_m":8.0,"building":"university","nombre":"Sección Ingeniería Civil"}},{"type":"Feature","id":"osm-way-387031757","geometry":{"type":"Polygon","coordinates":[[[-77.0792386,-12.0675297],[-77.0792359,-12.0677308],[-77.0790342,-12.0677282],[-77.0790369,-12.0675271],[-77.0792386,-12.0675297]]]},"properties":{"feature_id":"osm-way-387031757","altura_m":8.0,"building":"university","nombre":"CISE"}},{"type":"Feature","id":"osm-way-387031758","geometry":{"type":"Polygon","coordinates":[[[-77.0794905,-12.0673014],[-77.0794856,-12.067471],[-77.0795153,-12.0674718],[-77.0795147,-12.0674941],[-77.079538,-12.0674948],[-77.0795367,-12.0675409],[-77.0795127,-12.0675403],[-77.079512,-12.0675649],[-77.0795285,-12.0675653],[-77.0795274,-12.0676032],[-77.0794262,-12.0676004],[-77.0794267,-12.067585],[-77.079369,-12.0675834],[-77.0793706,-12.0675273],[-77.0794152,-12.0675285],[-77.0794218,-12.0672995],[-77.0794905,-12.0673014]]]},"properties":{"feature_id":"osm-way-387031758","altura_m":8.0,"building":"university","nombre":"Facultad de Educación"}},{"type":"Feature","id":"osm-way-387031759","geometry":{"type":"Polygon","coordinates":[[[-77.0795823,-12.0659383],[-77.0795639,-12.0660087],[-77.0795054,-12.0662331],[-77.0794004,-12.0662069],[-77.0794773,-12.0659121],[-77.0795823,-12.0659383]]]},"properties":{"feature_id":"osm-way-387031759","altura_m":8.0,"building":"university","nombre":"CEMDUC"}},{"type":"Feature","id":"osm-way-387031763","geometry":{"type":"Polygon","coordinates":[[[-77.0781324,-12.0744538],[-77.078146,-12.0745212],[-77.0781629,-12.0746041],[-77.0781776,-12.0746763],[-77.0781796,-12.074686],[-77.0781309,-12.0746955],[-77.0781551,-12.074814],[-77.0778662,-12.0748701],[-77.0778526,-12.0748028],[-77.0779202,-12.0747897],[-77.0779123,-12.0747509],[-77.0778927,-12.0746546],[-77.0778818,-12.0746006],[-77.0778644,-12.0745148],[-77.0778626,-12.0745063],[-77.0781324,-12.0744538]]]},"properties":{"feature_id":"osm-way-387031763","altura_m":8.0,"building":"yes","nombre":""}},{"type":"Feature","id":"osm-way-387031768","geometry":{"type":"Polygon","coordinates":[[[-77.0779814,-12.0713238],[-77.0780149,-12.0715205],[-77.0777024,-12.07159],[-77.0773604,-12.0716031],[-77.0773256,-12.0714641],[-77.0779814,-12.0713238]]]},"properties":{"feature_id":"osm-way-387031768","altura_m":8.0,"building":"yes","nombre":""}},{"type":"Feature","id":"osm-way-387071619","geometry":{"type":"Polygon","coordinates":[[[-77.0771773,-12.0721985],[-77.0772485,-12.0727679],[-77.0771402,-12.0727809],[-77.0770689,-12.0722114],[-77.0771773,-12.0721985]]]},"properties":{"feature_id":"osm-way-387071619","altura_m":8.0,"building":"yes","nombre":""}},{"type":"Feature","id":"osm-way-387071620","geometry":{"type":"Polygon","coordinates":[[[-77.078076,-12.0730419],[-77.0775662,-12.0731109],[-77.0776236,-12.0735167],[-77.0781334,-12.0734477],[-77.078076,-12.0730419]]]},"properties":{"feature_id":"osm-way-387071620","altura_m":8.0,"building":"yes","nombre":""}},{"type":"Feature","id":"osm-way-387071629","geometry":{"type":"Polygon","coordinates":[[[-77.0796203,-12.0685375],[-77.0796055,-12.0685381],[-77.0795343,-12.068541],[-77.0795329,-12.0685068],[-77.0794981,-12.0685082],[-77.0794778,-12.068509],[-77.0794758,-12.0684608],[-77.0793564,-12.0684657],[-77.0793611,-12.0685761],[-77.0793834,-12.0685752],[-77.0793842,-12.0685942],[-77.0794038,-12.0685934],[-77.0794047,-12.0686144],[-77.0794429,-12.0686128],[-77.0794438,-12.0686343],[-77.0795195,-12.0686312],[-77.0795185,-12.0686075],[-77.0795268,-12.0685989],[-77.0795368,-12.0685872],[-77.0795485,-12.0685644],[-77.0796214,-12.0685614],[-77.0796203,-12.0685375]]]},"properties":{"feature_id":"osm-way-387071629","altura_m":8.0,"building":"yes","nombre":""}},{"type":"Feature","id":"osm-way-387071630","geometry":{"type":"Polygon","coordinates":[[[-77.08027,-12.0681058],[-77.0802474,-12.0681055],[-77.0802478,-12.0680712],[-77.0802263,-12.0680709],[-77.0802264,-12.0680618],[-77.080145,-12.0680609],[-77.0801448,-12.0680761],[-77.0801731,-12.0680764],[-77.0801727,-12.0681108],[-77.0801564,-12.0681106],[-77.0801553,-12.0682067],[-77.0801643,-12.0682155],[-77.0801998,-12.0682159],[-77.080197,-12.0684576],[-77.0802519,-12.068499],[-77.0802526,-12.0684354],[-77.0802675,-12.0684356],[-77.0802697,-12.0682476],[-77.0802305,-12.0682471],[-77.0802307,-12.0682318],[-77.0802685,-12.0682323],[-77.08027,-12.0681058]]]},"properties":{"feature_id":"osm-way-387071630","altura_m":8.0,"building":"university","nombre":""}},{"type":"Feature","id":"osm-way-387071632","geometry":{"type":"Polygon","coordinates":[[[-77.0810636,-12.0675908],[-77.0810608,-12.0677743],[-77.0809796,-12.0677731],[-77.0809824,-12.0675897],[-77.0810636,-12.0675908]]]},"properties":{"feature_id":"osm-way-387071632","altura_m":8.0,"building":"yes","nombre":"Arqueología"}},{"type":"Feature","id":"osm-way-387071633","geometry":{"type":"Polygon","coordinates":[[[-77.0811561,-12.0677921],[-77.0811551,-12.0678616],[-77.0810237,-12.0678597],[-77.0810247,-12.0677902],[-77.0811561,-12.0677921]]]},"properties":{"feature_id":"osm-way-387071633","altura_m":8.0,"building":"yes","nombre":""}},{"type":"Feature","id":"osm-way-387071634","geometry":{"type":"Polygon","coordinates":[[[-77.0809697,-12.0678168],[-77.0809688,-12.0678671],[-77.080827,-12.0678646],[-77.0808279,-12.0678144],[-77.0809697,-12.0678168]]]},"properties":{"feature_id":"osm-way-387071634","altura_m":8.0,"building":"yes","nombre":""}},{"type":"Feature","id":"osm-way-387071636","geometry":{"type":"Polygon","coordinates":[[[-77.0807886,-12.0672413],[-77.0807867,-12.0673206],[-77.0807412,-12.0673195],[-77.0807431,-12.0672403],[-77.0807886,-12.0672413]]]},"properties":{"feature_id":"osm-way-387071636","altura_m":8.0,"building":"yes","nombre":""}},{"type":"Feature","id":"osm-way-387071638","geometry":{"type":"Polygon","coordinates":[[[-77.0826016,-12.0661277],[-77.0825227,-12.0661194],[-77.0825262,-12.0660876],[-77.0824464,-12.0660792],[-77.0824424,-12.0661157],[-77.082387,-12.0661099],[-77.0823787,-12.0661854],[-77.0825928,-12.0662078],[-77.0826016,-12.0661277]]]},"properties":{"feature_id":"osm-way-387071638","altura_m":8.0,"building":"yes","nombre":""}},{"type":"Feature","id":"osm-way-387071639","geometry":{"type":"Polygon","coordinates":[[[-77.0843667,-12.0672098],[-77.0843853,-12.0673324],[-77.0842415,-12.0673533],[-77.0842229,-12.0672307],[-77.0843667,-12.0672098]]]},"properties":{"feature_id":"osm-way-387071639","altura_m":8.0,"building":"yes","nombre":"Museo del Petróleo"}},{"type":"Feature","id":"osm-way-387071640","geometry":{"type":"Polygon","coordinates":[[[-77.0848733,-12.0677918],[-77.0847669,-12.0678927],[-77.0847904,-12.0679163],[-77.0848967,-12.0678155],[-77.0848733,-12.0677918]]]},"properties":{"feature_id":"osm-way-387071640","altura_m":8.0,"building":"yes","nombre":""}},{"type":"Feature","id":"osm-way-387136985","geometry":{"type":"Polygon","coordinates":[[[-77.0786677,-12.067451],[-77.0786583,-12.0677282],[-77.0783923,-12.0677197],[-77.0783972,-12.0675742],[-77.0784395,-12.0675756],[-77.078443,-12.0674727],[-77.0786218,-12.0674784],[-77.0786227,-12.0674495],[-77.0786677,-12.067451]]]},"properties":{"feature_id":"osm-way-387136985","altura_m":8.0,"building":"university","nombre":"Maestranza"}},{"type":"Feature","id":"osm-way-393067874","geometry":{"type":"Polygon","coordinates":[[[-77.083325,-12.0741742],[-77.0832208,-12.0742188],[-77.0832436,-12.0744959],[-77.0833478,-12.0745022],[-77.083325,-12.0741742]]]},"properties":{"feature_id":"osm-way-393067874","altura_m":8.0,"building":"yes","nombre":""}},{"type":"Feature","id":"osm-way-393068232","geometry":{"type":"Polygon","coordinates":[[[-77.0829443,-12.0755191],[-77.0826853,-12.0755269],[-77.0826833,-12.0755636],[-77.0826635,-12.0755655],[-77.0826616,-12.0756139],[-77.0829364,-12.0755868],[-77.0829443,-12.0755191]]]},"properties":{"feature_id":"osm-way-393068232","altura_m":8.0,"building":"yes","nombre":""}},{"type":"Feature","id":"osm-way-393068233","geometry":{"type":"Polygon","coordinates":[[[-77.0828751,-12.0752485],[-77.0826655,-12.0752485],[-77.0826537,-12.0753258],[-77.0828632,-12.0753103],[-77.0828751,-12.0752485]]]},"properties":{"feature_id":"osm-way-393068233","altura_m":8.0,"building":"yes","nombre":""}},{"type":"Feature","id":"osm-way-393068234","geometry":{"type":"Polygon","coordinates":[[[-77.0824263,-12.0748521],[-77.0823492,-12.074854],[-77.0823274,-12.0748869],[-77.0823314,-12.0750687],[-77.0824421,-12.0750551],[-77.0824263,-12.0748521]]]},"properties":{"feature_id":"osm-way-393068234","altura_m":8.0,"building":"yes","nombre":""}},{"type":"Feature","id":"osm-way-401693254","geometry":{"type":"Polygon","coordinates":[[[-77.0798634,-12.0747589],[-77.0798236,-12.0747668],[-77.0793024,-12.0741861],[-77.0794712,-12.0740835],[-77.0798634,-12.0747589]]]},"properties":{"feature_id":"osm-way-401693254","altura_m":8.0,"building":"yes","nombre":"D'Paso Shopping Center"}},{"type":"Feature","id":"osm-way-401693255","geometry":{"type":"Polygon","coordinates":[[[-77.079098,-12.0747888],[-77.0787613,-12.0748465],[-77.0787656,-12.0748657],[-77.0787453,-12.0748719],[-77.0787598,-12.0749291],[-77.0787803,-12.074927],[-77.0787858,-12.074946],[-77.079114,-12.0748766],[-77.0791693,-12.0748673],[-77.0792209,-12.0748284],[-77.0792709,-12.0747923],[-77.0792779,-12.0747247],[-77.0792605,-12.0746904],[-77.079156,-12.0747665],[-77.079098,-12.0747888]]]},"properties":{"feature_id":"osm-way-401693255","altura_m":36.0,"building":"apartments","nombre":""}},{"type":"Feature","id":"osm-way-401693256","geometry":{"type":"Polygon","coordinates":[[[-77.0792605,-12.0746904],[-77.079156,-12.0747665],[-77.0788787,-12.0744024],[-77.0786982,-12.0745339],[-77.0786518,-12.074473],[-77.0788214,-12.0743495],[-77.0785775,-12.0740295],[-77.0785542,-12.0739308],[-77.0784812,-12.0739473],[-77.0784565,-12.0738427],[-77.0785868,-12.0738133],[-77.078607,-12.0738991],[-77.0786412,-12.0738748],[-77.0792605,-12.0746904]]]},"properties":{"feature_id":"osm-way-401693256","altura_m":36.0,"building":"apartments","nombre":""}},{"type":"Feature","id":"osm-way-408906813","geometry":{"type":"Polygon","coordinates":[[[-77.077015,-12.0711319],[-77.0770606,-12.0713138],[-77.0766019,-12.0714163],[-77.0765584,-12.0711843],[-77.076594,-12.0711669],[-77.0766019,-12.071194],[-77.0766316,-12.0711882],[-77.0766336,-12.0711534],[-77.076938,-12.0710915],[-77.077015,-12.0711319]]]},"properties":{"feature_id":"osm-way-408906813","altura_m":8.0,"building":"yes","nombre":""}},{"type":"Feature","id":"osm-way-408906816","geometry":{"type":"Polygon","coordinates":[[[-77.0772801,-12.0707899],[-77.0771358,-12.0708092],[-77.07729,-12.0714182],[-77.0774106,-12.0713873],[-77.0772801,-12.0707899]]]},"properties":{"feature_id":"osm-way-408906816","altura_m":8.0,"building":"yes","nombre":""}},{"type":"Feature","id":"osm-way-408906817","geometry":{"type":"Polygon","coordinates":[[[-77.076337,-12.0709426],[-77.0762184,-12.0709697],[-77.0762619,-12.0710799],[-77.0762757,-12.0716212],[-77.0764279,-12.0716328],[-77.0765189,-12.07154],[-77.0764042,-12.0710296],[-77.0763607,-12.0710393],[-77.076337,-12.0709426]]]},"properties":{"feature_id":"osm-way-408906817","altura_m":8.0,"building":"yes","nombre":""}},{"type":"Feature","id":"osm-way-408906819","geometry":{"type":"Polygon","coordinates":[[[-77.0769736,-12.0709194],[-77.0769914,-12.070991],[-77.076594,-12.0710644],[-77.0765782,-12.0709968],[-77.0769736,-12.0709194]]]},"properties":{"feature_id":"osm-way-408906819","altura_m":8.0,"building":"yes","nombre":""}},{"type":"Feature","id":"osm-way-408906826","geometry":{"type":"Polygon","coordinates":[[[-77.0786095,-12.074682],[-77.0786333,-12.0747907],[-77.078204,-12.0748807],[-77.0781792,-12.0747675],[-77.0783801,-12.0747253],[-77.0783672,-12.0746665],[-77.0781903,-12.0747038],[-77.0781707,-12.0746072],[-77.0785806,-12.0745209],[-77.0785993,-12.0746061],[-77.0784506,-12.0746372],[-77.078467,-12.0747119],[-77.0786095,-12.074682]]]},"properties":{"feature_id":"osm-way-408906826","altura_m":8.0,"building":"yes","nombre":""}},{"type":"Feature","id":"osm-way-408906829","geometry":{"type":"Polygon","coordinates":[[[-77.078367,-12.0748828],[-77.0783912,-12.075001],[-77.0778211,-12.0751124],[-77.0777912,-12.0749661],[-77.077899,-12.0749451],[-77.0779013,-12.0749563],[-77.0782831,-12.0748817],[-77.0782865,-12.0748985],[-77.078367,-12.0748828]]]},"properties":{"feature_id":"osm-way-408906829","altura_m":8.0,"building":"yes","nombre":""}},{"type":"Feature","id":"osm-way-408906830","geometry":{"type":"Polygon","coordinates":[[[-77.0775038,-12.0727427],[-77.077506,-12.0727614],[-77.0775252,-12.0729262],[-77.0775275,-12.0729457],[-77.0772705,-12.0729689],[-77.0772485,-12.0727679],[-77.0775038,-12.0727427]]]},"properties":{"feature_id":"osm-way-408906830","altura_m":8.0,"building":"yes","nombre":""}},{"type":"Feature","id":"osm-way-408906833","geometry":{"type":"Polygon","coordinates":[[[-77.0776066,-12.0727427],[-77.077506,-12.0727614],[-77.0775252,-12.0729262],[-77.0776264,-12.0729187],[-77.0776066,-12.0727427]]]},"properties":{"feature_id":"osm-way-408906833","altura_m":8.0,"building":"yes","nombre":""}},{"type":"Feature","id":"osm-way-412569086","geometry":{"type":"Polygon","coordinates":[[[-77.0846405,-12.0689733],[-77.0846523,-12.0690321],[-77.084368,-12.069087],[-77.0843561,-12.0690281],[-77.0846405,-12.0689733]]]},"properties":{"feature_id":"osm-way-412569086","altura_m":8.0,"building":"yes","nombre":""}},{"type":"Feature","id":"osm-way-412570372","geometry":{"type":"Polygon","coordinates":[[[-77.0834935,-12.0667806],[-77.0835066,-12.0668603],[-77.0833291,-12.0668778],[-77.083316,-12.0668045],[-77.0834935,-12.0667806]]]},"properties":{"feature_id":"osm-way-412570372","altura_m":8.0,"building":"yes","nombre":""}},{"type":"Feature","id":"osm-way-412570373","geometry":{"type":"Polygon","coordinates":[[[-77.0834659,-12.0668746],[-77.0833633,-12.0668905],[-77.0833649,-12.0669749],[-77.083474,-12.0669654],[-77.0834659,-12.0668746]]]},"properties":{"feature_id":"osm-way-412570373","altura_m":8.0,"building":"yes","nombre":""}},{"type":"Feature","id":"osm-way-412570397","geometry":{"type":"Polygon","coordinates":[[[-77.0846698,-12.0691792],[-77.0846585,-12.0692987],[-77.0846795,-12.0693006],[-77.0846752,-12.0693467],[-77.0845532,-12.0693357],[-77.0845687,-12.0691701],[-77.0846698,-12.0691792]]]},"properties":{"feature_id":"osm-way-412570397","altura_m":8.0,"building":"yes","nombre":""}},{"type":"Feature","id":"osm-way-412570968","geometry":{"type":"Polygon","coordinates":[[[-77.0854063,-12.0725284],[-77.0852994,-12.0724861],[-77.0852682,-12.0725718],[-77.0852418,-12.0725707],[-77.0852238,-12.0726153],[-77.0853655,-12.0726716],[-77.0853763,-12.0726352],[-77.0853282,-12.0725918],[-77.0853607,-12.0725401],[-77.0853859,-12.0725472],[-77.0854063,-12.0725284]]]},"properties":{"feature_id":"osm-way-412570968","altura_m":8.0,"building":"yes","nombre":""}},{"type":"Feature","id":"osm-way-430888171","geometry":{"type":"Polygon","coordinates":[[[-77.0851288,-12.0695037],[-77.0852012,-12.0695142],[-77.0851838,-12.0695837],[-77.085112,-12.0695745],[-77.0851288,-12.0695037]]]},"properties":{"feature_id":"osm-way-430888171","altura_m":8.0,"building":"yes","nombre":"Restaurante Flor de la Canela"}},{"type":"Feature","id":"osm-way-430888182","geometry":{"type":"Polygon","coordinates":[[[-77.0850255,-12.0695391],[-77.0849431,-12.0695299],[-77.0849317,-12.0696027],[-77.0850155,-12.0696139],[-77.0850255,-12.0695391]]]},"properties":{"feature_id":"osm-way-430888182","altura_m":8.0,"building":"yes","nombre":"Restaurante Chabuca Granda"}},{"type":"Feature","id":"osm-way-430888575","geometry":{"type":"Polygon","coordinates":[[[-77.0854015,-12.0692425],[-77.0851793,-12.0692334],[-77.0851752,-12.0693262],[-77.0853975,-12.0693354],[-77.0854015,-12.0692425]]]},"properties":{"feature_id":"osm-way-430888575","altura_m":8.0,"building":"yes","nombre":""}},{"type":"Feature","id":"osm-way-430888751","geometry":{"type":"Polygon","coordinates":[[[-77.0826046,-12.0693503],[-77.0822993,-12.0694698],[-77.0823972,-12.0697089],[-77.0824841,-12.0696749],[-77.0824788,-12.0696355],[-77.0826477,-12.0695694],[-77.0826247,-12.0695133],[-77.0826649,-12.0694976],[-77.0826046,-12.0693503]]]},"properties":{"feature_id":"osm-way-430888751","altura_m":8.0,"building":"yes","nombre":"Museo de Sitio Ernst W.Middendorf"}},{"type":"Feature","id":"osm-way-430889408","geometry":{"type":"Polygon","coordinates":[[[-77.0839084,-12.0683477],[-77.0838467,-12.0683686],[-77.0838735,-12.0684657],[-77.0839433,-12.0684447],[-77.0839084,-12.0683477]]]},"properties":{"feature_id":"osm-way-430889408","altura_m":8.0,"building":"yes","nombre":""}},{"type":"Feature","id":"osm-way-430889428","geometry":{"type":"Polygon","coordinates":[[[-77.0853917,-12.0694939],[-77.0853179,-12.0694821],[-77.0853005,-12.0695726],[-77.0853729,-12.0695739],[-77.0853917,-12.0694939]]]},"properties":{"feature_id":"osm-way-430889428","altura_m":8.0,"building":"yes","nombre":""}},{"type":"Feature","id":"osm-way-430889542","geometry":{"type":"Polygon","coordinates":[[[-77.0839285,-12.067128],[-77.0839366,-12.0671726],[-77.0839044,-12.0671975],[-77.0838695,-12.067187],[-77.0838507,-12.0671306],[-77.0839285,-12.067128]]]},"properties":{"feature_id":"osm-way-430889542","altura_m":8.0,"building":"yes","nombre":""}},{"type":"Feature","id":"osm-way-430889747","geometry":{"type":"Polygon","coordinates":[[[-77.0853005,-12.0678611],[-77.0852589,-12.0678585],[-77.0852575,-12.0678939],[-77.0852267,-12.0679096],[-77.0852093,-12.0679123],[-77.0852066,-12.0679686],[-77.0852482,-12.0679686],[-77.0852468,-12.0679267],[-77.0852884,-12.0679188],[-77.0853005,-12.0678611]]]},"properties":{"feature_id":"osm-way-430889747","altura_m":8.0,"building":"yes","nombre":""}},{"type":"Feature","id":"osm-way-430898742","geometry":{"type":"Polygon","coordinates":[[[-77.0853777,-12.070378],[-77.0851014,-12.0703911],[-77.0850987,-12.0704515],[-77.0851658,-12.0705039],[-77.0853616,-12.0704856],[-77.0854608,-12.0704856],[-77.0854555,-12.0704252],[-77.0853777,-12.070378]]]},"properties":{"feature_id":"osm-way-430898742","altura_m":8.0,"building":"yes","nombre":"Auditorio Chabuca Granda"}},{"type":"Feature","id":"osm-way-430910459","geometry":{"type":"Polygon","coordinates":[[[-77.0860035,-12.0723086],[-77.085943,-12.0723328],[-77.0860142,-12.0725032],[-77.0860748,-12.072479],[-77.0860035,-12.0723086]]]},"properties":{"feature_id":"osm-way-430910459","altura_m":8.0,"building":"yes","nombre":""}},{"type":"Feature","id":"osm-way-430911682","geometry":{"type":"Polygon","coordinates":[[[-77.085495,-12.0721466],[-77.0854201,-12.072174],[-77.0854482,-12.0722474],[-77.0855231,-12.07222],[-77.085495,-12.0721466]]]},"properties":{"feature_id":"osm-way-430911682","altura_m":8.0,"building":"yes","nombre":""}},{"type":"Feature","id":"osm-way-431578780","geometry":{"type":"Polygon","coordinates":[[[-77.0844889,-12.0715616],[-77.084446,-12.0715931],[-77.0844969,-12.0716665],[-77.0845478,-12.0716482],[-77.0844889,-12.0715616]]]},"properties":{"feature_id":"osm-way-431578780","altura_m":8.0,"building":"yes","nombre":""}},{"type":"Feature","id":"osm-way-431578869","geometry":{"type":"Polygon","coordinates":[[[-77.0842958,-12.0710213],[-77.0842287,-12.0710396],[-77.0842636,-12.0711446],[-77.0843306,-12.0711157],[-77.0842958,-12.0710213]]]},"properties":{"feature_id":"osm-way-431578869","altura_m":8.0,"building":"yes","nombre":""}},{"type":"Feature","id":"osm-way-435326241","geometry":{"type":"Polygon","coordinates":[[[-77.0787452,-12.0634253],[-77.0787162,-12.0635553],[-77.0786238,-12.0635355],[-77.0786528,-12.0634056],[-77.0787452,-12.0634253]]]},"properties":{"feature_id":"osm-way-435326241","altura_m":8.0,"building":"yes","nombre":"Colegio Karol Wojtyla"}},{"type":"Feature","id":"osm-way-435326242","geometry":{"type":"Polygon","coordinates":[[[-77.0787623,-12.0632874],[-77.0786952,-12.0632706],[-77.0787283,-12.0631441],[-77.0787954,-12.0631609],[-77.0787623,-12.0632874]]]},"properties":{"feature_id":"osm-way-435326242","altura_m":8.0,"building":"yes","nombre":"San Antonio ABAD"}},{"type":"Feature","id":"osm-way-435340538","geometry":{"type":"Polygon","coordinates":[[[-77.0776028,-12.0698664],[-77.0776195,-12.0699438],[-77.0774319,-12.0699824],[-77.0774152,-12.069905],[-77.0776028,-12.0698664]]]},"properties":{"feature_id":"osm-way-435340538","altura_m":8.0,"building":"yes","nombre":""}},{"type":"Feature","id":"osm-way-435340541","geometry":{"type":"Polygon","coordinates":[[[-77.0776304,-12.0672004],[-77.077627,-12.0672915],[-77.0774513,-12.0672852],[-77.0774547,-12.0671941],[-77.0776304,-12.0672004]]]},"properties":{"feature_id":"osm-way-435340541","altura_m":8.0,"building":"yes","nombre":""}},{"type":"Feature","id":"osm-way-435341851","geometry":{"type":"Polygon","coordinates":[[[-77.0777665,-12.065936],[-77.0777071,-12.0659354],[-77.0777075,-12.0659005],[-77.0777669,-12.0659012],[-77.0777665,-12.065936]]]},"properties":{"feature_id":"osm-way-435341851","altura_m":8.0,"building":"yes","nombre":"Farola"}},{"type":"Feature","id":"osm-way-435341852","geometry":{"type":"Polygon","coordinates":[[[-77.0777665,-12.065936],[-77.0777071,-12.0659354],[-77.0777068,-12.065973],[-77.0777662,-12.0659735],[-77.0777665,-12.065936]]]},"properties":{"feature_id":"osm-way-435341852","altura_m":8.0,"building":"yes","nombre":"Full Sanguchón"}},{"type":"Feature","id":"osm-way-435341853","geometry":{"type":"Polygon","coordinates":[[[-77.0778286,-12.065271],[-77.0778186,-12.065341],[-77.0776465,-12.0653175],[-77.0776565,-12.0652475],[-77.0778286,-12.065271]]]},"properties":{"feature_id":"osm-way-435341853","altura_m":8.0,"building":"yes","nombre":""}},{"type":"Feature","id":"osm-way-435343329","geometry":{"type":"Polygon","coordinates":[[[-77.0737032,-12.0625281],[-77.0736299,-12.062532],[-77.0736345,-12.0626138],[-77.0737078,-12.0626099],[-77.0737032,-12.0625281]]]},"properties":{"feature_id":"osm-way-435343329","altura_m":8.0,"building":"yes","nombre":""}},{"type":"Feature","id":"osm-way-435720615","geometry":{"type":"Polygon","coordinates":[[[-77.0738429,-12.0679885],[-77.0738429,-12.0680777],[-77.0737028,-12.0680777],[-77.0737028,-12.0679885],[-77.0738429,-12.0679885]]]},"properties":{"feature_id":"osm-way-435720615","altura_m":8.0,"building":"commercial","nombre":""}},{"type":"Feature","id":"osm-way-435720966","geometry":{"type":"Polygon","coordinates":[[[-77.0740701,-12.0679976],[-77.0740686,-12.0681059],[-77.0739497,-12.0681043],[-77.0739513,-12.067996],[-77.0740701,-12.0679976]]]},"properties":{"feature_id":"osm-way-435720966","altura_m":8.0,"building":"yes","nombre":"Chifa Won Tuc"}},{"type":"Feature","id":"osm-way-435826878","geometry":{"type":"Polygon","coordinates":[[[-77.0777118,-12.0700704],[-77.077538,-12.0701007],[-77.0775076,-12.0701539],[-77.0775372,-12.0703161],[-77.0777126,-12.0702855],[-77.077743,-12.0702416],[-77.0777118,-12.0700704]]]},"properties":{"feature_id":"osm-way-435826878","altura_m":8.0,"building":"commercial","nombre":""}},{"type":"Feature","id":"osm-way-435847268","geometry":{"type":"Polygon","coordinates":[[[-77.0739563,-12.0677111],[-77.0739586,-12.0676007],[-77.0739388,-12.0676003],[-77.0739392,-12.0675798],[-77.0739585,-12.0675802],[-77.0739595,-12.0675292],[-77.0738526,-12.067527],[-77.0738488,-12.0677089],[-77.0739563,-12.0677111]]]},"properties":{"feature_id":"osm-way-435847268","altura_m":8.0,"building":"commercial","nombre":""}},{"type":"Feature","id":"osm-way-435849501","geometry":{"type":"Polygon","coordinates":[[[-77.0742742,-12.0677338],[-77.0742784,-12.0675884],[-77.0742561,-12.0675874],[-77.0742577,-12.0675378],[-77.0742129,-12.0675365],[-77.0742115,-12.0675821],[-77.0741147,-12.0675793],[-77.0741101,-12.0677296],[-77.0742742,-12.0677338]]]},"properties":{"feature_id":"osm-way-435849501","altura_m":8.0,"building":"yes","nombre":""}},{"type":"Feature","id":"osm-way-435849502","geometry":{"type":"Polygon","coordinates":[[[-77.0742784,-12.0675884],[-77.074324,-12.0675896],[-77.0743246,-12.0675686],[-77.0743626,-12.0675697],[-77.0743578,-12.0677361],[-77.0742742,-12.0677338],[-77.0742784,-12.0675884]]]},"properties":{"feature_id":"osm-way-435849502","altura_m":8.0,"building":"yes","nombre":""}},{"type":"Feature","id":"osm-way-435851170","geometry":{"type":"Polygon","coordinates":[[[-77.075796,-12.0679416],[-77.0756323,-12.0678959],[-77.0756847,-12.0677164],[-77.0758218,-12.0677547],[-77.0758083,-12.0678009],[-77.0758349,-12.0678084],[-77.075796,-12.0679416]]]},"properties":{"feature_id":"osm-way-435851170","altura_m":8.0,"building":"yes","nombre":""}},{"type":"Feature","id":"osm-way-435869706","geometry":{"type":"Polygon","coordinates":[[[-77.0774399,-12.0679905],[-77.0775986,-12.0680603],[-77.0775144,-12.0681806],[-77.0774276,-12.0682514],[-77.077279,-12.068293],[-77.0771549,-12.0682943],[-77.0771887,-12.0681351],[-77.0772753,-12.0681452],[-77.0772851,-12.0680826],[-77.0773676,-12.0680813],[-77.0773844,-12.0680889],[-77.0774399,-12.0679905]]]},"properties":{"feature_id":"osm-way-435869706","altura_m":8.0,"building":"yes","nombre":""}},{"type":"Feature","id":"osm-way-435875350","geometry":{"type":"Polygon","coordinates":[[[-77.0743265,-12.0713034],[-77.0743654,-12.0714843],[-77.0742963,-12.0714985],[-77.0742574,-12.0713176],[-77.0743265,-12.0713034]]]},"properties":{"feature_id":"osm-way-435875350","altura_m":8.0,"building":"yes","nombre":"I.S.T. Elmer Faucett Instrucción Aeronautica"}},{"type":"Feature","id":"osm-way-435875351","geometry":{"type":"Polygon","coordinates":[[[-77.0778579,-12.0682526],[-77.0778537,-12.0682998],[-77.0777798,-12.0683029],[-77.0777798,-12.0682501],[-77.0778579,-12.0682526]]]},"properties":{"feature_id":"osm-way-435875351","altura_m":8.0,"building":"yes","nombre":"Serenazgo Metropolitano Sin Fronteras"}},{"type":"Feature","id":"osm-way-435876960","geometry":{"type":"Polygon","coordinates":[[[-77.0728792,-12.071694],[-77.0728593,-12.0717299],[-77.0730493,-12.0719307],[-77.0732032,-12.0719007],[-77.0731948,-12.0718593],[-77.0733163,-12.0718356],[-77.0733205,-12.0718558],[-77.0735579,-12.0717269],[-77.0735189,-12.0715551],[-77.0728792,-12.071694]]]},"properties":{"feature_id":"osm-way-435876960","altura_m":8.0,"building":"yes","nombre":""}},{"type":"Feature","id":"osm-way-442973716","geometry":{"type":"Polygon","coordinates":[[[-77.0807247,-12.0755859],[-77.0805314,-12.0756747],[-77.080475,-12.0755574],[-77.0806683,-12.0754686],[-77.0807247,-12.0755859]]]},"properties":{"feature_id":"osm-way-442973716","altura_m":8.0,"building":"yes","nombre":""}},{"type":"Feature","id":"osm-way-442973723","geometry":{"type":"Polygon","coordinates":[[[-77.0812901,-12.0751493],[-77.0812058,-12.0751518],[-77.0812075,-12.0752076],[-77.0812919,-12.075205],[-77.0812901,-12.0751493]]]},"properties":{"feature_id":"osm-way-442973723","altura_m":8.0,"building":"yes","nombre":""}},{"type":"Feature","id":"osm-way-442973724","geometry":{"type":"Polygon","coordinates":[[[-77.0811753,-12.0751629],[-77.0811053,-12.0751652],[-77.0811061,-12.0751878],[-77.0810795,-12.0751887],[-77.0810808,-12.0752265],[-77.0811639,-12.0752237],[-77.0811631,-12.0752022],[-77.0811766,-12.0752017],[-77.0811753,-12.0751629]]]},"properties":{"feature_id":"osm-way-442973724","altura_m":8.0,"building":"yes","nombre":""}},{"type":"Feature","id":"osm-way-442973725","geometry":{"type":"Polygon","coordinates":[[[-77.0810416,-12.0751548],[-77.0810423,-12.075183],[-77.0810109,-12.0751838],[-77.0810112,-12.0751952],[-77.0810388,-12.0752049],[-77.0810407,-12.0752769],[-77.0810052,-12.0752779],[-77.0810047,-12.0752588],[-77.0809557,-12.0752601],[-77.0809526,-12.0751425],[-77.0809951,-12.0751414],[-77.0809955,-12.075156],[-77.0810416,-12.0751548]]]},"properties":{"feature_id":"osm-way-442973725","altura_m":8.0,"building":"yes","nombre":""}},{"type":"Feature","id":"osm-way-442973726","geometry":{"type":"Polygon","coordinates":[[[-77.0807885,-12.0751913],[-77.0807106,-12.0751969],[-77.0807138,-12.0752383],[-77.0807483,-12.0752358],[-77.0807495,-12.075252],[-77.0807929,-12.0752488],[-77.0807885,-12.0751913]]]},"properties":{"feature_id":"osm-way-442973726","altura_m":8.0,"building":"yes","nombre":""}},{"type":"Feature","id":"osm-way-442973727","geometry":{"type":"Polygon","coordinates":[[[-77.0813805,-12.0749116],[-77.0813833,-12.0749972],[-77.0812889,-12.0750001],[-77.0812878,-12.0749657],[-77.0812718,-12.0749662],[-77.0812702,-12.074915],[-77.0813805,-12.0749116]]]},"properties":{"feature_id":"osm-way-442973727","altura_m":8.0,"building":"yes","nombre":"Manos Criollas"}},{"type":"Feature","id":"osm-way-442973728","geometry":{"type":"Polygon","coordinates":[[[-77.0824566,-12.0752726],[-77.0824602,-12.0753346],[-77.0823563,-12.0753403],[-77.0823527,-12.0752783],[-77.0824566,-12.0752726]]]},"properties":{"feature_id":"osm-way-442973728","altura_m":8.0,"building":"yes","nombre":""}},{"type":"Feature","id":"osm-way-442973729","geometry":{"type":"Polygon","coordinates":[[[-77.0824728,-12.0751352],[-77.0824709,-12.0752133],[-77.0823669,-12.0752109],[-77.0823688,-12.0751308],[-77.0824092,-12.0751318],[-77.0824088,-12.0751494],[-77.0824292,-12.0751499],[-77.0824296,-12.0751342],[-77.0824728,-12.0751352]]]},"properties":{"feature_id":"osm-way-442973729","altura_m":8.0,"building":"yes","nombre":""}},{"type":"Feature","id":"osm-way-442973730","geometry":{"type":"Polygon","coordinates":[[[-77.0825884,-12.0748525],[-77.0826026,-12.0750125],[-77.0825338,-12.0750183],[-77.0825292,-12.0749662],[-77.0825759,-12.0749623],[-77.0825714,-12.074912],[-77.0825295,-12.0749156],[-77.0825244,-12.0748579],[-77.0825884,-12.0748525]]]},"properties":{"feature_id":"osm-way-442973730","altura_m":8.0,"building":"yes","nombre":""}},{"type":"Feature","id":"osm-way-442973731","geometry":{"type":"Polygon","coordinates":[[[-77.0828786,-12.0748316],[-77.0828769,-12.0748885],[-77.0827661,-12.0748854],[-77.0827678,-12.0748284],[-77.0828786,-12.0748316]]]},"properties":{"feature_id":"osm-way-442973731","altura_m":8.0,"building":"yes","nombre":""}},{"type":"Feature","id":"osm-way-442973732","geometry":{"type":"Polygon","coordinates":[[[-77.0828249,-12.0751133],[-77.0828242,-12.07517],[-77.082809,-12.0751698],[-77.0828093,-12.0751438],[-77.0827507,-12.0751432],[-77.0827511,-12.0751125],[-77.0828249,-12.0751133]]]},"properties":{"feature_id":"osm-way-442973732","altura_m":8.0,"building":"yes","nombre":""}},{"type":"Feature","id":"osm-way-442973733","geometry":{"type":"Polygon","coordinates":[[[-77.0826881,-12.07511],[-77.0826903,-12.0751462],[-77.0827051,-12.0751453],[-77.0827068,-12.0751719],[-77.0826579,-12.0751748],[-77.0826541,-12.075112],[-77.0826881,-12.07511]]]},"properties":{"feature_id":"osm-way-442973733","altura_m":8.0,"building":"yes","nombre":""}},{"type":"Feature","id":"osm-way-442973734","geometry":{"type":"Polygon","coordinates":[[[-77.0828546,-12.0749376],[-77.0828548,-12.0749499],[-77.0828444,-12.0749501],[-77.0828458,-12.0750224],[-77.0827789,-12.0750237],[-77.0827784,-12.0749945],[-77.0827894,-12.0749912],[-77.082789,-12.074969],[-77.0827733,-12.0749693],[-77.0827727,-12.0749391],[-77.0828546,-12.0749376]]]},"properties":{"feature_id":"osm-way-442973734","altura_m":8.0,"building":"yes","nombre":""}},{"type":"Feature","id":"osm-way-442973735","geometry":{"type":"Polygon","coordinates":[[[-77.082749,-12.0750417],[-77.0827519,-12.075099],[-77.0827055,-12.0751013],[-77.0827045,-12.0750801],[-77.0827312,-12.0750788],[-77.0827293,-12.0750427],[-77.082749,-12.0750417]]]},"properties":{"feature_id":"osm-way-442973735","altura_m":8.0,"building":"yes","nombre":""}},{"type":"Feature","id":"osm-way-442973736","geometry":{"type":"Polygon","coordinates":[[[-77.0826394,-12.0752866],[-77.0826392,-12.0753201],[-77.0826125,-12.07532],[-77.0826124,-12.0753435],[-77.0825812,-12.0753434],[-77.0825813,-12.0753218],[-77.0825417,-12.0753216],[-77.082542,-12.0752348],[-77.0826121,-12.0752351],[-77.0826119,-12.0752865],[-77.0826394,-12.0752866]]]},"properties":{"feature_id":"osm-way-442973736","altura_m":8.0,"building":"yes","nombre":""}},{"type":"Feature","id":"osm-way-442973737","geometry":{"type":"Polygon","coordinates":[[[-77.0826012,-12.0751277],[-77.0826016,-12.0751994],[-77.0825629,-12.0751996],[-77.0825625,-12.0751279],[-77.0826012,-12.0751277]]]},"properties":{"feature_id":"osm-way-442973737","altura_m":8.0,"building":"yes","nombre":""}},{"type":"Feature","id":"osm-way-442973738","geometry":{"type":"Polygon","coordinates":[[[-77.0832737,-12.0752002],[-77.0832743,-12.0752278],[-77.0832412,-12.0752537],[-77.0832422,-12.0752969],[-77.0832802,-12.0752961],[-77.0832814,-12.0753462],[-77.0831551,-12.075349],[-77.0831517,-12.0752029],[-77.0832737,-12.0752002]]]},"properties":{"feature_id":"osm-way-442973738","altura_m":8.0,"building":"yes","nombre":""}},{"type":"Feature","id":"osm-way-442973739","geometry":{"type":"Polygon","coordinates":[[[-77.0834733,-12.0751303],[-77.0834738,-12.0752048],[-77.0833734,-12.0752054],[-77.0833729,-12.075131],[-77.0834733,-12.0751303]]]},"properties":{"feature_id":"osm-way-442973739","altura_m":8.0,"building":"yes","nombre":""}},{"type":"Feature","id":"osm-way-442973740","geometry":{"type":"Polygon","coordinates":[[[-77.0833028,-12.0747871],[-77.0833087,-12.0748475],[-77.083107,-12.0748661],[-77.0831012,-12.0748057],[-77.0833028,-12.0747871]]]},"properties":{"feature_id":"osm-way-442973740","altura_m":8.0,"building":"yes","nombre":""}},{"type":"Feature","id":"osm-way-442973741","geometry":{"type":"Polygon","coordinates":[[[-77.083329,-12.0749084],[-77.0833361,-12.0749808],[-77.0832487,-12.0749889],[-77.0832468,-12.0749694],[-77.0832213,-12.0749718],[-77.0832246,-12.0749556],[-77.0832434,-12.0749534],[-77.0832511,-12.0749156],[-77.083329,-12.0749084]]]},"properties":{"feature_id":"osm-way-442973741","altura_m":8.0,"building":"yes","nombre":""}},{"type":"Feature","id":"osm-way-442973742","geometry":{"type":"Polygon","coordinates":[[[-77.0832194,-12.0749154],[-77.083222,-12.074997],[-77.0831407,-12.0749995],[-77.0831391,-12.0749491],[-77.0831708,-12.0749481],[-77.0831698,-12.0749169],[-77.0832194,-12.0749154]]]},"properties":{"feature_id":"osm-way-442973742","altura_m":8.0,"building":"yes","nombre":""}},{"type":"Feature","id":"osm-way-442973743","geometry":{"type":"Polygon","coordinates":[[[-77.0832339,-12.0750667],[-77.0832376,-12.0751339],[-77.0831643,-12.0751378],[-77.0831605,-12.0750706],[-77.0832339,-12.0750667]]]},"properties":{"feature_id":"osm-way-442973743","altura_m":8.0,"building":"yes","nombre":""}},{"type":"Feature","id":"osm-way-442973744","geometry":{"type":"Polygon","coordinates":[[[-77.0836902,-12.0751782],[-77.0836984,-12.0752822],[-77.0836774,-12.0752838],[-77.0836691,-12.0751798],[-77.0836902,-12.0751782]]]},"properties":{"feature_id":"osm-way-442973744","altura_m":8.0,"building":"yes","nombre":""}},{"type":"Feature","id":"osm-way-442973745","geometry":{"type":"Polygon","coordinates":[[[-77.083646,-12.0751777],[-77.0836487,-12.0752029],[-77.0836333,-12.0752116],[-77.0836364,-12.0752407],[-77.0836206,-12.0752423],[-77.083614,-12.075181],[-77.083646,-12.0751777]]]},"properties":{"feature_id":"osm-way-442973745","altura_m":8.0,"building":"yes","nombre":""}},{"type":"Feature","id":"osm-way-442973746","geometry":{"type":"Polygon","coordinates":[[[-77.083465,-12.0752533],[-77.0834667,-12.0753116],[-77.0833992,-12.0753134],[-77.0833975,-12.0752551],[-77.083465,-12.0752533]]]},"properties":{"feature_id":"osm-way-442973746","altura_m":8.0,"building":"yes","nombre":""}},{"type":"Feature","id":"osm-way-442973747","geometry":{"type":"Polygon","coordinates":[[[-77.084019,-12.0755938],[-77.083969,-12.075362],[-77.0838282,-12.075391],[-77.0838781,-12.0756228],[-77.084019,-12.0755938]]]},"properties":{"feature_id":"osm-way-442973747","altura_m":8.0,"building":"yes","nombre":""}},{"type":"Feature","id":"osm-way-442973748","geometry":{"type":"Polygon","coordinates":[[[-77.0834854,-12.0754794],[-77.0834874,-12.0756316],[-77.0834283,-12.0756324],[-77.0834263,-12.0754801],[-77.0834854,-12.0754794]]]},"properties":{"feature_id":"osm-way-442973748","altura_m":8.0,"building":"yes","nombre":""}},{"type":"Feature","id":"osm-way-442973749","geometry":{"type":"Polygon","coordinates":[[[-77.0828643,-12.0753896],[-77.0828692,-12.0754615],[-77.0827764,-12.0754675],[-77.0827715,-12.0753956],[-77.0828643,-12.0753896]]]},"properties":{"feature_id":"osm-way-442973749","altura_m":8.0,"building":"yes","nombre":""}},{"type":"Feature","id":"osm-way-442973750","geometry":{"type":"Polygon","coordinates":[[[-77.0824861,-12.0754201],[-77.0824903,-12.075483],[-77.0823942,-12.0754891],[-77.08239,-12.0754262],[-77.0824861,-12.0754201]]]},"properties":{"feature_id":"osm-way-442973750","altura_m":8.0,"building":"yes","nombre":""}},{"type":"Feature","id":"osm-way-442973751","geometry":{"type":"Polygon","coordinates":[[[-77.0831053,-12.0739845],[-77.0831531,-12.0740873],[-77.0829161,-12.0741927],[-77.0828684,-12.07409],[-77.0831053,-12.0739845]]]},"properties":{"feature_id":"osm-way-442973751","altura_m":8.0,"building":"yes","nombre":""}},{"type":"Feature","id":"osm-way-442973752","geometry":{"type":"Polygon","coordinates":[[[-77.0824539,-12.0741264],[-77.0825206,-12.0742991],[-77.0824417,-12.074304],[-77.0823831,-12.0741526],[-77.0824539,-12.0741264]]]},"properties":{"feature_id":"osm-way-442973752","altura_m":8.0,"building":"yes","nombre":""}},{"type":"Feature","id":"osm-way-442973753","geometry":{"type":"Polygon","coordinates":[[[-77.0825807,-12.0744196],[-77.0825698,-12.0745299],[-77.0823866,-12.0745127],[-77.0824043,-12.074333],[-77.0825001,-12.074342],[-77.0824933,-12.0744114],[-77.0825807,-12.0744196]]]},"properties":{"feature_id":"osm-way-442973753","altura_m":8.0,"building":"yes","nombre":""}},{"type":"Feature","id":"osm-way-442973754","geometry":{"type":"Polygon","coordinates":[[[-77.0855523,-12.0750553],[-77.0855591,-12.0751198],[-77.0853588,-12.0751401],[-77.085352,-12.0750756],[-77.0855523,-12.0750553]]]},"properties":{"feature_id":"osm-way-442973754","altura_m":8.0,"building":"yes","nombre":""}},{"type":"Feature","id":"osm-way-442973758","geometry":{"type":"Polygon","coordinates":[[[-77.0812692,-12.0750059],[-77.0812004,-12.0750026],[-77.0811963,-12.0750863],[-77.081265,-12.0750896],[-77.0812692,-12.0750059]]]},"properties":{"feature_id":"osm-way-442973758","altura_m":8.0,"building":"yes","nombre":""}},{"type":"Feature","id":"osm-way-442973765","geometry":{"type":"Polygon","coordinates":[[[-77.0796819,-12.0739766],[-77.0796169,-12.0740122],[-77.0795922,-12.0739904],[-77.0796666,-12.0739498],[-77.0796819,-12.0739766]]]},"properties":{"feature_id":"osm-way-442973765","altura_m":8.0,"building":"yes","nombre":""}},{"type":"Feature","id":"osm-way-442973766","geometry":{"type":"Polygon","coordinates":[[[-77.0798666,-12.0739326],[-77.0798421,-12.0738841],[-77.0797899,-12.0739093],[-77.0798143,-12.0739577],[-77.0798666,-12.0739326]]]},"properties":{"feature_id":"osm-way-442973766","altura_m":8.0,"building":"yes","nombre":""}},{"type":"Feature","id":"osm-way-442973767","geometry":{"type":"Polygon","coordinates":[[[-77.0799818,-12.0744062],[-77.079863,-12.0744723],[-77.0798434,-12.0744386],[-77.0798653,-12.0744265],[-77.0798487,-12.074398],[-77.0798975,-12.0743708],[-77.07991,-12.0743924],[-77.0799393,-12.0743761],[-77.0799543,-12.0743849],[-77.0799657,-12.0743786],[-77.0799818,-12.0744062]]]},"properties":{"feature_id":"osm-way-442973767","altura_m":8.0,"building":"yes","nombre":""}},{"type":"Feature","id":"osm-way-442973768","geometry":{"type":"Polygon","coordinates":[[[-77.0798423,-12.0742034],[-77.0797762,-12.0742551],[-77.0797457,-12.0742179],[-77.0798154,-12.0741903],[-77.0798423,-12.0742034]]]},"properties":{"feature_id":"osm-way-442973768","altura_m":8.0,"building":"yes","nombre":""}},{"type":"Feature","id":"osm-way-442973769","geometry":{"type":"Polygon","coordinates":[[[-77.0797178,-12.0740598],[-77.0796826,-12.0740866],[-77.0796612,-12.0740597],[-77.0796963,-12.0740329],[-77.0797178,-12.0740598]]]},"properties":{"feature_id":"osm-way-442973769","altura_m":8.0,"building":"yes","nombre":""}},{"type":"Feature","id":"osm-way-442973770","geometry":{"type":"Polygon","coordinates":[[[-77.0802399,-12.0738597],[-77.0801607,-12.0738652],[-77.0801661,-12.073938],[-77.0801826,-12.073966],[-77.0802474,-12.0739615],[-77.0802399,-12.0738597]]]},"properties":{"feature_id":"osm-way-442973770","altura_m":8.0,"building":"yes","nombre":""}},{"type":"Feature","id":"osm-way-442973771","geometry":{"type":"Polygon","coordinates":[[[-77.0804691,-12.0740433],[-77.0804695,-12.0741047],[-77.0804126,-12.074105],[-77.0804124,-12.0740816],[-77.0803984,-12.0740817],[-77.0803983,-12.0740599],[-77.0804277,-12.0740597],[-77.0804275,-12.0740435],[-77.0804691,-12.0740433]]]},"properties":{"feature_id":"osm-way-442973771","altura_m":8.0,"building":"yes","nombre":""}},{"type":"Feature","id":"osm-way-442973772","geometry":{"type":"Polygon","coordinates":[[[-77.0805237,-12.0738421],[-77.0805279,-12.0738782],[-77.080502,-12.073881],[-77.0805087,-12.0739392],[-77.0805451,-12.0739353],[-77.0805493,-12.0739723],[-77.0804981,-12.0739778],[-77.0804771,-12.073928],[-77.080468,-12.0738482],[-77.0805237,-12.0738421]]]},"properties":{"feature_id":"osm-way-442973772","altura_m":8.0,"building":"yes","nombre":""}},{"type":"Feature","id":"osm-way-442973773","geometry":{"type":"Polygon","coordinates":[[[-77.0822828,-12.073761],[-77.0823422,-12.0739135],[-77.082203,-12.0739653],[-77.082129,-12.0737753],[-77.0821945,-12.0737509],[-77.0822091,-12.0737884],[-77.0822828,-12.073761]]]},"properties":{"feature_id":"osm-way-442973773","altura_m":8.0,"building":"yes","nombre":""}},{"type":"Feature","id":"osm-way-442973774","geometry":{"type":"Polygon","coordinates":[[[-77.0831543,-12.0732349],[-77.0832215,-12.0734142],[-77.0831302,-12.073447],[-77.0830841,-12.073324],[-77.0830422,-12.073339],[-77.0830211,-12.0732826],[-77.0831543,-12.0732349]]]},"properties":{"feature_id":"osm-way-442973774","altura_m":8.0,"building":"yes","nombre":""}},{"type":"Feature","id":"osm-way-442973775","geometry":{"type":"Polygon","coordinates":[[[-77.082813,-12.0733353],[-77.0828387,-12.0734119],[-77.0827788,-12.0734311],[-77.0828149,-12.073539],[-77.0827172,-12.0735702],[-77.0826555,-12.0733858],[-77.082813,-12.0733353]]]},"properties":{"feature_id":"osm-way-442973775","altura_m":8.0,"building":"yes","nombre":""}},{"type":"Feature","id":"osm-way-442973776","geometry":{"type":"Polygon","coordinates":[[[-77.0832227,-12.0734449],[-77.0832699,-12.0735734],[-77.0832282,-12.0735881],[-77.0832072,-12.0735617],[-77.0831712,-12.0735588],[-77.0831868,-12.0736012],[-77.083106,-12.0736297],[-77.0830852,-12.0735732],[-77.0831252,-12.0735591],[-77.0831099,-12.0735176],[-77.0831739,-12.0734951],[-77.0831631,-12.0734659],[-77.0832227,-12.0734449]]]},"properties":{"feature_id":"osm-way-442973776","altura_m":8.0,"building":"yes","nombre":""}},{"type":"Feature","id":"osm-way-442973777","geometry":{"type":"Polygon","coordinates":[[[-77.0832683,-12.073591],[-77.0833267,-12.0737661],[-77.0832491,-12.0737909],[-77.0832372,-12.0737554],[-77.0832219,-12.0737603],[-77.0832197,-12.0737798],[-77.0831559,-12.0737997],[-77.083126,-12.0737081],[-77.0831523,-12.0736998],[-77.0831534,-12.0736577],[-77.0831927,-12.0736452],[-77.0832017,-12.073672],[-77.0832158,-12.0736675],[-77.0831978,-12.0736135],[-77.0832683,-12.073591]]]},"properties":{"feature_id":"osm-way-442973777","altura_m":8.0,"building":"yes","nombre":""}},{"type":"Feature","id":"osm-way-442973778","geometry":{"type":"Polygon","coordinates":[[[-77.0829629,-12.0735114],[-77.0829809,-12.0735544],[-77.0829442,-12.0735692],[-77.0829757,-12.0736443],[-77.0830115,-12.07363],[-77.0830193,-12.0736487],[-77.0829903,-12.0736602],[-77.0830051,-12.0736959],[-77.0829868,-12.0737032],[-77.082971,-12.0736646],[-77.0829307,-12.0736804],[-77.082942,-12.0737079],[-77.082905,-12.0737222],[-77.0828939,-12.0736946],[-77.0828495,-12.0737118],[-77.0828566,-12.0737296],[-77.0828086,-12.0737479],[-77.0827966,-12.0737178],[-77.0828301,-12.0737051],[-77.0827901,-12.0736042],[-77.0827697,-12.0736119],[-77.0827584,-12.0735831],[-77.0828023,-12.0735666],[-77.0828091,-12.0735838],[-77.0828253,-12.0735778],[-77.0828306,-12.0735912],[-77.082841,-12.0735873],[-77.0828329,-12.0735663],[-77.0828894,-12.0735454],[-77.0828935,-12.07358],[-77.0829225,-12.0735767],[-77.0829122,-12.0735522],[-77.0829357,-12.0735427],[-77.0829283,-12.0735253],[-77.0829629,-12.0735114]]]},"properties":{"feature_id":"osm-way-442973778","altura_m":8.0,"building":"yes","nombre":""}},{"type":"Feature","id":"osm-way-442973779","geometry":{"type":"Polygon","coordinates":[[[-77.0830003,-12.0732841],[-77.0830207,-12.0733417],[-77.0828583,-12.0733968],[-77.0828379,-12.0733392],[-77.0830003,-12.0732841]]]},"properties":{"feature_id":"osm-way-442973779","altura_m":8.0,"building":"yes","nombre":""}},{"type":"Feature","id":"osm-way-442973780","geometry":{"type":"Polygon","coordinates":[[[-77.0824877,-12.073427],[-77.082524,-12.0735255],[-77.0824423,-12.0735543],[-77.082406,-12.0734558],[-77.0824877,-12.073427]]]},"properties":{"feature_id":"osm-way-442973780","altura_m":8.0,"building":"yes","nombre":""}},{"type":"Feature","id":"osm-way-442973781","geometry":{"type":"Polygon","coordinates":[[[-77.0828743,-12.0737621],[-77.0828903,-12.07381],[-77.0828523,-12.0738222],[-77.0828594,-12.0738435],[-77.0828,-12.0738625],[-77.0827768,-12.0737932],[-77.0828743,-12.0737621]]]},"properties":{"feature_id":"osm-way-442973781","altura_m":8.0,"building":"yes","nombre":""}},{"type":"Feature","id":"osm-way-442973782","geometry":{"type":"Polygon","coordinates":[[[-77.0835509,-12.0741963],[-77.0835902,-12.074299],[-77.0834965,-12.0743333],[-77.0834696,-12.0743431],[-77.0834303,-12.0742404],[-77.0835084,-12.0742119],[-77.0835509,-12.0741963]]]},"properties":{"feature_id":"osm-way-442973782","altura_m":8.0,"building":"roof","nombre":""}},{"type":"Feature","id":"osm-way-442973783","geometry":{"type":"Polygon","coordinates":[[[-77.0835774,-12.0743389],[-77.0835065,-12.0743446],[-77.0835076,-12.0743578],[-77.0835159,-12.0744549],[-77.0835172,-12.0744704],[-77.083588,-12.0744647],[-77.0835872,-12.0744554],[-77.08358,-12.0743693],[-77.0835774,-12.0743389]]]},"properties":{"feature_id":"osm-way-442973783","altura_m":8.0,"building":"roof","nombre":""}},{"type":"Feature","id":"osm-way-442973785","geometry":{"type":"Polygon","coordinates":[[[-77.0831781,-12.0741042],[-77.0831858,-12.0741263],[-77.08317,-12.0741316],[-77.0831874,-12.074182],[-77.0832115,-12.0741741],[-77.0832209,-12.0742013],[-77.0831117,-12.0742374],[-77.0830772,-12.0741376],[-77.0831781,-12.0741042]]]},"properties":{"feature_id":"osm-way-442973785","altura_m":8.0,"building":"yes","nombre":""}},{"type":"Feature","id":"osm-way-442973786","geometry":{"type":"Polygon","coordinates":[[[-77.0827554,-12.0742491],[-77.0827856,-12.0743409],[-77.0826221,-12.0743923],[-77.0825919,-12.0743005],[-77.0827554,-12.0742491]]]},"properties":{"feature_id":"osm-way-442973786","altura_m":8.0,"building":"yes","nombre":""}},{"type":"Feature","id":"osm-way-442973787","geometry":{"type":"Polygon","coordinates":[[[-77.0829586,-12.0738446],[-77.0829909,-12.073937],[-77.0828644,-12.0739793],[-77.0828321,-12.0738868],[-77.0829586,-12.0738446]]]},"properties":{"feature_id":"osm-way-442973787","altura_m":8.0,"building":"yes","nombre":""}},{"type":"Feature","id":"osm-way-442973788","geometry":{"type":"Polygon","coordinates":[[[-77.0825467,-12.0736126],[-77.082553,-12.0736356],[-77.082483,-12.073654],[-77.0824703,-12.0736326],[-77.0825467,-12.0736126]]]},"properties":{"feature_id":"osm-way-442973788","altura_m":8.0,"building":"yes","nombre":""}},{"type":"Feature","id":"osm-way-442973789","geometry":{"type":"Polygon","coordinates":[[[-77.0824348,-12.0737413],[-77.082478,-12.0738784],[-77.0824236,-12.0738948],[-77.0823803,-12.0737577],[-77.0824348,-12.0737413]]]},"properties":{"feature_id":"osm-way-442973789","altura_m":8.0,"building":"yes","nombre":""}},{"type":"Feature","id":"osm-way-442973790","geometry":{"type":"Polygon","coordinates":[[[-77.0817762,-12.0736905],[-77.081789,-12.0737274],[-77.0816679,-12.0737676],[-77.0816551,-12.0737307],[-77.0817762,-12.0736905]]]},"properties":{"feature_id":"osm-way-442973790","altura_m":8.0,"building":"yes","nombre":""}},{"type":"Feature","id":"osm-way-442973791","geometry":{"type":"Polygon","coordinates":[[[-77.0816433,-12.0742817],[-77.0816511,-12.0744272],[-77.0815904,-12.0744303],[-77.0815834,-12.0742993],[-77.0816433,-12.0742817]]]},"properties":{"feature_id":"osm-way-442973791","altura_m":8.0,"building":"yes","nombre":""}},{"type":"Feature","id":"osm-way-442975079","geometry":{"type":"Polygon","coordinates":[[[-77.0822332,-12.073592],[-77.0822022,-12.0735165],[-77.0821314,-12.0735443],[-77.0821382,-12.0735609],[-77.0821692,-12.0735609],[-77.0821891,-12.0736093],[-77.0822332,-12.073592]]]},"properties":{"feature_id":"osm-way-442975079","altura_m":8.0,"building":"yes","nombre":""}},{"type":"Feature","id":"osm-way-442975080","geometry":{"type":"Polygon","coordinates":[[[-77.082053,-12.0735683],[-77.0820626,-12.0735973],[-77.0820302,-12.0736075],[-77.0820386,-12.0736328],[-77.0820192,-12.0736389],[-77.0820172,-12.0736326],[-77.0819841,-12.073643],[-77.0819758,-12.0736178],[-77.0819332,-12.0736312],[-77.0819245,-12.0736046],[-77.0819645,-12.073592],[-77.0819682,-12.0736032],[-77.081995,-12.0735948],[-77.0820006,-12.0736118],[-77.0820401,-12.0735994],[-77.0820321,-12.0735749],[-77.082053,-12.0735683]]]},"properties":{"feature_id":"osm-way-442975080","altura_m":8.0,"building":"yes","nombre":""}},{"type":"Feature","id":"osm-way-442975081","geometry":{"type":"Polygon","coordinates":[[[-77.0805599,-12.0745589],[-77.0805838,-12.0746644],[-77.0805175,-12.0746648],[-77.0805168,-12.0745426],[-77.0805599,-12.0745589]]]},"properties":{"feature_id":"osm-way-442975081","altura_m":8.0,"building":"yes","nombre":""}},{"type":"Feature","id":"osm-way-442975085","geometry":{"type":"Polygon","coordinates":[[[-77.0811077,-12.0737834],[-77.0810463,-12.0737817],[-77.0810452,-12.0738187],[-77.0810967,-12.0738202],[-77.0811077,-12.0737834]]]},"properties":{"feature_id":"osm-way-442975085","altura_m":8.0,"building":"yes","nombre":""}},{"type":"Feature","id":"osm-way-442975086","geometry":{"type":"Polygon","coordinates":[[[-77.081136,-12.0739629],[-77.0810814,-12.0739629],[-77.0810814,-12.0740252],[-77.0811097,-12.0740252],[-77.0811097,-12.0739906],[-77.081136,-12.0739906],[-77.081136,-12.0739629]]]},"properties":{"feature_id":"osm-way-442975086","altura_m":8.0,"building":"yes","nombre":""}},{"type":"Feature","id":"osm-way-442975088","geometry":{"type":"Polygon","coordinates":[[[-77.0819488,-12.0745135],[-77.0818958,-12.0745243],[-77.0818931,-12.0745924],[-77.0819456,-12.0745944],[-77.0819488,-12.0745135]]]},"properties":{"feature_id":"osm-way-442975088","altura_m":8.0,"building":"yes","nombre":""}},{"type":"Feature","id":"osm-way-442975140","geometry":{"type":"Polygon","coordinates":[[[-77.0784686,-12.0753476],[-77.078482,-12.0754223],[-77.078445,-12.0754286],[-77.0784566,-12.0754931],[-77.0784898,-12.0754875],[-77.078498,-12.0755329],[-77.07847,-12.0755377],[-77.0784567,-12.0755161],[-77.0784312,-12.0755204],[-77.0784213,-12.075465],[-77.0783417,-12.0754786],[-77.0783227,-12.0753725],[-77.0784686,-12.0753476]]]},"properties":{"feature_id":"osm-way-442975140","altura_m":8.0,"building":"yes","nombre":""}},{"type":"Feature","id":"osm-way-442975141","geometry":{"type":"Polygon","coordinates":[[[-77.0780577,-12.0754235],[-77.0780878,-12.0755918],[-77.0780485,-12.0755986],[-77.078041,-12.0755569],[-77.0779431,-12.0755736],[-77.0779498,-12.0756108],[-77.0778872,-12.0756215],[-77.0778814,-12.0755889],[-77.0777613,-12.0756094],[-77.0777698,-12.0756572],[-77.0777322,-12.0756637],[-77.0777002,-12.0754846],[-77.0780577,-12.0754235]]]},"properties":{"feature_id":"osm-way-442975141","altura_m":8.0,"building":"yes","nombre":""}},{"type":"Feature","id":"osm-way-442975145","geometry":{"type":"Polygon","coordinates":[[[-77.0803443,-12.0745813],[-77.0802967,-12.074584],[-77.0803027,-12.0746849],[-77.0803502,-12.0746822],[-77.0803443,-12.0745813]]]},"properties":{"feature_id":"osm-way-442975145","altura_m":8.0,"building":"yes","nombre":""}},{"type":"Feature","id":"osm-way-442975146","geometry":{"type":"Polygon","coordinates":[[[-77.080071,-12.0740762],[-77.0800503,-12.0740401],[-77.0800165,-12.0740587],[-77.0800372,-12.0740947],[-77.080071,-12.0740762]]]},"properties":{"feature_id":"osm-way-442975146","altura_m":8.0,"building":"yes","nombre":""}},{"type":"Feature","id":"osm-way-442975148","geometry":{"type":"Polygon","coordinates":[[[-77.0809629,-12.0738313],[-77.0809606,-12.0739143],[-77.0809156,-12.0739131],[-77.0809047,-12.0738562],[-77.0809629,-12.0738313]]]},"properties":{"feature_id":"osm-way-442975148","altura_m":8.0,"building":"yes","nombre":""}},{"type":"Feature","id":"osm-way-442975150","geometry":{"type":"Polygon","coordinates":[[[-77.0796238,-12.0757207],[-77.0796461,-12.0758399],[-77.0795849,-12.0758508],[-77.0795693,-12.0757669],[-77.0796238,-12.0757207]]]},"properties":{"feature_id":"osm-way-442975150","altura_m":8.0,"building":"yes","nombre":""}},{"type":"Feature","id":"osm-way-442975157","geometry":{"type":"Polygon","coordinates":[[[-77.0786794,-12.0758937],[-77.0786786,-12.07594],[-77.0785669,-12.0759381],[-77.0785677,-12.0758919],[-77.0786794,-12.0758937]]]},"properties":{"feature_id":"osm-way-442975157","altura_m":8.0,"building":"yes","nombre":""}},{"type":"Feature","id":"osm-way-442975158","geometry":{"type":"Polygon","coordinates":[[[-77.0762629,-12.0757628],[-77.0762846,-12.0758646],[-77.0762089,-12.0758801],[-77.0761937,-12.075809],[-77.0762629,-12.0757628]]]},"properties":{"feature_id":"osm-way-442975158","altura_m":8.0,"building":"yes","nombre":""}},{"type":"Feature","id":"osm-way-442978771","geometry":{"type":"Polygon","coordinates":[[[-77.0757269,-12.0754988],[-77.0757621,-12.0756171],[-77.0757131,-12.075631],[-77.075698,-12.0755803],[-77.0756496,-12.075594],[-77.0756629,-12.0756387],[-77.0755492,-12.075671],[-77.0755398,-12.0756396],[-77.0755118,-12.0756475],[-77.0755118,-12.0756725],[-77.0754695,-12.0756817],[-77.0753982,-12.0753712],[-77.0754897,-12.0753511],[-77.0754999,-12.0753955],[-77.0755298,-12.0753955],[-77.0755427,-12.0754389],[-77.0754969,-12.0754519],[-77.0755384,-12.0755914],[-77.0756681,-12.0755546],[-77.0756574,-12.0755185],[-77.0757269,-12.0754988]]]},"properties":{"feature_id":"osm-way-442978771","altura_m":8.0,"building":"yes","nombre":""}},{"type":"Feature","id":"osm-way-442978772","geometry":{"type":"Polygon","coordinates":[[[-77.0754729,-12.0749601],[-77.0755446,-12.0753079],[-77.0754473,-12.0753271],[-77.0754155,-12.0751725],[-77.075187,-12.0752176],[-77.0752223,-12.0753885],[-77.0751122,-12.0754102],[-77.0750289,-12.0750061],[-77.0751589,-12.0749804],[-77.0751856,-12.0751101],[-77.0754055,-12.0750667],[-77.075387,-12.074977],[-77.0754729,-12.0749601]]]},"properties":{"feature_id":"osm-way-442978772","altura_m":8.0,"building":"apartments","nombre":"Maradentro"}},{"type":"Feature","id":"osm-way-442978775","geometry":{"type":"Polygon","coordinates":[[[-77.0759618,-12.0750403],[-77.0759783,-12.0751024],[-77.0758456,-12.0751361],[-77.0758291,-12.075074],[-77.0759618,-12.0750403]]]},"properties":{"feature_id":"osm-way-442978775","altura_m":8.0,"building":"yes","nombre":""}},{"type":"Feature","id":"osm-way-442978776","geometry":{"type":"Polygon","coordinates":[[[-77.0752753,-12.0757142],[-77.0752581,-12.0756418],[-77.0752013,-12.0756418],[-77.0752186,-12.0757142],[-77.0752753,-12.0757142]]]},"properties":{"feature_id":"osm-way-442978776","altura_m":8.0,"building":"yes","nombre":""}},{"type":"Feature","id":"osm-way-442978777","geometry":{"type":"Polygon","coordinates":[[[-77.0751544,-12.0756973],[-77.0751705,-12.0757487],[-77.0751132,-12.0757658],[-77.0750902,-12.0756925],[-77.0751544,-12.0756973]]]},"properties":{"feature_id":"osm-way-442978777","altura_m":8.0,"building":"yes","nombre":""}},{"type":"Feature","id":"osm-way-442978778","geometry":{"type":"Polygon","coordinates":[[[-77.0761041,-12.0746231],[-77.0761194,-12.0746841],[-77.0760436,-12.0747024],[-77.0760283,-12.0746414],[-77.0761041,-12.0746231]]]},"properties":{"feature_id":"osm-way-442978778","altura_m":8.0,"building":"yes","nombre":""}},{"type":"Feature","id":"osm-way-442978779","geometry":{"type":"Polygon","coordinates":[[[-77.0751804,-12.0748395],[-77.0751964,-12.0749185],[-77.0751317,-12.074931],[-77.0751156,-12.074852],[-77.0751804,-12.0748395]]]},"properties":{"feature_id":"osm-way-442978779","altura_m":8.0,"building":"yes","nombre":""}},{"type":"Feature","id":"osm-way-442978780","geometry":{"type":"Polygon","coordinates":[[[-77.0757341,-12.0747166],[-77.0757467,-12.0747942],[-77.0756916,-12.0748028],[-77.075679,-12.0747252],[-77.0757341,-12.0747166]]]},"properties":{"feature_id":"osm-way-442978780","altura_m":8.0,"building":"yes","nombre":""}},{"type":"Feature","id":"osm-way-442978781","geometry":{"type":"Polygon","coordinates":[[[-77.0755069,-12.0747697],[-77.0755156,-12.0748016],[-77.0755769,-12.0747856],[-77.075587,-12.0748224],[-77.0754913,-12.0748474],[-77.0754726,-12.0747786],[-77.0755069,-12.0747697]]]},"properties":{"feature_id":"osm-way-442978781","altura_m":8.0,"building":"yes","nombre":""}},{"type":"Feature","id":"osm-way-442978782","geometry":{"type":"Polygon","coordinates":[[[-77.0750163,-12.0748572],[-77.075026,-12.074926],[-77.0749707,-12.0749335],[-77.074961,-12.0748646],[-77.0750163,-12.0748572]]]},"properties":{"feature_id":"osm-way-442978782","altura_m":8.0,"building":"yes","nombre":""}},{"type":"Feature","id":"osm-way-442978785","geometry":{"type":"Polygon","coordinates":[[[-77.0779583,-12.0742556],[-77.0779813,-12.0743738],[-77.0776378,-12.0744375],[-77.0776519,-12.07451],[-77.0777711,-12.0744877],[-77.0777944,-12.0746026],[-77.0775807,-12.0746425],[-77.0775584,-12.0745276],[-77.0775994,-12.07452],[-77.0775853,-12.0744472],[-77.0775422,-12.0744552],[-77.0775193,-12.0743371],[-77.0779583,-12.0742556]]]},"properties":{"feature_id":"osm-way-442978785","altura_m":8.0,"building":"yes","nombre":""}},{"type":"Feature","id":"osm-way-442978786","geometry":{"type":"Polygon","coordinates":[[[-77.0784794,-12.0741534],[-77.0785006,-12.0742553],[-77.0783669,-12.0742818],[-77.0783825,-12.0743571],[-77.0785179,-12.0743303],[-77.0785362,-12.0744183],[-77.0781481,-12.0744962],[-77.0781298,-12.0744061],[-77.0783058,-12.0743714],[-77.0782903,-12.074297],[-77.0780836,-12.074338],[-77.0780624,-12.0742362],[-77.0784794,-12.0741534]]]},"properties":{"feature_id":"osm-way-442978786","altura_m":8.0,"building":"yes","nombre":""}},{"type":"Feature","id":"osm-way-442978787","geometry":{"type":"Polygon","coordinates":[[[-77.0778091,-12.0746748],[-77.0778353,-12.0748037],[-77.0777,-12.0748319],[-77.0777141,-12.0749095],[-77.0776379,-12.0749227],[-77.0775998,-12.0747128],[-77.0778091,-12.0746748]]]},"properties":{"feature_id":"osm-way-442978787","altura_m":8.0,"building":"yes","nombre":""}},{"type":"Feature","id":"osm-way-442978789","geometry":{"type":"Polygon","coordinates":[[[-77.079948,-12.0740082],[-77.0798987,-12.0739502],[-77.0798493,-12.0739913],[-77.0798765,-12.0740516],[-77.079948,-12.0740082]]]},"properties":{"feature_id":"osm-way-442978789","altura_m":8.0,"building":"yes","nombre":""}},{"type":"Feature","id":"osm-way-447892340","geometry":{"type":"Polygon","coordinates":[[[-77.080031,-12.0744802],[-77.079917,-12.0745419],[-77.0800055,-12.0747058],[-77.0800591,-12.0747412],[-77.0801436,-12.0747229],[-77.0801436,-12.0746468],[-77.0801691,-12.0746284],[-77.0801637,-12.0745616],[-77.0801262,-12.0745616],[-77.0801128,-12.074534],[-77.0800658,-12.0745524],[-77.080031,-12.0744802]]]},"properties":{"feature_id":"osm-way-447892340","altura_m":18.0,"building":"yes","nombre":"Orquidia"}},{"type":"Feature","id":"osm-way-447892750","geometry":{"type":"Polygon","coordinates":[[[-77.0829599,-12.074416],[-77.0831973,-12.074378],[-77.0832174,-12.0745275],[-77.082972,-12.0745537],[-77.0829599,-12.074416]]]},"properties":{"feature_id":"osm-way-447892750","altura_m":8.0,"building":"yes","nombre":"Hotel Sol y Luna"}},{"type":"Feature","id":"osm-way-447893035","geometry":{"type":"Polygon","coordinates":[[[-77.0820306,-12.0744816],[-77.0820225,-12.0746193],[-77.0821271,-12.0746127],[-77.0821311,-12.0744802],[-77.0820306,-12.0744816]]]},"properties":{"feature_id":"osm-way-447893035","altura_m":8.0,"building":"yes","nombre":"Chinesse Cuisine"}},{"type":"Feature","id":"osm-way-447894134","geometry":{"type":"Polygon","coordinates":[[[-77.0809456,-12.0745668],[-77.0808745,-12.0745694],[-77.0808839,-12.074694],[-77.080951,-12.0746888],[-77.0809456,-12.0745668]]]},"properties":{"feature_id":"osm-way-447894134","altura_m":8.0,"building":"yes","nombre":"La Leña"}},{"type":"Feature","id":"osm-way-447894462","geometry":{"type":"Polygon","coordinates":[[[-77.0808013,-12.074634],[-77.0808057,-12.0746952],[-77.0808753,-12.0746904],[-77.080871,-12.0746292],[-77.0808013,-12.074634]]]},"properties":{"feature_id":"osm-way-447894462","altura_m":8.0,"building":"yes","nombre":"El Carmen"}},{"type":"Feature","id":"osm-way-447894810","geometry":{"type":"Polygon","coordinates":[[[-77.0811893,-12.0749349],[-77.0811916,-12.0749874],[-77.0812639,-12.0749843],[-77.0812616,-12.0749318],[-77.0811893,-12.0749349]]]},"properties":{"feature_id":"osm-way-447894810","altura_m":8.0,"building":"yes","nombre":"Atlantida"}},{"type":"Feature","id":"osm-way-447895040","geometry":{"type":"Polygon","coordinates":[[[-77.0811054,-12.0749358],[-77.081116,-12.0751219],[-77.081039,-12.0751212],[-77.0810297,-12.0749431],[-77.0811054,-12.0749358]]]},"properties":{"feature_id":"osm-way-447895040","altura_m":8.0,"building":"yes","nombre":"Villa Chicken"}},{"type":"Feature","id":"osm-way-447895251","geometry":{"type":"Polygon","coordinates":[[[-77.081019,-12.0749473],[-77.0809414,-12.0749522],[-77.0809532,-12.0751301],[-77.0810307,-12.0751252],[-77.081019,-12.0749473]]]},"properties":{"feature_id":"osm-way-447895251","altura_m":8.0,"building":"yes","nombre":"Las Delicias"}},{"type":"Feature","id":"osm-way-447895711","geometry":{"type":"Polygon","coordinates":[[[-77.0804293,-12.0750074],[-77.0804011,-12.0750153],[-77.0803676,-12.0750337],[-77.0803448,-12.0750533],[-77.0803314,-12.0750835],[-77.080322,-12.0751307],[-77.0803492,-12.0752254],[-77.0804461,-12.0751688],[-77.0804293,-12.0750074]]]},"properties":{"feature_id":"osm-way-447895711","altura_m":8.0,"building":"yes","nombre":"Kina"}},{"type":"Feature","id":"osm-way-448593333","geometry":{"type":"Polygon","coordinates":[[[-77.0789519,-12.0684909],[-77.079045,-12.0684789],[-77.0791093,-12.0684707],[-77.0790966,-12.0683763],[-77.0787248,-12.068424],[-77.0787329,-12.0685082],[-77.0787336,-12.0685149],[-77.0789519,-12.0684909]]]},"properties":{"feature_id":"osm-way-448593333","altura_m":8.0,"building":"university","nombre":"McGregor"}},{"type":"Feature","id":"osm-way-448694697","geometry":{"type":"Polygon","coordinates":[[[-77.077641,-12.0668003],[-77.0776865,-12.0668037],[-77.0776786,-12.0669035],[-77.0775448,-12.0668935],[-77.0775476,-12.0668582],[-77.0776359,-12.0668648],[-77.077641,-12.0668003]]]},"properties":{"feature_id":"osm-way-448694697","altura_m":8.0,"building":"yes","nombre":"Mundo Light's"}},{"type":"Feature","id":"osm-way-449759519","geometry":{"type":"Polygon","coordinates":[[[-77.0796286,-12.0685648],[-77.0795782,-12.0685666],[-77.0795802,-12.0686212],[-77.0796306,-12.0686194],[-77.0796286,-12.0685648]]]},"properties":{"feature_id":"osm-way-449759519","altura_m":8.0,"building":"yes","nombre":"Juan Valdez Café"}},{"type":"Feature","id":"osm-way-449759600","geometry":{"type":"Polygon","coordinates":[[[-77.0795422,-12.0683862],[-77.0794942,-12.0683877],[-77.0794981,-12.0685082],[-77.0795329,-12.0685068],[-77.0795343,-12.068541],[-77.0796055,-12.0685381],[-77.0796033,-12.0684695],[-77.0795969,-12.0684404],[-77.0795895,-12.0684175],[-77.0795802,-12.068399],[-77.0795426,-12.0684001],[-77.0795422,-12.0683862]]]},"properties":{"feature_id":"osm-way-449759600","altura_m":8.0,"building":"yes","nombre":""}},{"type":"Feature","id":"osm-way-450284425","geometry":{"type":"Polygon","coordinates":[[[-77.0825702,-12.0728999],[-77.0824294,-12.0729493],[-77.0824238,-12.0729544],[-77.082419,-12.0729696],[-77.0824173,-12.0729786],[-77.0824143,-12.0729845],[-77.0824095,-12.0729886],[-77.0823722,-12.0730011],[-77.0823636,-12.0729776],[-77.0822907,-12.0730031],[-77.0823147,-12.0730686],[-77.0823387,-12.0730602],[-77.0823527,-12.0730982],[-77.0825056,-12.0730447],[-77.0825021,-12.0730351],[-77.0826063,-12.0729985],[-77.0825702,-12.0728999]]]},"properties":{"feature_id":"osm-way-450284425","altura_m":8.0,"building":"university","nombre":"Sección Ingenieria Industrial"}},{"type":"Feature","id":"osm-way-450284459","geometry":{"type":"Polygon","coordinates":[[[-77.0826026,-12.0729002],[-77.0826484,-12.073029],[-77.0827821,-12.0729836],[-77.0828823,-12.0729495],[-77.0828594,-12.0728852],[-77.0828863,-12.0728761],[-77.0828863,-12.0728627],[-77.0828857,-12.0728484],[-77.0828794,-12.0728304],[-77.0828722,-12.0728184],[-77.0828609,-12.0728066],[-77.0828337,-12.0728159],[-77.0828303,-12.0728065],[-77.082761,-12.0728301],[-77.0827662,-12.0728447],[-77.0826026,-12.0729002]]]},"properties":{"feature_id":"osm-way-450284459","altura_m":8.0,"building":"university","nombre":"Centro de Tecnologías Avanzadas de Manufactura"}},{"type":"Feature","id":"osm-way-450286024","geometry":{"type":"Polygon","coordinates":[[[-77.0801493,-12.0682316],[-77.0800255,-12.0682277],[-77.0800259,-12.0683437],[-77.080051,-12.068366],[-77.080076,-12.0683689],[-77.0800923,-12.0683842],[-77.0801781,-12.0683885],[-77.0801841,-12.0683009],[-77.0801681,-12.0682853],[-77.0801695,-12.0682584],[-77.0801493,-12.0682316]]]},"properties":{"feature_id":"osm-way-450286024","altura_m":8.0,"building":"university","nombre":""}},{"type":"Feature","id":"osm-way-450286035","geometry":{"type":"Polygon","coordinates":[[[-77.0799264,-12.0680903],[-77.0800034,-12.0680919],[-77.0800275,-12.0681262],[-77.0800257,-12.0682093],[-77.0798932,-12.0682065],[-77.0798941,-12.0681632],[-77.0799254,-12.0681367],[-77.0799264,-12.0680903]]]},"properties":{"feature_id":"osm-way-450286035","altura_m":8.0,"building":"university","nombre":""}},{"type":"Feature","id":"osm-way-450286156","geometry":{"type":"Polygon","coordinates":[[[-77.0789796,-12.0676481],[-77.0787898,-12.0676426],[-77.0787855,-12.0677834],[-77.0788186,-12.0677844],[-77.0788158,-12.0678751],[-77.0789725,-12.0678796],[-77.0789796,-12.0676481]]]},"properties":{"feature_id":"osm-way-450286156","altura_m":8.0,"building":"university","nombre":"Sala Cuna"}},{"type":"Feature","id":"osm-way-450286198","geometry":{"type":"Polygon","coordinates":[[[-77.0792321,-12.0677843],[-77.0791475,-12.0677818],[-77.0791433,-12.067921],[-77.0790876,-12.0679193],[-77.0790852,-12.0679984],[-77.0795936,-12.0680133],[-77.0795961,-12.0679308],[-77.0792279,-12.06792],[-77.0792321,-12.0677843]]]},"properties":{"feature_id":"osm-way-450286198","altura_m":8.0,"building":"university","nombre":""}},{"type":"Feature","id":"osm-way-450286308","geometry":{"type":"Polygon","coordinates":[[[-77.0810567,-12.0693751],[-77.0809025,-12.0693825],[-77.0809049,-12.0694285],[-77.0808421,-12.0694875],[-77.0808427,-12.0695002],[-77.0807981,-12.0695023],[-77.0807837,-12.0695213],[-77.080786,-12.0695653],[-77.0809322,-12.0695583],[-77.0809314,-12.0695428],[-77.0810201,-12.0695385],[-77.0810195,-12.0695262],[-77.0810419,-12.0695251],[-77.0810403,-12.0694941],[-77.0810626,-12.069493],[-77.0810567,-12.0693751]]]},"properties":{"feature_id":"osm-way-450286308","altura_m":8.0,"building":"university","nombre":"Facultad de Gestión y Alta Dirección"}},{"type":"Feature","id":"osm-way-453183137","geometry":{"type":"Polygon","coordinates":[[[-77.0785066,-12.0709583],[-77.0784408,-12.0709715],[-77.0784568,-12.0710473],[-77.0785226,-12.0710341],[-77.0785066,-12.0709583]]]},"properties":{"feature_id":"osm-way-453183137","altura_m":3.2,"building":"yes","nombre":""}},{"type":"Feature","id":"osm-way-453183730","geometry":{"type":"Polygon","coordinates":[[[-77.0786405,-12.0711465],[-77.0784223,-12.0711946],[-77.0784403,-12.0712724],[-77.0786584,-12.0712243],[-77.0786405,-12.0711465]]]},"properties":{"feature_id":"osm-way-453183730","altura_m":3.2,"building":"university","nombre":""}},{"type":"Feature","id":"osm-way-453184570","geometry":{"type":"Polygon","coordinates":[[[-77.0787699,-12.0703473],[-77.0787497,-12.0703331],[-77.0786827,-12.0703399],[-77.0786702,-12.0703574],[-77.0786907,-12.0705527],[-77.0787144,-12.0705503],[-77.0787297,-12.0706959],[-77.0787999,-12.0706888],[-77.0787922,-12.0706154],[-77.0788039,-12.0706142],[-77.0787902,-12.0704834],[-77.0787744,-12.070485],[-77.0787716,-12.070458],[-77.0787814,-12.070457],[-77.0787699,-12.0703473]]]},"properties":{"feature_id":"osm-way-453184570","altura_m":16.0,"building":"university","nombre":"Facultad de Escuela de Gobierno y políticas Públicas"}},{"type":"Feature","id":"osm-way-453185435","geometry":{"type":"Polygon","coordinates":[[[-77.0786541,-12.0712491],[-77.078489,-12.0712979],[-77.0784798,-12.0712682],[-77.0784314,-12.0712825],[-77.0784522,-12.0713497],[-77.0784152,-12.0713606],[-77.0784331,-12.0714184],[-77.0786836,-12.0713443],[-77.0786541,-12.0712491]]]},"properties":{"feature_id":"osm-way-453185435","altura_m":3.2,"building":"university","nombre":""}},{"type":"Feature","id":"osm-way-453185861","geometry":{"type":"Polygon","coordinates":[[[-77.0791425,-12.0714017],[-77.0789094,-12.0714488],[-77.0789354,-12.0715717],[-77.0790792,-12.0715427],[-77.0791685,-12.0715246],[-77.0791425,-12.0714017]]]},"properties":{"feature_id":"osm-way-453185861","altura_m":8.0,"building":"university","nombre":"Pabellón G"}},{"type":"Feature","id":"osm-way-453187876","geometry":{"type":"Polygon","coordinates":[[[-77.0796107,-12.0701024],[-77.0795414,-12.0701068],[-77.0795462,-12.070179],[-77.0794845,-12.070183],[-77.0794864,-12.0702107],[-77.0794215,-12.0702149],[-77.0794232,-12.0702406],[-77.0793702,-12.0702441],[-77.079378,-12.0703598],[-77.0795026,-12.0703518],[-77.0795056,-12.0703956],[-77.0796299,-12.0703876],[-77.0796107,-12.0701024]]]},"properties":{"feature_id":"osm-way-453187876","altura_m":3.2,"building":"university","nombre":""}},{"type":"Feature","id":"osm-way-453188077","geometry":{"type":"Polygon","coordinates":[[[-77.0792659,-12.0713768],[-77.0791425,-12.0714017],[-77.0791685,-12.0715246],[-77.0790792,-12.0715427],[-77.0790859,-12.0715748],[-77.079174,-12.071557],[-77.0791875,-12.0716211],[-77.07935,-12.0715883],[-77.0793329,-12.0715073],[-77.0792719,-12.0715196],[-77.0792658,-12.0714905],[-77.079289,-12.0714858],[-77.0792659,-12.0713768]]]},"properties":{"feature_id":"osm-way-453188077","altura_m":8.0,"building":"university","nombre":""}},{"type":"Feature","id":"osm-way-454554150","geometry":{"type":"Polygon","coordinates":[[[-77.0770011,-12.0697637],[-77.0770394,-12.0699334],[-77.0762758,-12.0700998],[-77.0762388,-12.069927],[-77.0770011,-12.0697637]]]},"properties":{"feature_id":"osm-way-454554150","altura_m":16.0,"building":"apartments","nombre":""}},{"type":"Feature","id":"osm-way-454554151","geometry":{"type":"Polygon","coordinates":[[[-77.0770508,-12.0699995],[-77.0770687,-12.0700799],[-77.0770916,-12.0701754],[-77.0762581,-12.070354],[-77.076219,-12.0701763],[-77.0770508,-12.0699995]]]},"properties":{"feature_id":"osm-way-454554151","altura_m":16.0,"building":"apartments","nombre":""}},{"type":"Feature","id":"osm-way-454554153","geometry":{"type":"Polygon","coordinates":[[[-77.0761172,-12.0699563],[-77.0761504,-12.0701225],[-77.0754147,-12.0702703],[-77.0753853,-12.0701081],[-77.0761172,-12.0699563]]]},"properties":{"feature_id":"osm-way-454554153","altura_m":16.0,"building":"apartments","nombre":""}},{"type":"Feature","id":"osm-way-454554158","geometry":{"type":"Polygon","coordinates":[[[-77.0747166,-12.0722497],[-77.0746574,-12.0723549],[-77.0745716,-12.0723004],[-77.0744891,-12.0723153],[-77.0744215,-12.072425],[-77.0743325,-12.0723686],[-77.0744931,-12.0721152],[-77.0747166,-12.0722497]]]},"properties":{"feature_id":"osm-way-454554158","altura_m":8.0,"building":"yes","nombre":""}},{"type":"Feature","id":"osm-way-460360119","geometry":{"type":"Polygon","coordinates":[[[-77.0740055,-12.0662348],[-77.0740055,-12.0662775],[-77.0738963,-12.0662811],[-77.073889,-12.0662348],[-77.0740055,-12.0662348]]]},"properties":{"feature_id":"osm-way-460360119","altura_m":8.0,"building":"yes","nombre":""}},{"type":"Feature","id":"osm-way-460360123","geometry":{"type":"Polygon","coordinates":[[[-77.0775215,-12.0661455],[-77.0775215,-12.0661953],[-77.077416,-12.0661953],[-77.077416,-12.0661455],[-77.0775215,-12.0661455]]]},"properties":{"feature_id":"osm-way-460360123","altura_m":8.0,"building":"yes","nombre":""}},{"type":"Feature","id":"osm-way-460360124","geometry":{"type":"Polygon","coordinates":[[[-77.0759096,-12.0665369],[-77.0759132,-12.0665725],[-77.0758259,-12.0665832],[-77.0758295,-12.0665227],[-77.0759096,-12.0665369]]]},"properties":{"feature_id":"osm-way-460360124","altura_m":8.0,"building":"yes","nombre":""}},{"type":"Feature","id":"osm-way-460360125","geometry":{"type":"Polygon","coordinates":[[[-77.0747629,-12.0666765],[-77.0747616,-12.0668824],[-77.0744009,-12.06688],[-77.0744102,-12.0666647],[-77.0747629,-12.0666765]]]},"properties":{"feature_id":"osm-way-460360125","altura_m":3.2,"building":"yes","nombre":""}},{"type":"Feature","id":"osm-way-460360126","geometry":{"type":"Polygon","coordinates":[[[-77.0765084,-12.0656187],[-77.0764677,-12.0656171],[-77.0764579,-12.0655136],[-77.0765011,-12.0655144],[-77.0765084,-12.0656187]]]},"properties":{"feature_id":"osm-way-460360126","altura_m":8.0,"building":"yes","nombre":""}},{"type":"Feature","id":"osm-way-460360127","geometry":{"type":"Polygon","coordinates":[[[-77.0756071,-12.065518],[-77.0755999,-12.0656034],[-77.075538,-12.0656105],[-77.075538,-12.0655287],[-77.0756071,-12.065518]]]},"properties":{"feature_id":"osm-way-460360127","altura_m":8.0,"building":"yes","nombre":""}},{"type":"Feature","id":"osm-way-460360128","geometry":{"type":"Polygon","coordinates":[[[-77.0736277,-12.0654575],[-77.0735295,-12.0654504],[-77.0735185,-12.0656177],[-77.0736131,-12.0656283],[-77.0736277,-12.0654575]]]},"properties":{"feature_id":"osm-way-460360128","altura_m":8.0,"building":"yes","nombre":""}},{"type":"Feature","id":"osm-way-460360129","geometry":{"type":"Polygon","coordinates":[[[-77.0736084,-12.0657275],[-77.0734448,-12.0657275],[-77.0734635,-12.0659387],[-77.0736097,-12.0659452],[-77.0736084,-12.0657275]]]},"properties":{"feature_id":"osm-way-460360129","altura_m":8.0,"building":"hotel","nombre":""}},{"type":"Feature","id":"osm-way-460360130","geometry":{"type":"Polygon","coordinates":[[[-77.0752392,-12.0647796],[-77.0751862,-12.0647796],[-77.0751884,-12.0648444],[-77.0752547,-12.0648487],[-77.0752392,-12.0647796]]]},"properties":{"feature_id":"osm-way-460360130","altura_m":8.0,"building":"yes","nombre":""}},{"type":"Feature","id":"osm-way-460360131","geometry":{"type":"Polygon","coordinates":[[[-77.0747068,-12.0647839],[-77.0746185,-12.0647796],[-77.0746185,-12.0649632],[-77.0747355,-12.0649718],[-77.07474,-12.0649351],[-77.074698,-12.0649308],[-77.0747068,-12.0647839]]]},"properties":{"feature_id":"osm-way-460360131","altura_m":8.0,"building":"yes","nombre":""}},{"type":"Feature","id":"osm-way-460360133","geometry":{"type":"Polygon","coordinates":[[[-77.0780043,-12.0642692],[-77.0779256,-12.0642625],[-77.0779225,-12.0642969],[-77.0779005,-12.064295],[-77.0778968,-12.0643362],[-77.0778647,-12.0643334],[-77.0778633,-12.0643494],[-77.0779962,-12.0643607],[-77.0780043,-12.0642692]]]},"properties":{"feature_id":"osm-way-460360133","altura_m":8.0,"building":"yes","nombre":""}},{"type":"Feature","id":"osm-way-460360134","geometry":{"type":"Polygon","coordinates":[[[-77.0790049,-12.0638135],[-77.0789983,-12.0638762],[-77.0789276,-12.0638567],[-77.0789452,-12.0638006],[-77.0790049,-12.0638135]]]},"properties":{"feature_id":"osm-way-460360134","altura_m":8.0,"building":"yes","nombre":""}},{"type":"Feature","id":"osm-way-460360137","geometry":{"type":"Polygon","coordinates":[[[-77.0780738,-12.063874],[-77.0780324,-12.0640414],[-77.0778794,-12.0640051],[-77.0778905,-12.0639604],[-77.0779126,-12.0639604],[-77.0779258,-12.0639237],[-77.0779766,-12.0639259],[-77.0779943,-12.0638891],[-77.0780738,-12.063874]]]},"properties":{"feature_id":"osm-way-460360137","altura_m":8.0,"building":"yes","nombre":""}},{"type":"Feature","id":"osm-way-460360139","geometry":{"type":"Polygon","coordinates":[[[-77.0776009,-12.0641485],[-77.0775996,-12.0642259],[-77.0775097,-12.0642338],[-77.0775097,-12.064117],[-77.0776009,-12.0641485]]]},"properties":{"feature_id":"osm-way-460360139","altura_m":8.0,"building":"yes","nombre":""}},{"type":"Feature","id":"osm-way-460360141","geometry":{"type":"Polygon","coordinates":[[[-77.078013,-12.0632909],[-77.0779943,-12.063359],[-77.0779598,-12.06335],[-77.0779517,-12.0633631],[-77.0778999,-12.0633496],[-77.0779225,-12.0632672],[-77.078013,-12.0632909]]]},"properties":{"feature_id":"osm-way-460360141","altura_m":8.0,"building":"yes","nombre":""}},{"type":"Feature","id":"osm-way-460360142","geometry":{"type":"Polygon","coordinates":[[[-77.0778344,-12.0632406],[-77.0778239,-12.0632865],[-77.0777545,-12.0632712],[-77.0777298,-12.0633783],[-77.0776426,-12.0633591],[-77.0776778,-12.0632061],[-77.0778344,-12.0632406]]]},"properties":{"feature_id":"osm-way-460360142","altura_m":8.0,"building":"yes","nombre":""}},{"type":"Feature","id":"osm-way-460360145","geometry":{"type":"Polygon","coordinates":[[[-77.0779234,-12.0636199],[-77.0779112,-12.0636757],[-77.0778884,-12.0636717],[-77.0778705,-12.0637242],[-77.0777394,-12.063686],[-77.077763,-12.0636358],[-77.0777345,-12.0636175],[-77.0777532,-12.0635722],[-77.0779234,-12.0636199]]]},"properties":{"feature_id":"osm-way-460360145","altura_m":8.0,"building":"yes","nombre":""}},{"type":"Feature","id":"osm-way-460360146","geometry":{"type":"Polygon","coordinates":[[[-77.0779649,-12.0634551],[-77.0779497,-12.06352],[-77.0778398,-12.0634955],[-77.0778474,-12.063463],[-77.0777909,-12.0634504],[-77.0778064,-12.0633842],[-77.0778223,-12.0633878],[-77.0778315,-12.0633483],[-77.0779153,-12.063367],[-77.0779089,-12.0633945],[-77.077938,-12.063401],[-77.0779397,-12.0634408],[-77.0779649,-12.0634551]]]},"properties":{"feature_id":"osm-way-460360146","altura_m":8.0,"building":"yes","nombre":""}},{"type":"Feature","id":"osm-way-460360147","geometry":{"type":"Polygon","coordinates":[[[-77.0773422,-12.0628941],[-77.077255,-12.06288],[-77.0772375,-12.0629831],[-77.0773247,-12.0629972],[-77.0773422,-12.0628941]]]},"properties":{"feature_id":"osm-way-460360147","altura_m":8.0,"building":"yes","nombre":""}},{"type":"Feature","id":"osm-way-460360148","geometry":{"type":"Polygon","coordinates":[[[-77.0782272,-12.062711],[-77.078225,-12.062752],[-77.0780218,-12.0627131],[-77.0780483,-12.0626807],[-77.0781035,-12.0626829],[-77.0781035,-12.0626483],[-77.0781808,-12.0626591],[-77.0781896,-12.0626915],[-77.0782272,-12.062711]]]},"properties":{"feature_id":"osm-way-460360148","altura_m":8.0,"building":"yes","nombre":""}},{"type":"Feature","id":"osm-way-460360149","geometry":{"type":"Polygon","coordinates":[[[-77.0780991,-12.0628903],[-77.0780902,-12.0629356],[-77.0779997,-12.0629248],[-77.0780151,-12.0628752],[-77.0780991,-12.0628903]]]},"properties":{"feature_id":"osm-way-460360149","altura_m":8.0,"building":"yes","nombre":""}},{"type":"Feature","id":"osm-way-460360151","geometry":{"type":"Polygon","coordinates":[[[-77.075797,-12.0629592],[-77.075565,-12.062929],[-77.075565,-12.0630142],[-77.0757702,-12.0630457],[-77.075797,-12.0629592]]]},"properties":{"feature_id":"osm-way-460360151","altura_m":8.0,"building":"yes","nombre":""}},{"type":"Feature","id":"osm-way-460360154","geometry":{"type":"Polygon","coordinates":[[[-77.0752257,-12.0628844],[-77.0752002,-12.0629972],[-77.0751613,-12.0629959],[-77.0751613,-12.0629697],[-77.0750983,-12.0629592],[-77.0751278,-12.0628621],[-77.0752257,-12.0628844]]]},"properties":{"feature_id":"osm-way-460360154","altura_m":8.0,"building":"yes","nombre":""}},{"type":"Feature","id":"osm-way-460360155","geometry":{"type":"Polygon","coordinates":[[[-77.0751835,-12.0630102],[-77.0751773,-12.0630366],[-77.0751973,-12.0630411],[-77.0751895,-12.0630746],[-77.0751734,-12.0630759],[-77.0751518,-12.0631653],[-77.0751735,-12.0631703],[-77.0751694,-12.0631874],[-77.0751479,-12.0631913],[-77.0751378,-12.0632503],[-77.0751022,-12.0632445],[-77.075108,-12.0632111],[-77.0750472,-12.0632011],[-77.0750548,-12.0631564],[-77.075079,-12.0631604],[-77.0750822,-12.0631415],[-77.0750648,-12.0630995],[-77.0750701,-12.0630746],[-77.0750943,-12.0630575],[-77.0751037,-12.0630444],[-77.0750755,-12.0630381],[-77.0750871,-12.0629886],[-77.0751835,-12.0630102]]]},"properties":{"feature_id":"osm-way-460360155","altura_m":8.0,"building":"yes","nombre":""}},{"type":"Feature","id":"osm-way-460360156","geometry":{"type":"Polygon","coordinates":[[[-77.0760981,-12.0634306],[-77.0760569,-12.0636055],[-77.0759313,-12.0635772],[-77.0759285,-12.0635889],[-77.0757278,-12.0635437],[-77.0757501,-12.063449],[-77.0759896,-12.0635029],[-77.0760112,-12.063411],[-77.0760981,-12.0634306]]]},"properties":{"feature_id":"osm-way-460360156","altura_m":8.0,"building":"yes","nombre":""}},{"type":"Feature","id":"osm-way-467115684","geometry":{"type":"Polygon","coordinates":[[[-77.0801333,-12.0708574],[-77.0801179,-12.0706455],[-77.0801139,-12.0705904],[-77.0801444,-12.0705883],[-77.0801467,-12.0706203],[-77.0802292,-12.0706146],[-77.0802232,-12.0705308],[-77.0801633,-12.070535],[-77.08016,-12.0704897],[-77.0801453,-12.0704908],[-77.0801416,-12.0704407],[-77.0801291,-12.0704415],[-77.0801257,-12.0703953],[-77.080104,-12.0703969],[-77.080101,-12.0703554],[-77.0800589,-12.0703583],[-77.0800624,-12.0704071],[-77.0800188,-12.0704102],[-77.080036,-12.0706465],[-77.080039,-12.0706876],[-77.0800247,-12.0706886],[-77.0800378,-12.0708697],[-77.0800754,-12.070867],[-77.0800771,-12.0708906],[-77.0801298,-12.070887],[-77.0801277,-12.0708578],[-77.0801333,-12.0708574]]]},"properties":{"feature_id":"osm-way-467115684","altura_m":9.6,"building":"university","nombre":"Facultad de Ciencias Sociales"}},{"type":"Feature","id":"osm-way-469202456","geometry":{"type":"Polygon","coordinates":[[[-77.0744854,-12.0633838],[-77.0743977,-12.063365],[-77.0743658,-12.0636177],[-77.0744487,-12.0636271],[-77.0744854,-12.0633838]]]},"properties":{"feature_id":"osm-way-469202456","altura_m":8.0,"building":"school","nombre":"Colegio Corazón Inmaculado de María"}},{"type":"Feature","id":"osm-way-500294821","geometry":{"type":"Polygon","coordinates":[[[-77.086026,-12.0661994],[-77.0858991,-12.066305],[-77.0856863,-12.0660604],[-77.0858132,-12.0659548],[-77.086026,-12.0661994]]]},"properties":{"feature_id":"osm-way-500294821","altura_m":8.0,"building":"yes","nombre":""}},{"type":"Feature","id":"osm-way-517486027","geometry":{"type":"Polygon","coordinates":[[[-77.085961,-12.0754596],[-77.0859831,-12.0755503],[-77.0859257,-12.0755676],[-77.0859036,-12.0754812],[-77.085961,-12.0754596]]]},"properties":{"feature_id":"osm-way-517486027","altura_m":8.0,"building":"yes","nombre":""}},{"type":"Feature","id":"osm-way-517486029","geometry":{"type":"Polygon","coordinates":[[[-77.0812317,-12.0742993],[-77.0812427,-12.0744782],[-77.08116,-12.0744831],[-77.0811491,-12.0743041],[-77.0812317,-12.0742993]]]},"properties":{"feature_id":"osm-way-517486029","altura_m":8.0,"building":"yes","nombre":""}},{"type":"Feature","id":"osm-way-517486030","geometry":{"type":"Polygon","coordinates":[[[-77.0805247,-12.0743477],[-77.0805407,-12.0744484],[-77.0804609,-12.0744605],[-77.0804449,-12.0743598],[-77.0805247,-12.0743477]]]},"properties":{"feature_id":"osm-way-517486030","altura_m":8.0,"building":"yes","nombre":""}},{"type":"Feature","id":"osm-way-517486031","geometry":{"type":"Polygon","coordinates":[[[-77.081522,-12.0739647],[-77.0815264,-12.0741073],[-77.0813851,-12.0741159],[-77.0813762,-12.0739777],[-77.081522,-12.0739647]]]},"properties":{"feature_id":"osm-way-517486031","altura_m":8.0,"building":"yes","nombre":""}},{"type":"Feature","id":"osm-way-517486032","geometry":{"type":"Polygon","coordinates":[[[-77.0821317,-12.0742067],[-77.0822024,-12.0743103],[-77.0821052,-12.0743492],[-77.0820478,-12.0742671],[-77.0821317,-12.0742067]]]},"properties":{"feature_id":"osm-way-517486032","altura_m":8.0,"building":"yes","nombre":""}},{"type":"Feature","id":"osm-way-612114328","geometry":{"type":"Polygon","coordinates":[[[-77.0801186,-12.0750234],[-77.0800662,-12.0750206],[-77.0800607,-12.0750927],[-77.0801095,-12.0750928],[-77.0801186,-12.0750234]]]},"properties":{"feature_id":"osm-way-612114328","altura_m":8.0,"building":"service","nombre":"Base de seguridad Ciudadana La Mar"}},{"type":"Feature","id":"osm-way-614583136","geometry":{"type":"Polygon","coordinates":[[[-77.0828259,-12.074401],[-77.0828534,-12.0745736],[-77.0827318,-12.0745921],[-77.0827043,-12.0744196],[-77.0828259,-12.074401]]]},"properties":{"feature_id":"osm-way-614583136","altura_m":8.0,"building":"yes","nombre":""}},{"type":"Feature","id":"osm-way-614584890","geometry":{"type":"Polygon","coordinates":[[[-77.0826136,-12.0755547],[-77.0825995,-12.0756101],[-77.0823673,-12.0756254],[-77.0823636,-12.0755712],[-77.0826136,-12.0755547]]]},"properties":{"feature_id":"osm-way-614584890","altura_m":8.0,"building":"yes","nombre":""}},{"type":"Feature","id":"osm-way-614584891","geometry":{"type":"Polygon","coordinates":[[[-77.0832663,-12.0754806],[-77.0832687,-12.0755892],[-77.083131,-12.0755921],[-77.0831287,-12.0754835],[-77.0832663,-12.0754806]]]},"properties":{"feature_id":"osm-way-614584891","altura_m":8.0,"building":"yes","nombre":""}},{"type":"Feature","id":"osm-way-614584892","geometry":{"type":"Polygon","coordinates":[[[-77.0837676,-12.0754645],[-77.0837828,-12.0755867],[-77.0837186,-12.0755943],[-77.0837034,-12.0754721],[-77.0837676,-12.0754645]]]},"properties":{"feature_id":"osm-way-614584892","altura_m":8.0,"building":"yes","nombre":""}},{"type":"Feature","id":"osm-way-614816173","geometry":{"type":"Polygon","coordinates":[[[-77.0838463,-12.0751599],[-77.0838925,-12.0752434],[-77.0838452,-12.0752684],[-77.0837991,-12.0751848],[-77.0838463,-12.0751599]]]},"properties":{"feature_id":"osm-way-614816173","altura_m":8.0,"building":"yes","nombre":""}},{"type":"Feature","id":"osm-way-614816175","geometry":{"type":"Polygon","coordinates":[[[-77.0838026,-12.0749714],[-77.0838402,-12.07507],[-77.0835804,-12.0751646],[-77.0835429,-12.075066],[-77.0838026,-12.0749714]]]},"properties":{"feature_id":"osm-way-614816175","altura_m":8.0,"building":"yes","nombre":""}},{"type":"Feature","id":"osm-way-614816176","geometry":{"type":"Polygon","coordinates":[[[-77.0833566,-12.0737978],[-77.0833935,-12.0738886],[-77.0832045,-12.073962],[-77.0831838,-12.0739109],[-77.0832837,-12.0738721],[-77.0832676,-12.0738324],[-77.0833566,-12.0737978]]]},"properties":{"feature_id":"osm-way-614816176","altura_m":8.0,"building":"yes","nombre":""}},{"type":"Feature","id":"osm-way-614816178","geometry":{"type":"Polygon","coordinates":[[[-77.0819747,-12.0738778],[-77.0820353,-12.0740241],[-77.0819655,-12.0740517],[-77.081913,-12.073925],[-77.0819747,-12.0738778]]]},"properties":{"feature_id":"osm-way-614816178","altura_m":8.0,"building":"yes","nombre":""}},{"type":"Feature","id":"osm-way-614816180","geometry":{"type":"Polygon","coordinates":[[[-77.0817042,-12.0739723],[-77.0817159,-12.0741018],[-77.0816511,-12.0741074],[-77.0816394,-12.0739779],[-77.0817042,-12.0739723]]]},"properties":{"feature_id":"osm-way-614816180","altura_m":8.0,"building":"yes","nombre":""}},{"type":"Feature","id":"osm-way-614816181","geometry":{"type":"Polygon","coordinates":[[[-77.0806583,-12.0740395],[-77.0806631,-12.0741532],[-77.0806282,-12.0741873],[-77.0806059,-12.0741882],[-77.0805997,-12.0740419],[-77.0806583,-12.0740395]]]},"properties":{"feature_id":"osm-way-614816181","altura_m":8.0,"building":"yes","nombre":""}},{"type":"Feature","id":"osm-way-614816183","geometry":{"type":"Polygon","coordinates":[[[-77.0799604,-12.0741532],[-77.08001,-12.0742342],[-77.0799572,-12.0742652],[-77.0799174,-12.0742004],[-77.0799604,-12.0741532]]]},"properties":{"feature_id":"osm-way-614816183","altura_m":8.0,"building":"yes","nombre":""}},{"type":"Feature","id":"osm-way-614818484","geometry":{"type":"Polygon","coordinates":[[[-77.0808426,-12.0743436],[-77.0808501,-12.0744115],[-77.0807771,-12.0744193],[-77.0807696,-12.0743513],[-77.0808426,-12.0743436]]]},"properties":{"feature_id":"osm-way-614818484","altura_m":8.0,"building":"yes","nombre":""}},{"type":"Feature","id":"osm-way-614818486","geometry":{"type":"Polygon","coordinates":[[[-77.0810548,-12.0743221],[-77.0810591,-12.0743753],[-77.0809987,-12.0743799],[-77.0809944,-12.0743267],[-77.0810548,-12.0743221]]]},"properties":{"feature_id":"osm-way-614818486","altura_m":8.0,"building":"yes","nombre":""}},{"type":"Feature","id":"osm-way-614818487","geometry":{"type":"Polygon","coordinates":[[[-77.0806645,-12.0743256],[-77.0806671,-12.0743553],[-77.0806295,-12.0743583],[-77.080627,-12.0743287],[-77.0806645,-12.0743256]]]},"properties":{"feature_id":"osm-way-614818487","altura_m":8.0,"building":"yes","nombre":""}},{"type":"Feature","id":"osm-way-614818488","geometry":{"type":"Polygon","coordinates":[[[-77.0801427,-12.0741727],[-77.0801869,-12.0742402],[-77.0801531,-12.0742615],[-77.0801088,-12.0741939],[-77.0801427,-12.0741727]]]},"properties":{"feature_id":"osm-way-614818488","altura_m":8.0,"building":"yes","nombre":""}},{"type":"Feature","id":"osm-way-614818489","geometry":{"type":"Polygon","coordinates":[[[-77.0803838,-12.0740942],[-77.0803805,-12.0741642],[-77.0803317,-12.0741722],[-77.0803219,-12.0741117],[-77.0803838,-12.0740942]]]},"properties":{"feature_id":"osm-way-614818489","altura_m":8.0,"building":"yes","nombre":""}},{"type":"Feature","id":"osm-way-615295573","geometry":{"type":"Polygon","coordinates":[[[-77.0855547,-12.0712086],[-77.0855547,-12.0712525],[-77.0854985,-12.0712415],[-77.0855023,-12.0712086],[-77.0855547,-12.0712086]]]},"properties":{"feature_id":"osm-way-615295573","altura_m":8.0,"building":"yes","nombre":""}},{"type":"Feature","id":"osm-way-615348611","geometry":{"type":"Polygon","coordinates":[[[-77.0858673,-12.0724104],[-77.0858211,-12.0724952],[-77.0857277,-12.0724466],[-77.0857641,-12.0723798],[-77.0858008,-12.0723989],[-77.0858106,-12.0723808],[-77.0858673,-12.0724104]]]},"properties":{"feature_id":"osm-way-615348611","altura_m":8.0,"building":"yes","nombre":""}},{"type":"Feature","id":"osm-way-615348614","geometry":{"type":"Polygon","coordinates":[[[-77.0856806,-12.0725895],[-77.0856963,-12.072639],[-77.0856668,-12.0726479],[-77.0856512,-12.0725984],[-77.0856806,-12.0725895]]]},"properties":{"feature_id":"osm-way-615348614","altura_m":8.0,"building":"yes","nombre":""}},{"type":"Feature","id":"osm-way-615348616","geometry":{"type":"Polygon","coordinates":[[[-77.0857217,-12.0719646],[-77.0857419,-12.0720122],[-77.0857046,-12.0720273],[-77.08567,-12.0719856],[-77.0857217,-12.0719646]]]},"properties":{"feature_id":"osm-way-615348616","altura_m":8.0,"building":"yes","nombre":""}},{"type":"Feature","id":"osm-way-615356369","geometry":{"type":"Polygon","coordinates":[[[-77.0857891,-12.0718703],[-77.085785,-12.0719176],[-77.0857639,-12.0719159],[-77.085768,-12.0718686],[-77.0857891,-12.0718703]]]},"properties":{"feature_id":"osm-way-615356369","altura_m":8.0,"building":"yes","nombre":""}},{"type":"Feature","id":"osm-way-615356371","geometry":{"type":"Polygon","coordinates":[[[-77.0851704,-12.0723515],[-77.0851514,-12.0723767],[-77.0851285,-12.0723602],[-77.0851475,-12.072335],[-77.0851704,-12.0723515]]]},"properties":{"feature_id":"osm-way-615356371","altura_m":8.0,"building":"yes","nombre":""}},{"type":"Feature","id":"osm-way-615376360","geometry":{"type":"Polygon","coordinates":[[[-77.083636,-12.0681733],[-77.0836441,-12.0682783],[-77.0835621,-12.0682843],[-77.0835555,-12.0681988],[-77.083636,-12.0681733]]]},"properties":{"feature_id":"osm-way-615376360","altura_m":8.0,"building":"yes","nombre":""}},{"type":"Feature","id":"osm-way-615376361","geometry":{"type":"Polygon","coordinates":[[[-77.083983,-12.0685198],[-77.0840115,-12.0685869],[-77.0839492,-12.0686123],[-77.0839206,-12.0685452],[-77.083983,-12.0685198]]]},"properties":{"feature_id":"osm-way-615376361","altura_m":8.0,"building":"yes","nombre":""}},{"type":"Feature","id":"osm-way-615377162","geometry":{"type":"Polygon","coordinates":[[[-77.0837996,-12.0685507],[-77.0838245,-12.0686524],[-77.0837498,-12.0686698],[-77.0837441,-12.0686464],[-77.0836191,-12.0686756],[-77.0836072,-12.068627],[-77.0835753,-12.0686344],[-77.083568,-12.0686047],[-77.0837996,-12.0685507]]]},"properties":{"feature_id":"osm-way-615377162","altura_m":8.0,"building":"yes","nombre":""}},{"type":"Feature","id":"osm-way-615377169","geometry":{"type":"Polygon","coordinates":[[[-77.0853848,-12.071573],[-77.0853803,-12.0716064],[-77.0853322,-12.0716003],[-77.0853366,-12.0715669],[-77.0853848,-12.071573]]]},"properties":{"feature_id":"osm-way-615377169","altura_m":8.0,"building":"yes","nombre":""}},{"type":"Feature","id":"osm-way-615379956","geometry":{"type":"Polygon","coordinates":[[[-77.0845541,-12.0698758],[-77.0845076,-12.0699221],[-77.084474,-12.0698898],[-77.0845205,-12.0698435],[-77.0845541,-12.0698758]]]},"properties":{"feature_id":"osm-way-615379956","altura_m":8.0,"building":"yes","nombre":""}},{"type":"Feature","id":"osm-way-615379966","geometry":{"type":"Polygon","coordinates":[[[-77.0838309,-12.07032],[-77.0838594,-12.0704155],[-77.0838315,-12.0704319],[-77.0838007,-12.0703286],[-77.0838309,-12.07032]]]},"properties":{"feature_id":"osm-way-615379966","altura_m":8.0,"building":"yes","nombre":""}},{"type":"Feature","id":"osm-way-615379967","geometry":{"type":"Polygon","coordinates":[[[-77.0838106,-12.070152],[-77.0838264,-12.0702916],[-77.0837866,-12.0702959],[-77.0837729,-12.0701752],[-77.0838106,-12.070152]]]},"properties":{"feature_id":"osm-way-615379967","altura_m":8.0,"building":"yes","nombre":""}},{"type":"Feature","id":"osm-way-615381486","geometry":{"type":"Polygon","coordinates":[[[-77.0842754,-12.0709092],[-77.0842982,-12.0709598],[-77.0842123,-12.070997],[-77.0841894,-12.0709464],[-77.0842754,-12.0709092]]]},"properties":{"feature_id":"osm-way-615381486","altura_m":8.0,"building":"yes","nombre":""}},{"type":"Feature","id":"osm-way-615381494","geometry":{"type":"Polygon","coordinates":[[[-77.0838761,-12.0704665],[-77.0839183,-12.0705427],[-77.0838951,-12.070555],[-77.0838529,-12.0704788],[-77.0838761,-12.0704665]]]},"properties":{"feature_id":"osm-way-615381494","altura_m":8.0,"building":"yes","nombre":""}},{"type":"Feature","id":"osm-way-615381495","geometry":{"type":"Polygon","coordinates":[[[-77.0848912,-12.0709352],[-77.0849026,-12.0709912],[-77.0846849,-12.0710336],[-77.0846735,-12.0709776],[-77.0848912,-12.0709352]]]},"properties":{"feature_id":"osm-way-615381495","altura_m":8.0,"building":"roof","nombre":""}},{"type":"Feature","id":"osm-way-615383980","geometry":{"type":"Polygon","coordinates":[[[-77.0819753,-12.0683175],[-77.0819988,-12.068504],[-77.0819059,-12.0685152],[-77.0818432,-12.0683861],[-77.0818367,-12.0683342],[-77.0819753,-12.0683175]]]},"properties":{"feature_id":"osm-way-615383980","altura_m":8.0,"building":"roof","nombre":""}},{"type":"Feature","id":"osm-way-615384723","geometry":{"type":"Polygon","coordinates":[[[-77.0823641,-12.0700666],[-77.0824207,-12.0702351],[-77.0823828,-12.0702473],[-77.0823262,-12.0700788],[-77.0823641,-12.0700666]]]},"properties":{"feature_id":"osm-way-615384723","altura_m":8.0,"building":"roof","nombre":""}},{"type":"Feature","id":"osm-way-615384725","geometry":{"type":"Polygon","coordinates":[[[-77.0815755,-12.0673791],[-77.081574,-12.0674612],[-77.0813057,-12.0674565],[-77.0813072,-12.0673744],[-77.0815755,-12.0673791]]]},"properties":{"feature_id":"osm-way-615384725","altura_m":8.0,"building":"yes","nombre":""}},{"type":"Feature","id":"osm-way-615384726","geometry":{"type":"Polygon","coordinates":[[[-77.081571,-12.0672518],[-77.081569,-12.0673467],[-77.0813049,-12.0673415],[-77.0813069,-12.0672467],[-77.081571,-12.0672518]]]},"properties":{"feature_id":"osm-way-615384726","altura_m":8.0,"building":"yes","nombre":""}},{"type":"Feature","id":"osm-way-615390205","geometry":{"type":"Polygon","coordinates":[[[-77.0810388,-12.0695848],[-77.0810419,-12.0696505],[-77.0809325,-12.0696554],[-77.0809294,-12.0695898],[-77.0810388,-12.0695848]]]},"properties":{"feature_id":"osm-way-615390205","altura_m":8.0,"building":"university","nombre":""}},{"type":"Feature","id":"osm-way-615390206","geometry":{"type":"Polygon","coordinates":[[[-77.0840217,-12.0686139],[-77.0840356,-12.0686771],[-77.0839365,-12.0687306],[-77.083906,-12.0686764],[-77.0840217,-12.0686139]]]},"properties":{"feature_id":"osm-way-615390206","altura_m":8.0,"building":"yes","nombre":""}},{"type":"Feature","id":"osm-way-615390372","geometry":{"type":"Polygon","coordinates":[[[-77.0813091,-12.0711854],[-77.0813261,-12.0712431],[-77.081241,-12.071267],[-77.0812241,-12.0712093],[-77.0813091,-12.0711854]]]},"properties":{"feature_id":"osm-way-615390372","altura_m":8.0,"building":"university","nombre":""}},{"type":"Feature","id":"osm-way-615390373","geometry":{"type":"Polygon","coordinates":[[[-77.0813931,-12.0711659],[-77.0814125,-12.0712236],[-77.0813509,-12.0712434],[-77.0813314,-12.0711857],[-77.0813931,-12.0711659]]]},"properties":{"feature_id":"osm-way-615390373","altura_m":8.0,"building":"university","nombre":""}},{"type":"Feature","id":"osm-way-615390503","geometry":{"type":"Polygon","coordinates":[[[-77.0846786,-12.0707208],[-77.0847085,-12.0707521],[-77.084676,-12.0707819],[-77.0846461,-12.0707506],[-77.0846786,-12.0707208]]]},"properties":{"feature_id":"osm-way-615390503","altura_m":8.0,"building":"yes","nombre":""}},{"type":"Feature","id":"osm-way-615390504","geometry":{"type":"Polygon","coordinates":[[[-77.084816,-12.0707598],[-77.0848256,-12.0707848],[-77.0847608,-12.0708085],[-77.0847512,-12.0707835],[-77.084816,-12.0707598]]]},"properties":{"feature_id":"osm-way-615390504","altura_m":8.0,"building":"yes","nombre":""}},{"type":"Feature","id":"osm-way-615390505","geometry":{"type":"Polygon","coordinates":[[[-77.0846968,-12.0703375],[-77.0846985,-12.0704204],[-77.0846719,-12.0704209],[-77.0846703,-12.070338],[-77.0846968,-12.0703375]]]},"properties":{"feature_id":"osm-way-615390505","altura_m":8.0,"building":"yes","nombre":""}},{"type":"Feature","id":"osm-way-615390955","geometry":{"type":"Polygon","coordinates":[[[-77.085218,-12.0689593],[-77.08531,-12.0690682],[-77.0852658,-12.06908],[-77.0851858,-12.0689853],[-77.085218,-12.0689593]]]},"properties":{"feature_id":"osm-way-615390955","altura_m":8.0,"building":"yes","nombre":""}},{"type":"Feature","id":"osm-way-615390956","geometry":{"type":"Polygon","coordinates":[[[-77.0851791,-12.0690146],[-77.0852207,-12.0690667],[-77.0851871,-12.0690924],[-77.0851455,-12.0690403],[-77.0851791,-12.0690146]]]},"properties":{"feature_id":"osm-way-615390956","altura_m":8.0,"building":"yes","nombre":""}},{"type":"Feature","id":"osm-way-615391141","geometry":{"type":"Polygon","coordinates":[[[-77.0827164,-12.0679375],[-77.0827197,-12.0679611],[-77.0826302,-12.0679729],[-77.082627,-12.0679493],[-77.0827164,-12.0679375]]]},"properties":{"feature_id":"osm-way-615391141","altura_m":8.0,"building":"yes","nombre":""}},{"type":"Feature","id":"osm-way-615391650","geometry":{"type":"Polygon","coordinates":[[[-77.0847479,-12.0650667],[-77.0847726,-12.0651447],[-77.0846384,-12.0651853],[-77.0846137,-12.0651073],[-77.0847479,-12.0650667]]]},"properties":{"feature_id":"osm-way-615391650","altura_m":8.0,"building":"yes","nombre":""}},{"type":"Feature","id":"osm-way-615391653","geometry":{"type":"Polygon","coordinates":[[[-77.0816372,-12.0654253],[-77.0814698,-12.0653809],[-77.0814275,-12.0655666],[-77.0815985,-12.0656006],[-77.0816372,-12.0654253]]]},"properties":{"feature_id":"osm-way-615391653","altura_m":3.2,"building":"university","nombre":"Instituto de Radioastronomía"}},{"type":"Feature","id":"osm-way-615391654","geometry":{"type":"Polygon","coordinates":[[[-77.0811544,-12.0662736],[-77.0811524,-12.0664329],[-77.0810506,-12.0664316],[-77.0810513,-12.0663772],[-77.080751,-12.0663735],[-77.0807523,-12.0662687],[-77.0811544,-12.0662736]]]},"properties":{"feature_id":"osm-way-615391654","altura_m":6.4,"building":"university","nombre":""}},{"type":"Feature","id":"osm-way-615392523","geometry":{"type":"Polygon","coordinates":[[[-77.0835605,-12.0697703],[-77.0835718,-12.0698165],[-77.0835416,-12.0698236],[-77.0835302,-12.0697774],[-77.0835605,-12.0697703]]]},"properties":{"feature_id":"osm-way-615392523","altura_m":8.0,"building":"yes","nombre":""}},{"type":"Feature","id":"osm-way-615393968","geometry":{"type":"Polygon","coordinates":[[[-77.0808486,-12.0750239],[-77.0808514,-12.0750748],[-77.0807701,-12.0750792],[-77.0807672,-12.0750283],[-77.0808486,-12.0750239]]]},"properties":{"feature_id":"osm-way-615393968","altura_m":8.0,"building":"yes","nombre":""}},{"type":"Feature","id":"osm-way-615393969","geometry":{"type":"Polygon","coordinates":[[[-77.0806713,-12.0750356],[-77.0806771,-12.0751822],[-77.080528,-12.0751878],[-77.0805222,-12.0750412],[-77.0806713,-12.0750356]]]},"properties":{"feature_id":"osm-way-615393969","altura_m":8.0,"building":"yes","nombre":""}},{"type":"Feature","id":"osm-way-615394205","geometry":{"type":"Polygon","coordinates":[[[-77.0825701,-12.0756595],[-77.0825669,-12.0757091],[-77.0824797,-12.0757255],[-77.0824705,-12.0756783],[-77.0825701,-12.0756595]]]},"properties":{"feature_id":"osm-way-615394205","altura_m":8.0,"building":"yes","nombre":""}},{"type":"Feature","id":"osm-way-615394206","geometry":{"type":"Polygon","coordinates":[[[-77.0841505,-12.0747559],[-77.084152,-12.0747967],[-77.0841033,-12.0747984],[-77.0840874,-12.0747582],[-77.0841505,-12.0747559]]]},"properties":{"feature_id":"osm-way-615394206","altura_m":8.0,"building":"yes","nombre":""}},{"type":"Feature","id":"osm-way-615642563","geometry":{"type":"Polygon","coordinates":[[[-77.0825503,-12.0753426],[-77.0825523,-12.0753732],[-77.0826031,-12.0753701],[-77.0826093,-12.075466],[-77.0825086,-12.0754722],[-77.0825004,-12.0753456],[-77.0825503,-12.0753426]]]},"properties":{"feature_id":"osm-way-615642563","altura_m":32.0,"building":"yes","nombre":""}},{"type":"Feature","id":"osm-way-615642564","geometry":{"type":"Polygon","coordinates":[[[-77.0812201,-12.0745146],[-77.0812324,-12.0746341],[-77.0811123,-12.074646],[-77.0811,-12.0745264],[-77.0812201,-12.0745146]]]},"properties":{"feature_id":"osm-way-615642564","altura_m":8.0,"building":"yes","nombre":""}},{"type":"Feature","id":"osm-way-620164357","geometry":{"type":"Polygon","coordinates":[[[-77.0793802,-12.0755542],[-77.0794094,-12.0756381],[-77.0793656,-12.0756527],[-77.0793428,-12.0755871],[-77.0793802,-12.0755542]]]},"properties":{"feature_id":"osm-way-620164357","altura_m":8.0,"building":"yes","nombre":""}},{"type":"Feature","id":"osm-way-620164358","geometry":{"type":"Polygon","coordinates":[[[-77.0791071,-12.0756055],[-77.0791336,-12.0757028],[-77.0789527,-12.07575],[-77.0789261,-12.0756526],[-77.0791071,-12.0756055]]]},"properties":{"feature_id":"osm-way-620164358","altura_m":8.0,"building":"yes","nombre":""}},{"type":"Feature","id":"osm-way-620164359","geometry":{"type":"Polygon","coordinates":[[[-77.0793796,-12.0752078],[-77.0794303,-12.0753919],[-77.0793063,-12.0754246],[-77.0792556,-12.0752405],[-77.0793796,-12.0752078]]]},"properties":{"feature_id":"osm-way-620164359","altura_m":8.0,"building":"yes","nombre":""}},{"type":"Feature","id":"osm-way-620164360","geometry":{"type":"Polygon","coordinates":[[[-77.0792538,-12.0753242],[-77.0792827,-12.0754429],[-77.0790906,-12.0754876],[-77.0790617,-12.0753689],[-77.0792538,-12.0753242]]]},"properties":{"feature_id":"osm-way-620164360","altura_m":8.0,"building":"yes","nombre":""}},{"type":"Feature","id":"osm-way-620164361","geometry":{"type":"Polygon","coordinates":[[[-77.0793667,-12.0758],[-77.0793873,-12.0759141],[-77.0793145,-12.0759267],[-77.0792939,-12.0758126],[-77.0793667,-12.0758]]]},"properties":{"feature_id":"osm-way-620164361","altura_m":8.0,"building":"yes","nombre":""}},{"type":"Feature","id":"osm-way-620164362","geometry":{"type":"Polygon","coordinates":[[[-77.0790841,-12.0758697],[-77.0791048,-12.0759611],[-77.0790585,-12.0759712],[-77.0790735,-12.075931],[-77.0790355,-12.0759392],[-77.0790227,-12.075883],[-77.0790841,-12.0758697]]]},"properties":{"feature_id":"osm-way-620164362","altura_m":8.0,"building":"yes","nombre":""}},{"type":"Feature","id":"osm-way-620164363","geometry":{"type":"Polygon","coordinates":[[[-77.0788863,-12.0759222],[-77.0789006,-12.0759975],[-77.0787865,-12.0760182],[-77.0787774,-12.0759705],[-77.078834,-12.0759602],[-77.0788378,-12.075931],[-77.0788863,-12.0759222]]]},"properties":{"feature_id":"osm-way-620164363","altura_m":8.0,"building":"yes","nombre":""}},{"type":"Feature","id":"osm-way-620164364","geometry":{"type":"Polygon","coordinates":[[[-77.0794828,-12.0754373],[-77.0795016,-12.0754966],[-77.0793995,-12.0755275],[-77.0793807,-12.0754683],[-77.0794828,-12.0754373]]]},"properties":{"feature_id":"osm-way-620164364","altura_m":8.0,"building":"yes","nombre":""}},{"type":"Feature","id":"osm-way-620164366","geometry":{"type":"Polygon","coordinates":[[[-77.0789827,-12.0754145],[-77.0790039,-12.0754932],[-77.0788496,-12.075533],[-77.0788284,-12.0754543],[-77.0789827,-12.0754145]]]},"properties":{"feature_id":"osm-way-620164366","altura_m":8.0,"building":"yes","nombre":""}},{"type":"Feature","id":"osm-way-620164367","geometry":{"type":"Polygon","coordinates":[[[-77.0820101,-12.0742592],[-77.0820326,-12.0743689],[-77.0819465,-12.0743689],[-77.0819391,-12.0742774],[-77.0820101,-12.0742592]]]},"properties":{"feature_id":"osm-way-620164367","altura_m":8.0,"building":"yes","nombre":""}},{"type":"Feature","id":"osm-way-620164368","geometry":{"type":"Polygon","coordinates":[[[-77.0809477,-12.0740031],[-77.0809628,-12.0741707],[-77.0809092,-12.0741753],[-77.0808953,-12.0740214],[-77.0809477,-12.0740031]]]},"properties":{"feature_id":"osm-way-620164368","altura_m":8.0,"building":"yes","nombre":""}},{"type":"Feature","id":"osm-way-620164369","geometry":{"type":"Polygon","coordinates":[[[-77.0807307,-12.0743579],[-77.0807357,-12.0744353],[-77.0806858,-12.0744384],[-77.0807008,-12.0743762],[-77.0807307,-12.0743579]]]},"properties":{"feature_id":"osm-way-620164369","altura_m":8.0,"building":"yes","nombre":""}},{"type":"Feature","id":"osm-way-620164370","geometry":{"type":"Polygon","coordinates":[[[-77.0827056,-12.0740001],[-77.0827253,-12.0740672],[-77.082579,-12.0741083],[-77.0825593,-12.0740411],[-77.0827056,-12.0740001]]]},"properties":{"feature_id":"osm-way-620164370","altura_m":8.0,"building":"yes","nombre":""}},{"type":"Feature","id":"osm-way-620166431","geometry":{"type":"Polygon","coordinates":[[[-77.0808461,-12.0754401],[-77.0809234,-12.0755978],[-77.0808638,-12.0756237],[-77.0807754,-12.0754552],[-77.0808461,-12.0754401]]]},"properties":{"feature_id":"osm-way-620166431","altura_m":8.0,"building":"yes","nombre":""}},{"type":"Feature","id":"osm-way-620166433","geometry":{"type":"Polygon","coordinates":[[[-77.0809168,-12.0751766],[-77.0809107,-12.0752746],[-77.0808324,-12.07527],[-77.0808373,-12.0751917],[-77.0809168,-12.0751766]]]},"properties":{"feature_id":"osm-way-620166433","altura_m":8.0,"building":"yes","nombre":""}},{"type":"Feature","id":"osm-way-620166435","geometry":{"type":"Polygon","coordinates":[[[-77.0805368,-12.075291],[-77.0805611,-12.0753861],[-77.0804485,-12.0754466],[-77.0803977,-12.0753623],[-77.0805368,-12.075291]]]},"properties":{"feature_id":"osm-way-620166435","altura_m":8.0,"building":"yes","nombre":""}},{"type":"Feature","id":"osm-way-620166436","geometry":{"type":"Polygon","coordinates":[[[-77.0818227,-12.0745222],[-77.0818279,-12.074588],[-77.0817659,-12.0745926],[-77.0817608,-12.0745268],[-77.0818227,-12.0745222]]]},"properties":{"feature_id":"osm-way-620166436","altura_m":8.0,"building":"yes","nombre":""}},{"type":"Feature","id":"osm-way-620166438","geometry":{"type":"Polygon","coordinates":[[[-77.0817875,-12.0742915],[-77.0818012,-12.0743823],[-77.081737,-12.0743916],[-77.0817233,-12.0743008],[-77.0817875,-12.0742915]]]},"properties":{"feature_id":"osm-way-620166438","altura_m":8.0,"building":"yes","nombre":""}},{"type":"Feature","id":"osm-way-620166440","geometry":{"type":"Polygon","coordinates":[[[-77.0808408,-12.0740457],[-77.0808479,-12.0740745],[-77.0808671,-12.07407],[-77.0808726,-12.074092],[-77.0808126,-12.0741062],[-77.0808,-12.0740553],[-77.0808408,-12.0740457]]]},"properties":{"feature_id":"osm-way-620166440","altura_m":8.0,"building":"yes","nombre":""}},{"type":"Feature","id":"osm-way-620166441","geometry":{"type":"Polygon","coordinates":[[[-77.0851837,-12.0748414],[-77.0852181,-12.0749507],[-77.0851279,-12.0749759],[-77.0851064,-12.0748624],[-77.0851837,-12.0748414]]]},"properties":{"feature_id":"osm-way-620166441","altura_m":8.0,"building":"yes","nombre":""}},{"type":"Feature","id":"osm-way-620166443","geometry":{"type":"Polygon","coordinates":[[[-77.0856006,-12.075497],[-77.0856263,-12.0755768],[-77.0854802,-12.075581],[-77.0854673,-12.0755264],[-77.0856006,-12.075497]]]},"properties":{"feature_id":"osm-way-620166443","altura_m":8.0,"building":"yes","nombre":""}},{"type":"Feature","id":"osm-way-620166445","geometry":{"type":"Polygon","coordinates":[[[-77.0854035,-12.0757729],[-77.0854059,-12.0758155],[-77.0852396,-12.0758247],[-77.0852267,-12.0757827],[-77.0854035,-12.0757729]]]},"properties":{"feature_id":"osm-way-620166445","altura_m":8.0,"building":"yes","nombre":""}},{"type":"Feature","id":"osm-way-620166447","geometry":{"type":"Polygon","coordinates":[[[-77.0853126,-12.0755306],[-77.085347,-12.0755978],[-77.0852181,-12.0756104],[-77.0851923,-12.0755432],[-77.0853126,-12.0755306]]]},"properties":{"feature_id":"osm-way-620166447","altura_m":8.0,"building":"yes","nombre":""}},{"type":"Feature","id":"osm-way-620166448","geometry":{"type":"Polygon","coordinates":[[[-77.085352,-12.0753824],[-77.0853551,-12.0754546],[-77.0852439,-12.0754592],[-77.0852224,-12.0753877],[-77.085352,-12.0753824]]]},"properties":{"feature_id":"osm-way-620166448","altura_m":8.0,"building":"yes","nombre":""}},{"type":"Feature","id":"osm-way-769764140","geometry":{"type":"Polygon","coordinates":[[[-77.0803188,-12.0752524],[-77.0804427,-12.075179],[-77.0805165,-12.0751718],[-77.0805406,-12.0752361],[-77.0803669,-12.0753397],[-77.0803188,-12.0752524]]]},"properties":{"feature_id":"osm-way-769764140","altura_m":8.0,"building":"yes","nombre":"El Pezon"}},{"type":"Feature","id":"osm-way-947151812","geometry":{"type":"Polygon","coordinates":[[[-77.0734239,-12.0709973],[-77.0737493,-12.0709335],[-77.0735276,-12.0698565],[-77.0733496,-12.0698986],[-77.0733406,-12.0698738],[-77.0729586,-12.0699446],[-77.0731571,-12.0710496],[-77.0732835,-12.0710249],[-77.0733753,-12.0710779],[-77.0734239,-12.0709973]]]},"properties":{"feature_id":"osm-way-947151812","altura_m":8.0,"building":"yes","nombre":""}},{"type":"Feature","id":"osm-way-948006108","geometry":{"type":"Polygon","coordinates":[[[-77.0806985,-12.0680279],[-77.0806994,-12.0680899],[-77.0807716,-12.068089],[-77.0807717,-12.0681021],[-77.0808055,-12.0681017],[-77.0808045,-12.0680265],[-77.0806985,-12.0680279]]]},"properties":{"feature_id":"osm-way-948006108","altura_m":8.0,"building":"yes","nombre":""}},{"type":"Feature","id":"osm-way-948027056","geometry":{"type":"Polygon","coordinates":[[[-77.0789858,-12.0668461],[-77.0789875,-12.0667729],[-77.0787886,-12.0667686],[-77.0787858,-12.0668912],[-77.0789218,-12.0668941],[-77.0789229,-12.0668447],[-77.0789858,-12.0668461]]]},"properties":{"feature_id":"osm-way-948027056","altura_m":8.0,"building":"university","nombre":""}},{"type":"Feature","id":"osm-way-948027057","geometry":{"type":"Polygon","coordinates":[[[-77.0786669,-12.0675394],[-77.0787493,-12.0675424],[-77.0787632,-12.0671814],[-77.0783804,-12.0671673],[-77.0783786,-12.0672139],[-77.0783106,-12.0672113],[-77.0783055,-12.0673432],[-77.0783708,-12.0673457],[-77.0783696,-12.0673746],[-77.0785526,-12.0673813],[-77.0785529,-12.0673733],[-77.0786732,-12.0673777],[-77.0786669,-12.0675394]]]},"properties":{"feature_id":"osm-way-948027057","altura_m":8.0,"building":"university","nombre":""}},{"type":"Feature","id":"osm-way-948027058","geometry":{"type":"Polygon","coordinates":[[[-77.0783141,-12.067379],[-77.0781827,-12.0673753],[-77.0781808,-12.0674401],[-77.0783122,-12.0674439],[-77.0783141,-12.067379]]]},"properties":{"feature_id":"osm-way-948027058","altura_m":8.0,"building":"yes","nombre":""}},{"type":"Feature","id":"osm-way-948941893","geometry":{"type":"Polygon","coordinates":[[[-77.0764007,-12.0740339],[-77.0762341,-12.0740512],[-77.0762562,-12.0742549],[-77.0764228,-12.0742376],[-77.0764007,-12.0740339]]]},"properties":{"feature_id":"osm-way-948941893","altura_m":8.0,"building":"yes","nombre":""}},{"type":"Feature","id":"osm-way-948941894","geometry":{"type":"Polygon","coordinates":[[[-77.0760394,-12.0721645],[-77.0760327,-12.0719382],[-77.0759161,-12.0719447],[-77.075949,-12.072167],[-77.0760394,-12.0721645]]]},"properties":{"feature_id":"osm-way-948941894","altura_m":8.0,"building":"yes","nombre":""}},{"type":"Feature","id":"osm-way-948941895","geometry":{"type":"Polygon","coordinates":[[[-77.0760139,-12.0718897],[-77.0760126,-12.0717782],[-77.0758904,-12.0717801],[-77.0759065,-12.0718909],[-77.0760139,-12.0718897]]]},"properties":{"feature_id":"osm-way-948941895","altura_m":8.0,"building":"yes","nombre":""}},{"type":"Feature","id":"osm-way-948941896","geometry":{"type":"Polygon","coordinates":[[[-77.0768756,-12.071853],[-77.0768783,-12.0719868],[-77.0769117,-12.0719861],[-77.0769124,-12.0720192],[-77.0769511,-12.0720184],[-77.0769502,-12.0719741],[-77.0769381,-12.0719743],[-77.0769357,-12.0718518],[-77.0768756,-12.071853]]]},"properties":{"feature_id":"osm-way-948941896","altura_m":8.0,"building":"yes","nombre":""}},{"type":"Feature","id":"osm-way-948941897","geometry":{"type":"Polygon","coordinates":[[[-77.0775508,-12.0721736],[-77.0775254,-12.0719705],[-77.0772076,-12.0720085],[-77.0772133,-12.0720544],[-77.0770587,-12.0720729],[-77.0770753,-12.0722054],[-77.0772299,-12.0721869],[-77.077233,-12.0722116],[-77.0775508,-12.0721736]]]},"properties":{"feature_id":"osm-way-948941897","altura_m":8.0,"building":"yes","nombre":""}},{"type":"Feature","id":"osm-way-948941902","geometry":{"type":"Polygon","coordinates":[[[-77.0770875,-12.0728222],[-77.0770196,-12.0728302],[-77.0770437,-12.0730243],[-77.0771116,-12.0730163],[-77.0770875,-12.0728222]]]},"properties":{"feature_id":"osm-way-948941902","altura_m":8.0,"building":"yes","nombre":""}},{"type":"Feature","id":"osm-way-948983602","geometry":{"type":"Polygon","coordinates":[[[-77.0811356,-12.0628156],[-77.0810789,-12.0628021],[-77.0810521,-12.0629097],[-77.0811088,-12.0629232],[-77.0811356,-12.0628156]]]},"properties":{"feature_id":"osm-way-948983602","altura_m":8.0,"building":"yes","nombre":""}},{"type":"Feature","id":"osm-way-948983603","geometry":{"type":"Polygon","coordinates":[[[-77.0813428,-12.0630714],[-77.0812905,-12.0629802],[-77.0812161,-12.0630211],[-77.0812301,-12.0630455],[-77.0811805,-12.0630727],[-77.0812084,-12.0631213],[-77.081258,-12.0630941],[-77.0812684,-12.0631122],[-77.0813428,-12.0630714]]]},"properties":{"feature_id":"osm-way-948983603","altura_m":8.0,"building":"yes","nombre":""}},{"type":"Feature","id":"osm-way-948983604","geometry":{"type":"Polygon","coordinates":[[[-77.0811544,-12.0630688],[-77.0810679,-12.0630137],[-77.0810299,-12.0630706],[-77.0811164,-12.0631257],[-77.0811544,-12.0630688]]]},"properties":{"feature_id":"osm-way-948983604","altura_m":8.0,"building":"yes","nombre":""}},{"type":"Feature","id":"osm-way-948983605","geometry":{"type":"Polygon","coordinates":[[[-77.0815198,-12.062914],[-77.0813696,-12.0628786],[-77.0813503,-12.062957],[-77.0815005,-12.0629925],[-77.0815198,-12.062914]]]},"properties":{"feature_id":"osm-way-948983605","altura_m":8.0,"building":"yes","nombre":""}},{"type":"Feature","id":"osm-way-957357763","geometry":{"type":"Polygon","coordinates":[[[-77.081782,-12.0636749],[-77.0817262,-12.06359],[-77.0816156,-12.0636888],[-77.0816596,-12.0637528],[-77.081782,-12.0636749]]]},"properties":{"feature_id":"osm-way-957357763","altura_m":3.2,"building":"yes","nombre":""}},{"type":"Feature","id":"osm-way-957357764","geometry":{"type":"Polygon","coordinates":[[[-77.0821985,-12.063532],[-77.082053,-12.0635056],[-77.0820296,-12.0636286],[-77.0820242,-12.063657],[-77.0821697,-12.0636834],[-77.0821985,-12.063532]]]},"properties":{"feature_id":"osm-way-957357764","altura_m":3.2,"building":"house","nombre":"Car Wash Premiun"}},{"type":"Feature","id":"osm-way-957357765","geometry":{"type":"Polygon","coordinates":[[[-77.0821668,-12.0636966],[-77.0821525,-12.063781],[-77.0819669,-12.0637509],[-77.0819812,-12.0636665],[-77.0821668,-12.0636966]]]},"properties":{"feature_id":"osm-way-957357765","altura_m":16.0,"building":"yes","nombre":""}},{"type":"Feature","id":"osm-way-957357766","geometry":{"type":"Polygon","coordinates":[[[-77.082053,-12.0635056],[-77.0819488,-12.0634866],[-77.0819197,-12.0636398],[-77.0819907,-12.0636527],[-77.0819964,-12.0636225],[-77.0820296,-12.0636286],[-77.082053,-12.0635056]]]},"properties":{"feature_id":"osm-way-957357766","altura_m":3.2,"building":"house","nombre":""}},{"type":"Feature","id":"osm-way-957357767","geometry":{"type":"Polygon","coordinates":[[[-77.0820951,-12.063822],[-77.0819522,-12.0637981],[-77.0819435,-12.0638582],[-77.0820072,-12.0639773],[-77.0820672,-12.0639897],[-77.0820951,-12.063822]]]},"properties":{"feature_id":"osm-way-957357767","altura_m":3.2,"building":"house","nombre":""}},{"type":"Feature","id":"osm-way-957357768","geometry":{"type":"Polygon","coordinates":[[[-77.0784906,-12.063935],[-77.0784203,-12.0642436],[-77.0786401,-12.0642915],[-77.0786704,-12.0641586],[-77.0787104,-12.0639829],[-77.0785979,-12.0639584],[-77.0784906,-12.063935]]]},"properties":{"feature_id":"osm-way-957357768","altura_m":8.0,"building":"apartments","nombre":""}},{"type":"Feature","id":"osm-way-957357770","geometry":{"type":"Polygon","coordinates":[[[-77.0785875,-12.0636811],[-77.0788387,-12.0637359],[-77.078807,-12.0638749],[-77.0785558,-12.0638202],[-77.0785875,-12.0636811]]]},"properties":{"feature_id":"osm-way-957357770","altura_m":16.0,"building":"yes","nombre":""}},{"type":"Feature","id":"osm-way-957700085","geometry":{"type":"Polygon","coordinates":[[[-77.0821691,-12.0631304],[-77.0821833,-12.0631451],[-77.0821724,-12.0631552],[-77.0822024,-12.0631863],[-77.082211,-12.0631783],[-77.0822296,-12.0631975],[-77.0822583,-12.063171],[-77.0822051,-12.063116],[-77.0822003,-12.0631205],[-77.0821906,-12.0631105],[-77.0821691,-12.0631304]]]},"properties":{"feature_id":"osm-way-957700085","altura_m":8.0,"building":"yes","nombre":"Caseta de Serenazgo"}},{"type":"Feature","id":"osm-way-957700090","geometry":{"type":"Polygon","coordinates":[[[-77.0805668,-12.0633681],[-77.0805311,-12.0635173],[-77.0803558,-12.0634771],[-77.0803915,-12.0633279],[-77.0805668,-12.0633681]]]},"properties":{"feature_id":"osm-way-957700090","altura_m":6.4,"building":"house","nombre":""}},{"type":"Feature","id":"osm-way-957700091","geometry":{"type":"Polygon","coordinates":[[[-77.0808669,-12.0627181],[-77.0808171,-12.062906],[-77.0806626,-12.0628672],[-77.0806921,-12.0627221],[-77.0807459,-12.0627321],[-77.0807612,-12.0626834],[-77.0808669,-12.0627181]]]},"properties":{"feature_id":"osm-way-957700091","altura_m":8.0,"building":"house","nombre":""}},{"type":"Feature","id":"osm-way-975716135","geometry":{"type":"Polygon","coordinates":[[[-77.0761979,-12.0703585],[-77.0761671,-12.0701927],[-77.0754246,-12.070325],[-77.0754571,-12.0705038],[-77.0761979,-12.0703585]]]},"properties":{"feature_id":"osm-way-975716135","altura_m":16.0,"building":"apartments","nombre":""}},{"type":"Feature","id":"osm-way-975716136","geometry":{"type":"Polygon","coordinates":[[[-77.0762102,-12.0704097],[-77.0762472,-12.0705874],[-77.0754975,-12.0707267],[-77.0754652,-12.0705517],[-77.0762102,-12.0704097]]]},"properties":{"feature_id":"osm-way-975716136","altura_m":16.0,"building":"apartments","nombre":""}},{"type":"Feature","id":"osm-way-975716138","geometry":{"type":"Polygon","coordinates":[[[-77.0771002,-12.0702165],[-77.0763339,-12.0703775],[-77.0763729,-12.0705574],[-77.0771462,-12.0703965],[-77.0771002,-12.0702165]]]},"properties":{"feature_id":"osm-way-975716138","altura_m":20.0,"building":"apartments","nombre":""}},{"type":"Feature","id":"osm-way-975716139","geometry":{"type":"Polygon","coordinates":[[[-77.0762868,-12.0698012],[-77.0753619,-12.0699792],[-77.0753285,-12.0697948],[-77.076256,-12.0696307],[-77.0762868,-12.0698012]]]},"properties":{"feature_id":"osm-way-975716139","altura_m":16.0,"building":"apartments","nombre":""}},{"type":"Feature","id":"osm-way-993561068","geometry":{"type":"Polygon","coordinates":[[[-77.0752542,-12.0706189],[-77.0749274,-12.0706824],[-77.0749656,-12.0708706],[-77.0752924,-12.0708071],[-77.0752542,-12.0706189]]]},"properties":{"feature_id":"osm-way-993561068","altura_m":8.0,"building":"yes","nombre":""}},{"type":"Feature","id":"osm-way-993561069","geometry":{"type":"Polygon","coordinates":[[[-77.075401,-12.0706517],[-77.0753266,-12.070666],[-77.0753534,-12.0707992],[-77.0754278,-12.0707848],[-77.075401,-12.0706517]]]},"properties":{"feature_id":"osm-way-993561069","altura_m":8.0,"building":"yes","nombre":""}},{"type":"Feature","id":"osm-way-1017191642","geometry":{"type":"Polygon","coordinates":[[[-77.0798365,-12.0712676],[-77.0798757,-12.0714191],[-77.07986,-12.071423],[-77.079807,-12.0714361],[-77.0797677,-12.0712847],[-77.0798204,-12.0712716],[-77.0798365,-12.0712676]]]},"properties":{"feature_id":"osm-way-1017191642","altura_m":8.0,"building":"university","nombre":"Gelarti"}},{"type":"Feature","id":"osm-way-1025379339","geometry":{"type":"Polygon","coordinates":[[[-77.074615,-12.0725087],[-77.0746231,-12.0725425],[-77.074504,-12.07257],[-77.0745622,-12.0728116],[-77.0748292,-12.0727501],[-77.0747717,-12.0725113],[-77.0746863,-12.0725309],[-77.0746775,-12.0724943],[-77.074615,-12.0725087]]]},"properties":{"feature_id":"osm-way-1025379339","altura_m":8.0,"building":"yes","nombre":""}},{"type":"Feature","id":"osm-way-1025379340","geometry":{"type":"Polygon","coordinates":[[[-77.0751735,-12.072551],[-77.0750152,-12.0725241],[-77.0750168,-12.0725156],[-77.0749333,-12.0725014],[-77.074916,-12.0725988],[-77.0749483,-12.0726043],[-77.0749216,-12.072755],[-77.0749082,-12.0727527],[-77.0748898,-12.0728564],[-77.0749148,-12.0728606],[-77.0749068,-12.0729054],[-77.0749878,-12.0729192],[-77.0749748,-12.0729923],[-77.0749941,-12.0729955],[-77.0750267,-12.0730011],[-77.0750396,-12.0729287],[-77.0751173,-12.0729419],[-77.0751335,-12.0728502],[-77.0751208,-12.072848],[-77.0751735,-12.072551]]]},"properties":{"feature_id":"osm-way-1025379340","altura_m":8.0,"building":"yes","nombre":""}},{"type":"Feature","id":"osm-way-1025379341","geometry":{"type":"Polygon","coordinates":[[[-77.0744763,-12.0725979],[-77.0743784,-12.0726195],[-77.0744542,-12.0729618],[-77.074479,-12.0729572],[-77.0744985,-12.0729821],[-77.0745253,-12.0730005],[-77.0745555,-12.0730038],[-77.0745481,-12.0729628],[-77.0745534,-12.0729604],[-77.0745566,-12.072955],[-77.0745578,-12.0729479],[-77.0745558,-12.0729408],[-77.0745434,-12.0729323],[-77.0744763,-12.0725979]]]},"properties":{"feature_id":"osm-way-1025379341","altura_m":8.0,"building":"yes","nombre":""}},{"type":"Feature","id":"osm-way-1084668888","geometry":{"type":"Polygon","coordinates":[[[-77.08585,-12.0751248],[-77.0856889,-12.0751594],[-77.0857137,-12.0753532],[-77.0858995,-12.0753117],[-77.08585,-12.0751248]]]},"properties":{"feature_id":"osm-way-1084668888","altura_m":8.0,"building":"yes","nombre":""}},{"type":"Feature","id":"osm-way-1084669076","geometry":{"type":"Polygon","coordinates":[[[-77.0858907,-12.0756612],[-77.0857615,-12.0756802],[-77.0857845,-12.0758152],[-77.0859296,-12.0757771],[-77.0858907,-12.0756612]]]},"properties":{"feature_id":"osm-way-1084669076","altura_m":8.0,"building":"yes","nombre":""}},{"type":"Feature","id":"osm-way-1101513914","geometry":{"type":"Polygon","coordinates":[[[-77.080255,-12.0734515],[-77.0800945,-12.0734662],[-77.0801015,-12.0736137],[-77.0802143,-12.0736163],[-77.0802382,-12.0735852],[-77.080236,-12.0735476],[-77.0802634,-12.0735445],[-77.080255,-12.0734515]]]},"properties":{"feature_id":"osm-way-1101513914","altura_m":8.0,"building":"university","nombre":""}},{"type":"Feature","id":"osm-way-1110929670","geometry":{"type":"Polygon","coordinates":[[[-77.0796404,-12.0704173],[-77.0796508,-12.0705752],[-77.0795166,-12.0705836],[-77.0795063,-12.0704257],[-77.0796404,-12.0704173]]]},"properties":{"feature_id":"osm-way-1110929670","altura_m":8.0,"building":"roof","nombre":""}},{"type":"Feature","id":"osm-way-1110929680","geometry":{"type":"Polygon","coordinates":[[[-77.0818246,-12.0705299],[-77.0818533,-12.0706867],[-77.0814591,-12.0707557],[-77.0814527,-12.0707211],[-77.0814504,-12.0707079],[-77.081522,-12.0706961],[-77.081503,-12.0705855],[-77.0816336,-12.070564],[-77.0818246,-12.0705299]]]},"properties":{"feature_id":"osm-way-1110929680","altura_m":9.6,"building":"university","nombre":"Facultad de Gastronomía, Hotelería y Turismo"}},{"type":"Feature","id":"osm-way-1110929685","geometry":{"type":"Polygon","coordinates":[[[-77.0806576,-12.0706859],[-77.0806629,-12.0707608],[-77.0806006,-12.0707645],[-77.0805953,-12.0706911],[-77.0806576,-12.0706859]]]},"properties":{"feature_id":"osm-way-1110929685","altura_m":8.0,"building":"university","nombre":""}},{"type":"Feature","id":"osm-way-1110929687","geometry":{"type":"Polygon","coordinates":[[[-77.0801939,-12.0694762],[-77.0802049,-12.0696025],[-77.0801976,-12.0696149],[-77.0801059,-12.0695413],[-77.080104,-12.0695129],[-77.0801648,-12.0694563],[-77.0801939,-12.0694762]]]},"properties":{"feature_id":"osm-way-1110929687","altura_m":3.2,"building":"university","nombre":""}},{"type":"Feature","id":"osm-way-1110929688","geometry":{"type":"Polygon","coordinates":[[[-77.0801291,-12.0694675],[-77.0800874,-12.0695094],[-77.0800647,-12.0695107],[-77.080037,-12.0694873],[-77.0800555,-12.0694627],[-77.0801218,-12.0694602],[-77.0801291,-12.0694675]]]},"properties":{"feature_id":"osm-way-1110929688","altura_m":8.0,"building":"university","nombre":""}},{"type":"Feature","id":"osm-way-1110929689","geometry":{"type":"Polygon","coordinates":[[[-77.08005,-12.0695186],[-77.0800509,-12.0695489],[-77.0800292,-12.0695751],[-77.0800107,-12.0695764],[-77.0800102,-12.0694964],[-77.0800232,-12.069496],[-77.08005,-12.0695186]]]},"properties":{"feature_id":"osm-way-1110929689","altura_m":8.0,"building":"university","nombre":""}},{"type":"Feature","id":"osm-way-1110929690","geometry":{"type":"Polygon","coordinates":[[[-77.0801243,-12.0695852],[-77.0801291,-12.0696431],[-77.0800149,-12.0696524],[-77.0800153,-12.0696321],[-77.0800682,-12.0695605],[-77.080092,-12.0695586],[-77.0801243,-12.0695852]]]},"properties":{"feature_id":"osm-way-1110929690","altura_m":8.0,"building":"university","nombre":""}},{"type":"Feature","id":"osm-way-1110929694","geometry":{"type":"Polygon","coordinates":[[[-77.0812904,-12.0687369],[-77.0812895,-12.0688262],[-77.0812498,-12.0688258],[-77.0812507,-12.0687366],[-77.0812904,-12.0687369]]]},"properties":{"feature_id":"osm-way-1110929694","altura_m":3.2,"building":"university","nombre":""}},{"type":"Feature","id":"osm-way-1110929704","geometry":{"type":"Polygon","coordinates":[[[-77.0811643,-12.0719943],[-77.0812399,-12.0722617],[-77.081199,-12.0722727],[-77.0810982,-12.0723],[-77.0810607,-12.0721677],[-77.0811141,-12.0721532],[-77.0811161,-12.0721603],[-77.0811515,-12.0721507],[-77.0811113,-12.0720087],[-77.0810535,-12.0720243],[-77.0810674,-12.0720736],[-77.0809821,-12.0720967],[-77.0808926,-12.0721208],[-77.0809802,-12.0724306],[-77.0807742,-12.0724863],[-77.0807991,-12.0725743],[-77.0808289,-12.0726796],[-77.0809772,-12.0726395],[-77.0809834,-12.0726614],[-77.0810821,-12.0726347],[-77.0810489,-12.0725171],[-77.0810375,-12.0725202],[-77.0810249,-12.0724759],[-77.0810667,-12.0724646],[-77.0811421,-12.0724442],[-77.0811361,-12.0724231],[-77.0811573,-12.0724173],[-77.081168,-12.0724554],[-77.0811869,-12.0725223],[-77.0811149,-12.0725418],[-77.0811371,-12.0726201],[-77.0813526,-12.0725618],[-77.0814963,-12.0725229],[-77.0814816,-12.0724711],[-77.0814503,-12.0723605],[-77.0813926,-12.0723761],[-77.0813867,-12.0723551],[-77.0814217,-12.0723456],[-77.0814011,-12.0722727],[-77.0813657,-12.0722822],[-77.0813506,-12.0722286],[-77.0812758,-12.0719642],[-77.0811643,-12.0719943]]]},"properties":{"feature_id":"osm-way-1110929704","altura_m":8.0,"building":"university","nombre":"Sección Ingeniería Mecánica ( Pabellón U )"}},{"type":"Feature","id":"osm-way-1204040870","geometry":{"type":"Polygon","coordinates":[[[-77.0811703,-12.070367],[-77.0811324,-12.0703579],[-77.0811047,-12.0703513],[-77.081063,-12.0704879],[-77.0810637,-12.0705298],[-77.0810684,-12.0705718],[-77.0810858,-12.070623],[-77.0811378,-12.0706824],[-77.0811727,-12.0706375],[-77.0811877,-12.0706181],[-77.0811541,-12.0705856],[-77.0811367,-12.0705515],[-77.0811287,-12.0705187],[-77.0811334,-12.0704787],[-77.0811703,-12.070367]]]},"properties":{"feature_id":"osm-way-1204040870","altura_m":8.0,"building":"roof","nombre":""}},{"type":"Feature","id":"osm-way-1204040872","geometry":{"type":"Polygon","coordinates":[[[-77.0813892,-12.070604],[-77.0812679,-12.0706263],[-77.081272,-12.070659],[-77.0812755,-12.0706858],[-77.0813999,-12.0706631],[-77.0813947,-12.0706341],[-77.0813892,-12.070604]]]},"properties":{"feature_id":"osm-way-1204040872","altura_m":8.0,"building":"roof","nombre":""}},{"type":"Feature","id":"osm-way-1204040878","geometry":{"type":"Polygon","coordinates":[[[-77.0823393,-12.0719398],[-77.0822719,-12.0719626],[-77.0821804,-12.071704],[-77.0822477,-12.0716812],[-77.0823393,-12.0719398]]]},"properties":{"feature_id":"osm-way-1204040878","altura_m":3.2,"building":"university","nombre":""}},{"type":"Feature","id":"osm-way-1204040882","geometry":{"type":"Polygon","coordinates":[[[-77.0808005,-12.0732489],[-77.0807303,-12.0732556],[-77.080737,-12.0733216],[-77.0808072,-12.0733149],[-77.0808005,-12.0732489]]]},"properties":{"feature_id":"osm-way-1204040882","altura_m":8.0,"building":"yes","nombre":""}},{"type":"Feature","id":"osm-way-1204040883","geometry":{"type":"Polygon","coordinates":[[[-77.081257,-12.0733388],[-77.0813192,-12.07332],[-77.0812951,-12.0732439],[-77.0812328,-12.0732628],[-77.081257,-12.0733388]]]},"properties":{"feature_id":"osm-way-1204040883","altura_m":8.0,"building":"yes","nombre":""}},{"type":"Feature","id":"osm-way-1204040884","geometry":{"type":"Polygon","coordinates":[[[-77.0812339,-12.0733904],[-77.081255,-12.0734446],[-77.0813045,-12.0734262],[-77.0812834,-12.073372],[-77.0812339,-12.0733904]]]},"properties":{"feature_id":"osm-way-1204040884","altura_m":8.0,"building":"yes","nombre":""}},{"type":"Feature","id":"osm-way-1204040885","geometry":{"type":"Polygon","coordinates":[[[-77.0812489,-12.073444],[-77.0812267,-12.0733876],[-77.0811815,-12.0733776],[-77.0811952,-12.0734585],[-77.0812489,-12.073444]]]},"properties":{"feature_id":"osm-way-1204040885","altura_m":8.0,"building":"yes","nombre":""}},{"type":"Feature","id":"osm-way-1204040886","geometry":{"type":"Polygon","coordinates":[[[-77.0810722,-12.0734622],[-77.0810691,-12.0733894],[-77.0810669,-12.0733394],[-77.0809955,-12.0733423],[-77.0810008,-12.0734652],[-77.0810722,-12.0734622]]]},"properties":{"feature_id":"osm-way-1204040886","altura_m":8.0,"building":"yes","nombre":""}},{"type":"Feature","id":"osm-way-1204040887","geometry":{"type":"Polygon","coordinates":[[[-77.0809269,-12.0734948],[-77.0809248,-12.0733626],[-77.0808512,-12.0733638],[-77.0808533,-12.073496],[-77.0809269,-12.0734948]]]},"properties":{"feature_id":"osm-way-1204040887","altura_m":8.0,"building":"yes","nombre":""}},{"type":"Feature","id":"osm-way-1204040888","geometry":{"type":"Polygon","coordinates":[[[-77.081531,-12.0733593],[-77.0814716,-12.0731955],[-77.0813727,-12.0732298],[-77.0814322,-12.0733936],[-77.081531,-12.0733593]]]},"properties":{"feature_id":"osm-way-1204040888","altura_m":8.0,"building":"yes","nombre":""}},{"type":"Feature","id":"osm-way-1204040891","geometry":{"type":"Polygon","coordinates":[[[-77.0792824,-12.0730432],[-77.07926,-12.0729428],[-77.0791939,-12.0729569],[-77.0792163,-12.0730573],[-77.0792824,-12.0730432]]]},"properties":{"feature_id":"osm-way-1204040891","altura_m":3.2,"building":"yes","nombre":""}},{"type":"Feature","id":"osm-way-1204040892","geometry":{"type":"Polygon","coordinates":[[[-77.0793043,-12.0716274],[-77.0791273,-12.0716668],[-77.0791398,-12.0717206],[-77.0793168,-12.0716812],[-77.0793043,-12.0716274]]]},"properties":{"feature_id":"osm-way-1204040892","altura_m":8.0,"building":"university","nombre":""}},{"type":"Feature","id":"osm-way-1204040893","geometry":{"type":"Polygon","coordinates":[[[-77.0794641,-12.0717077],[-77.0794525,-12.0716597],[-77.079335,-12.071687],[-77.0793467,-12.071735],[-77.0794641,-12.0717077]]]},"properties":{"feature_id":"osm-way-1204040893","altura_m":8.0,"building":"university","nombre":""}},{"type":"Feature","id":"osm-way-1204040905","geometry":{"type":"Polygon","coordinates":[[[-77.0790051,-12.0700678],[-77.0790088,-12.0701],[-77.0788829,-12.0701182],[-77.0789094,-12.0702922],[-77.0790649,-12.0702828],[-77.0790634,-12.070259],[-77.0791302,-12.070255],[-77.0791284,-12.0702256],[-77.0791566,-12.0702231],[-77.0791411,-12.0700965],[-77.0791733,-12.0700946],[-77.0791677,-12.0700066],[-77.0793845,-12.0699936],[-77.0794016,-12.0701298],[-77.0791833,-12.070163],[-77.079187,-12.0702227],[-77.0794398,-12.0702075],[-77.0794237,-12.0699508],[-77.0792446,-12.0699616],[-77.0792427,-12.0699321],[-77.0790848,-12.0699417],[-77.0790869,-12.0699746],[-77.0790567,-12.0699764],[-77.0790532,-12.0699206],[-77.0787987,-12.069936],[-77.0788239,-12.0701137],[-77.0790051,-12.0700678]]]},"properties":{"feature_id":"osm-way-1204040905","altura_m":8.0,"building":"university","nombre":""}},{"type":"Feature","id":"osm-way-1204040906","geometry":{"type":"Polygon","coordinates":[[[-77.0789371,-12.0705071],[-77.078914,-12.0703133],[-77.0788344,-12.0703224],[-77.0788575,-12.0705162],[-77.0789371,-12.0705071]]]},"properties":{"feature_id":"osm-way-1204040906","altura_m":8.0,"building":"university","nombre":""}},{"type":"Feature","id":"osm-way-1204040907","geometry":{"type":"Polygon","coordinates":[[[-77.0789188,-12.0705701],[-77.0788124,-12.0705796],[-77.0788228,-12.0706914],[-77.0789292,-12.0706819],[-77.0789188,-12.0705701]]]},"properties":{"feature_id":"osm-way-1204040907","altura_m":8.0,"building":"university","nombre":""}},{"type":"Feature","id":"osm-way-1204040908","geometry":{"type":"Polygon","coordinates":[[[-77.0792581,-12.0705692],[-77.0791036,-12.070583],[-77.079089,-12.0704262],[-77.0790208,-12.0704323],[-77.0790423,-12.0706631],[-77.079265,-12.0706433],[-77.0792581,-12.0705692]]]},"properties":{"feature_id":"osm-way-1204040908","altura_m":8.0,"building":"university","nombre":""}},{"type":"Feature","id":"osm-way-1204040909","geometry":{"type":"Polygon","coordinates":[[[-77.0792361,-12.0704156],[-77.07916,-12.0704216],[-77.0791708,-12.0705505],[-77.0792469,-12.0705444],[-77.0792361,-12.0704156]]]},"properties":{"feature_id":"osm-way-1204040909","altura_m":8.0,"building":"university","nombre":""}},{"type":"Feature","id":"osm-way-1204040910","geometry":{"type":"Polygon","coordinates":[[[-77.0791197,-12.0703017],[-77.0789956,-12.0703182],[-77.0790062,-12.0703942],[-77.0791303,-12.0703778],[-77.0791197,-12.0703017]]]},"properties":{"feature_id":"osm-way-1204040910","altura_m":8.0,"building":"university","nombre":""}},{"type":"Feature","id":"osm-way-1204040911","geometry":{"type":"Polygon","coordinates":[[[-77.07923,-12.0702478],[-77.0791398,-12.0702563],[-77.0791536,-12.0703957],[-77.0792438,-12.0703871],[-77.07923,-12.0702478]]]},"properties":{"feature_id":"osm-way-1204040911","altura_m":8.0,"building":"university","nombre":""}},{"type":"Feature","id":"osm-way-1204040912","geometry":{"type":"Polygon","coordinates":[[[-77.0793388,-12.0702718],[-77.0792652,-12.0702808],[-77.0792737,-12.0703468],[-77.0793472,-12.0703378],[-77.0793388,-12.0702718]]]},"properties":{"feature_id":"osm-way-1204040912","altura_m":8.0,"building":"university","nombre":""}},{"type":"Feature","id":"osm-way-1204040913","geometry":{"type":"Polygon","coordinates":[[[-77.0788726,-12.0702681],[-77.0788532,-12.070172],[-77.078638,-12.0702136],[-77.0786574,-12.0703097],[-77.0788726,-12.0702681]]]},"properties":{"feature_id":"osm-way-1204040913","altura_m":8.0,"building":"university","nombre":""}},{"type":"Feature","id":"osm-way-1204040914","geometry":{"type":"Polygon","coordinates":[[[-77.0787571,-12.0699566],[-77.0785942,-12.0699875],[-77.0786234,-12.0701346],[-77.0787863,-12.0701037],[-77.0787571,-12.0699566]]]},"properties":{"feature_id":"osm-way-1204040914","altura_m":8.0,"building":"university","nombre":""}},{"type":"Feature","id":"osm-way-1204040917","geometry":{"type":"Polygon","coordinates":[[[-77.079235,-12.067274],[-77.0791552,-12.067272],[-77.0791539,-12.0673188],[-77.0792338,-12.0673209],[-77.079235,-12.067274]]]},"properties":{"feature_id":"osm-way-1204040917","altura_m":8.0,"building":"university","nombre":""}},{"type":"Feature","id":"osm-way-1204040921","geometry":{"type":"Polygon","coordinates":[[[-77.0786626,-12.068591],[-77.0785793,-12.0685905],[-77.0785789,-12.0686786],[-77.0790419,-12.0686807],[-77.0790423,-12.0685926],[-77.079003,-12.0685925],[-77.078912,-12.068592],[-77.0786626,-12.068591]]]},"properties":{"feature_id":"osm-way-1204040921","altura_m":8.0,"building":"university","nombre":"McGregor"}},{"type":"Feature","id":"osm-way-1204040922","geometry":{"type":"Polygon","coordinates":[[[-77.0786227,-12.0685186],[-77.0786785,-12.0685259],[-77.0786781,-12.0685086],[-77.0786757,-12.0684116],[-77.0783767,-12.0683985],[-77.078367,-12.0684854],[-77.0784051,-12.0684903],[-77.0784707,-12.0684989],[-77.0786069,-12.0685166],[-77.0786227,-12.0685186]]]},"properties":{"feature_id":"osm-way-1204040922","altura_m":8.0,"building":"university","nombre":"McGregor"}},{"type":"Feature","id":"osm-way-1204040923","geometry":{"type":"Polygon","coordinates":[[[-77.0814905,-12.0663286],[-77.0814411,-12.0663993],[-77.0815446,-12.0664686],[-77.0815624,-12.0664432],[-77.0815331,-12.0664236],[-77.0815648,-12.0663783],[-77.0814905,-12.0663286]]]},"properties":{"feature_id":"osm-way-1204040923","altura_m":8.0,"building":"university","nombre":""}},{"type":"Feature","id":"osm-way-1204040932","geometry":{"type":"Polygon","coordinates":[[[-77.079522,-12.0667132],[-77.0794163,-12.0667118],[-77.0794159,-12.0667449],[-77.0794157,-12.0667582],[-77.0795213,-12.0667596],[-77.0795215,-12.0667468],[-77.079522,-12.0667132]]]},"properties":{"feature_id":"osm-way-1204040932","altura_m":8.0,"building":"roof","nombre":""}},{"type":"Feature","id":"osm-way-1204040933","geometry":{"type":"Polygon","coordinates":[[[-77.0789822,-12.0667076],[-77.0788323,-12.0667061],[-77.078832,-12.0667341],[-77.0788318,-12.0667525],[-77.0789817,-12.066754],[-77.0789819,-12.0667368],[-77.0789822,-12.0667076]]]},"properties":{"feature_id":"osm-way-1204040933","altura_m":8.0,"building":"roof","nombre":""}},{"type":"Feature","id":"osm-way-1204040934","geometry":{"type":"Polygon","coordinates":[[[-77.0792635,-12.0667226],[-77.079123,-12.066721],[-77.0791228,-12.0667395],[-77.0791225,-12.0667582],[-77.079263,-12.0667598],[-77.0792633,-12.0667421],[-77.0792635,-12.0667226]]]},"properties":{"feature_id":"osm-way-1204040934","altura_m":8.0,"building":"roof","nombre":""}},{"type":"Feature","id":"osm-way-1204040935","geometry":{"type":"Polygon","coordinates":[[[-77.0788457,-12.0658072],[-77.0786936,-12.0657725],[-77.0786735,-12.065857],[-77.0788256,-12.0658917],[-77.0788457,-12.0658072]]]},"properties":{"feature_id":"osm-way-1204040935","altura_m":8.0,"building":"yes","nombre":""}},{"type":"Feature","id":"osm-way-1204040936","geometry":{"type":"Polygon","coordinates":[[[-77.0782315,-12.0663203],[-77.0781665,-12.0663153],[-77.0781601,-12.066395],[-77.0782252,-12.0664],[-77.0782315,-12.0663203]]]},"properties":{"feature_id":"osm-way-1204040936","altura_m":8.0,"building":"yes","nombre":""}},{"type":"Feature","id":"osm-way-1204040937","geometry":{"type":"Polygon","coordinates":[[[-77.0785998,-12.0647314],[-77.078624,-12.064637],[-77.0784837,-12.0646025],[-77.0784594,-12.064697],[-77.0785998,-12.0647314]]]},"properties":{"feature_id":"osm-way-1204040937","altura_m":8.0,"building":"yes","nombre":""}},{"type":"Feature","id":"osm-way-1204040938","geometry":{"type":"Polygon","coordinates":[[[-77.0785647,-12.0648661],[-77.0785895,-12.0647677],[-77.078461,-12.0647367],[-77.0784361,-12.0648351],[-77.0785647,-12.0648661]]]},"properties":{"feature_id":"osm-way-1204040938","altura_m":8.0,"building":"yes","nombre":""}},{"type":"Feature","id":"osm-way-1204040939","geometry":{"type":"Polygon","coordinates":[[[-77.0785185,-12.0651172],[-77.0785355,-12.0650488],[-77.0783652,-12.0650082],[-77.0783482,-12.0650766],[-77.0785185,-12.0651172]]]},"properties":{"feature_id":"osm-way-1204040939","altura_m":8.0,"building":"university","nombre":"Artes Escénicas"}},{"type":"Feature","id":"osm-way-1204040940","geometry":{"type":"Polygon","coordinates":[[[-77.0787201,-12.0651603],[-77.0787352,-12.0651005],[-77.0787071,-12.0650937],[-77.078713,-12.0650703],[-77.0785877,-12.06504],[-77.0785666,-12.0651232],[-77.0787201,-12.0651603]]]},"properties":{"feature_id":"osm-way-1204040940","altura_m":8.0,"building":"university","nombre":"Artes Escénicas"}},{"type":"Feature","id":"osm-way-1204040941","geometry":{"type":"Polygon","coordinates":[[[-77.0785063,-12.0651286],[-77.0783732,-12.0650995],[-77.0783466,-12.0652158],[-77.0784796,-12.0652449],[-77.0785063,-12.0651286]]]},"properties":{"feature_id":"osm-way-1204040941","altura_m":8.0,"building":"university","nombre":"Artes Escénicas"}},{"type":"Feature","id":"osm-way-1204040942","geometry":{"type":"Polygon","coordinates":[[[-77.0787117,-12.06518],[-77.0785282,-12.0651369],[-77.0785004,-12.06525],[-77.0786839,-12.0652931],[-77.0787117,-12.06518]]]},"properties":{"feature_id":"osm-way-1204040942","altura_m":8.0,"building":"university","nombre":"Artes Escénicas"}},{"type":"Feature","id":"osm-way-1204040943","geometry":{"type":"Polygon","coordinates":[[[-77.0784741,-12.0652672],[-77.0783412,-12.0652377],[-77.0783212,-12.0653239],[-77.0784542,-12.0653534],[-77.0784741,-12.0652672]]]},"properties":{"feature_id":"osm-way-1204040943","altura_m":8.0,"building":"university","nombre":"Artes Escénicas"}},{"type":"Feature","id":"osm-way-1204040944","geometry":{"type":"Polygon","coordinates":[[[-77.0786793,-12.0653187],[-77.078496,-12.065275],[-77.0784753,-12.065358],[-77.0786586,-12.0654017],[-77.0786793,-12.0653187]]]},"properties":{"feature_id":"osm-way-1204040944","altura_m":8.0,"building":"university","nombre":"Artes Escénicas"}},{"type":"Feature","id":"osm-way-1204040945","geometry":{"type":"Polygon","coordinates":[[[-77.0786505,-12.0654267],[-77.078467,-12.0653836],[-77.0784392,-12.0654967],[-77.0786227,-12.0655398],[-77.0786505,-12.0654267]]]},"properties":{"feature_id":"osm-way-1204040945","altura_m":8.0,"building":"university","nombre":"Artes Escénicas"}},{"type":"Feature","id":"osm-way-1204040946","geometry":{"type":"Polygon","coordinates":[[[-77.078445,-12.0653753],[-77.078312,-12.0653462],[-77.0782853,-12.0654625],[-77.0784184,-12.0654916],[-77.078445,-12.0653753]]]},"properties":{"feature_id":"osm-way-1204040946","altura_m":8.0,"building":"university","nombre":"Artes Escénicas"}},{"type":"Feature","id":"osm-way-1204040947","geometry":{"type":"Polygon","coordinates":[[[-77.0783867,-12.0656284],[-77.0782536,-12.0655992],[-77.0782348,-12.0656814],[-77.0783679,-12.0657105],[-77.0783867,-12.0656284]]]},"properties":{"feature_id":"osm-way-1204040947","altura_m":8.0,"building":"university","nombre":"Artes Escénicas"}},{"type":"Feature","id":"osm-way-1204040948","geometry":{"type":"Polygon","coordinates":[[[-77.0784133,-12.0655097],[-77.0782834,-12.0654805],[-77.0782592,-12.0655837],[-77.0783891,-12.0656128],[-77.0784133,-12.0655097]]]},"properties":{"feature_id":"osm-way-1204040948","altura_m":8.0,"building":"university","nombre":"Artes Escénicas"}},{"type":"Feature","id":"osm-way-1209002345","geometry":{"type":"Polygon","coordinates":[[[-77.0779485,-12.0681966],[-77.077929,-12.0681964],[-77.0779283,-12.0682531],[-77.0779478,-12.0682534],[-77.0779485,-12.0681966]]]},"properties":{"feature_id":"osm-way-1209002345","altura_m":8.0,"building":"yes","nombre":""}},{"type":"Feature","id":"osm-way-1209002346","geometry":{"type":"Polygon","coordinates":[[[-77.0779508,-12.068117],[-77.0779314,-12.068117],[-77.0779314,-12.0681766],[-77.0779508,-12.0681766],[-77.0779508,-12.068117]]]},"properties":{"feature_id":"osm-way-1209002346","altura_m":8.0,"building":"yes","nombre":""}},{"type":"Feature","id":"osm-way-1211346891","geometry":{"type":"Polygon","coordinates":[[[-77.0793682,-12.0643023],[-77.0794363,-12.0643166],[-77.0794056,-12.0644558],[-77.0793376,-12.0644415],[-77.0793682,-12.0643023]]]},"properties":{"feature_id":"osm-way-1211346891","altura_m":8.0,"building":"house","nombre":""}},{"type":"Feature","id":"osm-way-1211346892","geometry":{"type":"Polygon","coordinates":[[[-77.0789285,-12.0642148],[-77.0788401,-12.0641956],[-77.0788098,-12.0643285],[-77.0788982,-12.0643477],[-77.0789285,-12.0642148]]]},"properties":{"feature_id":"osm-way-1211346892","altura_m":8.0,"building":"house","nombre":""}},{"type":"Feature","id":"osm-way-1211346893","geometry":{"type":"Polygon","coordinates":[[[-77.0788401,-12.0641956],[-77.0787579,-12.0641777],[-77.0787276,-12.0643106],[-77.0788098,-12.0643285],[-77.0788401,-12.0641956]]]},"properties":{"feature_id":"osm-way-1211346893","altura_m":8.0,"building":"house","nombre":""}},{"type":"Feature","id":"osm-way-1211346894","geometry":{"type":"Polygon","coordinates":[[[-77.0787579,-12.0641777],[-77.0786704,-12.0641586],[-77.0786401,-12.0642915],[-77.0787276,-12.0643106],[-77.0787579,-12.0641777]]]},"properties":{"feature_id":"osm-way-1211346894","altura_m":8.0,"building":"house","nombre":""}},{"type":"Feature","id":"osm-way-1317392344","geometry":{"type":"Polygon","coordinates":[[[-77.0829662,-12.0657826],[-77.0829332,-12.0656871],[-77.0828378,-12.0657186],[-77.0828708,-12.0658141],[-77.0829662,-12.0657826]]]},"properties":{"feature_id":"osm-way-1317392344","altura_m":8.0,"building":"roof","nombre":""}},{"type":"Feature","id":"osm-way-1317392345","geometry":{"type":"Polygon","coordinates":[[[-77.0821024,-12.0660361],[-77.082004,-12.0660187],[-77.081954,-12.0662891],[-77.0820524,-12.0663065],[-77.0821024,-12.0660361]]]},"properties":{"feature_id":"osm-way-1317392345","altura_m":8.0,"building":"roof","nombre":""}},{"type":"Feature","id":"osm-way-1351726048","geometry":{"type":"Polygon","coordinates":[[[-77.0771199,-12.0755248],[-77.076941,-12.0755652],[-77.0770006,-12.0757805],[-77.0771589,-12.0757312],[-77.0771199,-12.0755248]]]},"properties":{"feature_id":"osm-way-1351726048","altura_m":36.0,"building":"yes","nombre":"Ginza II"}},{"type":"Feature","id":"osm-way-1361858459","geometry":{"type":"Polygon","coordinates":[[[-77.0831136,-12.0702792],[-77.0829907,-12.07033],[-77.0829311,-12.0701921],[-77.0828504,-12.0702254],[-77.0829545,-12.0704661],[-77.083158,-12.070382],[-77.0831136,-12.0702792]]]},"properties":{"feature_id":"osm-way-1361858459","altura_m":8.0,"building":"yes","nombre":""}},{"type":"Feature","id":"osm-way-1385969800","geometry":{"type":"Polygon","coordinates":[[[-77.0856344,-12.072056],[-77.0856025,-12.0720008],[-77.0855472,-12.0720314],[-77.0855791,-12.0720866],[-77.0856344,-12.072056]]]},"properties":{"feature_id":"osm-way-1385969800","altura_m":8.0,"building":"yes","nombre":""}},{"type":"Feature","id":"osm-way-1385969801","geometry":{"type":"Polygon","coordinates":[[[-77.0852943,-12.0722152],[-77.0852544,-12.0722277],[-77.0852718,-12.0722809],[-77.0853118,-12.0722685],[-77.0852943,-12.0722152]]]},"properties":{"feature_id":"osm-way-1385969801","altura_m":8.0,"building":"yes","nombre":""}},{"type":"Feature","id":"osm-way-1385984330","geometry":{"type":"Polygon","coordinates":[[[-77.0822048,-12.0726753],[-77.0821457,-12.0726919],[-77.0821553,-12.0727258],[-77.082152,-12.0727262],[-77.0821552,-12.0727411],[-77.0821334,-12.0727471],[-77.0821334,-12.0727556],[-77.0821793,-12.0727861],[-77.0822155,-12.0727776],[-77.0822316,-12.072748],[-77.0822269,-12.0727444],[-77.082237,-12.0727317],[-77.0822293,-12.0727248],[-77.0822232,-12.0727061],[-77.0822142,-12.072709],[-77.0822048,-12.0726753]]]},"properties":{"feature_id":"osm-way-1385984330","altura_m":8.0,"building":"university","nombre":""}},{"type":"Feature","id":"osm-way-1385984331","geometry":{"type":"Polygon","coordinates":[[[-77.0818571,-12.0732587],[-77.0817628,-12.0732875],[-77.0817787,-12.073337],[-77.0818729,-12.0733083],[-77.0818571,-12.0732587]]]},"properties":{"feature_id":"osm-way-1385984331","altura_m":8.0,"building":"university","nombre":""}},{"type":"Feature","id":"osm-way-1385984332","geometry":{"type":"Polygon","coordinates":[[[-77.0817377,-12.0732964],[-77.0816109,-12.0733383],[-77.0816297,-12.0733927],[-77.0817566,-12.0733508],[-77.0817377,-12.0732964]]]},"properties":{"feature_id":"osm-way-1385984332","altura_m":8.0,"building":"university","nombre":""}},{"type":"Feature","id":"osm-way-1385984333","geometry":{"type":"Polygon","coordinates":[[[-77.0815197,-12.0730563],[-77.0814541,-12.07307],[-77.0814625,-12.0731086],[-77.0815282,-12.073095],[-77.0815197,-12.0730563]]]},"properties":{"feature_id":"osm-way-1385984333","altura_m":8.0,"building":"university","nombre":""}},{"type":"Feature","id":"osm-way-1385984334","geometry":{"type":"Polygon","coordinates":[[[-77.0813669,-12.0730176],[-77.0812559,-12.0730522],[-77.0812711,-12.0730988],[-77.081382,-12.0730643],[-77.0813669,-12.0730176]]]},"properties":{"feature_id":"osm-way-1385984334","altura_m":8.0,"building":"university","nombre":""}},{"type":"Feature","id":"osm-way-1385984335","geometry":{"type":"Polygon","coordinates":[[[-77.081142,-12.0734801],[-77.0810736,-12.0734807],[-77.0810722,-12.0734622],[-77.0810691,-12.0733894],[-77.0811262,-12.0733866],[-77.081142,-12.0734801]]]},"properties":{"feature_id":"osm-way-1385984335","altura_m":8.0,"building":"university","nombre":""}},{"type":"Feature","id":"osm-way-1385984336","geometry":{"type":"Polygon","coordinates":[[[-77.081142,-12.0734801],[-77.0811262,-12.0733866],[-77.0811815,-12.0733776],[-77.0811952,-12.0734585],[-77.0811974,-12.0734711],[-77.081142,-12.0734801]]]},"properties":{"feature_id":"osm-way-1385984336","altura_m":8.0,"building":"university","nombre":""}},{"type":"Feature","id":"osm-way-1385984337","geometry":{"type":"Polygon","coordinates":[[[-77.0809397,-12.0732936],[-77.0808838,-12.0732954],[-77.0808854,-12.0733425],[-77.0809413,-12.0733407],[-77.0809397,-12.0732936]]]},"properties":{"feature_id":"osm-way-1385984337","altura_m":8.0,"building":"university","nombre":""}},{"type":"Feature","id":"osm-way-1385984338","geometry":{"type":"Polygon","coordinates":[[[-77.0809935,-12.0733029],[-77.0809454,-12.0733045],[-77.0809466,-12.0733399],[-77.0809947,-12.0733383],[-77.0809935,-12.0733029]]]},"properties":{"feature_id":"osm-way-1385984338","altura_m":8.0,"building":"university","nombre":""}},{"type":"Feature","id":"osm-way-1385984339","geometry":{"type":"Polygon","coordinates":[[[-77.0807364,-12.0733347],[-77.0807157,-12.0733357],[-77.0807177,-12.0733747],[-77.0807385,-12.0733737],[-77.0807364,-12.0733347]]]},"properties":{"feature_id":"osm-way-1385984339","altura_m":8.0,"building":"university","nombre":""}},{"type":"Feature","id":"osm-way-1385984340","geometry":{"type":"Polygon","coordinates":[[[-77.0808285,-12.073381],[-77.0807703,-12.0733829],[-77.0807767,-12.0735713],[-77.0808349,-12.0735694],[-77.0808285,-12.073381]]]},"properties":{"feature_id":"osm-way-1385984340","altura_m":8.0,"building":"university","nombre":""}},{"type":"Feature","id":"osm-way-1385984341","geometry":{"type":"Polygon","coordinates":[[[-77.0808397,-12.0733222],[-77.0807593,-12.0733253],[-77.0807606,-12.0733571],[-77.080841,-12.073354],[-77.0808397,-12.0733222]]]},"properties":{"feature_id":"osm-way-1385984341","altura_m":8.0,"building":"university","nombre":""}},{"type":"Feature","id":"osm-way-1385984342","geometry":{"type":"Polygon","coordinates":[[[-77.0807862,-12.0731657],[-77.0807366,-12.0731716],[-77.0807427,-12.0732203],[-77.0807923,-12.0732144],[-77.0807862,-12.0731657]]]},"properties":{"feature_id":"osm-way-1385984342","altura_m":8.0,"building":"university","nombre":""}},{"type":"Feature","id":"osm-way-1385984343","geometry":{"type":"Polygon","coordinates":[[[-77.079311,-12.0733375],[-77.0793404,-12.0733882],[-77.0794302,-12.0733384],[-77.0794009,-12.0732877],[-77.079311,-12.0733375]]]},"properties":{"feature_id":"osm-way-1385984343","altura_m":8.0,"building":"university","nombre":""}},{"type":"Feature","id":"osm-way-1428793440","geometry":{"type":"Polygon","coordinates":[[[-77.0797645,-12.0734665],[-77.0797788,-12.0735222],[-77.0797287,-12.0735345],[-77.0797144,-12.0734788],[-77.0797645,-12.0734665]]]},"properties":{"feature_id":"osm-way-1428793440","altura_m":3.2,"building":"yes","nombre":""}}]}