{
"type": "FeatureCollection",
"name": "areas_verdes",
"crs": { "type": "name", "properties": { "name": "urn:ogc:def:crs:OGC:1.3:CRS84" } },
"features": [
{ "type": "Feature", "properties": { "Nombre": "Bosque Húmedo", "Perimetro": 712.399, "Área": 11147.353, "Uso": "Uso Institucional", "Proy riego": "Cuenta con aspersión", "Riego act": "Riego por aspersión", "Referenc_1": null, "código": "G 13", "ID": null }, "geometry": { "type": "MultiPolygon", "coordinates": [ [ [ [ -77.080726724566873, -12.073369836069107, 0.0 ], [ -77.080726406460755, -12.073366373113501, 0.0 ], [ -77.080726072551457, -12.073362457924636, 0.0 ], [ -77.080725964462204, -12.07336121476672, 0.0 ], [ -77.080707518173398, -12.07313826548835, 0.0 ], [ -77.08070745248888, -12.073137471597493, 0.0 ], [ -77.08070703080972, -12.073131755737137, 0.0 ], [ -77.080703816592717, -12.073089375871664, 0.0 ], [ -77.080700950858642, -12.073053798050566, 0.0 ], [ -77.080656811744603, -12.073060043252958, 0.0 ], [ -77.080642709607943, -12.073061957785962, 0.0 ], [ -77.080640575950241, -12.073062247455351, 0.0 ], [ -77.080630004950621, -12.07306357618001, 0.0 ], [ -77.080570557916388, -12.073071602074927, 0.0 ], [ -77.080508586956597, -12.07308164630153, 0.0 ], [ -77.080262709695702, -12.073129556018724, 0.0 ], [ -77.080133222266738, -12.073155017712022, 0.0 ], [ -77.079998814771585, -12.073182068560419, 0.0 ], [ -77.079494663178565, -12.073265515857024, 0.0 ], [ -77.079300035697287, -12.073298182826482, 0.0 ], [ -77.078961605472102, -12.073355511222141, 0.0 ], [ -77.078855224609725, -12.073388100034681, 0.0 ], [ -77.078746744540851, -12.073419273755064, 0.0 ], [ -77.078774078035337, -12.073477371399477, 0.0 ], [ -77.078846439619255, -12.073613810524952, 0.0 ], [ -77.078884885216809, -12.073681505265029, 0.0 ], [ -77.078963705132068, -12.073803550497496, 0.0 ], [ -77.079076893463977, -12.073953657631591, 0.0 ], [ -77.079148508594912, -12.07403555019822, 0.0 ], [ -77.079178894137314, -12.074067185580295, 0.0 ], [ -77.079205393307404, -12.074057343291864, 0.0 ], [ -77.079230699554685, -12.074045823815727, 0.0 ], [ -77.079350417968058, -12.073982945405866, 0.0 ], [ -77.079327770693709, -12.073944125001214, 0.0 ], [ -77.079397548614097, -12.073903614028888, 0.0 ], [ -77.079464646142526, -12.073866788773971, 0.0 ], [ -77.07948727542535, -12.073903276584311, 0.0 ], [ -77.079512222488077, -12.073889093810612, 0.0 ], [ -77.079544592635159, -12.073871523095542, 0.0 ], [ -77.079588407699987, -12.073845202451151, 0.0 ], [ -77.079628221494218, -12.073826909594302, 0.0 ], [ -77.079653850848246, -12.073813388199831, 0.0 ], [ -77.079701775165532, -12.073793035233132, 0.0 ], [ -77.07977062982097, -12.073764527905578, 0.0 ], [ -77.079799660409407, -12.073752980542661, 0.0 ], [ -77.07982534118473, -12.07374612365123, 0.0 ], [ -77.079867925325374, -12.073735807934295, 0.0 ], [ -77.079854021357377, -12.073683755854331, 0.0 ], [ -77.079942984064857, -12.073660169254422, 0.0 ], [ -77.079952534888605, -12.07363854652578, 0.0 ], [ -77.079959940493708, -12.073619718566906, 0.0 ], [ -77.079975342564452, -12.073579925716812, 0.0 ], [ -77.079994304692619, -12.073531366170707, 0.0 ], [ -77.079996815292986, -12.073524869079161, 0.0 ], [ -77.07999778068789, -12.073522341616783, 0.0 ], [ -77.080015776666698, -12.07347621260582, 0.0 ], [ -77.080017716535792, -12.073471270701049, 0.0 ], [ -77.080022924127732, -12.073457968171438, 0.0 ], [ -77.08002721828764, -12.073446481877426, 0.0 ], [ -77.080203443316194, -12.073428556488196, 0.0 ], [ -77.080286673888082, -12.07342085806912, 0.0 ], [ -77.080331286342755, -12.073416130201835, 0.0 ], [ -77.080338087673368, -12.073520091435702, 0.0 ], [ -77.08034141087677, -12.073570887946783, 0.0 ], [ -77.080341996989432, -12.073578767404159, 0.0 ], [ -77.080347939994581, -12.073583117234829, 0.0 ], [ -77.080371818234184, -12.073601517397003, 0.0 ], [ -77.080397612986729, -12.073621518765769, 0.0 ], [ -77.080476722298727, -12.073615780769623, 0.0 ], [ -77.080532185789622, -12.073611757850585, 0.0 ], [ -77.080730012479407, -12.07359740884845, 0.0 ], [ -77.080736273840543, -12.073597281241065, 0.0 ], [ -77.080740252329932, -12.073597001076029, 0.0 ], [ -77.080744206135762, -12.073596713017853, 0.0 ], [ -77.080742809836437, -12.073576916933293, 0.0 ], [ -77.080742735916033, -12.073575847190503, 0.0 ], [ -77.080741992995527, -12.073565731384804, 0.0 ], [ -77.080732869036453, -12.073448670239729, 0.0 ], [ -77.080726724566873, -12.073369836069107, 0.0 ] ], [ [ -77.079739133527511, -12.07356791054719, 0.0 ], [ -77.079675133811705, -12.073342309750917, 0.0 ], [ -77.079821841726798, -12.073309856007127, 0.0 ], [ -77.079881678744599, -12.073539377323291, 0.0 ], [ -77.079739133527511, -12.07356791054719, 0.0 ] ], [ [ -77.079357787905806, -12.073394044382123, 0.0 ], [ -77.079330501707744, -12.073346427644271, 0.0 ], [ -77.079414108608418, -12.073298981806559, 0.0 ], [ -77.07944359302094, -12.073346248859126, 0.0 ], [ -77.079357787905806, -12.073394044382123, 0.0 ] ] ] ] } },
{ "type": "Feature", "properties": { "Nombre": null, "Perimetro": 3.729, "Área": 0.864, "Uso": "Áreas de uso administrativo", "Proy riego": "Por validar con unidad", "Riego act": "Sin riego tecnificado", "Referenc_1": null, "código": null, "ID": null }, "geometry": { "type": "MultiPolygon", "coordinates": [ [ [ [ -77.081070605882147, -12.06936514167406, -8.9884656743115785e+307 ], [ -77.081069905667846, -12.069357355908911, -1.7976931348623157e+308 ], [ -77.081060783351674, -12.069358162497553, -1.7976931348623157e+308 ], [ -77.081061437052085, -12.069365951592747, -8.9884656743115785e+307 ], [ -77.081070605882147, -12.06936514167406, -8.9884656743115785e+307 ] ] ] ] } },
{ "type": "Feature", "properties": { "Nombre": null, "Perimetro": 76.942, "Área": 60.991, "Uso": "Áreas de uso administrativo", "Proy riego": "Por validar con unidad", "Riego act": "Sin riego tecnificado", "Referenc_1": null, "código": null, "ID": null }, "geometry": { "type": "MultiPolygon", "coordinates": [ [ [ [ -77.079429656700356, -12.065584537572633, 0.0 ], [ -77.079447593769757, -12.065588417596482, 0.0 ], [ -77.079475544422436, -12.065463251644742, 0.0 ], [ -77.07945760736159, -12.065459371621321, 0.0 ], [ -77.079429656700356, -12.065584537572633, 0.0 ] ] ], [ [ [ -77.079467559043707, -12.06541974755044, 0.0 ], [ -77.079461754659235, -12.065439733633097, 0.0 ], [ -77.079481178441767, -12.065445197998159, 0.0 ], [ -77.079486982824804, -12.065425211915302, 0.0 ], [ -77.079467559043707, -12.06541974755044, 0.0 ] ] ], [ [ [ -77.0794765241628, -12.065376090272022, 0.0 ], [ -77.079494442643309, -12.06538005255938, 0.0 ], [ -77.079504507255351, -12.065335963583404, 0.0 ], [ -77.079486588777868, -12.065332001296227, 0.0 ], [ -77.0794765241628, -12.065376090272022, 0.0 ] ] ], [ [ [ -77.079494782559792, -12.065298621406033, 0.0 ], [ -77.079512723966019, -12.065302481868885, 0.0 ], [ -77.079529982462404, -12.065224785967755, 0.0 ], [ -77.079512041061463, -12.065220925505175, 0.0 ], [ -77.079494782559792, -12.065298621406033, 0.0 ] ] ] ] } },
{ "type": "Feature", "properties": { "Nombre": null, "Perimetro": 68.656, "Área": 161.895, "Uso": "Áreas de uso recreativo/descanso", "Proy riego": "Falta aspersión", "Riego act": "Sin riego tecnificado", "Referenc_1": null, "código": "B 4", "ID": null }, "geometry": { "type": "MultiPolygon", "coordinates": [ [ [ [ -77.079448556220569, -12.066256593122095, 0.0 ], [ -77.079413180782637, -12.06637201527931, 0.0 ], [ -77.079479046187274, -12.06647817787591, 0.0 ], [ -77.079506103396, -12.066368020723312, 0.0 ], [ -77.079497177881933, -12.066365897098242, 0.0 ], [ -77.079502787896558, -12.066343057219806, 0.0 ], [ -77.079511713409872, -12.066345180844804, 0.0 ], [ -77.079515297346362, -12.066330589672031, 0.0 ], [ -77.079515494429771, -12.066330637600373, 0.0 ], [ -77.079529509803862, -12.066276283265426, 0.0 ], [ -77.079503439704155, -12.066269942301426, 0.0 ], [ -77.079495222428477, -12.066302668069763, 0.0 ], [ -77.079477036985878, -12.066298244869532, 0.0 ], [ -77.07948525426383, -12.066265519101387, 0.0 ], [ -77.079448556220569, -12.066256593122095, 0.0 ] ] ] ] } },
{ "type": "Feature", "properties": { "Nombre": null, "Perimetro": 13.174, "Área": 8.029, "Uso": "Áreas de uso administrativo", "Proy riego": "Por validar con unidad", "Riego act": "Sin riego tecnificado", "Referenc_1": null, "código": null, "ID": null }, "geometry": { "type": "MultiPolygon", "coordinates": [ [ [ [ -77.078474631821322, -12.065724153294292, 0.0 ], [ -77.078478769206399, -12.065707108869578, 0.0 ], [ -77.078485540481481, -12.065708691915269, 0.0 ], [ -77.078490749553623, -12.065709909735887, 0.0 ], [ -77.07849261548165, -12.065702135832121, 0.0 ], [ -77.078460906163613, -12.065694719958797, 0.0 ], [ -77.078460905589822, -12.065694722425524, 0.0 ], [ -77.078458851310288, -12.065694239389122, 0.0 ], [ -77.078453072267877, -12.065719083854406, 0.0 ], [ -77.078474631821322, -12.065724153294292, 0.0 ] ] ] ] } },
{ "type": "Feature", "properties": { "Nombre": null, "Perimetro": 21.695, "Área": 23.442, "Uso": "Áreas de uso administrativo", "Proy riego": "Por validar con unidad", "Riego act": "Sin riego tecnificado", "Referenc_1": null, "código": null, "ID": null }, "geometry": { "type": "MultiPolygon", "coordinates": [ [ [ [ -77.080843957820321, -12.071592888927686, 0.0 ], [ -77.080859246921761, -12.071662404922721, 0.0 ], [ -77.080885992238507, -12.071656707187696, 0.0 ], [ -77.080870703130969, -12.071587191195203, 0.0 ], [ -77.080843957820321, -12.071592888927686, 0.0 ] ] ] ] } },
{ "type": "Feature", "properties": { "Nombre": null, "Perimetro": 21.695, "Área": 23.442, "Uso": "Áreas de uso administrativo", "Proy riego": "Por validar con unidad", "Riego act": "Sin riego tecnificado", "Referenc_1": null, "código": null, "ID": null }, "geometry": { "type": "MultiPolygon", "coordinates": [ [ [ [ -77.080791310552243, -12.071353513627303, 0.0 ], [ -77.080806599616551, -12.071423029630832, 0.0 ], [ -77.080833344912335, -12.071417331904508, 0.0 ], [ -77.080818055841974, -12.071347815903518, 0.0 ], [ -77.080791310552243, -12.071353513627303, 0.0 ] ] ] ] } },
{ "type": "Feature", "properties": { "Nombre": null, "Perimetro": 6.319, "Área": 2.393, "Uso": "Áreas de uso administrativo", "Proy riego": "Por validar con unidad", "Riego act": "Sin riego tecnificado", "Referenc_1": null, "código": null, "ID": null }, "geometry": { "type": "MultiPolygon", "coordinates": [ [ [ [ -77.078772089745001, -12.067618655538372, 0.0 ], [ -77.078772645654212, -12.067601492471351, 0.0 ], [ -77.078761079133827, -12.067601198764066, 0.0 ], [ -77.078760523223892, -12.067618361831167, 0.0 ], [ -77.078772089745001, -12.067618655538372, 0.0 ] ] ] ] } },
{ "type": "Feature", "properties": { "Nombre": null, "Perimetro": 54.296, "Área": 59.676, "Uso": "Áreas de uso administrativo", "Proy riego": "Por validar con unidad", "Riego act": "Sin riego tecnificado", "Referenc_1": null, "código": null, "ID": null }, "geometry": { "type": "MultiPolygon", "coordinates": [ [ [ [ -77.081302187465539, -12.070233243324608, 0.0 ], [ -77.081286803977406, -12.07025366163591, 0.0 ], [ -77.081300523614601, -12.070263674060886, 0.0 ], [ -77.081286045566571, -12.070282890591267, 0.0 ], [ -77.081320454942571, -12.070305218460973, 0.0 ], [ -77.081343836199792, -12.0702327246614, 0.0 ], [ -77.081434275933333, -12.070292070681857, 0.0 ], [ -77.081442562104286, -12.070279945345019, 0.0 ], [ -77.081413049893811, -12.070260609228372, 0.0 ], [ -77.081326777382415, -12.070204151280789, 0.0 ], [ -77.08132165251476, -12.070211650607446, 0.0 ], [ -77.08131951142424, -12.070210249446946, 0.0 ], [ -77.081316681567387, -12.070214005481491, 0.0 ], [ -77.081318599365858, -12.070215405067669, 0.0 ], [ -77.081316411577063, -12.070218308893034, 0.0 ], [ -77.081314493778549, -12.070216909306909, 0.0 ], [ -77.081304375254632, -12.070230339499261, 0.0 ], [ -77.08130629305316, -12.070231739085516, 0.0 ], [ -77.081304105264138, -12.070234642910808, 0.0 ], [ -77.081302187465539, -12.070233243324608, 0.0 ] ] ] ] } },
{ "type": "Feature", "properties": { "Nombre": null, "Perimetro": 117.615, "Área": 314.476, "Uso": "Áreas de uso recreativo/descanso", "Proy riego": "Falta aspersión", "Riego act": "Sin riego tecnificado", "Referenc_1": null, "código": "B 7", "ID": null }, "geometry": { "type": "MultiPolygon", "coordinates": [ [ [ [ -77.079673993804008, -12.066882733394808, 0.0 ], [ -77.079673099588348, -12.066883287407846, 0.0 ], [ -77.0796721680085, -12.066883778178154, 0.0 ], [ -77.079671203675147, -12.066884203265026, 0.0 ], [ -77.079670211361389, -12.066884560574969, 0.0 ], [ -77.079669195978227, -12.066884848328062, 0.0 ], [ -77.079668162551556, -12.066885065111995, 0.0 ], [ -77.079667116196163, -12.066885209845628, 0.0 ], [ -77.079666062090737, -12.066885281817973, 0.0 ], [ -77.07966500545264, -12.066885280666828, 0.0 ], [ -77.079663951511506, -12.066885206400521, 0.0 ], [ -77.079662905483815, -12.066885059389499, 0.0 ], [ -77.079661872546836, -12.066884840357869, 0.0 ], [ -77.079660857812925, -12.06688455039224, 0.0 ], [ -77.079659866304496, -12.066884190924654, 0.0 ], [ -77.079658902928799, -12.066883763737104, 0.0 ], [ -77.079657972454186, -12.066883270944444, 0.0 ], [ -77.079657079485756, -12.066882714981666, 0.0 ], [ -77.079656228443369, -12.066882098604053, 0.0 ], [ -77.079655423539066, -12.066881424861494, 0.0 ], [ -77.079654668756746, -12.066880697090019, 0.0 ], [ -77.079653967832073, -12.066879918886078, 0.0 ], [ -77.079653324234314, -12.066879094106701, 0.0 ], [ -77.079652741148777, -12.066878226835131, 0.0 ], [ -77.079652221461416, -12.066877321359396, 0.0 ], [ -77.079651767744394, -12.06687638215949, 0.0 ], [ -77.079651382243441, -12.066875413894552, 0.0 ], [ -77.079651066866333, -12.066874421342586, 0.0 ], [ -77.079650823174305, -12.066873409426419, 0.0 ], [ -77.079650652373346, -12.066872383153402, 0.0 ], [ -77.079650555308689, -12.066871347598232, 0.0 ], [ -77.079650532461031, -12.066870307890046, 0.0 ], [ -77.079650583943177, -12.06686926917796, 0.0 ], [ -77.079650709500498, -12.066868236592292, 0.0 ], [ -77.079650908511425, -12.066867215253177, 0.0 ], [ -77.079651179991146, -12.066866210214503, 0.0 ], [ -77.07965152259581, -12.06686522644665, 0.0 ], [ -77.07965193462995, -12.066864268819202, 0.0 ], [ -77.079652414053939, -12.066863342075015, 0.0 ], [ -77.079652958495132, -12.066862450804301, 0.0 ], [ -77.079653565258695, -12.066861599405732, 0.0 ], [ -77.079654231341678, -12.066860792107915, 0.0 ], [ -77.079654953447232, -12.066860032895988, 0.0 ], [ -77.079655728001342, -12.066859325533082, 0.0 ], [ -77.079656551170615, -12.06685867351705, 0.0 ], [ -77.079657418880601, -12.066858080076058, 0.0 ], [ -77.079658326836636, -12.066857548146855, 0.0 ], [ -77.079659270545136, -12.066857080366011, 0.0 ], [ -77.079660245334921, -12.066856679039581, 0.0 ], [ -77.079661246381633, -12.066856346164471, 0.0 ], [ -77.079662268730729, -12.066856083385179, 0.0 ], [ -77.079663307321837, -12.066855891997916, 0.0 ], [ -77.079664357014849, -12.066855772954719, 0.0 ], [ -77.079665412614204, -12.066855726841723, 0.0 ], [ -77.079666468895454, -12.066855753891893, 0.0 ], [ -77.079667520630466, -12.06685585396329, 0.0 ], [ -77.079668562613961, -12.066856026569038, 0.0 ], [ -77.079669589688535, -12.06685627084696, 0.0 ], [ -77.079670596770853, -12.066856585593879, 0.0 ], [ -77.079671578876415, -12.066856969248171, 0.0 ], [ -77.079672531144311, -12.066857419915461, 0.0 ], [ -77.079673448861556, -12.066857935366274, 0.0 ], [ -77.079674327485776, -12.066858513038015, 0.0 ], [ -77.079675162668579, -12.066859150086216, 0.0 ], [ -77.079705807745185, -12.066830482145948, 0.0 ], [ -77.079665250547876, -12.066788486420876, 0.0 ], [ -77.079708113656636, -12.066748388715752, 0.0 ], [ -77.079679334902352, -12.066718589194993, 0.0 ], [ -77.079678416211195, -12.066719089830794, 0.0 ], [ -77.079677464222257, -12.066719526064784, 0.0 ], [ -77.079676483589395, -12.066719895757192, 0.0 ], [ -77.079675479106427, -12.06672019711173, 0.0 ], [ -77.079674455683573, -12.066720428650155, 0.0 ], [ -77.079673418324106, -12.066720589240445, 0.0 ], [ -77.079672372098813, -12.066720678094844, 0.0 ], [ -77.079671322122323, -12.066720694782969, 0.0 ], [ -77.079670273527412, -12.066720639223375, 0.0 ], [ -77.079669231440221, -12.066720511683739, 0.0 ], [ -77.079668200954814, -12.066720312793988, 0.0 ], [ -77.079667187108726, -12.066720043520627, 0.0 ], [ -77.079666194858163, -12.066719705179828, 0.0 ], [ -77.079665229053759, -12.066719299429025, 0.0 ], [ -77.079664294416688, -12.066718828249835, 0.0 ], [ -77.079663395516178, -12.066718293943914, 0.0 ], [ -77.079662536746198, -12.066717699128843, 0.0 ], [ -77.079661722304991, -12.066717046708078, 0.0 ], [ -77.079660956173882, -12.066716339871142, 0.0 ], [ -77.079660242098029, -12.066715582072208, 0.0 ], [ -77.079659583568372, -12.066714777017296, 0.0 ], [ -77.079658983804009, -12.066713928647186, 0.0 ], [ -77.079658445736769, -12.066713041098728, 0.0 ], [ -77.079657971997221, -12.066712118717884, 0.0 ], [ -77.079657564901026, -12.066711166012434, 0.0 ], [ -77.079657226438385, -12.066710187639096, 0.0 ], [ -77.079656958263712, -12.066709188377784, 0.0 ], [ -77.079656761688113, -12.066708173118711, 0.0 ], [ -77.079656637672556, -12.066707146823653, 0.0 ], [ -77.079656586823276, -12.066706114504449, 0.0 ], [ -77.079656609388735, -12.066705081214392, 0.0 ], [ -77.079656705258728, -12.066704052000848, 0.0 ], [ -77.079656873964694, -12.066703031896603, 0.0 ], [ -77.079657114681652, -12.066702025889716, 0.0 ], [ -77.079657426232941, -12.066701038893294, 0.0 ], [ -77.079657807095771, -12.066700075736835, 0.0 ], [ -77.079658255408063, -12.066699141123088, 0.0 ], [ -77.079658768978277, -12.066698239627984, 0.0 ], [ -77.079659345295909, -12.066697375657441, 0.0 ], [ -77.079659981543614, -12.066696553430047, 0.0 ], [ -77.079660674611105, -12.066695776968347, 0.0 ], [ -77.07966142111043, -12.066695050068546, 0.0 ], [ -77.079662217392098, -12.066694376283156, 0.0 ], [ -77.079663059563657, -12.066693758907931, 0.0 ], [ -77.079663943508223, -12.066693200955871, 0.0 ], [ -77.079664864904515, -12.066692705157058, 0.0 ], [ -77.079665819248419, -12.066692273936976, 0.0 ], [ -77.079666801874623, -12.066691909403392, 0.0 ], [ -77.079667807979547, -12.066691613337579, 0.0 ], [ -77.079668832644728, -12.066691387185525, 0.0 ], [ -77.079669870861352, -12.066691232057737, 0.0 ], [ -77.079670917554111, -12.066691148703223, 0.0 ], [ -77.07967196760606, -12.066691137539449, 0.0 ], [ -77.079673015884069, -12.066691198613395, 0.0 ], [ -77.079674057263944, -12.066691331631501, 0.0 ], [ -77.07967508665449, -12.066691535942274, 0.0 ], [ -77.079676099023942, -12.066691810544697, 0.0 ], [ -77.079677089423114, -12.066692154096675, 0.0 ], [ -77.07967805301044, -12.066692564925631, 0.0 ], [ -77.079678985075688, -12.066693041013233, 0.0 ], [ -77.079679881062205, -12.066693580037397, 0.0 ], [ -77.079710283770041, -12.066665138816056, 0.0 ], [ -77.079612874188754, -12.066564274087078, 0.0 ], [ -77.0795758127299, -12.066586031348924, 0.0 ], [ -77.079573806689325, -12.066731474793229, 0.0 ], [ -77.079615618061936, -12.06673200392904, 0.0 ], [ -77.07961522464872, -12.066768313474604, 0.0 ], [ -77.07966111674034, -12.066952963052058, 0.0 ], [ -77.079703585967678, -12.0669133751519, 0.0 ], [ -77.079673993804008, -12.066882733394808, 0.0 ] ] ] ] } },
{ "type": "Feature", "properties": { "Nombre": "Jardín Rosales", "Perimetro": 326.392, "Área": 4985.402, "Uso": "Áreas de uso recreativo/descanso", "Proy riego": "Falta aspersión", "Riego act": "Sin riego tecnificado", "Referenc_1": "Exterior de Facultad de Artes Escénicas", "código": "B 10", "ID": null }, "geometry": { "type": "MultiPolygon", "coordinates": [ [ [ [ -77.078257380299789, -12.065755331417174, 0.0 ], [ -77.078255167769356, -12.065761426405869, 0.0 ], [ -77.078253607024394, -12.065765725882413, 0.0 ], [ -77.078248568797662, -12.065791893163263, 0.0 ], [ -77.078239990946599, -12.065836511997974, 0.0 ], [ -77.0782336304203, -12.065855519636848, 0.0 ], [ -77.078205616375101, -12.066112739545446, 0.0 ], [ -77.078201891128842, -12.066171637532625, 0.0 ], [ -77.078196403354454, -12.066230126442004, 0.0 ], [ -77.078192483261034, -12.066265396377666, 0.0 ], [ -77.07819094447801, -12.066276474537279, 0.0 ], [ -77.078190331999707, -12.066280883951828, 0.0 ], [ -77.078190538450158, -12.066285008147334, 0.0 ], [ -77.078196018960213, -12.066293562515565, 0.0 ], [ -77.078202858279568, -12.066297121473601, 0.0 ], [ -77.078212302832029, -12.066298770018195, 0.0 ], [ -77.078218640177397, -12.066299307066142, 0.0 ], [ -77.078229081518117, -12.066300191900128, 0.0 ], [ -77.078240092655065, -12.06630114112482, 0.0 ], [ -77.078255482060442, -12.066303604811704, 0.0 ], [ -77.078285204999418, -12.066307508632033, 0.0 ], [ -77.078307932513368, -12.066310261339252, 0.0 ], [ -77.078343233773779, -12.066312748258158, 0.0 ], [ -77.078384486512007, -12.066316909792178, 0.0 ], [ -77.078432894754656, -12.066320330268836, 0.0 ], [ -77.078450730638806, -12.066322947582858, 0.0 ], [ -77.078462813549294, -12.066326983097827, 0.0 ], [ -77.078478065403786, -12.066334261157744, 0.0 ], [ -77.078496885863018, -12.066351311193133, 0.0 ], [ -77.078501295330113, -12.066357194300561, 0.0 ], [ -77.07850623924331, -12.066363790465092, 0.0 ], [ -77.07851411220102, -12.066373891887205, 0.0 ], [ -77.07851589625605, -12.066377856454064, 0.0 ], [ -77.078529793661829, -12.066398168055548, 0.0 ], [ -77.078821857280388, -12.066413355377323, 0.0 ], [ -77.078868126179827, -12.06641390619189, 0.0 ], [ -77.078875585343994, -12.066419059798179, 0.0 ], [ -77.07893493301107, -12.066267228187861, 0.0 ], [ -77.078995011519055, -12.066085247146212, 0.0 ], [ -77.079045208136151, -12.065945116373802, 0.0 ], [ -77.078878262377074, -12.065903781755999, 0.0 ], [ -77.078871924096362, -12.065902759216881, 0.0 ], [ -77.078870476297524, -12.065902150914022, 0.0 ], [ -77.078865090082843, -12.065899887858, 0.0 ], [ -77.078863793574186, -12.065912962368897, 0.0 ], [ -77.078863617915431, -12.065913306699381, 0.0 ], [ -77.078860008183895, -12.06592038258089, 0.0 ], [ -77.078859414620936, -12.065920143741604, 0.0 ], [ -77.078846166827972, -12.065914813062502, 0.0 ], [ -77.07880819811696, -12.065906157517013, 0.0 ], [ -77.078771174189086, -12.065898586929082, 0.0 ], [ -77.078692474320434, -12.065865795306042, 0.0 ], [ -77.078682635912799, -12.065850848499091, 0.0 ], [ -77.078693290985228, -12.065818312285902, 0.0 ], [ -77.078670535687635, -12.065811949792867, 0.0 ], [ -77.078654226389645, -12.065807687877824, 0.0 ], [ -77.078574667669983, -12.065786897726673, 0.0 ], [ -77.078571302519336, -12.06578624556677, 0.0 ], [ -77.078559516564695, -12.065775303349513, 0.0 ], [ -77.0785244613337, -12.065759405967702, 0.0 ], [ -77.078512243546484, -12.065760528628767, 0.0 ], [ -77.078487410964968, -12.065756588309235, 0.0 ], [ -77.078467807385721, -12.065751233699356, 0.0 ], [ -77.07845417912138, -12.06575064783244, 0.0 ], [ -77.078436774730292, -12.065758685443198, 0.0 ], [ -77.078434948096913, -12.065759820296593, 0.0 ], [ -77.078414001858476, -12.065755760942318, 0.0 ], [ -77.078316758462663, -12.06573310803504, 0.0 ], [ -77.078291565977949, -12.065727795138612, 0.0 ], [ -77.078257380299789, -12.065755331417174, 0.0 ] ], [ [ -77.078862685863371, -12.066249676640961, 0.0 ], [ -77.07888682726734, -12.066246616462994, 0.0 ], [ -77.078882407010283, -12.066301359646623, 0.0 ], [ -77.078876626674116, -12.066301359646621, 0.0 ], [ -77.078862005823822, -12.066298639488432, 0.0 ], [ -77.078860305724959, -12.066289798974307, 0.0 ], [ -77.078862685863371, -12.066249676640961, 0.0 ] ], [ [ -77.078892607603507, -12.066241176146606, 0.0 ], [ -77.078911988730624, -12.066240836126818, 0.0 ], [ -77.078915388928365, -12.066252396799142, 0.0 ], [ -77.078910628651528, -12.066296939389559, 0.0 ], [ -77.078885807208025, -12.066299319527989, 0.0 ], [ -77.078890567484862, -12.066270757866951, 0.0 ], [ -77.078892607603507, -12.066241176146606, 0.0 ] ] ] ] } },
{ "type": "Feature", "properties": { "Nombre": null, "Perimetro": 80.913, "Área": 377.481, "Uso": "Áreas de manejo sostenible y reducción de consumo de agua", "Proy riego": "Goteo", "Riego act": "Sin riego tecnificado", "Referenc_1": null, "código": null, "ID": null }, "geometry": { "type": "MultiPolygon", "coordinates": [ [ [ [ -77.081764727766426, -12.065686484377078, 0.0 ], [ -77.081802389470411, -12.065493959054415, 0.0 ], [ -77.081801037154122, -12.065493701586719, 0.0 ], [ -77.081808263134235, -12.065456937007623, 0.0 ], [ -77.081686173117404, -12.06542717936782, 0.0 ], [ -77.081626429733106, -12.065651965850538, 0.0 ], [ -77.081764727766426, -12.065686484377078, 0.0 ] ] ] ] } },
{ "type": "Feature", "properties": { "Nombre": null, "Perimetro": 148.822, "Área": 516.659, "Uso": "Áreas de manejo sostenible y reducción de consumo de agua", "Proy riego": "Goteo", "Riego act": "Sin riego tecnificado", "Referenc_1": null, "código": null, "ID": null }, "geometry": { "type": "MultiPolygon", "coordinates": [ [ [ [ -77.081727053524489, -12.065736239646595, 0.0 ], [ -77.081600137577254, -12.065703615079505, 0.0 ], [ -77.081603280826869, -12.065691420947008, 0.0 ], [ -77.081591908572278, -12.0656884976318, 0.0 ], [ -77.081593506376009, -12.065682299007491, 0.0 ], [ -77.081414096909, -12.065630082625253, 0.0 ], [ -77.081394686822961, -12.06573392263674, 0.0 ], [ -77.081680883289849, -12.065831756503137, 0.0 ], [ -77.081645482804561, -12.066062230723315, 0.0 ], [ -77.08167344616966, -12.066066043803289, 0.0 ], [ -77.08167467498437, -12.066059091863078, 0.0 ], [ -77.081679972898172, -12.066028303299023, 0.0 ], [ -77.08168290831253, -12.066012795614649, 0.0 ], [ -77.081685898472969, -12.065997816056337, 0.0 ], [ -77.081708631102231, -12.065875827756548, 0.0 ], [ -77.081733089748042, -12.065747101350174, 0.0 ], [ -77.081732774368589, -12.065745738492332, 0.0 ], [ -77.081732364076501, -12.065744400341439, 0.0 ], [ -77.081731860832519, -12.065743093285498, 0.0 ], [ -77.081731267041263, -12.065741823566201, 0.0 ], [ -77.081730585540683, -12.06574059726255, 0.0 ], [ -77.081729819587352, -12.065739420224157, 0.0 ], [ -77.081728972841404, -12.065738298084289, 0.0 ], [ -77.08172804934938, -12.065737236197526, 0.0 ], [ -77.081727053524489, -12.065736239646595, 0.0 ] ] ] ] } },
{ "type": "Feature", "properties": { "Nombre": null, "Perimetro": 8.074, "Área": 5.186, "Uso": "Áreas de uso administrativo", "Proy riego": "Por validar con unidad", "Riego act": "Sin riego tecnificado", "Referenc_1": null, "código": null, "ID": null }, "geometry": { "type": "MultiPolygon", "coordinates": [ [ [ [ -77.079691975285655, -12.066375167250822, 0.0 ], [ -77.079691940278039, -12.066374356992064, 0.0 ], [ -77.079691847928146, -12.06637355111372, 0.0 ], [ -77.079691698686077, -12.066372753534063, 0.0 ], [ -77.079691493278659, -12.066371968149999, 0.0 ], [ -77.079691232706722, -12.066371198774501, 0.0 ], [ -77.079690918239805, -12.06637044916898, 0.0 ], [ -77.079690551409854, -12.066369722976523, 0.0 ], [ -77.07969013400411, -12.066369023734879, 0.0 ], [ -77.079689668056133, -12.066368354854987, 0.0 ], [ -77.079689155835879, -12.066367719599484, 0.0 ], [ -77.079688599838931, -12.066367121052631, 0.0 ], [ -77.079688002774063, -12.066366562137645, 0.0 ], [ -77.079687367549994, -12.066366045573691, 0.0 ], [ -77.079686697261451, -12.066365573880303, 0.0 ], [ -77.079685995174302, -12.06636514935165, 0.0 ], [ -77.079685264708772, -12.066364774065253, 0.0 ], [ -77.079684509423586, -12.066364449839037, 0.0 ], [ -77.079683732998745, -12.066364178257288, 0.0 ], [ -77.079682939216553, -12.066363960640654, 0.0 ], [ -77.079682131944423, -12.066363798054875, 0.0 ], [ -77.079681315115167, -12.06636369128508, 0.0 ], [ -77.079680492708448, -12.066363640857475, 0.0 ], [ -77.079679668730805, -12.066363647013633, 0.0 ], [ -77.079678847196718, -12.066363709723554, 0.0 ], [ -77.079678032108646, -12.066363828685837, 0.0 ], [ -77.079677227437415, -12.066364003314876, 0.0 ], [ -77.079676437103444, -12.066364232766864, 0.0 ], [ -77.07967566495708, -12.066364515918403, 0.0 ], [ -77.079674914760133, -12.06636485139248, 0.0 ], [ -77.079674190167694, -12.066365237550004, 0.0 ], [ -77.079673494709667, -12.066365672520094, 0.0 ], [ -77.079672831774346, -12.066366154174355, 0.0 ], [ -77.079672204591503, -12.066366680170095, 0.0 ], [ -77.079671616216544, -12.066367247941827, 0.0 ], [ -77.079671069516252, -12.066367854727234, 0.0 ], [ -77.079670567153954, -12.066368497562964, 0.0 ], [ -77.079670111577002, -12.066369173327823, 0.0 ], [ -77.079669705005159, -12.066369878725634, 0.0 ], [ -77.079669349418978, -12.066370610315465, 0.0 ], [ -77.079669046550976, -12.066371364533273, 0.0 ], [ -77.079668797876664, -12.066372137713497, 0.0 ], [ -77.079668604607605, -12.066372926076191, 0.0 ], [ -77.079668467685266, -12.066373725793873, 0.0 ], [ -77.079668387776678, -12.066374532959216, 0.0 ], [ -77.079668365271516, -12.066375343647683, 0.0 ], [ -77.079668400278848, -12.066376153901949, 0.0 ], [ -77.079668492628727, -12.066376959784618, 0.0 ], [ -77.079668641870825, -12.066377757359987, 0.0 ], [ -77.079668847278072, -12.066378542748392, 0.0 ], [ -77.079669107849938, -12.066379312119608, 0.0 ], [ -77.079669422316798, -12.066380061725162, 0.0 ], [ -77.079669789146735, -12.066380787917655, 0.0 ], [ -77.07967020655245, -12.06638148715933, 0.0 ], [ -77.079670672500541, -12.066382156039259, 0.0 ], [ -77.079671184720695, -12.066382791299107, 0.0 ], [ -77.079671740717629, -12.066383389841688, 0.0 ], [ -77.07967233778264, -12.066383948756707, 0.0 ], [ -77.079672973006723, -12.066384465320695, 0.0 ], [ -77.079673643295166, -12.066384937014108, 0.0 ], [ -77.0796743453825, -12.066385361542787, 0.0 ], [ -77.079675075847945, -12.066385736829206, 0.0 ], [ -77.079675831133173, -12.066386061055441, 0.0 ], [ -77.079676607558227, -12.066386332637199, 0.0 ], [ -77.079677401340476, -12.066386550253846, 0.0 ], [ -77.079678208612691, -12.066386712839627, 0.0 ], [ -77.079679025441891, -12.066386819609416, 0.0 ], [ -77.079679847848652, -12.066386870037014, 0.0 ], [ -77.079680671826381, -12.066386863880847, 0.0 ], [ -77.079681493360539, -12.066386801170907, 0.0 ], [ -77.07968230844881, -12.066386682208604, 0.0 ], [ -77.079683113120097, -12.066386507579541, 0.0 ], [ -77.079683903454139, -12.066386278127521, 0.0 ], [ -77.07968467560039, -12.066385994975954, 0.0 ], [ -77.079685425797379, -12.066385659501842, 0.0 ], [ -77.079686150389989, -12.066385273344283, 0.0 ], [ -77.079686845847903, -12.066384838374155, 0.0 ], [ -77.079687508783351, -12.066384356719862, 0.0 ], [ -77.079688135966208, -12.066383830724083, 0.0 ], [ -77.079688724341011, -12.066383262952318, 0.0 ], [ -77.079689271041332, -12.066382656171186, 0.0 ], [ -77.0796897734037, -12.066382013331117, 0.0 ], [ -77.079690228980468, -12.066381337566229, 0.0 ], [ -77.079690635552268, -12.066380632168398, 0.0 ], [ -77.079690991138392, -12.066379900578548, 0.0 ], [ -77.079691294006338, -12.066379146360724, 0.0 ], [ -77.079691542680621, -12.066378373184799, 0.0 ], [ -77.079691735949709, -12.066377584817786, 0.0 ], [ -77.079691872871877, -12.066376785104419, 0.0 ], [ -77.079691952780365, -12.066375977934769, 0.0 ], [ -77.079691975285655, -12.066375167250822, 0.0 ] ] ] ] } },
{ "type": "Feature", "properties": { "Nombre": null, "Perimetro": 8.074, "Área": 5.186, "Uso": "Áreas de uso administrativo", "Proy riego": "Por validar con unidad", "Riego act": "Sin riego tecnificado", "Referenc_1": null, "código": null, "ID": null }, "geometry": { "type": "MultiPolygon", "coordinates": [ [ [ [ -77.079664134116527, -12.066540815291207, 0.0 ], [ -77.079664169123973, -12.066541625545183, 0.0 ], [ -77.079664261473951, -12.066542431427834, 0.0 ], [ -77.079664410716092, -12.066543229003187, 0.0 ], [ -77.079664616123679, -12.066544014391562, 0.0 ], [ -77.079664876695759, -12.066544783762751, 0.0 ], [ -77.079665191162903, -12.06654553336827, 0.0 ], [ -77.079665557993138, -12.066546259565035, 0.0 ], [ -77.079665975399152, -12.066546958802361, 0.0 ], [ -77.079666441347456, -12.066547627682246, 0.0 ], [ -77.079666953568122, -12.066548262942046, 0.0 ], [ -77.079667509565425, -12.066548861484572, 0.0 ], [ -77.079668106630777, -12.066549420403847, 0.0 ], [ -77.079668741855386, -12.066549936963463, 0.0 ], [ -77.079669412144298, -12.066550408656816, 0.0 ], [ -77.079670114231959, -12.066550833185433, 0.0 ], [ -77.079670844698029, -12.066551208471781, 0.0 ], [ -77.079671599983755, -12.066551532697952, 0.0 ], [ -77.079672376409292, -12.066551804279642, 0.0 ], [ -77.079673170192066, -12.066552021896214, 0.0 ], [ -77.079673977464793, -12.066552184481928, 0.0 ], [ -77.079674794294505, -12.066552291251647, 0.0 ], [ -77.079675616701778, -12.066552341679174, 0.0 ], [ -77.079676440680018, -12.066552335522935, 0.0 ], [ -77.079677262214673, -12.066552272812926, 0.0 ], [ -77.079678077303299, -12.066552153850553, 0.0 ], [ -77.079678881975198, -12.066551979221421, 0.0 ], [ -77.079679672309695, -12.066551749769339, 0.0 ], [ -77.079680444456415, -12.066551466617708, 0.0 ], [ -77.079681194653844, -12.066551131143534, 0.0 ], [ -77.079681919246852, -12.066550744985914, 0.0 ], [ -77.079682614705163, -12.066550310015733, 0.0 ], [ -77.079683277640981, -12.066549828361383, 0.0 ], [ -77.079683904824222, -12.066549302369866, 0.0 ], [ -77.079684493199295, -12.066548734593747, 0.0 ], [ -77.0796850398999, -12.066548127812572, 0.0 ], [ -77.07968554226251, -12.066547484972469, 0.0 ], [ -77.079685997839505, -12.066546809207543, 0.0 ], [ -77.079686404411532, -12.066546103813993, 0.0 ], [ -77.07968675999777, -12.066545372219812, 0.0 ], [ -77.079687062865844, -12.066544618001966, 0.0 ], [ -77.079687311540198, -12.066543844826027, 0.0 ], [ -77.079687504809343, -12.066543056459006, 0.0 ], [ -77.079687641731525, -12.066542256745629, 0.0 ], [ -77.079687721639985, -12.066541449575984, 0.0 ], [ -77.079687744145218, -12.066540638892327, 0.0 ], [ -77.079687709137517, -12.066539828633289, 0.0 ], [ -77.079687616787481, -12.066539022754961, 0.0 ], [ -77.079687467545256, -12.066538225175329, 0.0 ], [ -77.079687262137654, -12.066537439791285, 0.0 ], [ -77.079687001565475, -12.066536670415818, 0.0 ], [ -77.079686687098317, -12.066535920810329, 0.0 ], [ -77.079686320268067, -12.066535194617906, 0.0 ], [ -77.079685902861996, -12.066534495376308, 0.0 ], [ -77.079685436913707, -12.066533826500773, 0.0 ], [ -77.079684924693041, -12.066533191241009, 0.0 ], [ -77.079684368695695, -12.066532592694207, 0.0 ], [ -77.079683771630414, -12.066532033779273, 0.0 ], [ -77.079683136405777, -12.066531517215381, 0.0 ], [ -77.079682466116907, -12.066531045522055, 0.0 ], [ -77.079681764029317, -12.066530620997773, 0.0 ], [ -77.079681033563276, -12.066530245707137, 0.0 ], [ -77.079680278277607, -12.066529921480985, 0.0 ], [ -77.079679501852127, -12.066529649899305, 0.0 ], [ -77.079678708069423, -12.066529432282744, 0.0 ], [ -77.079677900796767, -12.066529269697032, 0.0 ], [ -77.079677083967141, -12.06652916292731, 0.0 ], [ -77.079676261559911, -12.066529112499776, 0.0 ], [ -77.079675437581756, -12.066529118656003, 0.0 ], [ -77.079674616047171, -12.066529181365997, 0.0 ], [ -77.079673800958602, -12.066529300328348, 0.0 ], [ -77.079672996286902, -12.06652947495745, 0.0 ], [ -77.079672205952463, -12.066529704409506, 0.0 ], [ -77.079671433805629, -12.066529987561106, 0.0 ], [ -77.079670683608256, -12.06653032303525, 0.0 ], [ -77.079669959015447, -12.066530709197139, 0.0 ], [ -77.07966926355698, -12.066531144162978, 0.0 ], [ -77.079668600621318, -12.066531625817291, 0.0 ], [ -77.07966797343812, -12.066532151813078, 0.0 ], [ -77.079667385062862, -12.066532719584858, 0.0 ], [ -77.079666838362272, -12.066533326370307, 0.0 ], [ -77.079666335999761, -12.066533969210381, 0.0 ], [ -77.079665880422553, -12.066534644970965, 0.0 ], [ -77.079665473850525, -12.066535350368806, 0.0 ], [ -77.079665118264188, -12.06653608195866, 0.0 ], [ -77.079664815396058, -12.066536836176489, 0.0 ], [ -77.079664566721661, -12.066537609356729, 0.0 ], [ -77.079664373452559, -12.066538397719434, 0.0 ], [ -77.079664236530206, -12.066539197437116, 0.0 ], [ -77.079664156621646, -12.066540004602464, 0.0 ], [ -77.079664134116527, -12.066540815291207, 0.0 ] ] ] ] } },
{ "type": "Feature", "properties": { "Nombre": null, "Perimetro": 8.074, "Área": 5.186, "Uso": "Áreas de uso administrativo", "Proy riego": "Por validar con unidad", "Riego act": "Sin riego tecnificado", "Referenc_1": null, "código": null, "ID": null }, "geometry": { "type": "MultiPolygon", "coordinates": [ [ [ [ -77.079659799719664, -12.066706003515137, 0.0 ], [ -77.079659834727408, -12.066706813775626, 0.0 ], [ -77.079659927077373, -12.066707619653959, 0.0 ], [ -77.079660076319627, -12.066708417225, 0.0 ], [ -77.079660281727413, -12.066709202613351, 0.0 ], [ -77.07966054229972, -12.066709971984512, 0.0 ], [ -77.079660856767148, -12.066710721594308, 0.0 ], [ -77.079661223597654, -12.066711447786725, 0.0 ], [ -77.07966164100398, -12.066712147024008, 0.0 ], [ -77.079662106952625, -12.066712815903848, 0.0 ], [ -77.079662619173661, -12.066713451163599, 0.0 ], [ -77.079663175171405, -12.066714049710383, 0.0 ], [ -77.079663772237126, -12.066714608625295, 0.0 ], [ -77.079664407462076, -12.066715125189161, 0.0 ], [ -77.079665077751429, -12.066715596882457, 0.0 ], [ -77.079665779839686, -12.066716021406695, 0.0 ], [ -77.079666510306268, -12.066716396697288, 0.0 ], [ -77.079667265592335, -12.066716720923392, 0.0 ], [ -77.079668042018383, -12.066716992505013, 0.0 ], [ -77.079668835801627, -12.066717210117208, 0.0 ], [ -77.079669643074894, -12.066717372707158, 0.0 ], [ -77.07967045990523, -12.066717479472501, 0.0 ], [ -77.079671282313058, -12.066717529904267, 0.0 ], [ -77.079672106291653, -12.066717523747958, 0.0 ], [ -77.079672927826905, -12.066717461033569, 0.0 ], [ -77.079673742916071, -12.066717342075433, 0.0 ], [ -77.079674547588283, -12.066717167441928, 0.0 ], [ -77.079675337923277, -12.066716937994087, 0.0 ], [ -77.079676110070594, -12.066716654842393, 0.0 ], [ -77.079676860268449, -12.066716319368158, 0.0 ], [ -77.079677584861699, -12.066715933206174, 0.0 ], [ -77.079678280320564, -12.066715498240248, 0.0 ], [ -77.07967894325661, -12.066715016585844, 0.0 ], [ -77.079679570440149, -12.06671449058997, 0.0 ], [ -77.079680158815719, -12.066713922818112, 0.0 ], [ -77.079680705516566, -12.066713316032589, 0.0 ], [ -77.07968120787929, -12.066712673192447, 0.0 ], [ -77.07968166345664, -12.06671199742749, 0.0 ], [ -77.079682070028852, -12.066711292033908, 0.0 ], [ -77.079682425615289, -12.066710560444012, 0.0 ], [ -77.079682728483448, -12.066709806221841, 0.0 ], [ -77.079682977157887, -12.066709033045884, 0.0 ], [ -77.079683170426932, -12.066708244678852, 0.0 ], [ -77.079683307349455, -12.066707444969765, 0.0 ], [ -77.079683387257788, -12.066706637804428, 0.0 ], [ -77.079683409762879, -12.066705827114246, 0.0 ], [ -77.079683374755135, -12.066705016857441, 0.0 ], [ -77.079683282405114, -12.066704210979125, 0.0 ], [ -77.079683133162447, -12.066703413399527, 0.0 ], [ -77.079682927754746, -12.066702628011202, 0.0 ], [ -77.079682667182396, -12.066701858640069, 0.0 ], [ -77.079682352714912, -12.066701109030307, 0.0 ], [ -77.079681985884378, -12.066700382837922, 0.0 ], [ -77.079681568478037, -12.066699683600675, 0.0 ], [ -77.079681102529221, -12.066699014720873, 0.0 ], [ -77.079680590308328, -12.066698379461158, 0.0 ], [ -77.079680034310584, -12.066697780914408, 0.0 ], [ -77.079679437244749, -12.066697221999535, 0.0 ], [ -77.079678802019828, -12.066696705435698, 0.0 ], [ -77.079678131730503, -12.066696233742432, 0.0 ], [ -77.079677429642302, -12.066695809218215, 0.0 ], [ -77.079676699175906, -12.066695433927643, 0.0 ], [ -77.07967594388974, -12.066695109701556, 0.0 ], [ -77.079675167463762, -12.066694838119949, 0.0 ], [ -77.079674373680575, -12.066694620507761, 0.0 ], [ -77.079673566407394, -12.066694457917816, 0.0 ], [ -77.079672749577284, -12.066694351152471, 0.0 ], [ -77.079671927169372, -12.0666943007207, 0.0 ], [ -77.079671103190847, -12.066694306876995, 0.0 ], [ -77.07967028165578, -12.066694369591367, 0.0 ], [ -77.079669466566557, -12.066694488549476, 0.0 ], [ -77.079668661894402, -12.066694663182957, 0.0 ], [ -77.079667871559465, -12.066694892630771, 0.0 ], [ -77.079667099412205, -12.066695175782437, 0.0 ], [ -77.07966634921452, -12.066695511256636, 0.0 ], [ -77.079665624621157, -12.066695897418587, 0.0 ], [ -77.07966492916232, -12.066696332384478, 0.0 ], [ -77.079664266226274, -12.066696814038844, 0.0 ], [ -77.079663639042735, -12.066697340034684, 0.0 ], [ -77.079663050667293, -12.066697907806507, 0.0 ], [ -77.079662503966432, -12.066698514591996, 0.0 ], [ -77.079662001603538, -12.066699157432112, 0.0 ], [ -77.079661546026273, -12.066699833197037, 0.0 ], [ -77.079661139454018, -12.066700538590592, 0.0 ], [ -77.079660783867524, -12.066701270180477, 0.0 ], [ -77.079660480999308, -12.06670202440263, 0.0 ], [ -77.079660232324812, -12.066702797578577, 0.0 ], [ -77.079660039055554, -12.0667035859456, 0.0 ], [ -77.079659902133301, -12.066704385663272, 0.0 ], [ -77.079659822224912, -12.066705192828618, 0.0 ], [ -77.079659799719664, -12.066706003515137, 0.0 ] ] ] ] } },
{ "type": "Feature", "properties": { "Nombre": null, "Perimetro": 163.807, "Área": 497.122, "Uso": "Áreas de uso recreativo/descanso", "Proy riego": "Falta aspersión", "Riego act": "Sin riego tecnificado", "Referenc_1": null, "código": "B 2", "ID": null }, "geometry": { "type": "MultiPolygon", "coordinates": [ [ [ [ -77.07936812772239, -12.066178729593137, 0.0 ], [ -77.079372564711463, -12.066179891301012, 0.0 ], [ -77.0794405275347, -12.066197685552593, 0.0 ], [ -77.079479824197804, -12.066042579358374, 0.0 ], [ -77.079446951390011, -12.066035015611295, 0.0 ], [ -77.079424919795528, -12.066122360012775, 0.0 ], [ -77.079347117286574, -12.066103350103203, 0.0 ], [ -77.079369065037284, -12.066016338204882, 0.0 ], [ -77.07942381088705, -12.066029714561235, 0.0 ], [ -77.079425697487963, -12.066021772100935, 0.0 ], [ -77.079481823926898, -12.066034686309147, 0.0 ], [ -77.079508098951351, -12.065931614266571, 0.0 ], [ -77.079502741639956, -12.065930347153836, 0.0 ], [ -77.079503759926524, -12.065926316967641, 0.0 ], [ -77.079351752148867, -12.065886425332275, 0.0 ], [ -77.07932097299566, -12.065939575501389, 0.0 ], [ -77.079319704578396, -12.065954739653391, 0.0 ], [ -77.079316764408219, -12.066148391153877, 0.0 ], [ -77.079314889180623, -12.066210117011249, 0.0 ], [ -77.079430268030364, -12.066238180387364, 0.0 ], [ -77.079439527655353, -12.066201632132394, 0.0 ], [ -77.079371502399866, -12.066183821534759, 0.0 ], [ -77.079367065410722, -12.066182659826877, 0.0 ], [ -77.07936812772239, -12.066178729593137, 0.0 ] ] ] ] } },
{ "type": "Feature", "properties": { "Nombre": null, "Perimetro": 58.818, "Área": 205.917, "Uso": "Áreas de uso recreativo/descanso", "Proy riego": "Falta aspersión", "Riego act": "Sin riego tecnificado", "Referenc_1": null, "código": "B 1", "ID": null }, "geometry": { "type": "MultiPolygon", "coordinates": [ [ [ [ -77.079361749433019, -12.065867991668476, 0.0 ], [ -77.079508715488529, -12.065906703786974, 0.0 ], [ -77.079509788919694, -12.065902455348388, 0.0 ], [ -77.079515133367721, -12.065903772917828, 0.0 ], [ -77.079529409066268, -12.065847680686289, 0.0 ], [ -77.079520484359065, -12.06584543366214, 0.0 ], [ -77.079535404367874, -12.06578603309967, 0.0 ], [ -77.07953540369877, -12.065786032936812, 0.0 ], [ -77.079438891227085, -12.065762831486566, 0.0 ], [ -77.079416192851525, -12.065757029558247, 0.0 ], [ -77.079361749433019, -12.065867991668476, 0.0 ] ] ] ] } },
{ "type": "Feature", "properties": { "Nombre": null, "Perimetro": 28.109, "Área": 28.858, "Uso": "Áreas de manejo sostenible y reducción de consumo de agua", "Proy riego": "Goteo", "Riego act": "Sin riego tecnificado", "Referenc_1": null, "código": null, "ID": null }, "geometry": { "type": "MultiPolygon", "coordinates": [ [ [ [ -77.081626556051617, -12.066365649593067, 0.0 ], [ -77.081629798936575, -12.066342458991304, 0.0 ], [ -77.081633072701052, -12.066317827440091, 0.0 ], [ -77.08163666639301, -12.066294299335555, 0.0 ], [ -77.081639151914843, -12.066277958817059, 0.0 ], [ -77.081582501957726, -12.066357842164669, 0.0 ], [ -77.081624089204112, -12.066384671848805, 0.0 ], [ -77.081626556051617, -12.066365649593067, 0.0 ] ] ] ] } },
{ "type": "Feature", "properties": { "Nombre": null, "Perimetro": 22.729, "Área": 25.725, "Uso": "Áreas de uso administrativo", "Proy riego": "Por validar con unidad", "Riego act": "Sin riego tecnificado", "Referenc_1": null, "código": null, "ID": null }, "geometry": { "type": "MultiPolygon", "coordinates": [ [ [ [ -77.080643068865427, -12.066569521560423, 0.0 ], [ -77.080718840591871, -12.066573477275844, 0.0 ], [ -77.080719571705558, -12.066544107227521, 0.0 ], [ -77.080644039285659, -12.066542489011892, 0.0 ], [ -77.080643068865427, -12.066569521560423, 0.0 ] ] ] ] } },
{ "type": "Feature", "properties": { "Nombre": null, "Perimetro": 29.348, "Área": 32.416, "Uso": "Áreas de uso administrativo", "Proy riego": "Por validar con unidad", "Riego act": "Sin riego tecnificado", "Referenc_1": null, "código": null, "ID": null }, "geometry": { "type": "MultiPolygon", "coordinates": [ [ [ [ -77.08051695806823, -12.066562504433632, 0.0 ], [ -77.080626570843009, -12.06656837935893, 0.0 ], [ -77.080627512972143, -12.066542134947419, 0.0 ], [ -77.080517539138484, -12.066539778811416, 0.0 ], [ -77.08051695806823, -12.066562504433632, 0.0 ] ] ] ] } },
{ "type": "Feature", "properties": { "Nombre": null, "Perimetro": 193.33, "Área": 829.124, "Uso": "Áreas de uso recreativo/descanso", "Proy riego": "Falta aspersión", "Riego act": "Sin riego tecnificado", "Referenc_1": null, "código": null, "ID": null }, "geometry": { "type": "MultiPolygon", "coordinates": [ [ [ [ -77.080076988655549, -12.066171471566566, 0.0 ], [ -77.080088927818181, -12.066165842593092, 0.0 ], [ -77.080101227591001, -12.066161024052336, 0.0 ], [ -77.080113831261144, -12.066157038154639, 0.0 ], [ -77.080126680714244, -12.066153903281513, 0.0 ], [ -77.08013971670303, -12.066151633883976, 0.0 ], [ -77.080152879119964, -12.066150240430957, 0.0 ], [ -77.08016610727455, -12.066149729344742, 0.0 ], [ -77.080179340173444, -12.066150102981624, 0.0 ], [ -77.080192516801034, -12.066151359616901, 0.0 ], [ -77.080205576401468, -12.066153493459991, 0.0 ], [ -77.080218458758438, -12.066156494673901, 0.0 ], [ -77.080231104472702, -12.066160349411922, 0.0 ], [ -77.080243455236513, -12.066165039912566, 0.0 ], [ -77.080255454101547, -12.066170544534181, 0.0 ], [ -77.080267045742659, -12.066176837905754, 0.0 ], [ -77.080266657492601, -12.066191746136282, 0.0 ], [ -77.080365858466266, -12.066194248631191, 0.0 ], [ -77.080379169424646, -12.066194584417605, 0.0 ], [ -77.080383566356588, -12.066185702485962, 0.0 ], [ -77.080390518287331, -12.06617375094311, 0.0 ], [ -77.080391464758378, -12.066171227149564, 0.0 ], [ -77.080392223179516, -12.066168642568121, 0.0 ], [ -77.080392789573622, -12.066166010740691, 0.0 ], [ -77.080393160970587, -12.066163345473701, 0.0 ], [ -77.080393335422855, -12.066160660742625, 0.0 ], [ -77.080393312015929, -12.066157970625113, 0.0 ], [ -77.080393090872235, -12.066155289232006, 0.0 ], [ -77.080392673151479, -12.066152630614672, 0.0 ], [ -77.080392061044307, -12.066150008723204, 0.0 ], [ -77.080386447964571, -12.066127016869629, 0.0 ], [ -77.080366811551869, -12.066122192452202, 0.0 ], [ -77.080363624246061, -12.066134759003985, 0.0 ], [ -77.080363689468584, -12.066134655776048, 0.0 ], [ -77.080363761929561, -12.06613455733137, 0.0 ], [ -77.080363841267541, -12.066134464166272, 0.0 ], [ -77.080363927087262, -12.066134376742651, 0.0 ], [ -77.080364018960751, -12.066134295496836, 0.0 ], [ -77.080364116430047, -12.066134220837355, 0.0 ], [ -77.080364219009311, -12.066134153129838, 0.0 ], [ -77.080364326187095, -12.066134092714258, 0.0 ], [ -77.080364437428941, -12.066134039896284, 0.0 ], [ -77.08036455218047, -12.066133994934322, 0.0 ], [ -77.080364669869653, -12.066133958052433, 0.0 ], [ -77.080364789909552, -12.066133929436015, 0.0 ], [ -77.080364911701906, -12.066133909227437, 0.0 ], [ -77.080365034639385, -12.066133897526054, 0.0 ], [ -77.080365158109345, -12.066133894396778, 0.0 ], [ -77.080365281496057, -12.066133899844214, 0.0 ], [ -77.080365404184576, -12.066133913851402, 0.0 ], [ -77.080365525563067, -12.066133936341039, 0.0 ], [ -77.080365645026717, -12.066133967205595, 0.0 ], [ -77.080365761979635, -12.066134006290065, 0.0 ], [ -77.080365875838893, -12.066134053396258, 0.0 ], [ -77.080365986036895, -12.066134108295694, 0.0 ], [ -77.080366092024306, -12.066134170712365, 0.0 ], [ -77.08036619327271, -12.066134240331301, 0.0 ], [ -77.080366289277435, -12.066134316811507, 0.0 ], [ -77.080366379559834, -12.06613439976439, 0.0 ], [ -77.080366463669733, -12.066134488783904, 0.0 ], [ -77.080366541187814, -12.066134583420673, 0.0 ], [ -77.080366611727726, -12.066134683203531, 0.0 ], [ -77.080366674937821, -12.066134787639504, 0.0 ], [ -77.080366730502902, -12.066134896205176, 0.0 ], [ -77.080366778146043, -12.066135008355296, 0.0 ], [ -77.080366817629724, -12.066135123540016, 0.0 ], [ -77.080366848756867, -12.066135241174708, 0.0 ], [ -77.080366871372775, -12.066135360680864, 0.0 ], [ -77.080366885364356, -12.066135481462485, 0.0 ], [ -77.08036689066175, -12.066135602909732, 0.0 ], [ -77.080366887327244, -12.066135723034897, 0.0 ], [ -77.080366875486831, -12.066135842639126, 0.0 ], [ -77.080366855198321, -12.066135961138594, 0.0 ], [ -77.080366826560535, -12.066136077957232, 0.0 ], [ -77.08036678971277, -12.066136192522974, 0.0 ], [ -77.080366744834933, -12.066136304282855, 0.0 ], [ -77.080366692145404, -12.066136412687923, 0.0 ], [ -77.080366631900787, -12.066136517210484, 0.0 ], [ -77.080366564394808, -12.066136617344128, 0.0 ], [ -77.080366489956319, -12.066136712599409, 0.0 ], [ -77.080366408947796, -12.066136802512496, 0.0 ], [ -77.080366321764131, -12.066136886640853, 0.0 ], [ -77.080366228830002, -12.066136964584828, 0.0 ], [ -77.080366130598051, -12.066137035953172, 0.0 ], [ -77.080366027547043, -12.066137100406166, 0.0 ], [ -77.080365920178892, -12.066137157625453, 0.0 ], [ -77.080365809016783, -12.066137207335615, 0.0 ], [ -77.08036569460225, -12.066137249295588, 0.0 ], [ -77.080365577492614, -12.066137283294333, 0.0 ], [ -77.080365458258584, -12.066137309168145, 0.0 ], [ -77.080365337480941, -12.066137326796309, 0.0 ], [ -77.080365215748031, -12.066137336088245, 0.0 ], [ -77.080365093653128, -12.066137337000736, 0.0 ], [ -77.080364971791028, -12.066137329529328, 0.0 ], [ -77.080364850755316, -12.066137313708378, 0.0 ], [ -77.080364731135816, -12.066137289619665, 0.0 ], [ -77.080364613515087, -12.066137257375196, 0.0 ], [ -77.080364498466309, -12.066137217130144, 0.0 ], [ -77.080364386549874, -12.066137169087177, 0.0 ], [ -77.080364278311222, -12.066137113479247, 0.0 ], [ -77.080364174277591, -12.066137050573925, 0.0 ], [ -77.080364074955924, -12.066136980682016, 0.0 ], [ -77.080363980829702, -12.066136904136053, 0.0 ], [ -77.080363892358022, -12.066136821320473, 0.0 ], [ -77.08036380997163, -12.066136732628536, 0.0 ], [ -77.080363734071966, -12.06613663849682, 0.0 ], [ -77.080363665028727, -12.06613653938369, 0.0 ], [ -77.080363603178299, -12.066136435773616, 0.0 ], [ -77.080363548822191, -12.066136328168566, 0.0 ], [ -77.080363502224955, -12.066136217092337, 0.0 ], [ -77.08036346361385, -12.066136103090539, 0.0 ], [ -77.080363433176757, -12.066135986713402, 0.0 ], [ -77.08036341106228, -12.066135868530838, 0.0 ], [ -77.080363397377795, -12.066135749117368, 0.0 ], [ -77.080363392190236, -12.066135629055895, 0.0 ], [ -77.080363394421184, -12.066135528083276, 0.0 ], [ -77.080363402664005, -12.06613542741211, 0.0 ], [ -77.080363416890151, -12.066135327390089, 0.0 ], [ -77.080363437051119, -12.066135228360151, 0.0 ], [ -77.080363463077148, -12.066135130665453, 0.0 ], [ -77.080363494878767, -12.066135034642805, 0.0 ], [ -77.08036353234688, -12.066134940622694, 0.0 ], [ -77.080363575351839, -12.066134848922873, 0.0 ], [ -77.080363623746194, -12.066134759861811, 0.0 ], [ -77.080307420642427, -12.066122159573464, 0.0 ], [ -77.080307293961482, -12.066122232083606, 0.0 ], [ -77.08030735496807, -12.066122344745738, 0.0 ], [ -77.080307407325009, -12.066122461538708, 0.0 ], [ -77.080307450744726, -12.06612258183323, 0.0 ], [ -77.080307484988509, -12.066122704960913, 0.0 ], [ -77.080307509868248, -12.066122830255178, 0.0 ], [ -77.080307525246781, -12.066122957016775, 0.0 ], [ -77.080307531039651, -12.066123084545673, 0.0 ], [ -77.080307527705259, -12.06612320467493, 0.0 ], [ -77.080307515864789, -12.06612332427485, 0.0 ], [ -77.080307495576108, -12.066123442774337, 0.0 ], [ -77.080307466938308, -12.06612355959297, 0.0 ], [ -77.080307430090656, -12.066123674158712, 0.0 ], [ -77.080307385212649, -12.066123785918586, 0.0 ], [ -77.080307332523091, -12.066123894323647, 0.0 ], [ -77.080307272278446, -12.0661239988462, 0.0 ], [ -77.080307204772453, -12.066124098979829, 0.0 ], [ -77.080307130333949, -12.066124194235098, 0.0 ], [ -77.08030704932554, -12.066124284148168, 0.0 ], [ -77.080306962141705, -12.066124368276512, 0.0 ], [ -77.080306869207575, -12.066124446220469, 0.0 ], [ -77.080306770975611, -12.066124517588797, 0.0 ], [ -77.080306667924575, -12.066124582041768, 0.0 ], [ -77.080306560556423, -12.066124639261032, 0.0 ], [ -77.080306449394314, -12.066124688971174, 0.0 ], [ -77.080306334979767, -12.066124730931119, 0.0 ], [ -77.080306217870117, -12.066124764929844, 0.0 ], [ -77.080306098636086, -12.066124790803627, 0.0 ], [ -77.08030597785843, -12.066124808431768, 0.0 ], [ -77.080305856125563, -12.066124817727987, 0.0 ], [ -77.080305734030802, -12.066124818640446, 0.0 ], [ -77.08030561216853, -12.066124811164705, 0.0 ], [ -77.080305491132819, -12.066124795343729, 0.0 ], [ -77.080305371513333, -12.066124771254987, 0.0 ], [ -77.080305253892618, -12.06612473901049, 0.0 ], [ -77.080305138843826, -12.06612469876541, 0.0 ], [ -77.080305026927547, -12.066124650722415, 0.0 ], [ -77.08030491868891, -12.066124595114465, 0.0 ], [ -77.080304814655307, -12.066124532209114, 0.0 ], [ -77.080304715333497, -12.066124462317179, 0.0 ], [ -77.080304621207446, -12.066124385771195, 0.0 ], [ -77.080304532735653, -12.06612430295559, 0.0 ], [ -77.080304450349274, -12.066124214263633, 0.0 ], [ -77.080304374449639, -12.066124120131894, 0.0 ], [ -77.080304305406429, -12.06612402101875, 0.0 ], [ -77.080304243556014, -12.066123917408659, 0.0 ], [ -77.080304189199936, -12.066123809803592, 0.0 ], [ -77.080304142602728, -12.066123698727347, 0.0 ], [ -77.080304103991637, -12.066123584725535, 0.0 ], [ -77.0803040735547, -12.06612346834839, 0.0 ], [ -77.080304051440265, -12.066123350165796, 0.0 ], [ -77.080304037755823, -12.066123230756633, 0.0 ], [ -77.080304032568179, -12.066123110691063, 0.0 ], [ -77.08030403602271, -12.066122988682613, 0.0 ], [ -77.080304048251293, -12.066122867226666, 0.0 ], [ -77.080304069192294, -12.066122746920914, 0.0 ], [ -77.080304098740484, -12.066122628384568, 0.0 ], [ -77.080304136747401, -12.066122512202686, 0.0 ], [ -77.080304183022193, -12.06612239896711, 0.0 ], [ -77.080304237331944, -12.066122289239829, 0.0 ], [ -77.080304299403949, -12.066122183574507, 0.0 ], [ -77.080304368926292, -12.066122082507864, 0.0 ], [ -77.080304445549316, -12.066121986538114, 0.0 ], [ -77.080304528888078, -12.066121896150815, 0.0 ], [ -77.080304618523826, -12.066121811805909, 0.0 ], [ -77.080304714005933, -12.066121733926947, 0.0 ], [ -77.0803048148546, -12.066121662894606, 0.0 ], [ -77.080304920562952, -12.066121599075251, 0.0 ], [ -77.080282704250109, -12.066116618350996, 0.0 ], [ -77.080280635883355, -12.06612477326485, 0.0 ], [ -77.080267450250574, -12.066121533716981, 0.0 ], [ -77.080269208628536, -12.066114600991963, 0.0 ], [ -77.080170984886422, -12.066090872690607, 0.0 ], [ -77.08010255027331, -12.066073777110541, 0.0 ], [ -77.080102484261502, -12.066073876189458, 0.0 ], [ -77.08010241148213, -12.066073970568207, 0.0 ], [ -77.080102332279807, -12.066074059797588, 0.0 ], [ -77.080102247029714, -12.066074143450299, 0.0 ], [ -77.080102156135524, -12.066074221137617, 0.0 ], [ -77.080102060027869, -12.066074292485693, 0.0 ], [ -77.080101959161595, -12.066074357163604, 0.0 ], [ -77.080101854014757, -12.066074414857487, 0.0 ], [ -77.080101745084946, -12.066074465296428, 0.0 ], [ -77.080101632888443, -12.066074508243851, 0.0 ], [ -77.080101517956436, -12.066074543493237, 0.0 ], [ -77.080101400833144, -12.066074570881064, 0.0 ], [ -77.080101282073471, -12.066074590273896, 0.0 ], [ -77.080101162239686, -12.066074601585651, 0.0 ], [ -77.080101041899468, -12.066074604756064, 0.0 ], [ -77.080100921622659, -12.06607459977225, 0.0 ], [ -77.080100801978773, -12.066074586655819, 0.0 ], [ -77.080100683534724, -12.066074565475795, 0.0 ], [ -77.080100566851172, -12.066074536327111, 0.0 ], [ -77.080100452480877, -12.066074499347845, 0.0 ], [ -77.080100340965629, -12.066074454719271, 0.0 ], [ -77.08010023283336, -12.066074402639991, 0.0 ], [ -77.080100128596186, -12.066074343369058, 0.0 ], [ -77.080100028747893, -12.066074277182913, 0.0 ], [ -77.080099933761318, -12.066074204392619, 0.0 ], [ -77.080099844086163, -12.066074125343896, 0.0 ], [ -77.080099760147363, -12.066074040417119, 0.0 ], [ -77.080099682342336, -12.066073950005803, 0.0 ], [ -77.080099611039742, -12.066073854542458, 0.0 ], [ -77.080099546576946, -12.066073754477076, 0.0 ], [ -77.080099489259482, -12.06607365028573, 0.0 ], [ -77.080099439358648, -12.066073542462007, 0.0 ], [ -77.080099397110899, -12.066073431516971, 0.0 ], [ -77.080099362716325, -12.066073317970595, 0.0 ], [ -77.080099336337724, -12.066073202371134, 0.0 ], [ -77.080099318100068, -12.066073085254191, 0.0 ], [ -77.080099308089927, -12.066072967183571, 0.0 ], [ -77.080072921298111, -12.066066375520696, 0.0 ], [ -77.080069075858049, -12.06608089948107, 0.0 ], [ -77.080053038433178, -12.066076959268795, 0.0 ], [ -77.080056888298742, -12.06606241859712, 0.0 ], [ -77.080022814239967, -12.066054286544725, 0.0 ], [ -77.080022747930258, -12.066054381952682, 0.0 ], [ -77.080022675265127, -12.066054472766533, 0.0 ], [ -77.080022596572093, -12.066054558574582, 0.0 ], [ -77.080022512206014, -12.066054638992778, 0.0 ], [ -77.080022422547259, -12.066054713658435, 0.0 ], [ -77.080022327999757, -12.066054782236691, 0.0 ], [ -77.08002222898979, -12.066054844414067, 0.0 ], [ -77.080022125963922, -12.066054899915729, 0.0 ], [ -77.080022019386263, -12.066054948483941, 0.0 ], [ -77.080021909737312, -12.066054989903938, 0.0 ], [ -77.080021797511563, -12.06605502399103, 0.0 ], [ -77.080021683214667, -12.066055050590595, 0.0 ], [ -77.080021567361939, -12.066055069578118, 0.0 ], [ -77.080021450475726, -12.06605508087212, 0.0 ], [ -77.080021333082897, -12.066055084425575, 0.0 ], [ -77.080021215712549, -12.066055080212974, 0.0 ], [ -77.080021098893852, -12.066055068260534, 0.0 ], [ -77.080020983153375, -12.066055048620344, 0.0 ], [ -77.080020869012841, -12.066055021379007, 0.0 ], [ -77.080020756986912, -12.066054986661962, 0.0 ], [ -77.080020647580469, -12.066054944624899, 0.0 ], [ -77.080020541286743, -12.06605489545375, 0.0 ], [ -77.080020438584739, -12.066054839377648, 0.0 ], [ -77.08002033993769, -12.066054776643096, 0.0 ], [ -77.080020245790166, -12.066054707535516, 0.0 ], [ -77.080020156566547, -12.066054632366329, 0.0 ], [ -77.080020072669043, -12.066054551472989, 0.0 ], [ -77.080019994475919, -12.066054465223301, 0.0 ], [ -77.080019922339503, -12.066054374002494, 0.0 ], [ -77.080019856585096, -12.06605427822185, 0.0 ], [ -77.080019797509109, -12.066054178314431, 0.0 ], [ -77.080019745377911, -12.066054074730753, 0.0 ], [ -77.080019700426348, -12.066053967938805, 0.0 ], [ -77.080019662857211, -12.066053858419744, 0.0 ], [ -77.080019632839765, -12.066053746665759, 0.0 ], [ -77.080019610509211, -12.0660536331779, 0.0 ], [ -77.080019595966576, -12.066053518477247, 0.0 ], [ -77.080011306628705, -12.066051540158227, 0.0 ], [ -77.079964760167641, -12.066040759730949, 0.0 ], [ -77.079904187361038, -12.066025961903524, 0.0 ], [ -77.079871777626238, -12.066017887549672, 0.0 ], [ -77.079868747960148, -12.066029631836681, 0.0 ], [ -77.079852711258653, -12.066025691788564, 0.0 ], [ -77.079855707496762, -12.066014077085633, 0.0 ], [ -77.079824233926274, -12.066005667004882, 0.0 ], [ -77.079818060684659, -12.066004159458387, 0.0 ], [ -77.079818038136992, -12.066004276736011, 0.0 ], [ -77.079818007387374, -12.066004392193493, 0.0 ], [ -77.07981796858374, -12.066004505271939, 0.0 ], [ -77.079817921912863, -12.066004615437681, 0.0 ], [ -77.079817867598877, -12.066004722156832, 0.0 ], [ -77.079817805902834, -12.066004824914597, 0.0 ], [ -77.079817737121189, -12.066004923217468, 0.0 ], [ -77.079817661584428, -12.066005016593234, 0.0 ], [ -77.079817579655938, -12.066005104595288, 0.0 ], [ -77.079817491729159, -12.066005186798348, 0.0 ], [ -77.079817398226908, -12.066005262811395, 0.0 ], [ -77.079817299598517, -12.066005332260449, 0.0 ], [ -77.079817196317947, -12.066005394818745, 0.0 ], [ -77.079817088881484, -12.066005450185212, 0.0 ], [ -77.079816977805834, -12.06600549809311, 0.0 ], [ -77.079816863624629, -12.066005538310039, 0.0 ], [ -77.079816746886593, -12.066005570642279, 0.0 ], [ -77.079816628152813, -12.066005594939112, 0.0 ], [ -77.079816507994224, -12.066005611079914, 0.0 ], [ -77.079816386987915, -12.066005618987106, 0.0 ], [ -77.079816265715849, -12.066005618626175, 0.0 ], [ -77.079816144760514, -12.066005609992771, 0.0 ], [ -77.079816024703717, -12.06600559313426, 0.0 ], [ -77.079815906121965, -12.066005568132525, 0.0 ], [ -77.079815789585552, -12.066005535099666, 0.0 ], [ -77.079815675654558, -12.066005494199572, 0.0 ], [ -77.079815564876355, -12.066005445630703, 0.0 ], [ -77.079815457783511, -12.066005389626117, 0.0 ], [ -77.079815354890798, -12.066005326449144, 0.0 ], [ -77.079815256692527, -12.066005256410708, 0.0 ], [ -77.079815163660882, -12.066005179843422, 0.0 ], [ -77.079815076242866, -12.066005097114571, 0.0 ], [ -77.079814994858651, -12.066005008626117, 0.0 ], [ -77.079814919899448, -12.066004914801788, 0.0 ], [ -77.079814851725402, -12.066004816087096, 0.0 ], [ -77.079814790664244, -12.066004712962256, 0.0 ], [ -77.079814737009613, -12.066004605920682, 0.0 ], [ -77.079814691019052, -12.066004495481913, 0.0 ], [ -77.079814652913939, -12.066004382170068, 0.0 ], [ -77.079814622877151, -12.06600426653109, 0.0 ], [ -77.079814601053371, -12.066004149121976, 0.0 ], [ -77.079814587547162, -12.066004030508697, 0.0 ], [ -77.079814582423381, -12.066003911255597, 0.0 ], [ -77.079814583858948, -12.066003827244147, 0.0 ], [ -77.079814589457527, -12.066003743395822, 0.0 ], [ -77.079814599205875, -12.066003659917303, 0.0 ], [ -77.079814613081027, -12.066003577004814, 0.0 ], [ -77.07981463104997, -12.066003494865454, 0.0 ], [ -77.079814653069619, -12.066003413682747, 0.0 ], [ -77.079814679087548, -12.066003333649919, 0.0 ], [ -77.079800515387561, -12.06599987477977, 0.0 ], [ -77.07976845439309, -12.066125888060592, 0.0 ], [ -77.079809866352832, -12.066168692232303, 0.0 ], [ -77.07984760969309, -12.066133401559643, 0.0 ], [ -77.079846660966567, -12.066132418766214, 0.0 ], [ -77.079855515206489, -12.066124139897687, 0.0 ], [ -77.079862788776481, -12.066131674646916, 0.0 ], [ -77.079853934536587, -12.066139953515679, 0.0 ], [ -77.07984721063977, -12.066146240476058, 0.0 ], [ -77.079816198553303, -12.066175237310528, 0.0 ], [ -77.079892725250986, -12.066254336663821, 0.0 ], [ -77.079967342875491, -12.066184195255662, 0.0 ], [ -77.079977087839154, -12.066184441099265, 0.0 ], [ -77.080076585514092, -12.06618695118307, 0.0 ], [ -77.080076988655549, -12.066171471566566, 0.0 ] ] ] ] } },
{ "type": "Feature", "properties": { "Nombre": null, "Perimetro": 37.965, "Área": 63.249, "Uso": "Áreas de uso recreativo/descanso", "Proy riego": "Falta aspersión", "Riego act": "Sin riego tecnificado", "Referenc_1": null, "código": "B 3", "ID": null }, "geometry": { "type": "MultiPolygon", "coordinates": [ [ [ [ -77.079323803500614, -12.066226959005066, 0.0 ], [ -77.079397196320059, -12.066345662877305, 0.0 ], [ -77.079426701763452, -12.066251277223929, 0.0 ], [ -77.079323489092275, -12.066226173007399, 0.0 ], [ -77.079323803500614, -12.066226959005066, 0.0 ] ] ] ] } },
{ "type": "Feature", "properties": { "Nombre": null, "Perimetro": 33.967, "Área": 66.308, "Uso": "Áreas de uso recreativo/descanso", "Proy riego": "Falta aspersión", "Riego act": "Sin riego tecnificado", "Referenc_1": null, "código": "B 6", "ID": null }, "geometry": { "type": "MultiPolygon", "coordinates": [ [ [ [ -77.079544425026725, -12.066451434874237, 0.0 ], [ -77.079508545770295, -12.066526164686096, 0.0 ], [ -77.079537848040516, -12.066573066011555, 0.0 ], [ -77.079597153367388, -12.066538250293625, 0.0 ], [ -77.079548349965179, -12.066454979246997, 0.0 ], [ -77.079544425026725, -12.066451434874237, 0.0 ] ] ] ] } },
{ "type": "Feature", "properties": { "Nombre": null, "Perimetro": 22.377, "Área": 15.736, "Uso": "Áreas de uso administrativo", "Proy riego": "Por validar con unidad", "Riego act": "Sin riego tecnificado", "Referenc_1": null, "código": null, "ID": null }, "geometry": { "type": "MultiPolygon", "coordinates": [ [ [ [ -77.078532936844269, -12.064627460993822, 0.0 ], [ -77.078618033536529, -12.064647974889864, 0.0 ], [ -77.078621515762293, -12.064633461480385, 0.0 ], [ -77.078536419074723, -12.064612947584692, 0.0 ], [ -77.078532936844269, -12.064627460993822, 0.0 ] ] ] ] } },
{ "type": "Feature", "properties": { "Nombre": null, "Perimetro": 22.364, "Área": 15.724, "Uso": "Áreas de uso administrativo", "Proy riego": "Por validar con unidad", "Riego act": "Sin riego tecnificado", "Referenc_1": null, "código": null, "ID": null }, "geometry": { "type": "MultiPolygon", "coordinates": [ [ [ [ -77.078474227814823, -12.064873788039137, 0.0 ], [ -77.078559512429749, -12.064894027084968, 0.0 ], [ -77.078562670072259, -12.064879437006448, 0.0 ], [ -77.078477732660502, -12.064859280355209, 0.0 ], [ -77.078474227814823, -12.064873788039137, 0.0 ] ] ] ] } },
{ "type": "Feature", "properties": { "Nombre": null, "Perimetro": 31.645, "Área": 23.505, "Uso": "Áreas de uso administrativo", "Proy riego": "Por validar con unidad", "Riego act": "Sin riego tecnificado", "Referenc_1": null, "código": null, "ID": null }, "geometry": { "type": "MultiPolygon", "coordinates": [ [ [ [ -77.078584808889445, -12.065162586427917, 0.0 ], [ -77.078711428491602, -12.065191962119721, 0.0 ], [ -77.078714921386435, -12.065177358859545, 0.0 ], [ -77.078588312102923, -12.065147985560522, 0.0 ], [ -77.078584808889445, -12.065162586427917, 0.0 ] ] ] ] } },
{ "type": "Feature", "properties": { "Nombre": null, "Perimetro": 25.111, "Área": 20.847, "Uso": "Áreas de uso administrativo", "Proy riego": "Por validar con unidad", "Riego act": "Sin riego tecnificado", "Referenc_1": null, "código": null, "ID": null }, "geometry": { "type": "MultiPolygon", "coordinates": [ [ [ [ -77.078518680671337, -12.065531842190159, 0.0 ], [ -77.078588119540456, -12.065547951963811, 0.0 ], [ -77.078585931215471, -12.065557100994264, 0.0 ], [ -77.078601572094115, -12.065560729665357, 0.0 ], [ -77.078607968734474, -12.065533986345473, 0.0 ], [ -77.078522901416633, -12.065514250783441, 0.0 ], [ -77.078518680671337, -12.065531842190159, 0.0 ] ] ] ] } },
{ "type": "Feature", "properties": { "Nombre": null, "Perimetro": 34.694, "Área": 45.807, "Uso": "Áreas de uso administrativo", "Proy riego": "Por validar con unidad", "Riego act": "Sin riego tecnificado", "Referenc_1": null, "código": null, "ID": null }, "geometry": { "type": "MultiPolygon", "coordinates": [ [ [ [ -77.078528270514823, -12.065401519245983, 0.0 ], [ -77.07865431120878, -12.065430760612751, 0.0 ], [ -77.078661149715515, -12.065402169892408, 0.0 ], [ -77.07853512922371, -12.065372933210325, 0.0 ], [ -77.078528270514823, -12.065401519245983, 0.0 ] ] ] ] } },
{ "type": "Feature", "properties": { "Nombre": null, "Perimetro": 20.955, "Área": 9.049, "Uso": "Áreas de uso administrativo", "Proy riego": "Por validar con unidad", "Riego act": "Sin riego tecnificado", "Referenc_1": null, "código": null, "ID": null }, "geometry": { "type": "MultiPolygon", "coordinates": [ [ [ [ -77.07829363809094, -12.06563139613341, 0.0 ], [ -77.078378822486343, -12.065651127849884, 0.0 ], [ -77.07838076927824, -12.065642758479795, 0.0 ], [ -77.078295584885566, -12.065623026763495, 0.0 ], [ -77.07829363809094, -12.06563139613341, 0.0 ] ] ] ] } },
{ "type": "Feature", "properties": { "Nombre": null, "Perimetro": 22.135, "Área": 14.829, "Uso": "Áreas de uso administrativo", "Proy riego": "Por validar con unidad", "Riego act": "Sin riego tecnificado", "Referenc_1": null, "código": null, "ID": null }, "geometry": { "type": "MultiPolygon", "coordinates": [ [ [ [ -77.07832336099122, -12.065506091803069, 0.0 ], [ -77.078408395107644, -12.065525659444114, 0.0 ], [ -77.078411591917813, -12.065511916165205, 0.0 ], [ -77.078326557805823, -12.065492348524442, 0.0 ], [ -77.07832336099122, -12.065506091803069, 0.0 ] ] ] ] } },
{ "type": "Feature", "properties": { "Nombre": null, "Perimetro": 22.315, "Área": 15.684, "Uso": "Áreas de uso administrativo", "Proy riego": "Por validar con unidad", "Riego act": "Sin riego tecnificado", "Referenc_1": null, "código": null, "ID": null }, "geometry": { "type": "MultiPolygon", "coordinates": [ [ [ [ -77.078329836589802, -12.065478252854072, 0.0 ], [ -77.07841487069723, -12.065497820494524, 0.0 ], [ -77.078418251938288, -12.065483284334155, 0.0 ], [ -77.078333217835549, -12.065463716694005, 0.0 ], [ -77.078329836589802, -12.065478252854072, 0.0 ] ] ] ] } },
{ "type": "Feature", "properties": { "Nombre": null, "Perimetro": 30.781, "Área": 44.159, "Uso": "Áreas de manejo sostenible y reducción de consumo de agua", "Proy riego": "Goteo", "Riego act": "Sin riego tecnificado", "Referenc_1": null, "código": null, "ID": null }, "geometry": { "type": "MultiPolygon", "coordinates": [ [ [ [ -77.07816245037462, -12.06641498967959, 0.0 ], [ -77.078172658468574, -12.066322661903188, 0.0 ], [ -77.078171259395432, -12.066321558310038, 0.0 ], [ -77.078157287018627, -12.066310536855841, 0.0 ], [ -77.078141165046773, -12.066297819792185, 0.0 ], [ -77.078137744488473, -12.066295441888476, 0.0 ], [ -77.078136948654503, -12.06629657730122, 0.0 ], [ -77.078136812911396, -12.066297926344923, 0.0 ], [ -77.078135998452765, -12.06630602060709, 0.0 ], [ -77.078134369535491, -12.066322209131457, 0.0 ], [ -77.078132333388865, -12.06634244478693, 0.0 ], [ -77.078131129468957, -12.066354587894189, 0.0 ], [ -77.078130416049731, -12.066361333098255, 0.0 ], [ -77.07813052656914, -12.066364042201275, 0.0 ], [ -77.078130637088549, -12.066366751304278, 0.0 ], [ -77.078132189873443, -12.066382936323308, 0.0 ], [ -77.078133176750086, -12.066388271196738, 0.0 ], [ -77.078141120489974, -12.066414082859813, 0.0 ], [ -77.078142497239, -12.066414124341099, 0.0 ], [ -77.07816245037462, -12.06641498967959, 0.0 ] ] ] ] } },
{ "type": "Feature", "properties": { "Nombre": null, "Perimetro": 82.65, "Área": 148.812, "Uso": "Áreas de manejo sostenible y reducción de consumo de agua", "Proy riego": "Goteo", "Riego act": "Sin riego tecnificado", "Referenc_1": null, "código": null, "ID": null }, "geometry": { "type": "MultiPolygon", "coordinates": [ [ [ [ -77.078187771428304, -12.066185971718106, 0.0 ], [ -77.078214394876397, -12.065970116718235, 0.0 ], [ -77.078216586937202, -12.065954172992628, 0.0 ], [ -77.078211731722519, -12.065945076030781, 0.0 ], [ -77.078209461641393, -12.065939708993099, 0.0 ], [ -77.078208663801831, -12.065938696565338, 0.0 ], [ -77.078191164365165, -12.06593591485492, 0.0 ], [ -77.078190268506987, -12.065935821850708, 0.0 ], [ -77.078190213993949, -12.065936330493562, 0.0 ], [ -77.078189618233679, -12.0659362883982, 0.0 ], [ -77.07818902094678, -12.065936285559038, 0.0 ], [ -77.078188424800757, -12.065936321984726, 0.0 ], [ -77.078187832458497, -12.065936397523915, 0.0 ], [ -77.078187246565363, -12.065936511831492, 0.0 ], [ -77.07818666973786, -12.065936664400938, 0.0 ], [ -77.078186104552273, -12.065936854549349, 0.0 ], [ -77.078185553532791, -12.065937081426117, 0.0 ], [ -77.07818501914042, -12.065937344017367, 0.0 ], [ -77.07818450376169, -12.065937641150299, 0.0 ], [ -77.078184009698504, -12.065937971501921, 0.0 ], [ -77.078183539157308, -12.065938333594808, 0.0 ], [ -77.078183094239591, -12.065938725810106, 0.0 ], [ -77.078182676932528, -12.065939146396206, 0.0 ], [ -77.078182289099885, -12.065939593479591, 0.0 ], [ -77.07818193247364, -12.065940065058481, 0.0 ], [ -77.078181608646517, -12.065940559023023, 0.0 ], [ -77.078167929891649, -12.066044978774332, 0.0 ], [ -77.078155798199262, -12.0661425128896, 0.0 ], [ -77.078142532919628, -12.066257072550107, 0.0 ], [ -77.078143917894806, -12.06625812709952, 0.0 ], [ -77.078176464791824, -12.066288235358574, 0.0 ], [ -77.078187771428304, -12.066185971718106, 0.0 ] ] ] ] } },
{ "type": "Feature", "properties": { "Nombre": null, "Perimetro": 66.662, "Área": 88.23, "Uso": "Áreas de uso administrativo", "Proy riego": "Por validar con unidad", "Riego act": "Sin riego tecnificado", "Referenc_1": null, "código": null, "ID": null }, "geometry": { "type": "MultiPolygon", "coordinates": [ [ [ [ -77.078278346017157, -12.065603992667066, 0.0 ], [ -77.078456491337676, -12.065645257402542, 0.0 ], [ -77.07848353870186, -12.06552897904947, 0.0 ], [ -77.078432157477138, -12.065516648608282, 0.0 ], [ -77.078428653282543, -12.065531713356386, 0.0 ], [ -77.078429994514764, -12.065532021993928, 0.0 ], [ -77.078408354571067, -12.065625053420963, 0.0 ], [ -77.078279506825851, -12.065595403606505, 0.0 ], [ -77.078278346017157, -12.065603992667066, 0.0 ] ] ] ] } },
{ "type": "Feature", "properties": { "Nombre": null, "Perimetro": 71.274, "Área": 101.995, "Uso": "Áreas de manejo sostenible y reducción de consumo de agua", "Proy riego": "Goteo", "Riego act": "Sin riego tecnificado", "Referenc_1": null, "código": null, "ID": null }, "geometry": { "type": "MultiPolygon", "coordinates": [ [ [ [ -77.07846409442989, -12.066451663512773, 0.0 ], [ -77.078498976510048, -12.066452387773788, 0.0 ], [ -77.0785115725201, -12.066452649305248, 0.0 ], [ -77.078512114464274, -12.06645196332685, 0.0 ], [ -77.078511552041789, -12.066447867274741, 0.0 ], [ -77.078509311159749, -12.066434276390483, 0.0 ], [ -77.07850778583034, -12.066427559825224, 0.0 ], [ -77.078502734223434, -12.066413264262666, 0.0 ], [ -77.078499998186061, -12.066406923572186, 0.0 ], [ -77.078495342917179, -12.066398444316377, 0.0 ], [ -77.07848888205352, -12.06638779905248, 0.0 ], [ -77.078480713111489, -12.066376614592132, 0.0 ], [ -77.078472896227566, -12.066368779280339, 0.0 ], [ -77.078467344093113, -12.066364584594909, 0.0 ], [ -77.078463925519785, -12.066362742946708, 0.0 ], [ -77.078430779008912, -12.066354170586031, 0.0 ], [ -77.078400887243262, -12.066351275648742, 0.0 ], [ -77.07832842793313, -12.066344434711079, 0.0 ], [ -77.078262855968447, -12.066339157115474, 0.0 ], [ -77.078261891244836, -12.066339062337084, 0.0 ], [ -77.078259359911101, -12.066365688251111, 0.0 ], [ -77.078457382292626, -12.066382624372663, 0.0 ], [ -77.07846409442989, -12.066451663512773, 0.0 ] ] ] ] } },
{ "type": "Feature", "properties": { "Nombre": null, "Perimetro": 22.355, "Área": 15.638, "Uso": "Áreas de uso administrativo", "Proy riego": "Por validar con unidad", "Riego act": "Sin riego tecnificado", "Referenc_1": null, "código": null, "ID": null }, "geometry": { "type": "MultiPolygon", "coordinates": [ [ [ [ -77.078388564690997, -12.065231786583483, 0.0 ], [ -77.078473866049222, -12.065251416040446, 0.0 ], [ -77.078477276619864, -12.06523697944376, 0.0 ], [ -77.078391975266314, -12.065217349987128, 0.0 ], [ -77.078388564690997, -12.065231786583483, 0.0 ] ] ] ] } },
{ "type": "Feature", "properties": { "Nombre": null, "Perimetro": 22.375, "Área": 15.734, "Uso": "Áreas de uso administrativo", "Proy riego": "Por validar con unidad", "Riego act": "Sin riego tecnificado", "Referenc_1": null, "código": null, "ID": null }, "geometry": { "type": "MultiPolygon", "coordinates": [ [ [ [ -77.078381764335845, -12.065260571748196, 0.0 ], [ -77.078467065703393, -12.065280201205793, 0.0 ], [ -77.078470497070683, -12.065265676581058, 0.0 ], [ -77.078385195707838, -12.065246047123802, 0.0 ], [ -77.078381764335845, -12.065260571748196, 0.0 ] ] ] ] } },
{ "type": "Feature", "properties": { "Nombre": null, "Perimetro": 75.501, "Área": 58.013, "Uso": "Áreas de uso administrativo", "Proy riego": "Por validar con unidad", "Riego act": "Sin riego tecnificado", "Referenc_1": null, "código": null, "ID": null }, "geometry": { "type": "MultiPolygon", "coordinates": [ [ [ [ -77.078498153879266, -12.065240391487675, 0.0 ], [ -77.078494431367432, -12.065256148504879, 0.0 ], [ -77.078545726914811, -12.065268079025575, 0.0 ], [ -77.07854917135792, -12.06525361528865, 0.0 ], [ -77.078514984881366, -12.065245684029897, 0.0 ], [ -77.078537498458459, -12.065151146146279, 0.0 ], [ -77.078571684922736, -12.065159077404179, 0.0 ], [ -77.078575058614987, -12.065144910753213, 0.0 ], [ -77.07854062233794, -12.065136921538446, 0.0 ], [ -77.07840986110692, -12.065106584893737, 0.0 ], [ -77.078391799590747, -12.065117343962303, 0.0 ], [ -77.078522867763354, -12.065147751824304, 0.0 ], [ -77.078500836311946, -12.065241008765504, 0.0 ], [ -77.078498153879266, -12.065240391487675, 0.0 ] ] ] ] } },
{ "type": "Feature", "properties": { "Nombre": null, "Perimetro": 94.87, "Área": 201.392, "Uso": "Áreas de uso recreativo/descanso", "Proy riego": "Falta aspersión", "Riego act": "Sin riego tecnificado", "Referenc_1": null, "código": "B 9", "ID": null }, "geometry": { "type": "MultiPolygon", "coordinates": [ [ [ [ -77.078670694767766, -12.066720044095538, 0.0 ], [ -77.078990321362085, -12.066724089949043, 0.0 ], [ -77.078991758464227, -12.066677640931083, 0.0 ], [ -77.078600141466978, -12.066680565632645, 0.0 ], [ -77.078599629335329, -12.06672047191188, 0.0 ], [ -77.078670678636655, -12.066721278480539, 0.0 ], [ -77.078670694767766, -12.066720044095538, 0.0 ] ] ] ] } },
{ "type": "Feature", "properties": { "Nombre": null, "Perimetro": 8.074, "Área": 5.186, "Uso": "Áreas de uso administrativo", "Proy riego": "Por validar con unidad", "Riego act": "Sin riego tecnificado", "Referenc_1": null, "código": null, "ID": null }, "geometry": { "type": "MultiPolygon", "coordinates": [ [ [ [ -77.079653745342497, -12.066870596513194, 0.0 ], [ -77.079653780350128, -12.066871406768106, 0.0 ], [ -77.079653872700376, -12.066872212650734, 0.0 ], [ -77.079654021942829, -12.066873010226047, 0.0 ], [ -77.079654227350758, -12.066873795610068, 0.0 ], [ -77.079654487923335, -12.066874564985511, 0.0 ], [ -77.079654802390976, -12.066875314590968, 0.0 ], [ -77.079655169221766, -12.066876040783352, 0.0 ], [ -77.079655586628434, -12.066876740024906, 0.0 ], [ -77.079656052577405, -12.066877408900396, 0.0 ], [ -77.079656564798796, -12.066878044160099, 0.0 ], [ -77.079657120796938, -12.066878642706836, 0.0 ], [ -77.079657717863071, -12.066879201621695, 0.0 ], [ -77.07965835308859, -12.066879718185511, 0.0 ], [ -77.079659023378397, -12.066880189878747, 0.0 ], [ -77.079659725466968, -12.066880614402931, 0.0 ], [ -77.079660455934032, -12.066880989693464, 0.0 ], [ -77.079661211220738, -12.066881313919504, 0.0 ], [ -77.079661987647285, -12.066881585501063, 0.0 ], [ -77.079662781431068, -12.0668818031175, 0.0 ], [ -77.079663588704804, -12.066881965703081, 0.0 ], [ -77.079664405535539, -12.066882072472666, 0.0 ], [ -77.079665227943849, -12.066882122900058, 0.0 ], [ -77.079666051923098, -12.066882116743683, 0.0 ], [ -77.079666873458748, -12.06688205403354, 0.0 ], [ -77.079667688548355, -12.066881935071034, 0.0 ], [ -77.07966849322122, -12.066881760441774, 0.0 ], [ -77.079669283556655, -12.066881530989566, 0.0 ], [ -77.079670055704284, -12.066881247837813, 0.0 ], [ -77.079670805902566, -12.066880912363521, 0.0 ], [ -77.07967153049637, -12.066880526201482, 0.0 ], [ -77.079672225955491, -12.0668800912355, 0.0 ], [ -77.079672888892048, -12.066879609581054, 0.0 ], [ -77.079673516075928, -12.066879083585132, 0.0 ], [ -77.079674104451684, -12.066878515813231, 0.0 ], [ -77.079674651152814, -12.066877909027673, 0.0 ], [ -77.079675153515922, -12.066877266187491, 0.0 ], [ -77.0796756090934, -12.066876590426816, 0.0 ], [ -77.079676015665783, -12.066875885028901, 0.0 ], [ -77.079676371252361, -12.066875153438977, 0.0 ], [ -77.079676674120677, -12.066874399221096, 0.0 ], [ -77.079676922795187, -12.066873626040815, 0.0 ], [ -77.079677116064474, -12.066872837678087, 0.0 ], [ -77.07967725298667, -12.066872037964702, 0.0 ], [ -77.079677332895088, -12.066871230795051, 0.0 ], [ -77.079677355400221, -12.066870420110448, 0.0 ], [ -77.079677320392349, -12.066869609852386, 0.0 ], [ -77.079677228042058, -12.06686880397409, 0.0 ], [ -77.079677078799506, -12.066868006394492, 0.0 ], [ -77.079676873391492, -12.066867221006186, 0.0 ], [ -77.079676612818901, -12.066866451635079, 0.0 ], [ -77.079676298351188, -12.066865702025346, 0.0 ], [ -77.079675931520356, -12.066864975832999, 0.0 ], [ -77.079675514113703, -12.066864276595787, 0.0 ], [ -77.079675048164688, -12.066863607716027, 0.0 ], [ -77.079674535943298, -12.066862972456359, 0.0 ], [ -77.079673979945184, -12.066862373913965, 0.0 ], [ -77.079673382879037, -12.066861814994832, 0.0 ], [ -77.079672747653717, -12.066861298435356, 0.0 ], [ -77.079672077363796, -12.066860826742152, 0.0 ], [ -77.079671375275254, -12.066860402213681, 0.0 ], [ -77.079670644808274, -12.066860026927477, 0.0 ], [ -77.079669889521625, -12.066859702701455, 0.0 ], [ -77.079669113095278, -12.066859431119909, 0.0 ], [ -77.079668319311551, -12.066859213503477, 0.0 ], [ -77.079667512037744, -12.066859050917907, 0.0 ], [ -77.079666695207081, -12.066858944148317, 0.0 ], [ -77.079665872798842, -12.066858893720916, 0.0 ], [ -77.079665048819663, -12.06685889987728, 0.0 ], [ -77.079664227284084, -12.066858962587405, 0.0 ], [ -77.079663412194535, -12.06685908154989, 0.0 ], [ -77.079662607521868, -12.066859256179125, 0.0 ], [ -77.079661817186491, -12.066859485631305, 0.0 ], [ -77.079661045038776, -12.066859768783027, 0.0 ], [ -77.079660294840522, -12.066860104257284, 0.0 ], [ -77.079659570246733, -12.06686049041498, 0.0 ], [ -77.07965887478764, -12.066860925385232, 0.0 ], [ -77.079658211851239, -12.066861407039648, 0.0 ], [ -77.079657584667189, -12.066861933031223, 0.0 ], [ -77.079656996291462, -12.066862500807396, 0.0 ], [ -77.079656449590289, -12.066863107588613, 0.0 ], [ -77.079655947227138, -12.066863750428762, 0.0 ], [ -77.079655491649646, -12.066864426193721, 0.0 ], [ -77.079655085077206, -12.066865131587305, 0.0 ], [ -77.079654729490557, -12.066865863177211, 0.0 ], [ -77.079654426622213, -12.066866617399384, 0.0 ], [ -77.079654177947617, -12.066867390575343, 0.0 ], [ -77.079653984678302, -12.066868178942379, 0.0 ], [ -77.079653847756035, -12.066868978660072, 0.0 ], [ -77.079653767847518, -12.066869785825414, 0.0 ], [ -77.079653745342497, -12.066870596513194, 0.0 ] ] ] ] } },
{ "type": "Feature", "properties": { "Nombre": null, "Perimetro": 5.059, "Área": 1.592, "Uso": "Áreas de uso administrativo", "Proy riego": "Por validar con unidad", "Riego act": "Sin riego tecnificado", "Referenc_1": null, "código": null, "ID": null }, "geometry": { "type": "MultiPolygon", "coordinates": [ [ [ [ -77.078712427302221, -12.06677290449435, 0.0 ], [ -77.078712287952058, -12.066783567999343, 0.0 ], [ -77.078724683485419, -12.066783724907291, 0.0 ], [ -77.078724822835085, -12.066773061402372, 0.0 ], [ -77.078712427302221, -12.06677290449435, 0.0 ] ] ] ] } },
{ "type": "Feature", "properties": { "Nombre": null, "Perimetro": 5.059, "Área": 1.592, "Uso": "Áreas de uso administrativo", "Proy riego": "Por validar con unidad", "Riego act": "Sin riego tecnificado", "Referenc_1": null, "código": null, "ID": null }, "geometry": { "type": "MultiPolygon", "coordinates": [ [ [ [ -77.078749943021776, -12.066773379382822, 0.0 ], [ -77.078749803673105, -12.066784042887592, 0.0 ], [ -77.078762199206224, -12.06678419979386, 0.0 ], [ -77.078762338554412, -12.066773536289167, 0.0 ], [ -77.078749943021776, -12.066773379382822, 0.0 ] ] ] ] } },
{ "type": "Feature", "properties": { "Nombre": null, "Perimetro": 5.059, "Área": 1.592, "Uso": "Áreas de uso administrativo", "Proy riego": "Por validar con unidad", "Riego act": "Sin riego tecnificado", "Referenc_1": null, "código": null, "ID": null }, "geometry": { "type": "MultiPolygon", "coordinates": [ [ [ [ -77.078787397685176, -12.066773853493372, 0.0 ], [ -77.078787258337982, -12.066784516997918, 0.0 ], [ -77.07879965387086, -12.066784673902511, 0.0 ], [ -77.07879979321757, -12.066774010398039, 0.0 ], [ -77.078787397685176, -12.066773853493372, 0.0 ] ] ] ] } },
{ "type": "Feature", "properties": { "Nombre": null, "Perimetro": 31.833, "Área": 18.864, "Uso": "Áreas de uso administrativo", "Proy riego": "Por validar con unidad", "Riego act": "Sin riego tecnificado", "Referenc_1": null, "código": null, "ID": null }, "geometry": { "type": "MultiPolygon", "coordinates": [ [ [ [ -77.078818367678366, -12.06677596280443, 0.0 ], [ -77.078818215342551, -12.066787620364298, 0.0 ], [ -77.078952546186429, -12.06678932070017, 0.0 ], [ -77.078952698516417, -12.066777663141183, 0.0 ], [ -77.078818367678366, -12.06677596280443, 0.0 ] ] ] ] } },
{ "type": "Feature", "properties": { "Nombre": null, "Perimetro": 31.853, "Área": 16.579, "Uso": "Áreas de uso administrativo", "Proy riego": "Por validar con unidad", "Riego act": "Sin riego tecnificado", "Referenc_1": null, "código": null, "ID": null }, "geometry": { "type": "MultiPolygon", "coordinates": [ [ [ [ -77.079160757434494, -12.066780477354216, 0.0 ], [ -77.079160625186844, -12.066790598644539, 0.0 ], [ -77.079296608743633, -12.066792319732047, 0.0 ], [ -77.079296740986138, -12.0667821984425, 0.0 ], [ -77.079160757434494, -12.066780477354216, 0.0 ] ] ] ] } },
{ "type": "Feature", "properties": { "Nombre": null, "Perimetro": 31.853, "Área": 16.579, "Uso": "Áreas de uso administrativo", "Proy riego": "Por validar con unidad", "Riego act": "Sin riego tecnificado", "Referenc_1": null, "código": null, "ID": null }, "geometry": { "type": "MultiPolygon", "coordinates": [ [ [ [ -77.079436030002469, -12.066783961297602, 0.0 ], [ -77.079435897765222, -12.066794082586357, 0.0 ], [ -77.079571881302698, -12.066795803538689, 0.0 ], [ -77.079572013534815, -12.066785682250712, 0.0 ], [ -77.079436030002469, -12.066783961297602, 0.0 ] ] ] ] } },
{ "type": "Feature", "properties": { "Nombre": null, "Perimetro": 6.239, "Área": 2.432, "Uso": "Áreas de uso administrativo", "Proy riego": "Por validar con unidad", "Riego act": "Sin riego tecnificado", "Referenc_1": null, "código": null, "ID": null }, "geometry": { "type": "MultiPolygon", "coordinates": [ [ [ [ -77.078759164988682, -12.06687906419952, 0.0 ], [ -77.078758980766395, -12.066893161714116, 0.0 ], [ -77.078773304499279, -12.066893343026532, 0.0 ], [ -77.078773488720827, -12.066879245512046, 0.0 ], [ -77.078759164988682, -12.06687906419952, 0.0 ] ] ] ] } },
{ "type": "Feature", "properties": { "Nombre": null, "Perimetro": 8.074, "Área": 5.186, "Uso": "Áreas de uso administrativo", "Proy riego": "Por validar con unidad", "Riego act": "Sin riego tecnificado", "Referenc_1": null, "código": null, "ID": null }, "geometry": { "type": "MultiPolygon", "coordinates": [ [ [ [ -77.079826169201354, -12.066710030922865, 0.0 ], [ -77.079826204209411, -12.066710841177679, 0.0 ], [ -77.079826296560014, -12.066711647060183, 0.0 ], [ -77.079826445802809, -12.066712444635343, 0.0 ], [ -77.079826651211022, -12.066713230019184, 0.0 ], [ -77.079826911783826, -12.066713999394418, 0.0 ], [ -77.079827226251652, -12.06671474899964, 0.0 ], [ -77.079827593082584, -12.066715475191765, 0.0 ], [ -77.079828010489322, -12.066716174433035, 0.0 ], [ -77.079828476438323, -12.066716843308217, 0.0 ], [ -77.079828988659699, -12.066717478567597, 0.0 ], [ -77.07982954465777, -12.066718077113983, 0.0 ], [ -77.079830141723789, -12.066718636028476, 0.0 ], [ -77.079830776949009, -12.066719152591913, 0.0 ], [ -77.079831447238732, -12.066719624284755, 0.0 ], [ -77.079832149327032, -12.066720048808536, 0.0 ], [ -77.079832879793784, -12.06672042409865, 0.0 ], [ -77.079833635080135, -12.066720748324263, 0.0 ], [ -77.079834411506155, -12.066721019905394, 0.0 ], [ -77.079835205289498, -12.066721237521399, 0.0 ], [ -77.079836012562765, -12.066721400106537, 0.0 ], [ -77.079836829393102, -12.066721506875687, 0.0 ], [ -77.079837651800872, -12.066721557302646, 0.0 ], [ -77.079838475779539, -12.066721551145841, 0.0 ], [ -77.079839297314592, -12.066721488435274, 0.0 ], [ -77.079840112403559, -12.066721369472354, 0.0 ], [ -77.079840917075614, -12.066721194842692, 0.0 ], [ -77.079841707410381, -12.066720965390092, 0.0 ], [ -77.079842479557442, -12.06672068223796, 0.0 ], [ -77.079843229755028, -12.06672034676331, 0.0 ], [ -77.079843954347979, -12.066719960600929, 0.0 ], [ -77.079844649806518, -12.066719525634626, 0.0 ], [ -77.079845312742208, -12.066719043979875, 0.0 ], [ -77.079845939925363, -12.066718517983677, 0.0 ], [ -77.079846528300536, -12.066717950211522, 0.0 ], [ -77.079847075000941, -12.066717343425736, 0.0 ], [ -77.079847577363239, -12.066716700585356, 0.0 ], [ -77.079848032940163, -12.066716024824505, 0.0 ], [ -77.079848439511863, -12.066715319426445, 0.0 ], [ -77.079848795097817, -12.066714587836405, 0.0 ], [ -77.079849097965521, -12.066713833618437, 0.0 ], [ -77.079849346639435, -12.066713060438101, 0.0 ], [ -77.079849539908011, -12.066712272075343, 0.0 ], [ -77.079849676829838, -12.066711472361963, 0.0 ], [ -77.079849756737616, -12.066710665192351, 0.0 ], [ -77.079849779242394, -12.06670985450781, 0.0 ], [ -77.079849744234011, -12.066709044249846, 0.0 ], [ -77.079849651883507, -12.066708238371668, 0.0 ], [ -77.079849502640485, -12.066707440792225, 0.0 ], [ -77.079849297232315, -12.066706655404101, 0.0 ], [ -77.079849036659496, -12.066705886033203, 0.0 ], [ -77.079848722191585, -12.066705136423705, 0.0 ], [ -77.079848355360639, -12.066704410231615, 0.0 ], [ -77.079847937953886, -12.066703710994691, 0.0 ], [ -77.079847472004715, -12.066703042115238, 0.0 ], [ -77.079846959783467, -12.066702406855892, 0.0 ], [ -77.079846403785439, -12.066701808313852, 0.0 ], [ -77.079845806719263, -12.066701249395082, 0.0 ], [ -77.079845171494114, -12.066700732835985, 0.0 ], [ -77.079844501204548, -12.066700261143176, 0.0 ], [ -77.079843799116119, -12.066699836615113, 0.0 ], [ -77.079843068649581, -12.066699461329325, 0.0 ], [ -77.079842313363287, -12.066699137103729, 0.0 ], [ -77.079841536937209, -12.066698865522611, 0.0 ], [ -77.079840743153937, -12.066698647906614, 0.0 ], [ -77.079839935880742, -12.066698485321476, 0.0 ], [ -77.07983911905059, -12.066698378552324, 0.0 ], [ -77.079838296642905, -12.066698328125362, 0.0 ], [ -77.079837472664309, -12.066698334282155, 0.0 ], [ -77.079836651129327, -12.066698396992702, 0.0 ], [ -77.079835836040289, -12.066698515955601, 0.0 ], [ -77.079835031368276, -12.066698690585239, 0.0 ], [ -77.079834241033566, -12.06669892003781, 0.0 ], [ -77.07983346888669, -12.066699203189907, 0.0 ], [ -77.079832718689147, -12.066699538664526, 0.0 ], [ -77.079831994096054, -12.066699924822563, 0.0 ], [ -77.0798312986377, -12.06670035979314, 0.0 ], [ -77.079830635701882, -12.066700841447853, 0.0 ], [ -77.079830008518698, -12.066701367439705, 0.0 ], [ -77.079829420143696, -12.066701935216132, 0.0 ], [ -77.079828873443205, -12.066702541997582, 0.0 ], [ -77.079828371080765, -12.06670318483793, 0.0 ], [ -77.079827915503969, -12.066703860603067, 0.0 ], [ -77.079827508932169, -12.06670456599679, 0.0 ], [ -77.079827153346173, -12.066705297586815, 0.0 ], [ -77.079826850478455, -12.066706051809076, 0.0 ], [ -77.079826601804442, -12.066706824985088, 0.0 ], [ -77.079826408535695, -12.066707613352149, 0.0 ], [ -77.079826271613967, -12.066708413069838, 0.0 ], [ -77.079826191705919, -12.066709220235152, 0.0 ], [ -77.079826169201354, -12.066710030922865, 0.0 ] ] ] ] } },
{ "type": "Feature", "properties": { "Nombre": null, "Perimetro": 8.074, "Área": 5.186, "Uso": "Áreas de uso administrativo", "Proy riego": "Por validar con unidad", "Riego act": "Sin riego tecnificado", "Referenc_1": null, "código": null, "ID": null }, "geometry": { "type": "MultiPolygon", "coordinates": [ [ [ [ -77.079854067753345, -12.066544276926985, 0.0 ], [ -77.079854032745132, -12.066543466669733, 0.0 ], [ -77.079853940394742, -12.066542660791542, 0.0 ], [ -77.079853791151891, -12.066541863212079, 0.0 ], [ -77.079853585743791, -12.066541077823929, 0.0 ], [ -77.0798533251712, -12.066540308453007, 0.0 ], [ -77.079853010703559, -12.06653955884347, 0.0 ], [ -77.079852643872883, -12.066538832651348, 0.0 ], [ -77.079852226466457, -12.066538133414381, 0.0 ], [ -77.079851760517755, -12.066537464534882, 0.0 ], [ -77.079851248296748, -12.066536829275488, 0.0 ], [ -77.079850692299075, -12.066536230729085, 0.0 ], [ -77.079850095233496, -12.066535671814565, 0.0 ], [ -77.079849460008745, -12.066535155251099, 0.0 ], [ -77.079848789719634, -12.066534683558229, 0.0 ], [ -77.079848087631717, -12.066534259034412, 0.0 ], [ -77.079847357165491, -12.066533883744256, 0.0 ], [ -77.079846601879836, -12.066533559518588, 0.0 ], [ -77.079845825454257, -12.066533287937402, 0.0 ], [ -77.079845031671525, -12.066533070325644, 0.0 ], [ -77.079844224398798, -12.066532907736127, 0.0 ], [ -77.079843407569072, -12.066532800971215, 0.0 ], [ -77.079842585161856, -12.066532750539871, 0.0 ], [ -77.0798417611839, -12.06653275669659, 0.0 ], [ -77.079840939649472, -12.06653281941138, 0.0 ], [ -77.079840124560889, -12.0665329383699, 0.0 ], [ -77.079839319889388, -12.066533113003779, 0.0 ], [ -77.079838529555118, -12.066533342451978, 0.0 ], [ -77.079837757408541, -12.066533625604013, 0.0 ], [ -77.07983700721158, -12.066533961078568, 0.0 ], [ -77.079836282618928, -12.066534347240855, 0.0 ], [ -77.079835587160801, -12.066534782207064, 0.0 ], [ -77.07983492422548, -12.066535263861724, 0.0 ], [ -77.079834297042666, -12.06653578985784, 0.0 ], [ -77.07983370866782, -12.066536357629916, 0.0 ], [ -77.079833161967656, -12.066536964415629, 0.0 ], [ -77.079832659605586, -12.066537607255938, 0.0 ], [ -77.079832204028875, -12.066538283021039, 0.0 ], [ -77.079831797457274, -12.06653898841474, 0.0 ], [ -77.079831441871434, -12.066539720004736, 0.0 ], [ -77.079831139003815, -12.066540474226978, 0.0 ], [ -77.079830890329902, -12.066541247402977, 0.0 ], [ -77.07983069706134, -12.066542035770032, 0.0 ], [ -77.079830560139484, -12.066542835487713, 0.0 ], [ -77.079830480231564, -12.066543642653023, 0.0 ], [ -77.079830457726842, -12.066544453340022, 0.0 ], [ -77.079830492734899, -12.06654526359557, 0.0 ], [ -77.079830585085247, -12.066546069478088, 0.0 ], [ -77.079830734327956, -12.06654686704896, 0.0 ], [ -77.079830939735871, -12.066547652437132, 0.0 ], [ -77.079831200308419, -12.066548421808086, 0.0 ], [ -77.079831514776018, -12.066549171417654, 0.0 ], [ -77.079831881606651, -12.066549897609814, 0.0 ], [ -77.079832299013091, -12.066550596851124, 0.0 ], [ -77.079832764961878, -12.06655126572635, 0.0 ], [ -77.079833277182743, -12.066551900985779, 0.0 ], [ -77.079833833180416, -12.066552499532218, 0.0 ], [ -77.079834430246152, -12.06655305844677, 0.0 ], [ -77.079835065470931, -12.066553575010264, 0.0 ], [ -77.079835735760071, -12.066554046703166, 0.0 ], [ -77.07983643784803, -12.066554471227008, 0.0 ], [ -77.079837168314313, -12.066554846517191, 0.0 ], [ -77.079837923600039, -12.066555170742873, 0.0 ], [ -77.079838700025675, -12.06655544232407, 0.0 ], [ -77.079839493808464, -12.066555659935837, 0.0 ], [ -77.079840301081262, -12.066555822525356, 0.0 ], [ -77.079841117910959, -12.066555929294575, 0.0 ], [ -77.079841940318346, -12.066555979721601, 0.0 ], [ -77.079842764296359, -12.066555973564872, 0.0 ], [ -77.079843585830915, -12.066555910854373, 0.0 ], [ -77.079844400919526, -12.066555791891524, 0.0 ], [ -77.079845205591084, -12.066555617257618, 0.0 ], [ -77.07984599592541, -12.066555387809393, 0.0 ], [ -77.079846768072017, -12.066555104657326, 0.0 ], [ -77.07984751826902, -12.066554769182737, 0.0 ], [ -77.079848242861701, -12.066554383020415, 0.0 ], [ -77.079848938319856, -12.066553948054164, 0.0 ], [ -77.079849601255177, -12.066553466399471, 0.0 ], [ -77.079850228437991, -12.066552940403321, 0.0 ], [ -77.079850816812709, -12.066552372631213, 0.0 ], [ -77.079851363512844, -12.066551765845468, 0.0 ], [ -77.079851865875, -12.066551123005121, 0.0 ], [ -77.079852321451597, -12.066550447244305, 0.0 ], [ -77.079852728023099, -12.066549741846272, 0.0 ], [ -77.079853083608896, -12.06654901025626, 0.0 ], [ -77.079853386476444, -12.066548256034004, 0.0 ], [ -77.0798536351503, -12.066547482857992, 0.0 ], [ -77.079853828418933, -12.066546694490933, 0.0 ], [ -77.079853965340774, -12.066545894781868, 0.0 ], [ -77.079854045248595, -12.066545087612251, 0.0 ], [ -77.079854067753345, -12.066544276926985, 0.0 ] ] ] ] } },
{ "type": "Feature", "properties": { "Nombre": null, "Perimetro": 8.074, "Área": 5.186, "Uso": "Áreas de uso administrativo", "Proy riego": "Por validar con unidad", "Riego act": "Sin riego tecnificado", "Referenc_1": null, "código": null, "ID": null }, "geometry": { "type": "MultiPolygon", "coordinates": [ [ [ [ -77.079835435548191, -12.066379825790555, 0.0 ], [ -77.079835470556034, -12.066380636044601, 0.0 ], [ -77.079835562906382, -12.066381441927131, 0.0 ], [ -77.079835712148977, -12.06638223950233, 0.0 ], [ -77.079835917556707, -12.066383024890529, 0.0 ], [ -77.079836178129014, -12.066383794261514, 0.0 ], [ -77.079836492596328, -12.0663845438668, 0.0 ], [ -77.079836859426678, -12.066385270058994, 0.0 ], [ -77.079837276832805, -12.066385969300351, 0.0 ], [ -77.07983774278128, -12.066386638179928, 0.0 ], [ -77.079838255001775, -12.0663872734394, 0.0 ], [ -77.079838810999007, -12.066387871981583, 0.0 ], [ -77.079839408064373, -12.066388430900497, 0.0 ], [ -77.079840043288684, -12.066388947459739, 0.0 ], [ -77.079840713577369, -12.066389419152701, 0.0 ], [ -77.079841415664774, -12.066389843680916, 0.0 ], [ -77.079842146130517, -12.06639021896685, 0.0 ], [ -77.079842901415887, -12.066390543192599, 0.0 ], [ -77.079843677841041, -12.066390814773861, 0.0 ], [ -77.079844471623375, -12.066391032390003, 0.0 ], [ -77.079845278895604, -12.066391194975282, 0.0 ], [ -77.079846095724804, -12.066391301744568, 0.0 ], [ -77.079846918131537, -12.066391352171667, 0.0 ], [ -77.079847742109195, -12.066391346014999, 0.0 ], [ -77.079848563643225, -12.066391283304572, 0.0 ], [ -77.079849378731211, -12.066391164341788, 0.0 ], [ -77.079850183402328, -12.066390989712257, 0.0 ], [ -77.079850973736143, -12.066390760259786, 0.0 ], [ -77.079851745882323, -12.066390477107781, 0.0 ], [ -77.079852496079027, -12.066390141633249, 0.0 ], [ -77.079853220671325, -12.066389755475292, 0.0 ], [ -77.079853916128911, -12.066389320504792, 0.0 ], [ -77.079854579063877, -12.066388838850145, 0.0 ], [ -77.079855206246521, -12.066388312858351, 0.0 ], [ -77.079855794620883, -12.066387745081981, 0.0 ], [ -77.079856341320777, -12.066387138300581, 0.0 ], [ -77.079856843682691, -12.066386495460273, 0.0 ], [ -77.079857299259004, -12.066385819695183, 0.0 ], [ -77.079857705830335, -12.066385114297178, 0.0 ], [ -77.079858061415976, -12.066384382707186, 0.0 ], [ -77.079858364283425, -12.066383628489259, 0.0 ], [ -77.079858612957196, -12.066382855313261, 0.0 ], [ -77.079858806225772, -12.066382066946213, 0.0 ], [ -77.079858943147443, -12.066381267232838, 0.0 ], [ -77.079859023055405, -12.066380460063227, 0.0 ], [ -77.079859045560198, -12.066379649379469, 0.0 ], [ -77.079859010552099, -12.066378839120693, 0.0 ], [ -77.079858918201694, -12.066378033242488, 0.0 ], [ -77.079858768959141, -12.066377235663008, 0.0 ], [ -77.079858563551269, -12.066376450279144, 0.0 ], [ -77.079858302978863, -12.066375680903882, 0.0 ], [ -77.07985798851152, -12.066374931298625, 0.0 ], [ -77.079857621681128, -12.066374205106465, 0.0 ], [ -77.079857204274987, -12.066373505865149, 0.0 ], [ -77.079856738326669, -12.066372836989913, 0.0 ], [ -77.079856226106031, -12.066372201730475, 0.0 ], [ -77.079855670108756, -12.066371603184022, 0.0 ], [ -77.079855073043575, -12.066371044269449, 0.0 ], [ -77.079854437819122, -12.06637052770593, 0.0 ], [ -77.07985376753048, -12.066370056012998, 0.0 ], [ -77.079853065443146, -12.066369631489119, 0.0 ], [ -77.079852334977403, -12.066369256198893, 0.0 ], [ -77.079851579692104, -12.066368931973164, 0.0 ], [ -77.079850803267021, -12.066368660391914, 0.0 ], [ -77.079850009484758, -12.066368442775779, 0.0 ], [ -77.0798492022126, -12.066368280190504, 0.0 ], [ -77.079848385383471, -12.066368173421214, 0.0 ], [ -77.079847562976795, -12.066368122994112, 0.0 ], [ -77.079846738999223, -12.066368129150762, 0.0 ], [ -77.079845917465249, -12.066368191861173, 0.0 ], [ -77.07984510237732, -12.066368310823938, 0.0 ], [ -77.079844297706273, -12.066368485453442, 0.0 ], [ -77.079843507372502, -12.066368714905886, 0.0 ], [ -77.079842735226379, -12.066368998057859, 0.0 ], [ -77.079841985029702, -12.066369333532357, 0.0 ], [ -77.079841260437476, -12.066369719694585, 0.0 ], [ -77.079840564979875, -12.066370154660746, 0.0 ], [ -77.079839902044924, -12.066370636315355, 0.0 ], [ -77.079839274862437, -12.066371162311423, 0.0 ], [ -77.079838686487889, -12.06637173008345, 0.0 ], [ -77.079838139788023, -12.066372336869126, 0.0 ], [ -77.079837637426223, -12.066372979709397, 0.0 ], [ -77.079837181849683, -12.066373655470159, 0.0 ], [ -77.079836775278309, -12.066374360868139, 0.0 ], [ -77.079836419692626, -12.066375092458111, 0.0 ], [ -77.079836116825106, -12.066375846676024, 0.0 ], [ -77.079835868151306, -12.066376619856321, 0.0 ], [ -77.079835674882759, -12.066377408219052, 0.0 ], [ -77.079835537960932, -12.066378207936733, 0.0 ], [ -77.079835458052841, -12.066379015102044, 0.0 ], [ -77.079835435548191, -12.066379825790555, 0.0 ] ] ] ] } },
{ "type": "Feature", "properties": { "Nombre": null, "Perimetro": 8.074, "Área": 5.186, "Uso": "Áreas de uso administrativo", "Proy riego": "Por validar con unidad", "Riego act": "Sin riego tecnificado", "Referenc_1": null, "código": null, "ID": null }, "geometry": { "type": "MultiPolygon", "coordinates": [ [ [ [ -77.079845280510739, -12.066874877511207, 0.0 ], [ -77.079845245502312, -12.066874067251229, 0.0 ], [ -77.079845153151652, -12.06687326137307, 0.0 ], [ -77.079845003908517, -12.066872463797955, 0.0 ], [ -77.079844798500034, -12.066871678409855, 0.0 ], [ -77.079844537926974, -12.06687090903899, 0.0 ], [ -77.079844223458821, -12.066870159429522, 0.0 ], [ -77.079843856627704, -12.066869433237468, 0.0 ], [ -77.079843439220511, -12.066868734000581, 0.0 ], [ -77.079842973271113, -12.066868065121174, 0.0 ], [ -77.079842461049367, -12.066867429861883, 0.0 ], [ -77.079841905050912, -12.066866831315581, 0.0 ], [ -77.079841307984495, -12.066866272401171, 0.0 ], [ -77.079840672758863, -12.066865755837828, 0.0 ], [ -77.079840002468856, -12.066865284145075, 0.0 ], [ -77.079839300379987, -12.066864859621388, 0.0 ], [ -77.079838569912809, -12.066864484331356, 0.0 ], [ -77.079837814626146, -12.066864160105826, 0.0 ], [ -77.079837038199557, -12.066863888524777, 0.0 ], [ -77.079836244415802, -12.066863670913158, 0.0 ], [ -77.07983543714208, -12.066863508323779, 0.0 ], [ -77.079834620311289, -12.066863401554698, 0.0 ], [ -77.079833797903078, -12.066863351127806, 0.0 ], [ -77.079832973924113, -12.066863357284664, 0.0 ], [ -77.079832152388647, -12.066863419995283, 0.0 ], [ -77.079831337299098, -12.066863538958248, 0.0 ], [ -77.079830532626644, -12.066863713592264, 0.0 ], [ -77.079829742291437, -12.066863943040593, 0.0 ], [ -77.079828970143964, -12.066864226192752, 0.0 ], [ -77.079828219946137, -12.066864561667431, 0.0 ], [ -77.079827495352674, -12.066864947829835, 0.0 ], [ -77.079826799893752, -12.066865382796154, 0.0 ], [ -77.079826136957706, -12.066865864450923, 0.0 ], [ -77.07982550977421, -12.066866390447135, 0.0 ], [ -77.079824921398867, -12.066866958219297, 0.0 ], [ -77.079824374697992, -12.066867565005097, 0.0 ], [ -77.079823872335425, -12.066868207845483, 0.0 ], [ -77.079823416758273, -12.066868883610647, 0.0 ], [ -77.079823010186303, -12.066869589004405, 0.0 ], [ -77.079822654600278, -12.066870320594447, 0.0 ], [ -77.07982235173229, -12.06687107481673, 0.0 ], [ -77.079822103058333, -12.066871847992761, 0.0 ], [ -77.07982190978953, -12.066872636359831, 0.0 ], [ -77.079821772867632, -12.066873436073216, 0.0 ], [ -77.07982169295974, -12.066874243238525, 0.0 ], [ -77.079821670455175, -12.066875053928255, 0.0 ], [ -77.079821705463374, -12.066875864181041, 0.0 ], [ -77.079821797813977, -12.066876670063531, 0.0 ], [ -77.079821947057056, -12.066877467638671, 0.0 ], [ -77.079822152465496, -12.066878253026795, 0.0 ], [ -77.079822413038357, -12.066879022397696, 0.0 ], [ -77.07982272750661, -12.066879772007191, 0.0 ], [ -77.079823094337698, -12.066880498199277, 0.0 ], [ -77.079823511744735, -12.066881197436201, 0.0 ], [ -77.079823977694247, -12.066881866315645, 0.0 ], [ -77.07982448991585, -12.066882501574973, 0.0 ], [ -77.079825045914447, -12.066883100121311, 0.0 ], [ -77.079825642980893, -12.066883659035749, 0.0 ], [ -77.079826278206539, -12.066884175599128, 0.0 ], [ -77.079826948496589, -12.066884647291909, 0.0 ], [ -77.079827650585486, -12.066885071815623, 0.0 ], [ -77.079828381052735, -12.066885447105676, 0.0 ], [ -77.079829136339441, -12.066885771331227, 0.0 ], [ -77.079829912766087, -12.066886042912284, 0.0 ], [ -77.079830706549913, -12.066886260523914, 0.0 ], [ -77.079831513823706, -12.06688642311329, 0.0 ], [ -77.079832330654554, -12.066886529878062, 0.0 ], [ -77.07983315306285, -12.066886580309257, 0.0 ], [ -77.079833977041886, -12.066886574152385, 0.0 ], [ -77.079834798577394, -12.06688651143744, 0.0 ], [ -77.079835613667029, -12.066886392478761, 0.0 ], [ -77.079836418339539, -12.066886217844724, 0.0 ], [ -77.079837208674803, -12.066885988396368, 0.0 ], [ -77.079837980822319, -12.066885705244172, 0.0 ], [ -77.079838731020203, -12.066885369769462, 0.0 ], [ -77.079839455613694, -12.066884983607027, 0.0 ], [ -77.079840151072631, -12.066884548640667, 0.0 ], [ -77.079840814008676, -12.066884066985864, 0.0 ], [ -77.079841441192173, -12.066883540989616, 0.0 ], [ -77.079842029567516, -12.066882973217419, 0.0 ], [ -77.079842576268234, -12.066882366431589, 0.0 ], [ -77.079843078630901, -12.06688172359117, 0.0 ], [ -77.079843534207882, -12.066881047825978, 0.0 ], [ -77.079843940779952, -12.066880342432198, 0.0 ], [ -77.07984429636592, -12.066879610842136, 0.0 ], [ -77.079844599233695, -12.066878856619839, 0.0 ], [ -77.079844847907722, -12.066878083443799, 0.0 ], [ -77.079845041176455, -12.066877295076722, 0.0 ], [ -77.079845178098296, -12.066876495363337, 0.0 ], [ -77.079845258006074, -12.066875688193724, 0.0 ], [ -77.079845280510739, -12.066874877511207, 0.0 ] ] ] ] } },
{ "type": "Feature", "properties": { "Nombre": null, "Perimetro": 159.129, "Área": 487.889, "Uso": "Áreas de uso recreativo/descanso", "Proy riego": "Falta aspersión", "Riego act": "Sin riego tecnificado", "Referenc_1": null, "código": "C 16", "ID": null }, "geometry": { "type": "MultiPolygon", "coordinates": [ [ [ [ -77.080203485148331, -12.067176900393179, 0.0 ], [ -77.08040793348502, -12.067182217196253, 0.0 ], [ -77.080409277932176, -12.067129636115798, 0.0 ], [ -77.08011224434992, -12.067122239699238, 0.0 ], [ -77.079856220943142, -12.067115391428768, 0.0 ], [ -77.079787794638321, -12.067113646356201, 0.0 ], [ -77.079786472855687, -12.067156736516385, 0.0 ], [ -77.079764166317531, -12.067156167630799, 0.0 ], [ -77.079763329697087, -12.067183441425094, 0.0 ], [ -77.079791303373824, -12.067184189537757, 0.0 ], [ -77.079791564570655, -12.067175127506072, 0.0 ], [ -77.079815429842355, -12.067175793821438, 0.0 ], [ -77.079815174653064, -12.067184647452924, 0.0 ], [ -77.079924599672154, -12.06718719288792, 0.0 ], [ -77.079924483082678, -12.067187185931123, 0.0 ], [ -77.079924367224862, -12.067187171331913, 0.0 ], [ -77.079924252615086, -12.067187149151446, 0.0 ], [ -77.079924139764685, -12.067187119495749, 0.0 ], [ -77.079924029176595, -12.067187082496842, 0.0 ], [ -77.079923921343834, -12.067187038314804, 0.0 ], [ -77.079923816747282, -12.067186987148594, 0.0 ], [ -77.079923715853127, -12.067186929227439, 0.0 ], [ -77.079923619111341, -12.067186864806562, 0.0 ], [ -77.079923526953294, -12.067186794180094, 0.0 ], [ -77.079923439789809, -12.06718671765095, 0.0 ], [ -77.079923358009466, -12.067186635573918, 0.0 ], [ -77.079923281976832, -12.06718654830398, 0.0 ], [ -77.079923212031019, -12.067186456239375, 0.0 ], [ -77.079923148483715, -12.067186359782898, 0.0 ], [ -77.079923091618497, -12.067186259367686, 0.0 ], [ -77.079923041688673, -12.067186155440046, 0.0 ], [ -77.079922998916899, -12.06718604846375, 0.0 ], [ -77.079922963493928, -12.067185938920046, 0.0 ], [ -77.079922935577727, -12.067185827294738, 0.0 ], [ -77.07992291529284, -12.067185714084641, 0.0 ], [ -77.079922902729322, -12.067185599795483, 0.0 ], [ -77.079922897943504, -12.067185484930031, 0.0 ], [ -77.079922901278053, -12.06718536480429, 0.0 ], [ -77.079922913118608, -12.067185245200051, 0.0 ], [ -77.079922933407303, -12.067185126696266, 0.0 ], [ -77.079922962045345, -12.067185009881941, 0.0 ], [ -77.079922998893224, -12.067184895311902, 0.0 ], [ -77.079923043771501, -12.06718478355204, 0.0 ], [ -77.079923096461357, -12.067184675147002, 0.0 ], [ -77.079923156706315, -12.067184570624478, 0.0 ], [ -77.079923224212664, -12.067184470490879, 0.0 ], [ -77.079923298651565, -12.06718437523565, 0.0 ], [ -77.079923379660414, -12.067184285326936, 0.0 ], [ -77.079923466844619, -12.067184201194333, 0.0 ], [ -77.079923559779246, -12.067184123254739, 0.0 ], [ -77.079923658011509, -12.067184051882162, 0.0 ], [ -77.079923761063156, -12.067183987429255, 0.0 ], [ -77.079923868431791, -12.067183930210058, 0.0 ], [ -77.079923979594412, -12.067183880499993, 0.0 ], [ -77.079924094009499, -12.06718383854443, 0.0 ], [ -77.079924211119632, -12.067183804541477, 0.0 ], [ -77.079924330354174, -12.067183778667777, 0.0 ], [ -77.079924451132342, -12.067183761039724, 0.0 ], [ -77.079924572865622, -12.067183751747899, 0.0 ], [ -77.079924694961022, -12.067183750835525, 0.0 ], [ -77.079924816823763, -12.067183758307049, 0.0 ], [ -77.079924937859971, -12.067183774128118, 0.0 ], [ -77.079925057479954, -12.067183798216947, 0.0 ], [ -77.079925175101167, -12.067183830465842, 0.0 ], [ -77.079925290150342, -12.067183870706701, 0.0 ], [ -77.079925402067076, -12.067183918749782, 0.0 ], [ -77.079925510306111, -12.067183974357823, 0.0 ], [ -77.07992561434024, -12.067184037263255, 0.0 ], [ -77.079925713662291, -12.067184107159582, 0.0 ], [ -77.079925807788655, -12.06718418370134, 0.0 ], [ -77.079925896260804, -12.067184266521332, 0.0 ], [ -77.07992597864741, -12.067184355209051, 0.0 ], [ -77.0799260545473, -12.067184449340855, 0.0 ], [ -77.079926123590738, -12.067184548454069, 0.0 ], [ -77.079926185441309, -12.067184652064219, 0.0 ], [ -77.079926239797558, -12.067184759669342, 0.0 ], [ -77.07992628639488, -12.067184870745642, 0.0 ], [ -77.079926325006056, -12.067184984751803, 0.0 ], [ -77.079926355443007, -12.067185101124682, 0.0 ], [ -77.079926377557612, -12.067185219311602, 0.0 ], [ -77.079926391242068, -12.067185338725103, 0.0 ], [ -77.079926396429613, -12.067185458787161, 0.0 ], [ -77.079926393226714, -12.067185576815218, 0.0 ], [ -77.079926381812129, -12.067185694347671, 0.0 ], [ -77.079926362239505, -12.067185810829228, 0.0 ], [ -77.079926334601424, -12.067185925722624, 0.0 ], [ -77.079926299027363, -12.067186038481736, 0.0 ], [ -77.079926255684896, -12.067186148570929, 0.0 ], [ -77.07992620477772, -12.067186255484453, 0.0 ], [ -77.079926146545176, -12.067186358707687, 0.0 ], [ -77.07992608126132, -12.067186457760208, 0.0 ], [ -77.079926009233176, -12.067186552178601, 0.0 ], [ -77.079925930799291, -12.067186641516448, 0.0 ], [ -77.07992584632872, -12.067186725352958, 0.0 ], [ -77.079925756218671, -12.067186803292993, 0.0 ], [ -77.079925660892826, -12.06718687497138, 0.0 ], [ -77.079925560799651, -12.067186940052931, 0.0 ], [ -77.079925456409754, -12.067186998228145, 0.0 ], [ -77.079925348214104, -12.067187049226158, 0.0 ], [ -77.079925236721607, -12.067187092801833, 0.0 ], [ -77.079925122456586, -12.067187128757322, 0.0 ], [ -77.079925005956454, -12.067187156920529, 0.0 ], [ -77.079924887769053, -12.067187177164525, 0.0 ], [ -77.079924768450113, -12.067187189383914, 0.0 ], [ -77.079924648560834, -12.067187193522599, 0.0 ], [ -77.079924649009513, -12.067187755621394, 0.0 ], [ -77.080202979980569, -12.067195198863757, 0.0 ], [ -77.080203485148331, -12.067176900393179, 0.0 ] ] ] ] } },
{ "type": "Feature", "properties": { "Nombre": null, "Perimetro": 78.356, "Área": 174.11, "Uso": "Áreas de uso recreativo/descanso", "Proy riego": "Falta aspersión", "Riego act": "Sin riego tecnificado", "Referenc_1": null, "código": null, "ID": null }, "geometry": { "type": "MultiPolygon", "coordinates": [ [ [ [ -77.080466262864505, -12.066964510336177, 0.0 ], [ -77.080472974023692, -12.066702037580665, 0.0 ], [ -77.080472974246135, -12.06670026820899, 0.0 ], [ -77.080472850051649, -12.066698503064785, 0.0 ], [ -77.0804726020353, -12.066696750611246, 0.0 ], [ -77.080472231386764, -12.066695019253958, 0.0 ], [ -77.080471739883251, -12.066693317290682, 0.0 ], [ -77.080471129881658, -12.066691652887707, 0.0 ], [ -77.080470404307178, -12.066690034026088, 0.0 ], [ -77.080469566639053, -12.066688468467241, 0.0 ], [ -77.080468620894123, -12.066686963718627, 0.0 ], [ -77.080467571607571, -12.066685526995066, 0.0 ], [ -77.080466423811032, -12.066684165188782, 0.0 ], [ -77.080465183008329, -12.066682884826447, 0.0 ], [ -77.080463855149631, -12.066681692047849, 0.0 ], [ -77.080462446602297, -12.066680592575942, 0.0 ], [ -77.080460964120675, -12.066679591678271, 0.0 ], [ -77.080459414813802, -12.066678694162924, 0.0 ], [ -77.080457806110772, -12.066677904322749, 0.0 ], [ -77.080456145725947, -12.066677225952857, 0.0 ], [ -77.080454441621342, -12.066676662305664, 0.0 ], [ -77.080452701968468, -12.066676216076068, 0.0 ], [ -77.080450935109539, -12.066675889418589, 0.0 ], [ -77.080449481157174, -12.06667591677466, 0.0 ], [ -77.080448032508542, -12.066676041920529, 0.0 ], [ -77.080446595944736, -12.066676264256458, 0.0 ], [ -77.080445178190317, -12.066676582756072, 0.0 ], [ -77.08044378588184, -12.066676995919588, 0.0 ], [ -77.080442425536575, -12.066677501819308, 0.0 ], [ -77.080441103522446, -12.066678098082622, 0.0 ], [ -77.080439826027813, -12.066678781915908, 0.0 ], [ -77.080438599032533, -12.066679550122968, 0.0 ], [ -77.080436686893506, -12.066681053079947, 0.0 ], [ -77.080434874317916, -12.066682671129081, 0.0 ], [ -77.080433168445822, -12.066684397904647, 0.0 ], [ -77.080431575997579, -12.06668622660972, 0.0 ], [ -77.080430103245874, -12.066688150028433, 0.0 ], [ -77.080428755992443, -12.066690160588564, 0.0 ], [ -77.080427539544402, -12.066692250376835, 0.0 ], [ -77.080426458693765, -12.066694411147656, 0.0 ], [ -77.080425517698274, -12.066696634402993, 0.0 ], [ -77.080424720264787, -12.066698911377483, 0.0 ], [ -77.080424069534317, -12.066701233098076, 0.0 ], [ -77.080428187591849, -12.066702158376664, 0.0 ], [ -77.0804253242881, -12.066714502510646, 0.0 ], [ -77.08042187121174, -12.066730780927987, 0.0 ], [ -77.080419333924411, -12.066747221762842, 0.0 ], [ -77.080417720122313, -12.066763775140069, 0.0 ], [ -77.080417034700204, -12.066780390857268, 0.0 ], [ -77.080417279737389, -12.066797018515455, 0.0 ], [ -77.08041845449084, -12.066813607674236, 0.0 ], [ -77.080420555397467, -12.066830108026508, 0.0 ], [ -77.080422160295583, -12.066840405583793, 0.0 ], [ -77.080425319119442, -12.066860089092502, 0.0 ], [ -77.080427163720444, -12.066879933743008, 0.0 ], [ -77.080427686205894, -12.066899854621436, 0.0 ], [ -77.080426884340227, -12.066919766507304, 0.0 ], [ -77.080424761553715, -12.066939584204555, 0.0 ], [ -77.080421326928715, -12.06695922291231, 0.0 ], [ -77.080416595159903, -12.066978598622912, 0.0 ], [ -77.080412525817508, -12.066977496258787, 0.0 ], [ -77.080410318144729, -12.066976898211456, 0.0 ], [ -77.080409979014803, -12.066986077065524, 0.0 ], [ -77.080410311003234, -12.066986745792503, 0.0 ], [ -77.080410686631225, -12.066987391774481, 0.0 ], [ -77.080411104296616, -12.066988012244078, 0.0 ], [ -77.080411562218501, -12.066988604562058, 0.0 ], [ -77.080412058444054, -12.066989166202513, 0.0 ], [ -77.080412590856938, -12.066989694767882, 0.0 ], [ -77.080413157186882, -12.066990188006143, 0.0 ], [ -77.080413755018554, -12.06699064381287, 0.0 ], [ -77.080414381802811, -12.06699106024457, 0.0 ], [ -77.080415652060466, -12.066991644775214, 0.0 ], [ -77.080416949309225, -12.066992168742321, 0.0 ], [ -77.080418270570803, -12.06699263095021, 0.0 ], [ -77.080419612811738, -12.066993030337667, 0.0 ], [ -77.08042097295052, -12.066993365988226, 0.0 ], [ -77.080422347863887, -12.066993637125842, 0.0 ], [ -77.080423734395424, -12.066993843130309, 0.0 ], [ -77.080426665390007, -12.066993677329723, 0.0 ], [ -77.080429580011767, -12.066993330634073, 0.0 ], [ -77.080432466746132, -12.066992804406727, 0.0 ], [ -77.080435314188421, -12.066992100730427, 0.0 ], [ -77.080438111089634, -12.066991222384903, 0.0 ], [ -77.080440846399725, -12.066990172835776, 0.0 ], [ -77.080443509312829, -12.066988956236383, 0.0 ], [ -77.080446089308566, -12.066987577388662, 0.0 ], [ -77.080448576194172, -12.066986041740721, 0.0 ], [ -77.080450960145015, -12.066984355358468, 0.0 ], [ -77.080453231742723, -12.066982524908019, 0.0 ], [ -77.080455650210567, -12.066980395106157, 0.0 ], [ -77.080457901929975, -12.066978095018039, 0.0 ], [ -77.080459974556078, -12.066975637253265, 0.0 ], [ -77.080461856726018, -12.06697303528879, 0.0 ], [ -77.080463538121236, -12.066970303393225, 0.0 ], [ -77.080465009522896, -12.06696745654023, 0.0 ], [ -77.080466262864505, -12.066964510336177, 0.0 ] ] ] ] } },
{ "type": "Feature", "properties": { "Nombre": null, "Perimetro": 51.316, "Área": 23.233, "Uso": "Áreas de uso administrativo", "Proy riego": "Por validar con unidad", "Riego act": "Sin riego tecnificado", "Referenc_1": null, "código": null, "ID": null }, "geometry": { "type": "MultiPolygon", "coordinates": [ [ [ [ -77.080105278373622, -12.067003527061221, 0.0 ], [ -77.080105107780767, -12.067009847987835, 0.0 ], [ -77.08026011309471, -12.067013900219935, 0.0 ], [ -77.080261260672486, -12.067004889425261, 0.0 ], [ -77.080047811814879, -12.066999309307651, 0.0 ], [ -77.080037841801385, -12.067008089457465, 0.0 ], [ -77.080098682202035, -12.067009680005038, 0.0 ], [ -77.080098852795032, -12.067003359078431, 0.0 ], [ -77.080105278373622, -12.067003527061221, 0.0 ] ] ] ] } },
{ "type": "Feature", "properties": { "Nombre": null, "Perimetro": 37.108, "Área": 57.749, "Uso": "Áreas de uso recreativo/descanso", "Proy riego": "Falta aspersión", "Riego act": "Sin riego tecnificado", "Referenc_1": null, "código": null, "ID": null }, "geometry": { "type": "MultiPolygon", "coordinates": [ [ [ [ -77.080107238257625, -12.066188026669328, 0.0 ], [ -77.080236025042538, -12.066191275578543, 0.0 ], [ -77.08024956504012, -12.066169717456518, 0.0 ], [ -77.080238273173123, -12.066164898944107, 0.0 ], [ -77.080226692387782, -12.066160798123803, 0.0 ], [ -77.080214869718262, -12.06615743163772, 0.0 ], [ -77.08020285318203, -12.066154813169801, 0.0 ], [ -77.080190691583311, -12.066152953351267, 0.0 ], [ -77.080178434315755, -12.066151859738321, 0.0 ], [ -77.080166131161519, -12.066151536768462, 0.0 ], [ -77.08015383208911, -12.066151985753345, 0.0 ], [ -77.080141587050491, -12.066153204871677, 0.0 ], [ -77.080129445778113, -12.06615518917075, 0.0 ], [ -77.080117457583128, -12.066157930595947, 0.0 ], [ -77.080105671154868, -12.066161418003025, 0.0 ], [ -77.080094134363222, -12.066165637241784, 0.0 ], [ -77.080107238257625, -12.066188026669328, 0.0 ] ] ] ] } },
{ "type": "Feature", "properties": { "Nombre": null, "Perimetro": 26.37, "Área": 42.594, "Uso": "Áreas de manejo sostenible y reducción de consumo de agua", "Proy riego": "Goteo", "Riego act": "Sin riego tecnificado", "Referenc_1": null, "código": null, "ID": null }, "geometry": { "type": "MultiPolygon", "coordinates": [ [ [ [ -77.081600555707169, -12.067127139835188, 0.0 ], [ -77.081531183830634, -12.067124984745202, 0.0 ], [ -77.081530697224707, -12.0671762383427, 0.0 ], [ -77.081598478617451, -12.067178344020876, 0.0 ], [ -77.081598522072099, -12.067176989055701, 0.0 ], [ -77.081599360147464, -12.06717701509101, 0.0 ], [ -77.081600555707169, -12.067127139835188, 0.0 ] ] ] ] } },
{ "type": "Feature", "properties": { "Nombre": null, "Perimetro": 78.237, "Área": 183.546, "Uso": "Áreas de uso administrativo", "Proy riego": "Por validar con unidad", "Riego act": "Sin riego tecnificado", "Referenc_1": null, "código": "C 11", "ID": null }, "geometry": { "type": "MultiPolygon", "coordinates": [ [ [ [ -77.080722350367395, -12.067410880977038, 0.0 ], [ -77.080724913550043, -12.067236744503052, 0.0 ], [ -77.080709030437248, -12.067236303920472, 0.0 ], [ -77.080708770080278, -12.067245337891963, 0.0 ], [ -77.080684904691992, -12.067244675886995, 0.0 ], [ -77.080685165049772, -12.067235641915392, 0.0 ], [ -77.080614478143985, -12.067233681110034, 0.0 ], [ -77.080614219437763, -12.067242715127842, 0.0 ], [ -77.080613126743458, -12.067280872011908, 0.0 ], [ -77.080621087609885, -12.067281142053854, 0.0 ], [ -77.080621119893337, -12.067280021881137, 0.0 ], [ -77.080625250421022, -12.067280137192455, 0.0 ], [ -77.080625133259204, -12.067284202479719, 0.0 ], [ -77.080623985297223, -12.06728417043225, 0.0 ], [ -77.080623234744579, -12.067310213152107, 0.0 ], [ -77.08065066983859, -12.067310749427433, 0.0 ], [ -77.080650519784712, -12.067315989338967, 0.0 ], [ -77.080661189613679, -12.06731619790194, 0.0 ], [ -77.08066105868464, -12.067326279720492, 0.0 ], [ -77.0806683111675, -12.067326464377771, 0.0 ], [ -77.080666855802747, -12.067438531117002, 0.0 ], [ -77.080666702050891, -12.067450370425711, 0.0 ], [ -77.080721753523861, -12.067451429247139, 0.0 ], [ -77.080721953218585, -12.06743786240877, 0.0 ], [ -77.080703591195672, -12.067437509247558, 0.0 ], [ -77.080703988346329, -12.067410527815545, 0.0 ], [ -77.080722350367395, -12.067410880977038, 0.0 ] ] ] ] } },
{ "type": "Feature", "properties": { "Nombre": null, "Perimetro": 25.524, "Área": 38.531, "Uso": "Áreas de manejo sostenible y reducción de consumo de agua", "Proy riego": "Goteo", "Riego act": "Sin riego tecnificado", "Referenc_1": null, "código": "E 34", "ID": null }, "geometry": { "type": "MultiPolygon", "coordinates": [ [ [ [ -77.079014775278267, -12.071237788247073, 0.0 ], [ -77.078944477919279, -12.071253077177996, 0.0 ], [ -77.078954062980372, -12.071296345218629, 0.0 ], [ -77.079024804227259, -12.071280959744731, 0.0 ], [ -77.079019756539466, -12.071259031593501, 0.0 ], [ -77.079014775278267, -12.071237788247073, 0.0 ] ] ] ] } },
{ "type": "Feature", "properties": { "Nombre": null, "Perimetro": 18.966, "Área": 21.526, "Uso": "Áreas de manejo sostenible y reducción de consumo de agua", "Proy riego": "Goteo", "Riego act": "Sin riego tecnificado", "Referenc_1": null, "código": null, "ID": null }, "geometry": { "type": "MultiPolygon", "coordinates": [ [ [ [ -77.078513192030712, -12.071333174822628, 0.0 ], [ -77.078561015429855, -12.071316521689207, 0.0 ], [ -77.078553034311454, -12.071286097216568, 0.0 ], [ -77.078500637144202, -12.071298146780173, 0.0 ], [ -77.078513192030712, -12.071333174822628, 0.0 ] ] ] ] } },
{ "type": "Feature", "properties": { "Nombre": null, "Perimetro": 66.189, "Área": 52.845, "Uso": "Áreas de manejo sostenible y reducción de consumo de agua", "Proy riego": "Goteo", "Riego act": "Sin riego tecnificado", "Referenc_1": null, "código": null, "ID": null }, "geometry": { "type": "MultiPolygon", "coordinates": [ [ [ [ -77.078623217295004, -12.070856264022328, 0.0 ], [ -77.078684513237548, -12.071136779976925, 0.0 ], [ -77.078689685319318, -12.071135584365459, 0.0 ], [ -77.07869795675083, -12.071123820791554, 0.0 ], [ -77.078637880763679, -12.070853112319043, 0.0 ], [ -77.078623217295004, -12.070856264022328, 0.0 ] ] ] ] } },
{ "type": "Feature", "properties": { "Nombre": null, "Perimetro": 16.28, "Área": 16.553, "Uso": "Áreas de manejo sostenible y reducción de consumo de agua", "Proy riego": "Goteo", "Riego act": "Sin riego tecnificado", "Referenc_1": null, "código": null, "ID": null }, "geometry": { "type": "MultiPolygon", "coordinates": [ [ [ [ -77.078436300809386, -12.071233806160818, 0.0 ], [ -77.07842749481118, -12.07119727144738, 0.0 ], [ -77.07839147389285, -12.071205555016256, 0.0 ], [ -77.078401179109989, -12.071242006027513, 0.0 ], [ -77.078436300809386, -12.071233806160818, 0.0 ] ] ] ] } },
{ "type": "Feature", "properties": { "Nombre": null, "Perimetro": 27.994, "Área": 25.466, "Uso": "Áreas de uso administrativo", "Proy riego": "Por validar con unidad", "Riego act": "Sin riego tecnificado", "Referenc_1": null, "código": null, "ID": null }, "geometry": { "type": "MultiPolygon", "coordinates": [ [ [ [ -77.079111409678958, -12.070869082361215, 0.0 ], [ -77.079126952522273, -12.070975080059201, 0.0 ], [ -77.079146497641247, -12.070972333974893, 0.0 ], [ -77.079130954512507, -12.070866336318314, 0.0 ], [ -77.079111409678958, -12.070869082361215, 0.0 ] ] ] ] } },
{ "type": "Feature", "properties": { "Nombre": null, "Perimetro": 17.453, "Área": 9.956, "Uso": "Áreas de uso administrativo", "Proy riego": "Por validar con unidad", "Riego act": "Sin riego tecnificado", "Referenc_1": null, "código": null, "ID": null }, "geometry": { "type": "MultiPolygon", "coordinates": [ [ [ [ -77.078948764465508, -12.071013809228111, 0.0 ], [ -77.079015839578787, -12.071004385229214, 0.0 ], [ -77.079014068846902, -12.070992309545252, 0.0 ], [ -77.078946993736423, -12.071001733543245, 0.0 ], [ -77.078948764465508, -12.071013809228111, 0.0 ] ] ] ] } },
{ "type": "Feature", "properties": { "Nombre": null, "Perimetro": 29.615, "Área": 36.553, "Uso": "Áreas de uso administrativo", "Proy riego": "Por validar con unidad", "Riego act": "Sin riego tecnificado", "Referenc_1": null, "código": "E 26", "ID": null }, "geometry": { "type": "MultiPolygon", "coordinates": [ [ [ [ -77.079565796621893, -12.070703021104348, 0.0 ], [ -77.079559390552149, -12.070655901832254, 0.0 ], [ -77.079472457481458, -12.070668015680107, 0.0 ], [ -77.079476290393899, -12.070694773534235, 0.0 ], [ -77.079530936028974, -12.070687158840537, 0.0 ], [ -77.079533700623799, -12.070707493584061, 0.0 ], [ -77.079565796621893, -12.070703021104348, 0.0 ] ] ] ] } },
{ "type": "Feature", "properties": { "Nombre": null, "Perimetro": 10.253, "Área": 5.637, "Uso": "Áreas de uso administrativo", "Proy riego": "Por validar con unidad", "Riego act": "Sin riego tecnificado", "Referenc_1": null, "código": null, "ID": null }, "geometry": { "type": "MultiPolygon", "coordinates": [ [ [ [ -77.07953964389597, -12.070751208803136, 0.0 ], [ -77.079571733998023, -12.070746692918288, 0.0 ], [ -77.079569791283163, -12.070732403463753, 0.0 ], [ -77.0795376952818, -12.070736875944482, 0.0 ], [ -77.07953964389597, -12.070751208803136, 0.0 ] ] ] ] } },
{ "type": "Feature", "properties": { "Nombre": null, "Perimetro": 59.259, "Área": 81.189, "Uso": "Áreas de uso administrativo", "Proy riego": "Por validar con unidad", "Riego act": "Sin riego tecnificado", "Referenc_1": null, "código": "E 43", "ID": null }, "geometry": { "type": "MultiPolygon", "coordinates": [ [ [ [ -77.079134756421453, -12.070715072990282, 0.0 ], [ -77.078893232489293, -12.070748728141488, 0.0 ], [ -77.078896955150284, -12.07077624223327, 0.0 ], [ -77.079138740248808, -12.070742271597998, 0.0 ], [ -77.07913498813366, -12.070716683696402, 0.0 ], [ -77.079134756421453, -12.070715072990282, 0.0 ] ] ] ] } },
{ "type": "Feature", "properties": { "Nombre": null, "Perimetro": 28.373, "Área": 29.486, "Uso": "Áreas de uso administrativo", "Proy riego": "Por validar con unidad", "Riego act": "Sin riego tecnificado", "Referenc_1": null, "código": null, "ID": null }, "geometry": { "type": "MultiPolygon", "coordinates": [ [ [ [ -77.079395258818266, -12.071103443793714, 0.0 ], [ -77.07941055286102, -12.071207741874446, 0.0 ], [ -77.079433551872413, -12.07120451049456, 0.0 ], [ -77.079418258099608, -12.071100212377404, 0.0 ], [ -77.079395258818266, -12.071103443793714, 0.0 ] ] ] ] } },
{ "type": "Feature", "properties": { "Nombre": null, "Perimetro": 13.517, "Área": 7.179, "Uso": "Áreas de uso administrativo", "Proy riego": "Por validar con unidad", "Riego act": "Sin riego tecnificado", "Referenc_1": null, "código": null, "ID": null }, "geometry": { "type": "MultiPolygon", "coordinates": [ [ [ [ -77.07964389951907, -12.070888767610263, 0.0 ], [ -77.079645596780509, -12.070900630050263, 0.0 ], [ -77.079695063597725, -12.070893668802883, 0.0 ], [ -77.079693347343735, -12.070881905661476, 0.0 ], [ -77.07964389951907, -12.070888767610263, 0.0 ] ] ] ] } },
{ "type": "Feature", "properties": { "Nombre": null, "Perimetro": 184.032, "Área": 1321.441, "Uso": "Áreas de manejo sostenible y reducción de consumo de agua", "Proy riego": "Goteo", "Riego act": "Sin riego tecnificado", "Referenc_1": null, "código": "E 1", "ID": null }, "geometry": { "type": "MultiPolygon", "coordinates": [ [ [ [ -77.078143278835043, -12.069475563899761, 0.0 ], [ -77.078143425674057, -12.069478090339455, 0.0 ], [ -77.078098700884084, -12.069480846543318, 0.0 ], [ -77.078101580235185, -12.069530387360476, 0.0 ], [ -77.078099788000884, -12.069623369760718, 0.0 ], [ -77.078131500899119, -12.069620730802374, 0.0 ], [ -77.078127050225618, -12.069576041985236, 0.0 ], [ -77.078297755107272, -12.069560105046397, 0.0 ], [ -77.078472925137419, -12.069544225154962, 0.0 ], [ -77.078477328996144, -12.069588307372269, 0.0 ], [ -77.078494260896633, -12.069586903368808, 0.0 ], [ -77.078495815789509, -12.069586608911949, 0.0 ], [ -77.078497362596906, -12.069586275753345, 0.0 ], [ -77.078498900324192, -12.069585904100293, 0.0 ], [ -77.078500427982618, -12.069585494195053, 0.0 ], [ -77.07850194459013, -12.069585046303535, 0.0 ], [ -77.078503449171322, -12.069584560706685, 0.0 ], [ -77.078504940759117, -12.069584037722507, 0.0 ], [ -77.078505494301496, -12.069561142817856, 0.0 ], [ -77.0785062026426, -12.06953759867986, 0.0 ], [ -77.078491900169283, -12.069537199808666, 0.0 ], [ -77.078492290037005, -12.069523658541366, 0.0 ], [ -77.078506604242833, -12.069524250126303, 0.0 ], [ -77.078506867720137, -12.069515492560969, 0.0 ], [ -77.078510801449582, -12.069380074193871, 0.0 ], [ -77.078510924624752, -12.069378390209577, 0.0 ], [ -77.078511017137714, -12.069376704318278, 0.0 ], [ -77.078511078958812, -12.069375017065992, 0.0 ], [ -77.078511110068462, -12.069373328997989, 0.0 ], [ -77.078511110456859, -12.069371640657351, 0.0 ], [ -77.078511080123349, -12.069369952576352, 0.0 ], [ -77.078511019077837, -12.069368265297916, 0.0 ], [ -77.078502858889792, -12.069369406987402, 0.0 ], [ -77.078501514807101, -12.069360101421955, 0.0 ], [ -77.078509800523705, -12.069358942169846, 0.0 ], [ -77.078509280151579, -12.069356103423244, 0.0 ], [ -77.078508691970839, -12.069353277526339, 0.0 ], [ -77.07850803630825, -12.069350466049137, 0.0 ], [ -77.078507313527709, -12.069347670559734, 0.0 ], [ -77.078506524030715, -12.069344892606589, 0.0 ], [ -77.078505668255289, -12.069342133731441, 0.0 ], [ -77.078504746676288, -12.069339395460911, 0.0 ], [ -77.078502811270695, -12.069333842382227, 0.0 ], [ -77.078500688715209, -12.069328355944501, 0.0 ], [ -77.078498381372526, -12.069322942245147, 0.0 ], [ -77.07849589181123, -12.069317607317799, 0.0 ], [ -77.078493222802919, -12.069312357106231, 0.0 ], [ -77.078490377318715, -12.069307197442834, 0.0 ], [ -77.078487358526402, -12.069302134082076, 0.0 ], [ -77.078482826499084, -12.069295058816792, 0.0 ], [ -77.078477991864276, -12.069288180315393, 0.0 ], [ -77.078472863427521, -12.06928151109714, 0.0 ], [ -77.078467450529914, -12.069275063320726, 0.0 ], [ -77.078461763030234, -12.069268848725098, 0.0 ], [ -77.07845581128791, -12.069262878625295, 0.0 ], [ -77.078449606143337, -12.069257163903348, 0.0 ], [ -77.078445234595833, -12.069253387721886, 0.0 ], [ -77.078440741512267, -12.069249752354132, 0.0 ], [ -77.078436131572616, -12.069246261571093, 0.0 ], [ -77.078431409578698, -12.069242919023765, 0.0 ], [ -77.07842658044882, -12.069239728187721, 0.0 ], [ -77.078421649213269, -12.069236692380422, 0.0 ], [ -77.07841662100833, -12.069233814773298, 0.0 ], [ -77.078411436246952, -12.069231125123455, 0.0 ], [ -77.078406179753401, -12.069228573906804, 0.0 ], [ -77.078400855342423, -12.069226162966064, 0.0 ], [ -77.078395466877893, -12.069223894058705, 0.0 ], [ -77.078390018270298, -12.069221768827639, 0.0 ], [ -77.078384513473907, -12.069219788814177, 0.0 ], [ -77.078378956483888, -12.069217955464437, 0.0 ], [ -77.078371970327666, -12.069215944226039, 0.0 ], [ -77.078364915139559, -12.069214181802403, 0.0 ], [ -77.07835780006377, -12.069212670463273, 0.0 ], [ -77.078350634322817, -12.069211412176065, 0.0 ], [ -77.0783434272048, -12.069210408573696, 0.0 ], [ -77.078336188051267, -12.069209660950392, 0.0 ], [ -77.078328926245518, -12.069209170280145, 0.0 ], [ -77.078247511898851, -12.069212833968992, 0.0 ], [ -77.078249507178924, -12.06924747214352, 0.0 ], [ -77.078252257579166, -12.069247318678311, 0.0 ], [ -77.07825238752018, -12.069249574460301, 0.0 ], [ -77.07824963711991, -12.069249727925513, 0.0 ], [ -77.078251778548051, -12.069286903212763, 0.0 ], [ -77.07825452894869, -12.069286749747485, 0.0 ], [ -77.07825465888979, -12.069289005529463, 0.0 ], [ -77.078251908489136, -12.069289158994742, 0.0 ], [ -77.078249616488563, -12.069289286882466, 0.0 ], [ -77.07825145720372, -12.069321241761713, 0.0 ], [ -77.078251940585844, -12.069329633289108, 0.0 ], [ -77.078190421797117, -12.069334006833847, 0.0 ], [ -77.078194734942826, -12.069408216581223, 0.0 ], [ -77.078194955215025, -12.069412006467577, 0.0 ], [ -77.078139770426958, -12.069415199918385, 0.0 ], [ -77.078143278835043, -12.069475563899761, 0.0 ] ] ] ] } },
{ "type": "Feature", "properties": { "Nombre": null, "Perimetro": 117.147, "Área": 113.776, "Uso": "Áreas de manejo sostenible y reducción de consumo de agua", "Proy riego": "Goteo", "Riego act": "Sin riego tecnificado", "Referenc_1": null, "código": "E 10", "ID": null }, "geometry": { "type": "MultiPolygon", "coordinates": [ [ [ [ -77.078482030549694, -12.069795254520795, 0.0 ], [ -77.07847843966303, -12.069904434824654, 0.0 ], [ -77.078477254283214, -12.069944517749864, 0.0 ], [ -77.078475571637554, -12.070001186516269, 0.0 ], [ -77.078473381422597, -12.07007305746551, 0.0 ], [ -77.078471154100072, -12.070147694030856, 0.0 ], [ -77.07846947478275, -12.070212121512931, 0.0 ], [ -77.078476876228677, -12.070210553459104, 0.0 ], [ -77.07847754156623, -12.070210398608635, 0.0 ], [ -77.078478194902146, -12.070210200346455, 0.0 ], [ -77.078478833315117, -12.070209959552296, 0.0 ], [ -77.078479453950891, -12.070209677309789, 0.0 ], [ -77.0784800540346, -12.070209354874361, 0.0 ], [ -77.078480630883533, -12.070208993696836, 0.0 ], [ -77.078481181918349, -12.070208595382411, 0.0 ], [ -77.078481704675383, -12.070208161716417, 0.0 ], [ -77.078482196817646, -12.070207694642706, 0.0 ], [ -77.078482656144672, -12.070207196237696, 0.0 ], [ -77.078483080602794, -12.070206668740472, 0.0 ], [ -77.078483468294294, -12.070206114501019, 0.0 ], [ -77.078483817485861, -12.070205536005988, 0.0 ], [ -77.078484126616232, -12.070204935835555, 0.0 ], [ -77.078484394303388, -12.07020431667415, 0.0 ], [ -77.078484619350377, -12.070203681286696, 0.0 ], [ -77.078484800751156, -12.070203032526253, 0.0 ], [ -77.078485069022307, -12.070202028956345, 0.0 ], [ -77.07848529202974, -12.070201014719022, 0.0 ], [ -77.078485469338801, -12.070199991772879, 0.0 ], [ -77.078485600604111, -12.070198962130927, 0.0 ], [ -77.078485685569788, -12.07019792779041, 0.0 ], [ -77.078485724070219, -12.070196890758691, 0.0 ], [ -77.078485716030485, -12.070195853073971, 0.0 ], [ -77.078491136406839, -12.070014211565786, 0.0 ], [ -77.078499701360826, -12.06973771994404, 0.0 ], [ -77.078497978917881, -12.06973766374621, 0.0 ], [ -77.078497348424762, -12.069737936483063, 0.0 ], [ -77.078484875698436, -12.069726452393077, 0.0 ], [ -77.078483523166824, -12.069726399879055, 0.0 ], [ -77.0784750219796, -12.069727199742484, 0.0 ], [ -77.078444044034725, -12.069730114406788, 0.0 ], [ -77.078443990403244, -12.069730790169618, 0.0 ], [ -77.078449424116528, -12.069778014695558, 0.0 ], [ -77.078481825235755, -12.069778197004524, 0.0 ], [ -77.078481821298539, -12.069778874814604, 0.0 ], [ -77.0784825843091, -12.06977889983953, 0.0 ], [ -77.078482545275563, -12.069780052652472, 0.0 ], [ -77.078482030549694, -12.069795254520795, 0.0 ] ] ] ] } },
{ "type": "Feature", "properties": { "Nombre": null, "Perimetro": 108.825, "Área": 75.506, "Uso": "Áreas de manejo sostenible y reducción de consumo de agua", "Proy riego": "Goteo", "Riego act": "Sin riego tecnificado", "Referenc_1": null, "código": "E 13", "ID": null }, "geometry": { "type": "MultiPolygon", "coordinates": [ [ [ [ -77.078503909654344, -12.070320249712713, 0.0 ], [ -77.078609064935662, -12.070791638061534, 0.0 ], [ -77.078609373132338, -12.070793005657723, 0.0 ], [ -77.078621779842592, -12.070789657153645, 0.0 ], [ -77.078522529679077, -12.070341337366367, 0.0 ], [ -77.078520949137328, -12.070338324525967, 0.0 ], [ -77.078519155611716, -12.070335429517106, 0.0 ], [ -77.078517158122423, -12.070332666883937, 0.0 ], [ -77.078514966715602, -12.070330050533901, 0.0 ], [ -77.078512592412352, -12.070327593619432, 0.0 ], [ -77.078510047153969, -12.070325308495288, 0.0 ], [ -77.078507343741322, -12.070323206660678, 0.0 ], [ -77.078506876221638, -12.07032275905034, 0.0 ], [ -77.07850640076407, -12.070322319611989, 0.0 ], [ -77.078505917515983, -12.070321888484717, 0.0 ], [ -77.078505426627515, -12.070321465798807, 0.0 ], [ -77.078504928251235, -12.070321051695347, 0.0 ], [ -77.078504422541187, -12.070320646291727, 0.0 ], [ -77.078503909654344, -12.070320249712713, 0.0 ] ] ] ] } },
{ "type": "Feature", "properties": { "Nombre": null, "Perimetro": 146.091, "Área": 342.792, "Uso": "Áreas de manejo sostenible y reducción de consumo de agua", "Proy riego": "Goteo", "Riego act": "Sin riego tecnificado", "Referenc_1": null, "código": null, "ID": null }, "geometry": { "type": "MultiPolygon", "coordinates": [ [ [ [ -77.078100477709725, -12.069530408073238, 0.0 ], [ -77.078096614838685, -12.069463945240221, 0.0 ], [ -77.078097714967981, -12.069463883304801, 0.0 ], [ -77.078098082064372, -12.069470199404259, 0.0 ], [ -77.078140515623758, -12.069467584399881, 0.0 ], [ -77.078136530055488, -12.069399010605119, 0.0 ], [ -77.078138821990919, -12.069398881572752, 0.0 ], [ -77.078139135881912, -12.069404282234663, 0.0 ], [ -77.078192028940876, -12.069401221402925, 0.0 ], [ -77.078186936843252, -12.069313609378238, 0.0 ], [ -77.078189228777859, -12.069313480345572, 0.0 ], [ -77.078189503963202, -12.069318215046707, 0.0 ], [ -77.078248740899383, -12.06931400372609, 0.0 ], [ -77.078242925055378, -12.069213040378713, 0.0 ], [ -77.078210490398931, -12.069214499948341, 0.0 ], [ -77.078206591306611, -12.069215237054062, 0.0 ], [ -77.078202715429299, -12.069216084499777, 0.0 ], [ -77.078198865989805, -12.069217041578069, 0.0 ], [ -77.07819504618864, -12.069218107495768, 0.0 ], [ -77.078191259202328, -12.069219281362932, 0.0 ], [ -77.078187508179383, -12.069220562205787, 0.0 ], [ -77.078183796238946, -12.069221948960067, 0.0 ], [ -77.078179933361668, -12.069223731286218, 0.0 ], [ -77.078176141521226, -12.069225655709882, 0.0 ], [ -77.078172426111436, -12.069227719491026, 0.0 ], [ -77.078168792417188, -12.069229919700607, 0.0 ], [ -77.078165245607678, -12.069232253201426, 0.0 ], [ -77.078161790728004, -12.069234716674048, 0.0 ], [ -77.078158432692959, -12.069237306620877, 0.0 ], [ -77.078155301517654, -12.069239924925029, 0.0 ], [ -77.078152242872108, -12.069242625004835, 0.0 ], [ -77.078149258960053, -12.069245404896197, 0.0 ], [ -77.078146351931039, -12.06924826261144, 0.0 ], [ -77.078143523879945, -12.069251196092162, 0.0 ], [ -77.078140776843867, -12.069254203209306, 0.0 ], [ -77.078138112802435, -12.069257281815945, 0.0 ], [ -77.078135205191685, -12.069261212974972, 0.0 ], [ -77.078132404432552, -12.069265218582736, 0.0 ], [ -77.078129712491616, -12.069269295813587, 0.0 ], [ -77.078127131259038, -12.069273441811236, 0.0 ], [ -77.078124662546983, -12.06927765367041, 0.0 ], [ -77.078122308089007, -12.069281928419629, 0.0 ], [ -77.078120069538272, -12.06928626306834, 0.0 ], [ -77.078117822651961, -12.069290551512019, 0.0 ], [ -77.078115714151863, -12.069294907492024, 0.0 ], [ -77.078113746131265, -12.069299326683421, 0.0 ], [ -77.078111920544103, -12.069303804703805, 0.0 ], [ -77.078110239202545, -12.069308337105076, 0.0 ], [ -77.078108703775712, -12.069312919390674, 0.0 ], [ -77.078107315787889, -12.069317547007214, 0.0 ], [ -77.078092464362669, -12.069371782128695, 0.0 ], [ -77.078078349106264, -12.069426570565295, 0.0 ], [ -77.078076047302986, -12.069435990475323, 0.0 ], [ -77.078073804053531, -12.069445424062241, 0.0 ], [ -77.078071619441516, -12.069454870967528, 0.0 ], [ -77.078069493548696, -12.069464330839342, 0.0 ], [ -77.078067426454595, -12.069473803328014, 0.0 ], [ -77.078065418236349, -12.069483288073116, 0.0 ], [ -77.07806346896912, -12.069492784727368, 0.0 ], [ -77.078096460540721, -12.069738821939383, 0.0 ], [ -77.078100477709725, -12.069530408073238, 0.0 ] ] ] ] } },
{ "type": "Feature", "properties": { "Nombre": null, "Perimetro": 88.467, "Área": 499.844, "Uso": "Áreas de uso administrativo", "Proy riego": "Por validar con unidad", "Riego act": "Sin riego tecnificado", "Referenc_1": null, "código": "E 21", "ID": null }, "geometry": { "type": "MultiPolygon", "coordinates": [ [ [ [ -77.079279840458838, -12.07042783307179, 0.0 ], [ -77.079308385766637, -12.07066375087045, 0.0 ], [ -77.079398676287198, -12.070650988575004, 0.0 ], [ -77.079506895877657, -12.070497932704813, 0.0 ], [ -77.079503911402114, -12.070462075265405, 0.0 ], [ -77.07946181200893, -12.070406251540026, 0.0 ], [ -77.079279840458838, -12.07042783307179, 0.0 ] ] ] ] } },
{ "type": "Feature", "properties": { "Nombre": null, "Perimetro": 39.232, "Área": 63.866, "Uso": "Áreas de uso administrativo", "Proy riego": "Por validar con unidad", "Riego act": "Sin riego tecnificado", "Referenc_1": null, "código": null, "ID": null }, "geometry": { "type": "MultiPolygon", "coordinates": [ [ [ [ -77.079422292487138, -12.070647650490717, 0.0 ], [ -77.079518228510125, -12.070634090179396, 0.0 ], [ -77.079509134510019, -12.070524829084006, 0.0 ], [ -77.079422292487138, -12.070647650490717, 0.0 ] ] ] ] } },
{ "type": "Feature", "properties": { "Nombre": null, "Perimetro": 10.97, "Área": 6.834, "Uso": "Áreas de uso administrativo", "Proy riego": "Por validar con unidad", "Riego act": "Sin riego tecnificado", "Referenc_1": null, "código": null, "ID": null }, "geometry": { "type": "MultiPolygon", "coordinates": [ [ [ [ -77.07953493731722, -12.070613446253782, 0.0 ], [ -77.079536454392368, -12.070631673331679, 0.0 ], [ -77.07956942626123, -12.070627065675572, 0.0 ], [ -77.079567072019586, -12.070610861763525, 0.0 ], [ -77.07953493731722, -12.070613446253782, 0.0 ] ] ] ] } },
{ "type": "Feature", "properties": { "Nombre": null, "Perimetro": 14.268, "Área": 8.669, "Uso": "Áreas de uso administrativo", "Proy riego": "Por validar con unidad", "Riego act": "Sin riego tecnificado", "Referenc_1": null, "código": null, "ID": null }, "geometry": { "type": "MultiPolygon", "coordinates": [ [ [ [ -77.079580825555865, -12.070609755609913, 0.0 ], [ -77.079583063625336, -12.070625159920022, 0.0 ], [ -77.079633703676578, -12.070618083212279, 0.0 ], [ -77.079631987295471, -12.070605640826342, 0.0 ], [ -77.079580825555865, -12.070609755609913, 0.0 ] ] ] ] } },
{ "type": "Feature", "properties": { "Nombre": "Jardín Comedor Arte Antiguo", "Perimetro": 91.141, "Área": 395.956, "Uso": "Áreas de uso recreativo/descanso", "Proy riego": "Falta aspersión", "Riego act": "Sin riego tecnificado", "Referenc_1": "Espacio entre bancas, más pegado a EEGGCC", "código": "E 24", "ID": null }, "geometry": { "type": "MultiPolygon", "coordinates": [ [ [ [ -77.079668388297804, -12.070315322286401, 0.0 ], [ -77.079679091190926, -12.070438518296291, 0.0 ], [ -77.079847313218991, -12.070570499222198, 0.0 ], [ -77.079850678869192, -12.070571258905204, 0.0 ], [ -77.079851791443801, -12.070570619869333, 0.0 ], [ -77.079851730096294, -12.07057050696524, 0.0 ], [ -77.079851677443457, -12.070570389890099, 0.0 ], [ -77.079851633776343, -12.070570269282886, 0.0 ], [ -77.079851599336607, -12.07057014582055, 0.0 ], [ -77.079851574314603, -12.070570020178284, 0.0 ], [ -77.07985155884883, -12.070569893051038, 0.0 ], [ -77.079851553024739, -12.070569765150614, 0.0 ], [ -77.079851556200211, -12.070569647570638, 0.0 ], [ -77.079851567525722, -12.070569530474119, 0.0 ], [ -77.079851586948351, -12.070569414411731, 0.0 ], [ -77.079851614377603, -12.070569299924973, 0.0 ], [ -77.079851649685466, -12.07056918755136, 0.0 ], [ -77.079851692707209, -12.070569077813586, 0.0 ], [ -77.079851743241818, -12.070568971221686, 0.0 ], [ -77.079851801053394, -12.070568868273025, 0.0 ], [ -77.079851865872243, -12.070568769452294, 0.0 ], [ -77.079851937395816, -12.070568675218567, 0.0 ], [ -77.079852015290371, -12.070568586011749, 0.0 ], [ -77.079852099192053, -12.070568502246161, 0.0 ], [ -77.079852188709211, -12.070568424311293, 0.0 ], [ -77.079851849116494, -12.070564807803953, 0.0 ], [ -77.079842697331785, -12.070565554385089, 0.0 ], [ -77.079840500138445, -12.07054215526599, 0.0 ], [ -77.079849651922402, -12.070541408685052, 0.0 ], [ -77.079835519902971, -12.070390908911079, 0.0 ], [ -77.079835439507121, -12.070390820626564, 0.0 ], [ -77.079835365474921, -12.070390727112287, 0.0 ], [ -77.079835298157249, -12.070390628798652, 0.0 ], [ -77.079835237873382, -12.070390526163797, 0.0 ], [ -77.079835184909115, -12.070390419686106, 0.0 ], [ -77.079835139515652, -12.070390309872227, 0.0 ], [ -77.079835101908031, -12.070390197246326, 0.0 ], [ -77.079835072264842, -12.07039008234146, 0.0 ], [ -77.07983505072643, -12.070389965701736, 0.0 ], [ -77.079835037394943, -12.070389847880184, 0.0 ], [ -77.079835032333705, -12.070389729433574, 0.0 ], [ -77.079835035203644, -12.070389616915389, 0.0 ], [ -77.079835045537493, -12.070389504825407, 0.0 ], [ -77.079835063290801, -12.070389393632393, 0.0 ], [ -77.079835088387924, -12.070389283826042, 0.0 ], [ -77.079835120721555, -12.07038917586183, 0.0 ], [ -77.079835160153465, -12.070389070214839, 0.0 ], [ -77.079835206515043, -12.070388967328057, 0.0 ], [ -77.079835259608402, -12.070388867636089, 0.0 ], [ -77.079835319206339, -12.070388771578166, 0.0 ], [ -77.079835246997987, -12.070388002590031, 0.0 ], [ -77.079826091065783, -12.070388704939205, 0.0 ], [ -77.079823893749293, -12.070365304449279, 0.0 ], [ -77.079833049680715, -12.070364602100307, 0.0 ], [ -77.079826688003493, -12.070296852912723, 0.0 ], [ -77.079826628913295, -12.070296819697703, 0.0 ], [ -77.079826563854411, -12.070296923144811, 0.0 ], [ -77.079826491535542, -12.070297021808264, 0.0 ], [ -77.079826412317544, -12.070297115196642, 0.0 ], [ -77.079826326596262, -12.07029720284798, 0.0 ], [ -77.079826234799796, -12.070297284325987, 0.0 ], [ -77.079826137386348, -12.070297359217824, 0.0 ], [ -77.079826034842299, -12.070297427153536, 0.0 ], [ -77.079825927679749, -12.070297487788846, 0.0 ], [ -77.079825816433782, -12.070297540826697, 0.0 ], [ -77.079825701659828, -12.070297586004365, 0.0 ], [ -77.079825583931083, -12.070297623089159, 0.0 ], [ -77.07982546383522, -12.070297651895677, 0.0 ], [ -77.079825341972153, -12.070297672285847, 0.0 ], [ -77.079825218950162, -12.070297684155994, 0.0 ], [ -77.07982509538374, -12.070297687449813, 0.0 ], [ -77.079824971889551, -12.070297682141149, 0.0 ], [ -77.079824849084616, -12.070297668264175, 0.0 ], [ -77.079824727581894, -12.070297645887573, 0.0 ], [ -77.079824607988087, -12.070297615123167, 0.0 ], [ -77.079824490900521, -12.070297576121639, 0.0 ], [ -77.079824376903616, -12.070297529076859, 0.0 ], [ -77.079824266566732, -12.070297474230223, 0.0 ], [ -77.079824160440793, -12.070297411853426, 0.0 ], [ -77.079824059055838, -12.07029734225279, 0.0 ], [ -77.079823962917843, -12.070297265782241, 0.0 ], [ -77.079823872506893, -12.070297182817429, 0.0 ], [ -77.079823788274624, -12.070297093777315, 0.0 ], [ -77.079823710641563, -12.07029699910696, 0.0 ], [ -77.079823639995269, -12.070296899273208, 0.0 ], [ -77.07982357668844, -12.070296794781958, 0.0 ], [ -77.079823521037497, -12.070296686152304, 0.0 ], [ -77.079823473320005, -12.07029657392518, 0.0 ], [ -77.079823433774266, -12.070296458659053, 0.0 ], [ -77.079823402597839, -12.070296340934238, 0.0 ], [ -77.079823379946589, -12.070296221337815, 0.0 ], [ -77.079823365933208, -12.070296100465857, 0.0 ], [ -77.079823360627699, -12.070295978918853, 0.0 ], [ -77.079823363733368, -12.070295862467885, 0.0 ], [ -77.079823374832856, -12.070295746493549, 0.0 ], [ -77.079823393875287, -12.070295631520006, 0.0 ], [ -77.079823420773636, -12.07029551808014, 0.0 ], [ -77.079823455404465, -12.070295406689873, 0.0 ], [ -77.079823497609581, -12.070295297858912, 0.0 ], [ -77.079823547195659, -12.070295192088622, 0.0 ], [ -77.079823603935523, -12.070295089854756, 0.0 ], [ -77.079823667569599, -12.070294991637617, 0.0 ], [ -77.079823737806393, -12.07029489787465, 0.0 ], [ -77.079823814324698, -12.070294809003528, 0.0 ], [ -77.079823896773888, -12.070294725427663, 0.0 ], [ -77.079823984776652, -12.070294647529115, 0.0 ], [ -77.079824077930184, -12.070294575668592, 0.0 ], [ -77.079824175807872, -12.070294510172509, 0.0 ], [ -77.079824277961833, -12.070294451337258, 0.0 ], [ -77.07982438392412, -12.070294399437842, 0.0 ], [ -77.079824493209955, -12.070294354706295, 0.0 ], [ -77.079824605319018, -12.070294317353216, 0.0 ], [ -77.079824719737857, -12.070294287546206, 0.0 ], [ -77.079824835942858, -12.070294265422772, 0.0 ], [ -77.079824953401811, -12.070294251081716, 0.0 ], [ -77.079825071577332, -12.070294244591684, 0.0 ], [ -77.079825189928215, -12.070294245982584, 0.0 ], [ -77.079825307912628, -12.070294255245535, 0.0 ], [ -77.07982542499056, -12.070294272337177, 0.0 ], [ -77.079825540626018, -12.070294297188241, 0.0 ], [ -77.079825654289579, -12.070294329673402, 0.0 ], [ -77.079825765460825, -12.070294369650021, 0.0 ], [ -77.07982587363108, -12.070294416932278, 0.0 ], [ -77.079825978304882, -12.070294471308401, 0.0 ], [ -77.079826079003212, -12.070294532523386, 0.0 ], [ -77.07982617526487, -12.070294600300565, 0.0 ], [ -77.07982626664942, -12.070294674328629, 0.0 ], [ -77.079826352738493, -12.070294754276709, 0.0 ], [ -77.07982643313774, -12.070294839762044, 0.0 ], [ -77.079826507479439, -12.070294930406419, 0.0 ], [ -77.079826192958151, -12.070291580885069, 0.0 ], [ -77.079679560798212, -12.070304825109108, 0.0 ], [ -77.079668388297804, -12.070315322286401, 0.0 ] ] ] ] } },
{ "type": "Feature", "properties": { "Nombre": "Jardín Comedor Arte Antiguo", "Perimetro": 95.254, "Área": 451.822, "Uso": "Áreas de uso recreativo/descanso", "Proy riego": "Falta aspersión", "Riego act": "Sin riego tecnificado", "Referenc_1": "Exterior del Comedor de Arte Antiguo", "código": "E 23", "ID": null }, "geometry": { "type": "MultiPolygon", "coordinates": [ [ [ [ -77.079678391731164, -12.070291317320937, 0.0 ], [ -77.079756215142581, -12.070284288104471, 0.0 ], [ -77.079755479683158, -12.07027573272528, 0.0 ], [ -77.079783491526584, -12.070272476569274, 0.0 ], [ -77.079784288920365, -12.070281752401216, 0.0 ], [ -77.079825031160979, -12.070278072441408, 0.0 ], [ -77.079811132642703, -12.070128800422088, 0.0 ], [ -77.079811057775515, -12.070128698807874, 0.0 ], [ -77.079810990629099, -12.070128592102167, 0.0 ], [ -77.079810931560232, -12.070128480858425, 0.0 ], [ -77.079810880882931, -12.070128365679794, 0.0 ], [ -77.079810838866507, -12.070128247169764, 0.0 ], [ -77.07981080573424, -12.070128125964484, 0.0 ], [ -77.07981078166236, -12.070128002711229, 0.0 ], [ -77.079810766778635, -12.070127878049018, 0.0 ], [ -77.079810761162335, -12.070127752658225, 0.0 ], [ -77.07981076449687, -12.070127632527093, 0.0 ], [ -77.079810776337752, -12.070127512922848, 0.0 ], [ -77.079810796627314, -12.070127394419046, 0.0 ], [ -77.079810825266563, -12.070127277600379, 0.0 ], [ -77.07981086211592, -12.070127163032447, 0.0 ], [ -77.079810906996073, -12.070127051270372, 0.0 ], [ -77.079810959688288, -12.070126942865633, 0.0 ], [ -77.079810952323143, -12.070126863762891, 0.0 ], [ -77.079810101900719, -12.070126385733555, 0.0 ], [ -77.079801730656797, -12.070126858952932, 0.0 ], [ -77.079799550681471, -12.070103445676452, 0.0 ], [ -77.079808723618825, -12.070102927138164, 0.0 ], [ -77.07979773390197, -12.069984895780689, 0.0 ], [ -77.079646510133841, -12.070112966360888, 0.0 ], [ -77.079646646888861, -12.070114496847596, 0.0 ], [ -77.07964993996741, -12.070114211825883, 0.0 ], [ -77.079664985329188, -12.070282590974772, 0.0 ], [ -77.079678391731164, -12.070291317320937, 0.0 ] ] ] ] } },
{ "type": "Feature", "properties": { "Nombre": null, "Perimetro": 12.233, "Área": 7.834, "Uso": "Áreas de uso administrativo", "Proy riego": "Por validar con unidad", "Riego act": "Sin riego tecnificado", "Referenc_1": null, "código": null, "ID": null }, "geometry": { "type": "MultiPolygon", "coordinates": [ [ [ [ -77.079404749556048, -12.070250630562711, 0.0 ], [ -77.079406723799167, -12.070266898937883, 0.0 ], [ -77.079445857551235, -12.070262413601364, 0.0 ], [ -77.07944387160083, -12.070245899636605, 0.0 ], [ -77.079404749556048, -12.070250630562711, 0.0 ] ] ] ] } },
{ "type": "Feature", "properties": { "Nombre": null, "Perimetro": 17.649, "Área": 11.972, "Uso": "Áreas de uso administrativo", "Proy riego": "Por validar con unidad", "Riego act": "Sin riego tecnificado", "Referenc_1": null, "código": null, "ID": null }, "geometry": { "type": "MultiPolygon", "coordinates": [ [ [ [ -77.079395119962058, -12.070385420017788, 0.0 ], [ -77.079397304835084, -12.070400544941899, 0.0 ], [ -77.079462326399778, -12.070392820934721, 0.0 ], [ -77.079460518620124, -12.07037792431284, 0.0 ], [ -77.079396396923357, -12.07038527365828, 0.0 ], [ -77.079395119962058, -12.070385420017788, 0.0 ] ] ] ] } },
{ "type": "Feature", "properties": { "Nombre": null, "Perimetro": 16.776, "Área": 17.569, "Uso": "Áreas de uso administrativo", "Proy riego": "Por validar con unidad", "Riego act": "Sin riego tecnificado", "Referenc_1": null, "código": null, "ID": null }, "geometry": { "type": "MultiPolygon", "coordinates": [ [ [ [ -77.07935837182481, -12.070256238892767, 0.0 ], [ -77.079321459078614, -12.070260702642891, 0.0 ], [ -77.079326202490961, -12.070299738153427, 0.0 ], [ -77.079363093449132, -12.070295095057729, 0.0 ], [ -77.07935837182481, -12.070256238892767, 0.0 ] ] ] ] } },
{ "type": "Feature", "properties": { "Nombre": null, "Perimetro": 47.842, "Área": 66.023, "Uso": "Áreas de uso administrativo", "Proy riego": "Por validar con unidad", "Riego act": "Sin riego tecnificado", "Referenc_1": null, "código": null, "ID": null }, "geometry": { "type": "MultiPolygon", "coordinates": [ [ [ [ -77.079261031541549, -12.070268009957019, 0.0 ], [ -77.07927816683609, -12.07041469748005, 0.0 ], [ -77.079324753356659, -12.070409163420539, 0.0 ], [ -77.079319676710526, -12.070365704636291, 0.0 ], [ -77.07929747277106, -12.070368499221237, 0.0 ], [ -77.079289675885875, -12.070304335386785, 0.0 ], [ -77.079312448083797, -12.070301469281739, 0.0 ], [ -77.079307696548028, -12.07026236690408, 0.0 ], [ -77.079261031541549, -12.070268009957019, 0.0 ] ] ] ] } },
{ "type": "Feature", "properties": { "Nombre": null, "Perimetro": 17.967, "Área": 20.036, "Uso": "Áreas de uso administrativo", "Proy riego": "Por validar con unidad", "Riego act": "Sin riego tecnificado", "Referenc_1": null, "código": null, "ID": null }, "geometry": { "type": "MultiPolygon", "coordinates": [ [ [ [ -77.079370890350802, -12.070359258887347, 0.0 ], [ -77.079333361762693, -12.070363982236518, 0.0 ], [ -77.079338651358697, -12.070407512461401, 0.0 ], [ -77.079376211729979, -12.070403050619593, 0.0 ], [ -77.079370890350802, -12.070359258887347, 0.0 ] ] ] ] } },
{ "type": "Feature", "properties": { "Nombre": null, "Perimetro": 25.463, "Área": 15.653, "Uso": "Áreas de uso administrativo", "Proy riego": "Por validar con unidad", "Riego act": "Sin riego tecnificado", "Referenc_1": null, "código": null, "ID": null }, "geometry": { "type": "MultiPolygon", "coordinates": [ [ [ [ -77.079171874895835, -12.070411541523166, 0.0 ], [ -77.079173777656976, -12.070427388206493, 0.0 ], [ -77.079243478398624, -12.070418886453501, 0.0 ], [ -77.079242821645124, -12.070413411441294, 0.0 ], [ -77.079261053386858, -12.070411187620431, 0.0 ], [ -77.079261710140713, -12.070416662632521, 0.0 ], [ -77.079264945732589, -12.07041626797033, 0.0 ], [ -77.079262804887549, -12.070398420869324, 0.0 ], [ -77.079250515128393, -12.070400030264905, 0.0 ], [ -77.079250930196523, -12.07040349047157, 0.0 ], [ -77.079183843958248, -12.070411129832763, 0.0 ], [ -77.079183737087902, -12.070410227738407, 0.0 ], [ -77.079171874895835, -12.070411541523166, 0.0 ] ] ] ] } },
{ "type": "Feature", "properties": { "Nombre": null, "Perimetro": 5.78, "Área": 2.07, "Uso": "Áreas de uso administrativo", "Proy riego": "Por validar con unidad", "Riego act": "Sin riego tecnificado", "Referenc_1": null, "código": null, "ID": null }, "geometry": { "type": "MultiPolygon", "coordinates": [ [ [ [ -77.079163679682082, -12.070343289642178, 0.0 ], [ -77.07916538228659, -12.070357469382277, 0.0 ], [ -77.079177330086068, -12.070356146116552, 0.0 ], [ -77.079175649931017, -12.070341963890188, 0.0 ], [ -77.079163679682082, -12.070343289642178, 0.0 ] ] ] ] } },
{ "type": "Feature", "properties": { "Nombre": null, "Perimetro": 5.763, "Área": 2.068, "Uso": "Áreas de uso administrativo", "Proy riego": "Por validar con unidad", "Riego act": "Sin riego tecnificado", "Referenc_1": null, "código": null, "ID": null }, "geometry": { "type": "MultiPolygon", "coordinates": [ [ [ [ -77.079239896432782, -12.070311507682126, 0.0 ], [ -77.079241546051549, -12.070325259708717, 0.0 ], [ -77.079253869435348, -12.070323930652048, 0.0 ], [ -77.079252219815984, -12.070310178625633, 0.0 ], [ -77.079239896432782, -12.070311507682126, 0.0 ] ] ] ] } },
{ "type": "Feature", "properties": { "Nombre": null, "Perimetro": 5.3, "Área": 1.755, "Uso": "Áreas de uso administrativo", "Proy riego": "Por validar con unidad", "Riego act": "Sin riego tecnificado", "Referenc_1": null, "código": null, "ID": null }, "geometry": { "type": "MultiPolygon", "coordinates": [ [ [ [ -77.079248037096207, -12.070379372199024, 0.0 ], [ -77.079249454342232, -12.070391187043011, 0.0 ], [ -77.079261744101018, -12.070389577647537, 0.0 ], [ -77.079260360482337, -12.070378043141671, 0.0 ], [ -77.079248037096207, -12.070379372199024, 0.0 ] ] ] ] } },
{ "type": "Feature", "properties": { "Nombre": null, "Perimetro": 30.218, "Área": 21.679, "Uso": "Áreas de uso administrativo", "Proy riego": "Por validar con unidad", "Riego act": "Sin riego tecnificado", "Referenc_1": null, "código": null, "ID": null }, "geometry": { "type": "MultiPolygon", "coordinates": [ [ [ [ -77.079156163314181, -12.07028069131411, 0.0 ], [ -77.079159715636337, -12.070310276012204, 0.0 ], [ -77.079171738152681, -12.070308944471661, 0.0 ], [ -77.079170026230116, -12.070294494086093, 0.0 ], [ -77.079236917706609, -12.070286675561762, 0.0 ], [ -77.079238835647828, -12.070302664460023, 0.0 ], [ -77.079251159030633, -12.070301335403638, 0.0 ], [ -77.079247359808647, -12.070269663235297, 0.0 ], [ -77.079156163314181, -12.07028069131411, 0.0 ] ] ] ] } },
{ "type": "Feature", "properties": { "Nombre": null, "Perimetro": 6.104, "Área": 2.284, "Uso": "Áreas de uso administrativo", "Proy riego": "Por validar con unidad", "Riego act": "Sin riego tecnificado", "Referenc_1": null, "código": null, "ID": null }, "geometry": { "type": "MultiPolygon", "coordinates": [ [ [ [ -77.079160760996359, -12.070318982050527, 0.0 ], [ -77.079162634321747, -12.070334583603913, 0.0 ], [ -77.079174618354145, -12.070333256325428, 0.0 ], [ -77.07917276972924, -12.070317652036476, 0.0 ], [ -77.079160760996359, -12.070318982050527, 0.0 ] ] ] ] } },
{ "type": "Feature", "properties": { "Nombre": null, "Perimetro": 5.602, "Área": 1.952, "Uso": "Áreas de uso administrativo", "Proy riego": "Por validar con unidad", "Riego act": "Sin riego tecnificado", "Referenc_1": null, "código": null, "ID": null }, "geometry": { "type": "MultiPolygon", "coordinates": [ [ [ [ -77.079166427647223, -12.070366175420491, 0.0 ], [ -77.079168038697134, -12.070379592665672, 0.0 ], [ -77.079179951470877, -12.070378273279022, 0.0 ], [ -77.079178361663253, -12.07036485368128, 0.0 ], [ -77.079166427647223, -12.070366175420491, 0.0 ] ] ] ] } },
{ "type": "Feature", "properties": { "Nombre": null, "Perimetro": 5.817, "Área": 2.092, "Uso": "Áreas de uso administrativo", "Proy riego": "Por validar con unidad", "Riego act": "Sin riego tecnificado", "Referenc_1": null, "código": null, "ID": null }, "geometry": { "type": "MultiPolygon", "coordinates": [ [ [ [ -77.079169051727291, -12.070388029444919, 0.0 ], [ -77.079170782768017, -12.070402446000966, 0.0 ], [ -77.079182659360185, -12.07040113062139, 0.0 ], [ -77.079180951143869, -12.070386711537575, 0.0 ], [ -77.079169051727291, -12.070388029444919, 0.0 ] ] ] ] } },
{ "type": "Feature", "properties": { "Nombre": null, "Perimetro": 5.823, "Área": 2.108, "Uso": "Áreas de uso administrativo", "Proy riego": "Por validar con unidad", "Riego act": "Sin riego tecnificado", "Referenc_1": null, "código": null, "ID": null }, "geometry": { "type": "MultiPolygon", "coordinates": [ [ [ [ -77.079245294474532, -12.07035650838181, 0.0 ], [ -77.07924697631033, -12.07037052897708, 0.0 ], [ -77.079259299696076, -12.070369199919838, 0.0 ], [ -77.079257617859682, -12.07035517932475, 0.0 ], [ -77.079245294474532, -12.07035650838181, 0.0 ] ] ] ] } },
{ "type": "Feature", "properties": { "Nombre": null, "Perimetro": 5.721, "Área": 2.039, "Uso": "Áreas de uso administrativo", "Proy riego": "Por validar con unidad", "Riego act": "Sin riego tecnificado", "Referenc_1": null, "código": null, "ID": null }, "geometry": { "type": "MultiPolygon", "coordinates": [ [ [ [ -77.079242606836829, -12.070334102930767, 0.0 ], [ -77.079244233688968, -12.070347665159812, 0.0 ], [ -77.079256557073734, -12.070346336102862, 0.0 ], [ -77.079254930220998, -12.070332773873986, 0.0 ], [ -77.079242606836829, -12.070334102930767, 0.0 ] ] ] ] } },
{ "type": "Feature", "properties": { "Nombre": null, "Perimetro": 26.806, "Área": 15.541, "Uso": "Áreas de uso administrativo", "Proy riego": "Por validar con unidad", "Riego act": "Sin riego tecnificado", "Referenc_1": null, "código": null, "ID": null }, "geometry": { "type": "MultiPolygon", "coordinates": [ [ [ [ -77.079128391039546, -12.070394033553624, 0.0 ], [ -77.079130001281911, -12.070407952015376, 0.0 ], [ -77.079157584924374, -12.070404963404775, 0.0 ], [ -77.079146393880805, -12.070311761408067, 0.0 ], [ -77.079135229875604, -12.070312735065539, 0.0 ], [ -77.079136857277049, -12.070326288510557, 0.0 ], [ -77.079144590013584, -12.070392278440504, 0.0 ], [ -77.079128391039546, -12.070394033553624, 0.0 ] ] ] ] } },
{ "type": "Feature", "properties": { "Nombre": null, "Perimetro": 6.16, "Área": 2.372, "Uso": "Áreas de uso administrativo", "Proy riego": "Por validar con unidad", "Riego act": "Sin riego tecnificado", "Referenc_1": null, "código": null, "ID": null }, "geometry": { "type": "MultiPolygon", "coordinates": [ [ [ [ -77.079105445999573, -12.070396519582319, 0.0 ], [ -77.079107056240815, -12.070410438044391, 0.0 ], [ -77.07912102909539, -12.070408924126127, 0.0 ], [ -77.079119418853452, -12.070395005664251, 0.0 ], [ -77.079105445999573, -12.070396519582319, 0.0 ] ] ] ] } },
{ "type": "Feature", "properties": { "Nombre": null, "Perimetro": 6.148, "Área": 2.362, "Uso": "Áreas de uso administrativo", "Proy riego": "Por validar con unidad", "Riego act": "Sin riego tecnificado", "Referenc_1": null, "código": null, "ID": null }, "geometry": { "type": "MultiPolygon", "coordinates": [ [ [ [ -77.07908252258207, -12.070399003266369, 0.0 ], [ -77.079084132822189, -12.070412921728765, 0.0 ], [ -77.079098049802823, -12.07041141386544, 0.0 ], [ -77.079096439562022, -12.070397495403238, 0.0 ], [ -77.07908252258207, -12.070399003266369, 0.0 ] ] ] ] } },
{ "type": "Feature", "properties": { "Nombre": null, "Perimetro": 6.181, "Área": 2.388, "Uso": "Áreas de uso administrativo", "Proy riego": "Por validar con unidad", "Riego act": "Sin riego tecnificado", "Referenc_1": null, "código": null, "ID": null }, "geometry": { "type": "MultiPolygon", "coordinates": [ [ [ [ -77.079059411807123, -12.070401507248121, 0.0 ], [ -77.079061022046105, -12.07041542571084, 0.0 ], [ -77.07907509149743, -12.070413901328937, 0.0 ], [ -77.079073481257751, -12.070399982866416, 0.0 ], [ -77.079059411807123, -12.070401507248121, 0.0 ] ] ] ] } },
{ "type": "Feature", "properties": { "Nombre": null, "Perimetro": 5.871, "Área": 2.148, "Uso": "Áreas de uso administrativo", "Proy riego": "Por validar con unidad", "Riego act": "Sin riego tecnificado", "Referenc_1": null, "código": null, "ID": null }, "geometry": { "type": "MultiPolygon", "coordinates": [ [ [ [ -77.079037829792924, -12.070403845591571, 0.0 ], [ -77.079039440030854, -12.070417764054612, 0.0 ], [ -77.079052093077408, -12.070416393136838, 0.0 ], [ -77.079050482838866, -12.070402474673992, 0.0 ], [ -77.079037829792924, -12.070403845591571, 0.0 ] ] ] ] } },
{ "type": "Feature", "properties": { "Nombre": null, "Perimetro": 89.259, "Área": 45.029, "Uso": "Áreas de uso administrativo", "Proy riego": "Por validar con unidad", "Riego act": "Sin riego tecnificado", "Referenc_1": null, "código": null, "ID": null }, "geometry": { "type": "MultiPolygon", "coordinates": [ [ [ [ -77.07919258503631, -12.070583155513409, 0.0 ], [ -77.079207745993244, -12.070581241399889, 0.0 ], [ -77.079206282861236, -12.070569067428139, 0.0 ], [ -77.079191045889445, -12.070570603373683, 0.0 ], [ -77.07919258503631, -12.070583155513409, 0.0 ] ] ], [ [ [ -77.079280453524817, -12.070546014569405, 0.0 ], [ -77.07926842417335, -12.07054748185355, 0.0 ], [ -77.079270156305057, -12.070561797375595, 0.0 ], [ -77.079214717076553, -12.07056840840775, 0.0 ], [ -77.07921613216395, -12.070580182621862, 0.0 ], [ -77.079283557742784, -12.070571669940405, 0.0 ], [ -77.079280453524817, -12.070546014569405, 0.0 ] ] ], [ [ [ -77.079189639890174, -12.070559137085205, 0.0 ], [ -77.07920137223411, -12.070558058053649, 0.0 ], [ -77.079200017699122, -12.070546787657543, 0.0 ], [ -77.079188252474793, -12.070547822351553, 0.0 ], [ -77.079189639890174, -12.070559137085205, 0.0 ] ] ], [ [ [ -77.079186851713672, -12.070536398778126, 0.0 ], [ -77.079198596929501, -12.070534966155053, 0.0 ], [ -77.079197356398609, -12.070524644325953, 0.0 ], [ -77.079185556083232, -12.07052583257153, 0.0 ], [ -77.079186851713672, -12.070536398778126, 0.0 ] ] ], [ [ [ -77.079265923850102, -12.070526817466245, 0.0 ], [ -77.079277953200688, -12.070525350182368, 0.0 ], [ -77.079276638949523, -12.07051448831038, 0.0 ], [ -77.079264609599392, -12.07051595559412, 0.0 ], [ -77.079265923850102, -12.070526817466245, 0.0 ] ] ], [ [ [ -77.079184035314299, -12.070513430299634, 0.0 ], [ -77.079195859230708, -12.070512187148472, 0.0 ], [ -77.07919460846837, -12.070501780185699, 0.0 ], [ -77.079182746210563, -12.070502917316889, 0.0 ], [ -77.079184035314299, -12.070513430299634, 0.0 ] ] ], [ [ [ -77.079263217487366, -12.070504450220957, 0.0 ], [ -77.079275246837014, -12.070502982937361, 0.0 ], [ -77.07927225230388, -12.070478234055031, 0.0 ], [ -77.079260222955284, -12.070479701338325, 0.0 ], [ -77.079263217487366, -12.070504450220957, 0.0 ] ] ], [ [ [ -77.079179945117261, -12.070480073653535, 0.0 ], [ -77.079181326931831, -12.070491342720967, 0.0 ], [ -77.079193204516898, -12.070490098611556, 0.0 ], [ -77.079191852492499, -12.070478849094956, 0.0 ], [ -77.079179945117261, -12.070480073653535, 0.0 ] ] ], [ [ [ -77.079175117456984, -12.070440702780239, 0.0 ], [ -77.079178528198355, -12.070468518299295, 0.0 ], [ -77.079190436316907, -12.070467065806636, 0.0 ], [ -77.079188764286599, -12.070453153677033, 0.0 ], [ -77.079256018206067, -12.07044495037168, 0.0 ], [ -77.079257730325082, -12.070459100513808, 0.0 ], [ -77.079269759672826, -12.070457633230772, 0.0 ], [ -77.079266364469234, -12.070429572915113, 0.0 ], [ -77.079175117456984, -12.070440702780239, 0.0 ] ] ] ] } },
{ "type": "Feature", "properties": { "Nombre": null, "Perimetro": 44.452, "Área": 74.791, "Uso": "Áreas de uso administrativo", "Proy riego": "Por validar con unidad", "Riego act": "Sin riego tecnificado", "Referenc_1": null, "código": null, "ID": null }, "geometry": { "type": "MultiPolygon", "coordinates": [ [ [ [ -77.07912165311852, -12.07042678406944, 0.0 ], [ -77.079141755310815, -12.070589541309431, 0.0 ], [ -77.079179088474731, -12.070584726218371, 0.0 ], [ -77.079159721506429, -12.070422708452263, 0.0 ], [ -77.07912165311852, -12.07042678406944, 0.0 ] ] ] ] } },
{ "type": "Feature", "properties": { "Nombre": null, "Perimetro": 9.863, "Área": 4.744, "Uso": "Áreas de uso administrativo", "Proy riego": "Por validar con unidad", "Riego act": "Sin riego tecnificado", "Referenc_1": null, "código": null, "ID": null }, "geometry": { "type": "MultiPolygon", "coordinates": [ [ [ [ -77.079273387484491, -12.070586439737728, 0.0 ], [ -77.079277258618419, -12.070618958325189, 0.0 ], [ -77.079289196853367, -12.070617501151595, 0.0 ], [ -77.079285325718061, -12.070584982564528, 0.0 ], [ -77.079273387484491, -12.070586439737728, 0.0 ] ] ] ] } },
{ "type": "Feature", "properties": { "Nombre": null, "Perimetro": 6.848, "Área": 2.77, "Uso": "Áreas de uso administrativo", "Proy riego": "Por validar con unidad", "Riego act": "Sin riego tecnificado", "Referenc_1": null, "código": null, "ID": null }, "geometry": { "type": "MultiPolygon", "coordinates": [ [ [ [ -77.079278322849987, -12.070627795507479, 0.0 ], [ -77.079280525803682, -12.070646769801657, 0.0 ], [ -77.079292507013278, -12.070645307382396, 0.0 ], [ -77.07929024904017, -12.070626339803994, 0.0 ], [ -77.079278322849987, -12.070627795507479, 0.0 ] ] ] ] } },
{ "type": "Feature", "properties": { "Nombre": null, "Perimetro": 16.268, "Área": 7.099, "Uso": "Áreas de uso administrativo", "Proy riego": "Por validar con unidad", "Riego act": "Sin riego tecnificado", "Referenc_1": null, "código": null, "ID": null }, "geometry": { "type": "MultiPolygon", "coordinates": [ [ [ [ -77.079128085499789, -12.070591229604283, 0.0 ], [ -77.079124227750228, -12.070559551534135, 0.0 ], [ -77.079112649946026, -12.070560787326007, 0.0 ], [ -77.079116293932429, -12.070590851997613, 0.0 ], [ -77.079116489716938, -12.070592467315398, 0.0 ], [ -77.079128085499789, -12.070591229604283, 0.0 ] ] ], [ [ [ -77.079119779865238, -12.070523027526583, 0.0 ], [ -77.079108222789969, -12.070524261105612, 0.0 ], [ -77.079110474439119, -12.070542838323403, 0.0 ], [ -77.079122042057108, -12.070541603618913, 0.0 ], [ -77.079119779865238, -12.070523027526583, 0.0 ] ] ] ] } },
{ "type": "Feature", "properties": { "Nombre": null, "Perimetro": 9.964, "Área": 4.039, "Uso": "Áreas de uso administrativo", "Proy riego": "Por validar con unidad", "Riego act": "Sin riego tecnificado", "Referenc_1": null, "código": null, "ID": null }, "geometry": { "type": "MultiPolygon", "coordinates": [ [ [ [ -77.078767590480439, -12.070352592771252, 0.0 ], [ -77.07878753607865, -12.07036668592851, 0.0 ], [ -77.078806580088326, -12.070347866651547, 0.0 ], [ -77.078806566733263, -12.070347748653337, 0.0 ], [ -77.078767526632191, -12.070352028641526, 0.0 ], [ -77.078767590480439, -12.070352592771252, 0.0 ] ] ] ] } },
{ "type": "Feature", "properties": { "Nombre": null, "Perimetro": 51.574, "Área": 8.801, "Uso": "Áreas de uso administrativo", "Proy riego": "Por validar con unidad", "Riego act": "Sin riego tecnificado", "Referenc_1": null, "código": null, "ID": null }, "geometry": { "type": "MultiPolygon", "coordinates": [ [ [ [ -77.078847959995258, -12.070560382706201, 0.0 ], [ -77.078847604683048, -12.070560424298593, 0.0 ], [ -77.078851366226743, -12.070591550276928, 0.0 ], [ -77.078833477347871, -12.070593156057596, 0.0 ], [ -77.07883378358251, -12.070595669603691, 0.0 ], [ -77.078854963382639, -12.070593768415996, 0.0 ], [ -77.078839199978646, -12.070463329516429, 0.0 ], [ -77.078835915574814, -12.070463699321133, 0.0 ], [ -77.078846194778393, -12.070548757632629, 0.0 ], [ -77.078846550090589, -12.07054871604026, 0.0 ], [ -77.078847959995258, -12.070560382706201, 0.0 ] ] ], [ [ [ -77.078827330986087, -12.070365115919859, 0.0 ], [ -77.078824038611174, -12.070365419755687, 0.0 ], [ -77.078833312654695, -12.070442160673668, 0.0 ], [ -77.078835562213982, -12.070441907386455, 0.0 ], [ -77.07883659705827, -12.070441790869037, 0.0 ], [ -77.078827330986087, -12.070365115919859, 0.0 ] ] ] ] } },
{ "type": "Feature", "properties": { "Nombre": null, "Perimetro": 13.827, "Área": 9.656, "Uso": "Áreas de uso administrativo", "Proy riego": "Por validar con unidad", "Riego act": "Sin riego tecnificado", "Referenc_1": null, "código": null, "ID": null }, "geometry": { "type": "MultiPolygon", "coordinates": [ [ [ [ -77.078729821911182, -12.070324666647485, 0.0 ], [ -77.07873209336033, -12.070339883449707, 0.0 ], [ -77.078777325477603, -12.070334502296463, 0.0 ], [ -77.078774397863569, -12.070314889761615, 0.0 ], [ -77.078729821911182, -12.070324666647485, 0.0 ] ] ] ] } },
{ "type": "Feature", "properties": { "Nombre": null, "Perimetro": 37.63, "Área": 54.972, "Uso": "Áreas de uso administrativo", "Proy riego": "Por validar con unidad", "Riego act": "Sin riego tecnificado", "Referenc_1": null, "código": "E 7", "ID": null }, "geometry": { "type": "MultiPolygon", "coordinates": [ [ [ [ -77.079546096908089, -12.069945955896237, 0.0 ], [ -77.07949188359791, -12.069950760270094, 0.0 ], [ -77.079468352673942, -12.069948102994015, 0.0 ], [ -77.079558467520897, -12.070024480321498, 0.0 ], [ -77.079584167673261, -12.069924550578623, 0.0 ], [ -77.079546096908089, -12.069945955896237, 0.0 ] ] ] ] } },
{ "type": "Feature", "properties": { "Nombre": null, "Perimetro": 25.058, "Área": 16.329, "Uso": "Áreas de uso administrativo", "Proy riego": "Por validar con unidad", "Riego act": "Sin riego tecnificado", "Referenc_1": null, "código": null, "ID": null }, "geometry": { "type": "MultiPolygon", "coordinates": [ [ [ [ -77.079258963972279, -12.070237534603713, 0.0 ], [ -77.079260811170016, -12.070254546569331, 0.0 ], [ -77.079352366425525, -12.070243507717437, 0.0 ], [ -77.079350560851253, -12.070226879138628, 0.0 ], [ -77.0793161453728, -12.070230882694865, 0.0 ], [ -77.079316747952348, -12.070236432205517, 0.0 ], [ -77.079280264730102, -12.070240640302739, 0.0 ], [ -77.079279666010976, -12.070235126338179, 0.0 ], [ -77.079258963972279, -12.070237534603713, 0.0 ] ] ] ] } },
{ "type": "Feature", "properties": { "Nombre": null, "Perimetro": 28.492, "Área": 19.81, "Uso": "Áreas de uso administrativo", "Proy riego": "Por validar con unidad", "Riego act": "Sin riego tecnificado", "Referenc_1": null, "código": null, "ID": null }, "geometry": { "type": "MultiPolygon", "coordinates": [ [ [ [ -77.079189900593647, -12.070178631448822, 0.0 ], [ -77.079200008897502, -12.070261877505594, 0.0 ], [ -77.07924532943926, -12.070256413204485, 0.0 ], [ -77.079243475203128, -12.070239336409257, 0.0 ], [ -77.079210682350251, -12.070243151192638, 0.0 ], [ -77.079210471038763, -12.070241410956354, 0.0 ], [ -77.079202810744206, -12.070178325284065, 0.0 ], [ -77.07920266908873, -12.070177158692664, 0.0 ], [ -77.079189900593647, -12.070178631448822, 0.0 ] ] ] ] } },
{ "type": "Feature", "properties": { "Nombre": null, "Perimetro": 9.899, "Área": 6.122, "Uso": "Áreas de uso administrativo", "Proy riego": "Por validar con unidad", "Riego act": "Sin riego tecnificado", "Referenc_1": null, "código": null, "ID": null }, "geometry": { "type": "MultiPolygon", "coordinates": [ [ [ [ -77.079576859733351, -12.070520336955539, 0.0 ], [ -77.079554433917352, -12.07052210629346, 0.0 ], [ -77.079556268470469, -12.070544629419416, 0.0 ], [ -77.079578726786536, -12.070542823168378, 0.0 ], [ -77.079577779661534, -12.070531416287849, 0.0 ], [ -77.079577771892033, -12.070531416900838, 0.0 ], [ -77.079577368311192, -12.070526462110939, 0.0 ], [ -77.079576859733351, -12.070520336955539, 0.0 ] ] ] ] } },
{ "type": "Feature", "properties": { "Nombre": null, "Perimetro": 14.477, "Área": 12.982, "Uso": "Áreas de uso administrativo", "Proy riego": "Por validar con unidad", "Riego act": "Sin riego tecnificado", "Referenc_1": null, "código": null, "ID": null }, "geometry": { "type": "MultiPolygon", "coordinates": [ [ [ [ -77.078819858630183, -12.069953621708752, 0.0 ], [ -77.078855395121266, -12.0699492703269, 0.0 ], [ -77.078851737536695, -12.069920472303258, 0.0 ], [ -77.078815227903078, -12.069923416473946, 0.0 ], [ -77.078819858630183, -12.069953621708752, 0.0 ] ] ] ] } },
{ "type": "Feature", "properties": { "Nombre": null, "Perimetro": 12.427, "Área": 7.284, "Uso": "Áreas de uso administrativo", "Proy riego": "Por validar con unidad", "Riego act": "Sin riego tecnificado", "Referenc_1": null, "código": null, "ID": null }, "geometry": { "type": "MultiPolygon", "coordinates": [ [ [ [ -77.079007379258101, -12.07029449536858, 0.0 ], [ -77.07900856580855, -12.070308562733548, 0.0 ], [ -77.079051202429596, -12.070303899462296, 0.0 ], [ -77.079049538138719, -12.07028975335013, 0.0 ], [ -77.079014042178486, -12.070293745925689, 0.0 ], [ -77.079007379258101, -12.07029449536858, 0.0 ] ] ] ] } },
{ "type": "Feature", "properties": { "Nombre": null, "Perimetro": 6.079, "Área": 2.309, "Uso": "Áreas de uso administrativo", "Proy riego": "Por validar con unidad", "Riego act": "Sin riego tecnificado", "Referenc_1": null, "código": null, "ID": null }, "geometry": { "type": "MultiPolygon", "coordinates": [ [ [ [ -77.079087778015705, -12.070317863329803, 0.0 ], [ -77.079089431563844, -12.070331426948034, 0.0 ], [ -77.079103497627372, -12.070329902931991, 0.0 ], [ -77.079101646362446, -12.070316385498712, 0.0 ], [ -77.079087778015705, -12.070317863329803, 0.0 ] ] ] ] } },
{ "type": "Feature", "properties": { "Nombre": null, "Perimetro": 9.96, "Área": 4.934, "Uso": "Áreas de uso administrativo", "Proy riego": "Por validar con unidad", "Riego act": "Sin riego tecnificado", "Referenc_1": null, "código": null, "ID": null }, "geometry": { "type": "MultiPolygon", "coordinates": [ [ [ [ -77.078948207386745, -12.070302343411315, 0.0 ], [ -77.078949598212461, -12.070314376203195, 0.0 ], [ -77.078982609489927, -12.070311063048075, 0.0 ], [ -77.078981218972928, -12.070298575533787, 0.0 ], [ -77.078948207386745, -12.070302343411315, 0.0 ] ] ] ] } },
{ "type": "Feature", "properties": { "Nombre": null, "Perimetro": 12.208, "Área": 6.012, "Uso": "Áreas de uso administrativo", "Proy riego": "Por validar con unidad", "Riego act": "Sin riego tecnificado", "Referenc_1": null, "código": null, "ID": null }, "geometry": { "type": "MultiPolygon", "coordinates": [ [ [ [ -77.079098469723633, -12.07028766798611, 0.0 ], [ -77.07909975216684, -12.070298348539223, 0.0 ], [ -77.079144235856603, -12.070293788794041, 0.0 ], [ -77.07914285642012, -12.070282300468518, 0.0 ], [ -77.079098469723633, -12.07028766798611, 0.0 ] ] ] ] } },
{ "type": "Feature", "properties": { "Nombre": null, "Perimetro": 15.968, "Área": 15.066, "Uso": "Áreas de uso administrativo", "Proy riego": "Por validar con unidad", "Riego act": "Sin riego tecnificado", "Referenc_1": null, "código": null, "ID": null }, "geometry": { "type": "MultiPolygon", "coordinates": [ [ [ [ -77.078906425027313, -12.069916062244369, 0.0 ], [ -77.078861355939821, -12.069919696665519, 0.0 ], [ -77.078864963234977, -12.069948098727149, 0.0 ], [ -77.078909796680279, -12.06994260894124, 0.0 ], [ -77.078906425027313, -12.069916062244369, 0.0 ] ] ] ] } },
{ "type": "Feature", "properties": { "Nombre": null, "Perimetro": 12.587, "Área": 9.27, "Uso": "Áreas de uso administrativo", "Proy riego": "Por validar con unidad", "Riego act": "Sin riego tecnificado", "Referenc_1": null, "código": null, "ID": null }, "geometry": { "type": "MultiPolygon", "coordinates": [ [ [ [ -77.079064621624212, -12.069903305037716, 0.0 ], [ -77.079028369662211, -12.069906228457297, 0.0 ], [ -77.079031072017301, -12.069928011351575, 0.0 ], [ -77.07906681523869, -12.069923797857234, 0.0 ], [ -77.079064621624212, -12.069903305037716, 0.0 ] ] ] ] } },
{ "type": "Feature", "properties": { "Nombre": null, "Perimetro": 15.246, "Área": 13.304, "Uso": "Áreas de uso administrativo", "Proy riego": "Por validar con unidad", "Riego act": "Sin riego tecnificado", "Referenc_1": null, "código": null, "ID": null }, "geometry": { "type": "MultiPolygon", "coordinates": [ [ [ [ -77.079014722300855, -12.069907329002387, 0.0 ], [ -77.078975245704001, -12.069910512454666, 0.0 ], [ -77.078967124067134, -12.069918622953763, 0.0 ], [ -77.078968866874604, -12.06993534517302, 0.0 ], [ -77.078975797134021, -12.069934527274652, 0.0 ], [ -77.079017486797156, -12.069929612807798, 0.0 ], [ -77.079014722300855, -12.069907329002387, 0.0 ] ] ] ] } },
{ "type": "Feature", "properties": { "Nombre": null, "Perimetro": 122.846, "Área": 916.564, "Uso": "Áreas de uso administrativo", "Proy riego": "Por validar con unidad", "Riego act": "Sin riego tecnificado", "Referenc_1": null, "código": "E 9", "ID": null }, "geometry": { "type": "MultiPolygon", "coordinates": [ [ [ [ -77.078604522809869, -12.06992160863685, 0.0 ], [ -77.078945191871952, -12.069893989108408, 0.0 ], [ -77.07892162297648, -12.069661032655622, 0.0 ], [ -77.078611309588879, -12.069688373684787, 0.0 ], [ -77.078604522809869, -12.06992160863685, 0.0 ] ] ] ] } },
{ "type": "Feature", "properties": { "Nombre": null, "Perimetro": 113.536, "Área": 622.367, "Uso": "Áreas de uso administrativo", "Proy riego": "Por validar con unidad", "Riego act": "Sin riego tecnificado", "Referenc_1": null, "código": "E 2", "ID": null }, "geometry": { "type": "MultiPolygon", "coordinates": [ [ [ [ -77.07881051488485, -12.069508021642958, 0.0 ], [ -77.078890280888757, -12.069500838543103, 0.0 ], [ -77.078961156642691, -12.069494307309546, 0.0 ], [ -77.079008931007934, -12.069490077864293, 0.0 ], [ -77.079008047187301, -12.06948028840598, 0.0 ], [ -77.078996876671994, -12.069356560359921, 0.0 ], [ -77.078634489265369, -12.069389662792409, 0.0 ], [ -77.078633197803327, -12.069389687429453, 0.0 ], [ -77.078631906981769, -12.069389734432963, 0.0 ], [ -77.078630617200304, -12.069389803778261, 0.0 ], [ -77.078629328858398, -12.069389895451582, 0.0 ], [ -77.078628042354836, -12.069390009424092, 0.0 ], [ -77.078626758087907, -12.069390145651875, 0.0 ], [ -77.078625476455372, -12.069390304101729, 0.0 ], [ -77.078625134047726, -12.069390398024881, 0.0 ], [ -77.078624798831001, -12.069390514394652, 0.0 ], [ -77.078624472322332, -12.069390652682619, 0.0 ], [ -77.078624155998853, -12.069390812263638, 0.0 ], [ -77.07862385129242, -12.069390992409465, 0.0 ], [ -77.078623559581644, -12.069391192316834, 0.0 ], [ -77.078623282186769, -12.069391411070873, 0.0 ], [ -77.078623020362798, -12.069391647683926, 0.0 ], [ -77.078622775294988, -12.069391901089142, 0.0 ], [ -77.078622548092014, -12.069392170134037, 0.0 ], [ -77.078622339782214, -12.069392453608973, 0.0 ], [ -77.078621908127346, -12.069393145508073, 0.0 ], [ -77.078621519138593, -12.069393861498456, 0.0 ], [ -77.078621174198688, -12.069394599031019, 0.0 ], [ -77.078620874533883, -12.069395355487146, 0.0 ], [ -77.078620621209652, -12.069396128176159, 0.0 ], [ -77.078620415126537, -12.069396914350422, 0.0 ], [ -77.078620257017405, -12.069397711218315, 0.0 ], [ -77.078620147444113, -12.069398515942082, 0.0 ], [ -77.078620086796391, -12.069399325662877, 0.0 ], [ -77.078616853822737, -12.06952579749338, 0.0 ], [ -77.078711982673795, -12.069516985836877, 0.0 ], [ -77.07881051488485, -12.069508021642958, 0.0 ] ] ] ] } },
{ "type": "Feature", "properties": { "Nombre": null, "Perimetro": 93.048, "Área": 291.634, "Uso": "Áreas de uso administrativo", "Proy riego": "Por validar con unidad", "Riego act": "Sin riego tecnificado", "Referenc_1": null, "código": "E 3", "ID": null }, "geometry": { "type": "MultiPolygon", "coordinates": [ [ [ [ -77.079167314056562, -12.069411176061543, 0.0 ], [ -77.079257821090621, -12.069402757011261, 0.0 ], [ -77.079256743508353, -12.069390821503516, 0.0 ], [ -77.079319016579149, -12.069385198677875, 0.0 ], [ -77.079313828791712, -12.069327737865807, 0.0 ], [ -77.07901045550885, -12.069355537412859, 0.0 ], [ -77.079021313706306, -12.069475806067612, 0.0 ], [ -77.07904627393583, -12.069473509041341, 0.0 ], [ -77.079045062952105, -12.069460095846029, 0.0 ], [ -77.079070206038438, -12.069457781989838, 0.0 ], [ -77.079068174185039, -12.069435276629013, 0.0 ], [ -77.079168655084757, -12.069426029598379, 0.0 ], [ -77.079167314056562, -12.069411176061543, 0.0 ] ] ] ] } },
{ "type": "Feature", "properties": { "Nombre": null, "Perimetro": 16.297, "Área": 17.062, "Uso": "Áreas de uso administrativo", "Proy riego": "Por validar con unidad", "Riego act": "Sin riego tecnificado", "Referenc_1": null, "código": null, "ID": null }, "geometry": { "type": "MultiPolygon", "coordinates": [ [ [ [ -77.07911066944834, -12.069899596471677, 0.0 ], [ -77.079074603845072, -12.069902535643548, 0.0 ], [ -77.079077404225856, -12.069928696884187, 0.0 ], [ -77.079092072438527, -12.069943643501368, 0.0 ], [ -77.079114585737273, -12.069941808775463, 0.0 ], [ -77.07911066944834, -12.069899596471677, 0.0 ] ] ] ] } },
{ "type": "Feature", "properties": { "Nombre": null, "Perimetro": 56.887, "Área": 99.917, "Uso": "Áreas de uso administrativo", "Proy riego": "Por validar con unidad", "Riego act": "Sin riego tecnificado", "Referenc_1": null, "código": null, "ID": null }, "geometry": { "type": "MultiPolygon", "coordinates": [ [ [ [ -77.079470528385229, -12.069372425712583, 0.0 ], [ -77.07925773921913, -12.069391639154402, 0.0 ], [ -77.079258735303043, -12.069402671970213, 0.0 ], [ -77.079261937527889, -12.069438140412666, 0.0 ], [ -77.07937139277351, -12.069428226955623, 0.0 ], [ -77.079369928011303, -12.06941200304899, 0.0 ], [ -77.079465419475582, -12.069403653053573, 0.0 ], [ -77.079473285630172, -12.069402965217289, 0.0 ], [ -77.079470528385229, -12.069372425712583, 0.0 ] ] ] ] } },
{ "type": "Feature", "properties": { "Nombre": "Jardín Tesorería", "Perimetro": 111.302, "Área": 521.751, "Uso": "Áreas de uso recreativo/descanso", "Proy riego": "Falta aspersión", "Riego act": "Sin riego tecnificado", "Referenc_1": "Frente a cajas de Tesorería Central", "código": "E 4", "ID": null }, "geometry": { "type": "MultiPolygon", "coordinates": [ [ [ [ -77.079567712411389, -12.069428991265847, 0.0 ], [ -77.079561219442695, -12.0694295720809, 0.0 ], [ -77.079562200492717, -12.069440180265307, 0.0 ], [ -77.079608108525463, -12.069436073653835, 0.0 ], [ -77.079613435652988, -12.06949367624269, 0.0 ], [ -77.079606778259077, -12.06949427176729, 0.0 ], [ -77.079598467697821, -12.06950350016862, 0.0 ], [ -77.079598729892354, -12.069506335296063, 0.0 ], [ -77.079612630335603, -12.069505091858353, 0.0 ], [ -77.079616928505189, -12.069504707373623, 0.0 ], [ -77.079628359784266, -12.069503684809597, 0.0 ], [ -77.079630738124663, -12.069510342328384, 0.0 ], [ -77.079632669604948, -12.069517138509005, 0.0 ], [ -77.079634145977465, -12.069524044326345, 0.0 ], [ -77.079635160938352, -12.069531030300352, 0.0 ], [ -77.079635710153838, -12.069538066600106, 0.0 ], [ -77.079635791278477, -12.069545123179427, 0.0 ], [ -77.079635403966094, -12.069552169910393, 0.0 ], [ -77.079634549870519, -12.069559176697542, 0.0 ], [ -77.079633232638415, -12.069566113631231, 0.0 ], [ -77.079665150891145, -12.069592275138763, 0.0 ], [ -77.079733031550461, -12.069586071553287, 0.0 ], [ -77.079757601499935, -12.06955699303505, 0.0 ], [ -77.079752715515937, -12.069504160906606, 0.0 ], [ -77.079743561055352, -12.069504876959696, 0.0 ], [ -77.07974139675575, -12.069481474374042, 0.0 ], [ -77.079750551215568, -12.069480758321147, 0.0 ], [ -77.079736043170527, -12.06932388258941, 0.0 ], [ -77.079732652267978, -12.069324092528941, 0.0 ], [ -77.079706470926396, -12.069302345038244, 0.0 ], [ -77.07969101619581, -12.069303731383219, 0.0 ], [ -77.079507782771216, -12.069320168015564, 0.0 ], [ -77.07950820114776, -12.069324486519839, 0.0 ], [ -77.079508724118469, -12.069329884650189, 0.0 ], [ -77.079563262932666, -12.069374070838064, 0.0 ], [ -77.079556803933485, -12.069381826752014, 0.0 ], [ -77.079556810800639, -12.069381901007334, 0.0 ], [ -77.079562115322815, -12.06938619861697, 0.0 ], [ -77.079563887725513, -12.069387634579405, 0.0 ], [ -77.079564029226958, -12.069389164648241, 0.0 ], [ -77.079567712411389, -12.069428991265847, 0.0 ] ] ] ] } },
{ "type": "Feature", "properties": { "Nombre": null, "Perimetro": 46.14, "Área": 98.392, "Uso": "Áreas de uso administrativo", "Proy riego": "Por validar con unidad", "Riego act": "Sin riego tecnificado", "Referenc_1": null, "código": null, "ID": null }, "geometry": { "type": "MultiPolygon", "coordinates": [ [ [ [ -77.079412073327433, -12.0693304806938, 0.0 ], [ -77.079411016748423, -12.069318777887899, 0.0 ], [ -77.07931471873394, -12.069327384007051, 0.0 ], [ -77.079319931014808, -12.069385116110594, 0.0 ], [ -77.079470447109514, -12.069371525494788, 0.0 ], [ -77.079471361544989, -12.069371442927009, 0.0 ], [ -77.079468720084407, -12.069342185848724, 0.0 ], [ -77.079469725963321, -12.069342095024188, 0.0 ], [ -77.079469449625975, -12.069339034283692, 0.0 ], [ -77.079468224303369, -12.06932546248532, 0.0 ], [ -77.079412073327433, -12.0693304806938, 0.0 ] ] ] ] } },
{ "type": "Feature", "properties": { "Nombre": null, "Perimetro": 11.561, "Área": 2.684, "Uso": "Áreas de uso administrativo", "Proy riego": "Por validar con unidad", "Riego act": "Sin riego tecnificado", "Referenc_1": null, "código": null, "ID": null }, "geometry": { "type": "MultiPolygon", "coordinates": [ [ [ [ -77.079514421581564, -12.069613117901298, 0.0 ], [ -77.079517601141603, -12.069646582416336, 0.0 ], [ -77.079522446847776, -12.069646136448682, 0.0 ], [ -77.079519129723252, -12.069611224089121, 0.0 ], [ -77.079510290038044, -12.069603929168279, 0.0 ], [ -77.079503960679602, -12.069604485076434, 0.0 ], [ -77.079514421581564, -12.069613117901298, 0.0 ] ] ] ] } },
{ "type": "Feature", "properties": { "Nombre": null, "Perimetro": 79.266, "Área": 32.831, "Uso": "Áreas de uso administrativo", "Proy riego": "Por validar con unidad", "Riego act": "Sin riego tecnificado", "Referenc_1": null, "código": null, "ID": null }, "geometry": { "type": "MultiPolygon", "coordinates": [ [ [ [ -77.079299453332013, -12.069734223032665, 0.0 ], [ -77.079260796047265, -12.069737750911527, 0.0 ], [ -77.079274452998177, -12.069748757687844, 0.0 ], [ -77.079352888920752, -12.069741599585289, 0.0 ], [ -77.079351824831761, -12.069733754861518, 0.0 ], [ -77.079399865624211, -12.069729370623486, 0.0 ], [ -77.079399484558792, -12.06972509411901, 0.0 ], [ -77.079299453332013, -12.069734223032665, 0.0 ] ] ], [ [ [ -77.079400583631752, -12.069737428458263, 0.0 ], [ -77.079399969915798, -12.069730541035252, 0.0 ], [ -77.079353172544785, -12.069734811797872, 0.0 ], [ -77.079354102862624, -12.069741670327783, 0.0 ], [ -77.079400583631752, -12.069737428458263, 0.0 ] ] ], [ [ [ -77.079298104213109, -12.069732530877676, 0.0 ], [ -77.079297406141009, -12.06972469673418, 0.0 ], [ -77.079249969565296, -12.069729025341466, 0.0 ], [ -77.079258772795328, -12.0697361202779, 0.0 ], [ -77.079298104213109, -12.069732530877676, 0.0 ] ] ], [ [ [ -77.079399348177489, -12.069723563580549, 0.0 ], [ -77.079398626124259, -12.06971546034146, 0.0 ], [ -77.079298594812983, -12.069724588267272, 0.0 ], [ -77.079299316951264, -12.069732692494084, 0.0 ], [ -77.079399348177489, -12.069723563580549, 0.0 ] ] ] ] } },
{ "type": "Feature", "properties": { "Nombre": null, "Perimetro": 65.811, "Área": 63.323, "Uso": "Áreas de uso administrativo", "Proy riego": "Por validar con unidad", "Riego act": "Sin riego tecnificado", "Referenc_1": null, "código": null, "ID": null }, "geometry": { "type": "MultiPolygon", "coordinates": [ [ [ [ -77.079332658467706, -12.069802728465691, 0.0 ], [ -77.079334295129129, -12.069821095923139, 0.0 ], [ -77.07935887444313, -12.069818904999019, 0.0 ], [ -77.079356929547501, -12.06979512092542, 0.0 ], [ -77.079327287371086, -12.069770970893696, 0.0 ], [ -77.079326844461505, -12.06976666737067, 0.0 ], [ -77.079292390114034, -12.069769811691803, 0.0 ], [ -77.079282979828648, -12.069781383453398, 0.0 ], [ -77.079307710345503, -12.06979999089026, 0.0 ], [ -77.079308167647454, -12.069805122974079, 0.0 ], [ -77.079332658467706, -12.069802728465691, 0.0 ] ] ], [ [ [ -77.07934147460395, -12.069765332215189, 0.0 ], [ -77.079328124598987, -12.069766550544593, 0.0 ], [ -77.079328513277034, -12.06977032712782, 0.0 ], [ -77.079358167443218, -12.069794486927691, 0.0 ], [ -77.079360154850008, -12.069818790867439, 0.0 ], [ -77.079373507664315, -12.06981760063784, 0.0 ], [ -77.079371462612684, -12.069792591775705, 0.0 ], [ -77.079342103833071, -12.06977144610565, 0.0 ], [ -77.07934147460395, -12.069765332215189, 0.0 ] ] ], [ [ [ -77.079404448665457, -12.069777183054237, 0.0 ], [ -77.079405363199456, -12.069777101535308, 0.0 ], [ -77.079403807584058, -12.069759643661817, 0.0 ], [ -77.079342754741404, -12.069765215389049, 0.0 ], [ -77.079343325163705, -12.069770757884191, 0.0 ], [ -77.079372696833502, -12.069791912838262, 0.0 ], [ -77.079374788071149, -12.069817486506215, 0.0 ], [ -77.079408692483426, -12.069814464366113, 0.0 ], [ -77.079405692116595, -12.069780792802964, 0.0 ], [ -77.079404777582582, -12.069780874321877, 0.0 ], [ -77.079404448665457, -12.069777183054237, 0.0 ] ] ] ] } },
{ "type": "Feature", "properties": { "Nombre": "Jardín DAES", "Perimetro": 99.824, "Área": 463.022, "Uso": "Áreas de uso recreativo/descanso", "Proy riego": "Falta aspersión", "Riego act": "Sin riego tecnificado", "Referenc_1": "Frente a DAES y Servicio Salud", "código": "E 5", "ID": null }, "geometry": { "type": "MultiPolygon", "coordinates": [ [ [ [ -77.07959843234552, -12.069746703406423, 0.0 ], [ -77.079603761190157, -12.069789662410539, 0.0 ], [ -77.079608794613975, -12.069793375419406, 0.0 ], [ -77.079614342411986, -12.069785967332201, 0.0 ], [ -77.079633348107777, -12.069800193420798, 0.0 ], [ -77.079627899754485, -12.069807468718272, 0.0 ], [ -77.079697079731673, -12.069858500722201, 0.0 ], [ -77.079702528083658, -12.069851225423539, 0.0 ], [ -77.079721339316691, -12.069865101901575, 0.0 ], [ -77.079715890965062, -12.069872377200566, 0.0 ], [ -77.079792394302743, -12.069928811370174, 0.0 ], [ -77.079791477038938, -12.069919042685219, 0.0 ], [ -77.079782317105057, -12.069919702247349, 0.0 ], [ -77.079780119662658, -12.069896299889878, 0.0 ], [ -77.079789279595758, -12.069895640327953, 0.0 ], [ -77.079771499474845, -12.069706285090517, 0.0 ], [ -77.079762360344702, -12.069707166132932, 0.0 ], [ -77.079760163277484, -12.069683767700226, 0.0 ], [ -77.079769302406874, -12.069682886658013, 0.0 ], [ -77.079764996670065, -12.069637031207268, 0.0 ], [ -77.079735401192139, -12.069613084457178, 0.0 ], [ -77.079664550474646, -12.069619559475848, 0.0 ], [ -77.079593915433563, -12.069697455782604, 0.0 ], [ -77.07959843234552, -12.069746703406423, 0.0 ] ] ] ] } },
{ "type": "Feature", "properties": { "Nombre": null, "Perimetro": 17.355, "Área": 9.462, "Uso": "Áreas de uso administrativo", "Proy riego": "Por validar con unidad", "Riego act": "Sin riego tecnificado", "Referenc_1": null, "código": null, "ID": null }, "geometry": { "type": "MultiPolygon", "coordinates": [ [ [ [ -77.07964414118382, -12.071014041033575, 0.0 ], [ -77.079645785890364, -12.0710253934951, 0.0 ], [ -77.07971308130324, -12.071016113782735, 0.0 ], [ -77.079711409549603, -12.071004574650116, 0.0 ], [ -77.07964414118382, -12.071014041033575, 0.0 ] ] ] ] } },
{ "type": "Feature", "properties": { "Nombre": null, "Perimetro": 10.418, "Área": 5.909, "Uso": "Áreas de uso administrativo", "Proy riego": "Por validar con unidad", "Riego act": "Sin riego tecnificado", "Referenc_1": null, "código": null, "ID": null }, "geometry": { "type": "MultiPolygon", "coordinates": [ [ [ [ -77.07960478661758, -12.071198630943934, 0.0 ], [ -77.079636977577977, -12.07119417920776, 0.0 ], [ -77.07963479786801, -12.071179239570293, 0.0 ], [ -77.079602606909276, -12.071183691305931, 0.0 ], [ -77.07960478661758, -12.071198630943934, 0.0 ] ] ] ] } },
{ "type": "Feature", "properties": { "Nombre": null, "Perimetro": 9.638, "Área": 4.552, "Uso": "Áreas de uso administrativo", "Proy riego": "Por validar con unidad", "Riego act": "Sin riego tecnificado", "Referenc_1": null, "código": null, "ID": null }, "geometry": { "type": "MultiPolygon", "coordinates": [ [ [ [ -77.07957941810055, -12.071023149214918, 0.0 ], [ -77.079581090232168, -12.071034690994589, 0.0 ], [ -77.079591362295417, -12.071033245455391, 0.0 ], [ -77.079613179066314, -12.071030175282459, 0.0 ], [ -77.079611506933418, -12.071018633503213, 0.0 ], [ -77.07957941810055, -12.071023149214918, 0.0 ] ] ] ] } },
{ "type": "Feature", "properties": { "Nombre": null, "Perimetro": 9.678, "Área": 4.622, "Uso": "Áreas de uso administrativo", "Proy riego": "Por validar con unidad", "Riego act": "Sin riego tecnificado", "Referenc_1": null, "código": null, "ID": null }, "geometry": { "type": "MultiPolygon", "coordinates": [ [ [ [ -77.079584952986679, -12.071061353400147, 0.0 ], [ -77.079586651043584, -12.07107307412196, 0.0 ], [ -77.079618739881994, -12.071068558408479, 0.0 ], [ -77.079617041823795, -12.071056837687085, 0.0 ], [ -77.07959522505088, -12.071059907860663, 0.0 ], [ -77.079584952986679, -12.071061353400147, 0.0 ] ] ] ] } },
{ "type": "Feature", "properties": { "Nombre": null, "Perimetro": 9.71, "Área": 4.658, "Uso": "Áreas de uso administrativo", "Proy riego": "Por validar con unidad", "Riego act": "Sin riego tecnificado", "Referenc_1": null, "código": null, "ID": null }, "geometry": { "type": "MultiPolygon", "coordinates": [ [ [ [ -77.079683477252559, -12.071047384141783, 0.0 ], [ -77.079685190134086, -12.071059207160555, 0.0 ], [ -77.079717372096439, -12.071054678330562, 0.0 ], [ -77.079715660369956, -12.071042946242887, 0.0 ], [ -77.079683477252559, -12.071047384141783, 0.0 ] ] ] ] } },
{ "type": "Feature", "properties": { "Nombre": null, "Perimetro": 10.372, "Área": 5.776, "Uso": "Áreas de uso administrativo", "Proy riego": "Por validar con unidad", "Riego act": "Sin riego tecnificado", "Referenc_1": null, "código": null, "ID": null }, "geometry": { "type": "MultiPolygon", "coordinates": [ [ [ [ -77.079561189984005, -12.070897718391448, 0.0 ], [ -77.07956281616282, -12.070909084047383, 0.0 ], [ -77.079563264834135, -12.070912216242741, 0.0 ], [ -77.079595690832164, -12.070907653085584, 0.0 ], [ -77.079593616492161, -12.070893155162789, 0.0 ], [ -77.079571799683976, -12.070896225339128, 0.0 ], [ -77.079561189984005, -12.070897718391448, 0.0 ] ] ] ] } },
{ "type": "Feature", "properties": { "Nombre": null, "Perimetro": 9.672, "Área": 4.528, "Uso": "Áreas de uso administrativo", "Proy riego": "Por validar con unidad", "Riego act": "Sin riego tecnificado", "Referenc_1": null, "código": null, "ID": null }, "geometry": { "type": "MultiPolygon", "coordinates": [ [ [ [ -77.07955611938057, -12.070862279023087, 0.0 ], [ -77.079557745558716, -12.070873644679134, 0.0 ], [ -77.079568355257791, -12.070872151627096, 0.0 ], [ -77.079590172064172, -12.070869081451338, 0.0 ], [ -77.079588545884761, -12.070857715795695, 0.0 ], [ -77.07955611938057, -12.070862279023087, 0.0 ] ] ] ] } },
{ "type": "Feature", "properties": { "Nombre": null, "Perimetro": 18.556, "Área": 21.435, "Uso": "Áreas de uso administrativo", "Proy riego": "Por validar con unidad", "Riego act": "Sin riego tecnificado", "Referenc_1": null, "código": null, "ID": null }, "geometry": { "type": "MultiPolygon", "coordinates": [ [ [ [ -77.08186898673857, -12.070603001333772, 0.0 ], [ -77.081911986275571, -12.070593957198085, 0.0 ], [ -77.081898108573697, -12.070552793330707, 0.0 ], [ -77.08186030129113, -12.070560837805452, 0.0 ], [ -77.08186898673857, -12.070603001333772, 0.0 ] ] ] ] } },
{ "type": "Feature", "properties": { "Nombre": null, "Perimetro": 30.345, "Área": 51.148, "Uso": "Áreas de uso administrativo", "Proy riego": "Por validar con unidad", "Riego act": "Sin riego tecnificado", "Referenc_1": null, "código": null, "ID": null }, "geometry": { "type": "MultiPolygon", "coordinates": [ [ [ [ -77.081628212858448, -12.070267326926354, 0.0 ], [ -77.081559316767837, -12.070222218226418, 0.0 ], [ -77.081534720677112, -12.070258920127669, 0.0 ], [ -77.081607963037527, -12.070307083452468, 0.0 ], [ -77.081635123985123, -12.070301573744766, 0.0 ], [ -77.081628212858448, -12.070267326926354, 0.0 ] ] ] ] } },
{ "type": "Feature", "properties": { "Nombre": null, "Perimetro": 13.503, "Área": 8.271, "Uso": "Áreas de uso administrativo", "Proy riego": "Por validar con unidad", "Riego act": "Sin riego tecnificado", "Referenc_1": null, "código": null, "ID": null }, "geometry": { "type": "MultiPolygon", "coordinates": [ [ [ [ -77.081449250987163, -12.070301897218132, 0.0 ], [ -77.081488610643376, -12.07032772476945, 0.0 ], [ -77.081496700224434, -12.070315653630253, 0.0 ], [ -77.08145753734442, -12.070289771607564, 0.0 ], [ -77.081449250987163, -12.070301897218132, 0.0 ] ] ] ] } },
{ "type": "Feature", "properties": { "Nombre": null, "Perimetro": 85.458, "Área": 120.827, "Uso": "Áreas de uso administrativo", "Proy riego": "Por validar con unidad", "Riego act": "Sin riego tecnificado", "Referenc_1": null, "código": null, "ID": null }, "geometry": { "type": "MultiPolygon", "coordinates": [ [ [ [ -77.081262840801131, -12.070636266278107, 0.0 ], [ -77.081256037034095, -12.070633529999167, 0.0 ], [ -77.081249436216453, -12.070630348439064, 0.0 ], [ -77.081243068393363, -12.070626736073558, 0.0 ], [ -77.081236962549127, -12.070622709344597, 0.0 ], [ -77.081231146476085, -12.070618286588484, 0.0 ], [ -77.081225646647084, -12.070613487924781, 0.0 ], [ -77.081220488095965, -12.07060833520538, 0.0 ], [ -77.081217979231653, -12.070610454453215, 0.0 ], [ -77.081216218416699, -12.070608368863139, 0.0 ], [ -77.081218727281026, -12.070606249615318, 0.0 ], [ -77.081215301778826, -12.070601564465056, 0.0 ], [ -77.081212186825809, -12.070596673856222, 0.0 ], [ -77.081209395102732, -12.070591597693896, 0.0 ], [ -77.081206937974557, -12.070586356645885, 0.0 ], [ -77.081204825444132, -12.070580972053897, 0.0 ], [ -77.081203066111172, -12.07057546582821, 0.0 ], [ -77.081201667137933, -12.07056986039191, 0.0 ], [ -77.081200634219357, -12.070564178562657, 0.0 ], [ -77.081199971560295, -12.070558443465373, 0.0 ], [ -77.081196676062589, -12.070558706265865, 0.0 ], [ -77.081196501697633, -12.070556000005107, 0.0 ], [ -77.081199797195296, -12.070555737204618, 0.0 ], [ -77.08119976953553, -12.070551597253436, 0.0 ], [ -77.081199963498563, -12.070547461608562, 0.0 ], [ -77.081200378545972, -12.070543341768317, 0.0 ], [ -77.081201013525146, -12.070539249163856, 0.0 ], [ -77.081201866673027, -12.070535195164124, 0.0 ], [ -77.081202935620382, -12.070531191024129, 0.0 ], [ -77.081204217398735, -12.070527247858223, 0.0 ], [ -77.081205367685612, -12.070523733209857, 0.0 ], [ -77.081206519338352, -12.070520218994446, 0.0 ], [ -77.08120767235647, -12.070516705208421, 0.0 ], [ -77.08120882674018, -12.070513191862522, 0.0 ], [ -77.08120998248944, -12.070509678952428, 0.0 ], [ -77.08121113960371, -12.070506166476029, 0.0 ], [ -77.081212298082946, -12.070502654433088, 0.0 ], [ -77.081209174051935, -12.070501586921806, 0.0 ], [ -77.081183536219655, -12.070493554871915, 0.0 ], [ -77.081182393364799, -12.070497019616989, 0.0 ], [ -77.081181251834437, -12.070500484791088, 0.0 ], [ -77.081180111628584, -12.070503950381928, 0.0 ], [ -77.081178972747409, -12.070507416395976, 0.0 ], [ -77.081177835191198, -12.070510882833227, 0.0 ], [ -77.081176698959894, -12.070514349687219, 0.0 ], [ -77.081175564053865, -12.070517816967758, 0.0 ], [ -77.081173833088457, -12.070523204634663, 0.0 ], [ -77.081172390003786, -12.070528673828955, 0.0 ], [ -77.081171238728203, -12.070534209656291, 0.0 ], [ -77.081170382395825, -12.070539797046305, 0.0 ], [ -77.081169823338115, -12.070545420794575, 0.0 ], [ -77.081169563076671, -12.070551065579906, 0.0 ], [ -77.081169602320472, -12.070556716049323, 0.0 ], [ -77.081170263986934, -12.070564819925773, 0.0 ], [ -77.081171481318052, -12.07057286116402, 0.0 ], [ -77.081173248733336, -12.070580802895385, 0.0 ], [ -77.081175558130596, -12.070588608719177, 0.0 ], [ -77.081178398923086, -12.070596242848014, 0.0 ], [ -77.081181758087993, -12.070603670281988, 0.0 ], [ -77.081185620226407, -12.070610856984912, 0.0 ], [ -77.081189967633065, -12.070617769993707, 0.0 ], [ -77.081194780378794, -12.070624377633074, 0.0 ], [ -77.081198685479279, -12.07062868817696, 0.0 ], [ -77.081202770453388, -12.070632834100087, 0.0 ], [ -77.081207028143098, -12.070636808132001, 0.0 ], [ -77.08121145108835, -12.07064060331895, 0.0 ], [ -77.081216031538844, -12.070644213004551, 0.0 ], [ -77.081220761468884, -12.070647630859865, 0.0 ], [ -77.081225632590787, -12.070650850908946, 0.0 ], [ -77.081233354800133, -12.070655541160837, 0.0 ], [ -77.081241410414989, -12.070659652494012, 0.0 ], [ -77.08124975471128, -12.070663162079098, 0.0 ], [ -77.081258341362627, -12.070666050436326, 0.0 ], [ -77.081267122696957, -12.070668301528562, 0.0 ], [ -77.081276049961176, -12.07066990284987, 0.0 ], [ -77.081285073592383, -12.07067084552372, 0.0 ], [ -77.081287704620919, -12.070670931900466, 0.0 ], [ -77.081290337025152, -12.0706709107309, 0.0 ], [ -77.081292966268123, -12.070670782043504, 0.0 ], [ -77.081295587818261, -12.070670546063944, 0.0 ], [ -77.081298197157764, -12.070670203200955, 0.0 ], [ -77.081300789789196, -12.070669754041955, 0.0 ], [ -77.08130336124465, -12.07066919936371, 0.0 ], [ -77.081415599317481, -12.070647330826297, 0.0 ], [ -77.0814100353208, -12.07061993636327, 0.0 ], [ -77.081368603259122, -12.070628031945885, 0.0 ], [ -77.081369251254117, -12.070631222366686, 0.0 ], [ -77.081366549163008, -12.070631750339283, 0.0 ], [ -77.081365901168013, -12.07062855991847, 0.0 ], [ -77.081321316662681, -12.070637271462495, 0.0 ], [ -77.081321964657207, -12.070640461883492, 0.0 ], [ -77.081319262565813, -12.07064098985564, 0.0 ], [ -77.08131861457133, -12.070637799434635, 0.0 ], [ -77.081308785296912, -12.070639720014608, 0.0 ], [ -77.081303981461133, -12.070640585018516, 0.0 ], [ -77.081299133456397, -12.070641164061382, 0.0 ], [ -77.081294258840103, -12.070641455043503, 0.0 ], [ -77.081289375266209, -12.070641456917054, 0.0 ], [ -77.081284500421035, -12.070641169668253, 0.0 ], [ -77.081279651959235, -12.070640594345877, 0.0 ], [ -77.081274847440056, -12.070639733027262, 0.0 ], [ -77.081270104263595, -12.07063858882953, 0.0 ], [ -77.081265439607819, -12.070637165904397, 0.0 ], [ -77.081264324346407, -12.070640228756744, 0.0 ], [ -77.081261725558932, -12.070639329077578, 0.0 ], [ -77.081262840801131, -12.070636266278107, 0.0 ] ] ] ] } },
{ "type": "Feature", "properties": { "Nombre": null, "Perimetro": 42.705, "Área": 27.671, "Uso": "Áreas de uso administrativo", "Proy riego": "Por validar con unidad", "Riego act": "Sin riego tecnificado", "Referenc_1": null, "código": null, "ID": null }, "geometry": { "type": "MultiPolygon", "coordinates": [ [ [ [ -77.081309836865202, -12.070143159248722, 0.0 ], [ -77.081291487727896, -12.070136512510965, 0.0 ], [ -77.081289765688823, -12.070138193874937, 0.0 ], [ -77.081284262908838, -12.070133895413214, 0.0 ], [ -77.081266167933137, -12.070127340739994, 0.0 ], [ -77.081258189287496, -12.070136948359732, 0.0 ], [ -77.081241209141979, -12.070121742913232, 0.0 ], [ -77.081230848739395, -12.070133355988986, 0.0 ], [ -77.081249091883763, -12.070150671211701, 0.0 ], [ -77.081388801939028, -12.070138093936018, 0.0 ], [ -77.081398993558082, -12.070121675526186, 0.0 ], [ -77.081367482392992, -12.070124853056653, 0.0 ], [ -77.081366080393067, -12.070127689899946, 0.0 ], [ -77.081361822787599, -12.070125423760919, 0.0 ], [ -77.081329286131975, -12.070128704695634, 0.0 ], [ -77.081325872677652, -12.070133556841609, 0.0 ], [ -77.081315759037992, -12.070127323074853, 0.0 ], [ -77.081309836865202, -12.070143159248722, 0.0 ] ] ] ] } },
{ "type": "Feature", "properties": { "Nombre": null, "Perimetro": 12.955, "Área": 7.945, "Uso": "Áreas de uso administrativo", "Proy riego": "Por validar con unidad", "Riego act": "Sin riego tecnificado", "Referenc_1": null, "código": null, "ID": null }, "geometry": { "type": "MultiPolygon", "coordinates": [ [ [ [ -77.081049995857029, -12.070062113860187, 0.0 ], [ -77.081056301427807, -12.070094995619039, 0.0 ], [ -77.081061045838368, -12.070093737944671, 0.0 ], [ -77.081065747106393, -12.0700923320725, 0.0 ], [ -77.081070400454166, -12.070090779429275, 0.0 ], [ -77.081075001152797, -12.070089081599663, 0.0 ], [ -77.081079544526716, -12.070087240307995, 0.0 ], [ -77.081084025958603, -12.070085257413913, 0.0 ], [ -77.081088440894419, -12.070083134945794, 0.0 ], [ -77.081086437713395, -12.070079474861029, 0.0 ], [ -77.081067443342178, -12.070073436525959, 0.0 ], [ -77.081059428607574, -12.07005920922944, 0.0 ], [ -77.081058092967325, -12.070059660611427, 0.0 ], [ -77.0810567531733, -12.070060099915471, 0.0 ], [ -77.081055409338148, -12.070060527088076, 0.0 ], [ -77.081054061575259, -12.07006094210899, 0.0 ], [ -77.081052709998147, -12.070061344934279, 0.0 ], [ -77.081051354720643, -12.070061735526455, 0.0 ], [ -77.081049995857029, -12.070062113860187, 0.0 ] ] ] ] } },
{ "type": "Feature", "properties": { "Nombre": null, "Perimetro": 31.865, "Área": 32.884, "Uso": "Áreas de uso administrativo", "Proy riego": "Por validar con unidad", "Riego act": "Sin riego tecnificado", "Referenc_1": null, "código": null, "ID": null }, "geometry": { "type": "MultiPolygon", "coordinates": [ [ [ [ -77.081171068594031, -12.070065062349117, 0.0 ], [ -77.081163951648236, -12.070073064013039, 0.0 ], [ -77.081156410863983, -12.070080680380924, 0.0 ], [ -77.081148467743219, -12.07008788971755, 0.0 ], [ -77.081140144934864, -12.070094671484226, 0.0 ], [ -77.081131466170703, -12.07010100633439, 0.0 ], [ -77.081122456197605, -12.070106876204598, 0.0 ], [ -77.081113140706634, -12.070112264362358, 0.0 ], [ -77.08111911629851, -12.070123057145565, 0.0 ], [ -77.081122771611618, -12.070120845992028, 0.0 ], [ -77.081126403740654, -12.070118598138725, 0.0 ], [ -77.081130012304996, -12.070116313812882, 0.0 ], [ -77.081133596926747, -12.070113993265123, 0.0 ], [ -77.081137157230572, -12.070111636730973, 0.0 ], [ -77.081140692843363, -12.070109244461026, 0.0 ], [ -77.081144203394913, -12.070106816704538, 0.0 ], [ -77.081153983130562, -12.070119819066035, 0.0 ], [ -77.081156661900877, -12.070117929961038, 0.0 ], [ -77.081159300584417, -12.070115986980563, 0.0 ], [ -77.081161898062774, -12.070113990938292, 0.0 ], [ -77.081164453234578, -12.070111942689302, 0.0 ], [ -77.081166965016578, -12.070109843099297, 0.0 ], [ -77.081169432344069, -12.070107693053247, 0.0 ], [ -77.081171854170918, -12.070105493471125, 0.0 ], [ -77.081183990026005, -12.070118451913277, 0.0 ], [ -77.081189244969025, -12.070113339140613, 0.0 ], [ -77.081194431082764, -12.07010815874202, 0.0 ], [ -77.081199547468856, -12.070102911609412, 0.0 ], [ -77.081204593240912, -12.070097598656591, 0.0 ], [ -77.081209567524724, -12.070092220808045, 0.0 ], [ -77.081214469458615, -12.070086778981699, 0.0 ], [ -77.08121929819346, -12.070081274132217, 0.0 ], [ -77.081203152655377, -12.070068585848068, 0.0 ], [ -77.081192498698769, -12.070081955078605, 0.0 ], [ -77.081171068594031, -12.070065062349117, 0.0 ] ] ] ] } },
{ "type": "Feature", "properties": { "Nombre": null, "Perimetro": 70.682, "Área": 142.202, "Uso": "Áreas de uso administrativo", "Proy riego": "Por validar con unidad", "Riego act": "Sin riego tecnificado", "Referenc_1": null, "código": "F 16", "ID": null }, "geometry": { "type": "MultiPolygon", "coordinates": [ [ [ [ -77.080974217976859, -12.070137522399598, 0.0 ], [ -77.080972994733898, -12.070125108791075, 0.0 ], [ -77.080950703399068, -12.070127162021501, 0.0 ], [ -77.080946857909268, -12.070127451861074, 0.0 ], [ -77.080923171161331, -12.07012955224477, 0.0 ], [ -77.080919326958949, -12.070129858181064, 0.0 ], [ -77.080895577518959, -12.07013202906781, 0.0 ], [ -77.080891733316449, -12.070132335003731, 0.0 ], [ -77.080868030196186, -12.070134400977148, 0.0 ], [ -77.080872586562435, -12.07018470610868, 0.0 ], [ -77.080977910419591, -12.070174993714854, 0.0 ], [ -77.080974590156302, -12.070141299318367, 0.0 ], [ -77.080974217976859, -12.070137522399598, 0.0 ] ] ], [ [ [ -77.08095040890494, -12.070123377310759, 0.0 ], [ -77.080972622554384, -12.070121331870647, 0.0 ], [ -77.080966574388711, -12.070059954363529, 0.0 ], [ -77.08086210248068, -12.070068955237726, 0.0 ], [ -77.080867687751649, -12.070130620174069, 0.0 ], [ -77.080867692095936, -12.07013061980267, 0.0 ], [ -77.080891422467531, -12.070128551559968, 0.0 ], [ -77.08089526666997, -12.070128245624071, 0.0 ], [ -77.080919016109661, -12.070126074737379, 0.0 ], [ -77.080922860311972, -12.07012576880113, 0.0 ], [ -77.08094656341521, -12.070123667150273, 0.0 ], [ -77.08095040890494, -12.070123377310759, 0.0 ] ] ] ] } },
{ "type": "Feature", "properties": { "Nombre": null, "Perimetro": 49.444, "Área": 113.658, "Uso": "Áreas de uso administrativo", "Proy riego": "Por validar con unidad", "Riego act": "Sin riego tecnificado", "Referenc_1": null, "código": "F 15", "ID": null }, "geometry": { "type": "MultiPolygon", "coordinates": [ [ [ [ -77.080827263169283, -12.069977412523503, 0.0 ], [ -77.080857503290645, -12.070014827827741, 0.0 ], [ -77.080860431074456, -12.070048414704392, 0.0 ], [ -77.080964956438123, -12.070039409225915, 0.0 ], [ -77.080958440880238, -12.069968300731038, 0.0 ], [ -77.080942428666475, -12.069967275933973, 0.0 ], [ -77.080940021589626, -12.069969114737056, 0.0 ], [ -77.080901908136681, -12.069965758631028, 0.0 ], [ -77.080879034092717, -12.069937216410429, 0.0 ], [ -77.080872429505803, -12.069942344361824, 0.0 ], [ -77.08087589884309, -12.069946672598009, 0.0 ], [ -77.08086753592606, -12.069953165756505, 0.0 ], [ -77.080864066588802, -12.069948837520206, 0.0 ], [ -77.080856792583234, -12.069954485222645, 0.0 ], [ -77.080863731398196, -12.069963141586394, 0.0 ], [ -77.080849673044739, -12.069974056809217, 0.0 ], [ -77.080842734115294, -12.069965400534006, 0.0 ], [ -77.080827263169283, -12.069977412523503, 0.0 ] ] ] ] } },
{ "type": "Feature", "properties": { "Nombre": null, "Perimetro": 76.601, "Área": 146.239, "Uso": "Áreas de uso administrativo", "Proy riego": "Por validar con unidad", "Riego act": "Sin riego tecnificado", "Referenc_1": null, "código": "F 17", "ID": null }, "geometry": { "type": "MultiPolygon", "coordinates": [ [ [ [ -77.080838967338821, -12.069845260014228, 0.0 ], [ -77.080830208640336, -12.069852134663245, 0.0 ], [ -77.080852727107711, -12.069879927351803, 0.0 ], [ -77.080861486118081, -12.069873053086859, 0.0 ], [ -77.08087265011298, -12.069886831882121, 0.0 ], [ -77.080863891414381, -12.069893706532259, 0.0 ], [ -77.08088177943776, -12.069915784235842, 0.0 ], [ -77.080890030050227, -12.069909389157726, 0.0 ], [ -77.080883098651583, -12.069900727041817, 0.0 ], [ -77.080897166165641, -12.06988982326247, 0.0 ], [ -77.080904097814098, -12.069898485184394, 0.0 ], [ -77.080920213465333, -12.069885993884546, 0.0 ], [ -77.080913282066589, -12.069877331769439, 0.0 ], [ -77.08092734957809, -12.069866427988945, 0.0 ], [ -77.080934281226661, -12.06987508991007, 0.0 ], [ -77.080951054540179, -12.069862088850041, 0.0 ], [ -77.080944123141308, -12.069853426735751, 0.0 ], [ -77.080958190650222, -12.069842522954092, 0.0 ], [ -77.080965122298906, -12.069851184874402, 0.0 ], [ -77.08098142729807, -12.069838546802973, 0.0 ], [ -77.080974495899085, -12.069829884689486, 0.0 ], [ -77.080988563405427, -12.069818980906678, 0.0 ], [ -77.080995495054225, -12.069827642826182, 0.0 ], [ -77.081025454308943, -12.069804421277398, 0.0 ], [ -77.081025269919905, -12.069802304457705, 0.0 ], [ -77.081018142995589, -12.069796143116374, 0.0 ], [ -77.081017921611505, -12.06979360158568, 0.0 ], [ -77.080802142339749, -12.069812324245349, 0.0 ], [ -77.080802334505577, -12.069814530365276, 0.0 ], [ -77.080800900658005, -12.069816056580137, 0.0 ], [ -77.080819044337233, -12.069838355480849, 0.0 ], [ -77.080827803347489, -12.069831481217014, 0.0 ], [ -77.080838967338821, -12.069845260014228, 0.0 ] ] ], [ [ [ -77.081022041177334, -12.069795921659146, 0.0 ], [ -77.081021809791793, -12.069793265310569, 0.0 ], [ -77.081021352333522, -12.069793303908648, 0.0 ], [ -77.081019476647924, -12.069793466658224, 0.0 ], [ -77.081019644745737, -12.069795396452411, 0.0 ], [ -77.081025077284693, -12.06980009297023, 0.0 ], [ -77.081024694435399, -12.069795697790244, 0.0 ], [ -77.081022041177334, -12.069795921659146, 0.0 ] ] ] ] } },
{ "type": "Feature", "properties": { "Nombre": null, "Perimetro": 14.154, "Área": 7.509, "Uso": "Áreas de uso administrativo", "Proy riego": "Por validar con unidad", "Riego act": "Sin riego tecnificado", "Referenc_1": null, "código": null, "ID": null }, "geometry": { "type": "MultiPolygon", "coordinates": [ [ [ [ -77.081132991693551, -12.069784111377936, 0.0 ], [ -77.081137522305255, -12.069836132202765, 0.0 ], [ -77.081149417933204, -12.069835148499021, 0.0 ], [ -77.081144884777686, -12.069783098344105, 0.0 ], [ -77.081132991693551, -12.069784111377936, 0.0 ] ] ] ] } },
{ "type": "Feature", "properties": { "Nombre": null, "Perimetro": 91.882, "Área": 154.555, "Uso": "Áreas de uso administrativo", "Proy riego": "Por validar con unidad", "Riego act": "Sin riego tecnificado", "Referenc_1": null, "código": null, "ID": null }, "geometry": { "type": "MultiPolygon", "coordinates": [ [ [ [ -77.080428939296795, -12.070179233634297, 0.0 ], [ -77.080433622788334, -12.070223727451589, 0.0 ], [ -77.080454928383176, -12.070221824644126, 0.0 ], [ -77.080454139109449, -12.070211814997087, 0.0 ], [ -77.080469591712074, -12.070210671526848, 0.0 ], [ -77.08047039716979, -12.070220443122301, 0.0 ], [ -77.080654494708128, -12.070204001251424, 0.0 ], [ -77.080653747714877, -12.070194451859665, 0.0 ], [ -77.080669200313793, -12.070193308378633, 0.0 ], [ -77.080669967808376, -12.070202619333214, 0.0 ], [ -77.080747480531713, -12.070195696580654, 0.0 ], [ -77.080764340586384, -12.07019429618423, 0.0 ], [ -77.080761580009337, -12.070160332699603, 0.0 ], [ -77.080663898549219, -12.070168987908884, 0.0 ], [ -77.080664800354768, -12.070180082907681, 0.0 ], [ -77.080624925167399, -12.070183644198179, 0.0 ], [ -77.080624021095744, -12.070172521299366, 0.0 ], [ -77.080609570091454, -12.070173801746847, 0.0 ], [ -77.080609135367595, -12.070168453284364, 0.0 ], [ -77.080505403995275, -12.070177478457554, 0.0 ], [ -77.080504510637169, -12.070166487307635, 0.0 ], [ -77.080476905531512, -12.070169136959157, 0.0 ], [ -77.080473526039199, -12.070166352020459, 0.0 ], [ -77.080453882741438, -12.070150164563222, 0.0 ], [ -77.080428939296795, -12.070179233634297, 0.0 ] ] ] ] } },
{ "type": "Feature", "properties": { "Nombre": null, "Perimetro": 12.121, "Área": 4.393, "Uso": "Áreas de uso administrativo", "Proy riego": "Por validar con unidad", "Riego act": "Sin riego tecnificado", "Referenc_1": null, "código": null, "ID": null }, "geometry": { "type": "MultiPolygon", "coordinates": [ [ [ [ -77.080774390419919, -12.070159268562414, 0.0 ], [ -77.080776409501397, -12.070184109386231, 0.0 ], [ -77.080791862098039, -12.070182965898566, 0.0 ], [ -77.080792602550773, -12.070191948742673, 0.0 ], [ -77.080798196697316, -12.07019148409197, 0.0 ], [ -77.080797010449118, -12.070176889659507, 0.0 ], [ -77.080786030089541, -12.070177801689724, 0.0 ], [ -77.080784455748955, -12.070158432535262, 0.0 ], [ -77.080779514587448, -12.070158842948633, 0.0 ], [ -77.080774390419919, -12.070159268562414, 0.0 ] ] ] ] } },
{ "type": "Feature", "properties": { "Nombre": "Jardín Frutas (bordes)", "Perimetro": 239.862, "Área": 2449.075, "Uso": "Áreas de uso recreativo/descanso", "Proy riego": "Falta aspersión", "Riego act": "Sin riego tecnificado", "Referenc_1": "Frente a Comedor de Arte Antiguo", "código": "F 4", "ID": null }, "geometry": { "type": "MultiPolygon", "coordinates": [ [ [ [ -77.079831087191565, -12.069897885657388, 0.0 ], [ -77.079866229188411, -12.070274291354648, 0.0 ], [ -77.080129588182984, -12.070250855328567, 0.0 ], [ -77.08012847363257, -12.070238259327594, 0.0 ], [ -77.080146503859964, -12.070236770309101, 0.0 ], [ -77.080147608272796, -12.07024925173155, 0.0 ], [ -77.080310821141708, -12.070234508201363, 0.0 ], [ -77.080310600284221, -12.0702312517138, 0.0 ], [ -77.080378289324955, -12.070152659110937, 0.0 ], [ -77.080370902522674, -12.070119243709465, 0.0 ], [ -77.080378163961711, -12.070110847574163, 0.0 ], [ -77.080433382601271, -12.070047310628237, 0.0 ], [ -77.080411047191447, -12.069791299017547, 0.0 ], [ -77.080381780778211, -12.069793894559387, 0.0 ], [ -77.080384121809502, -12.069820727867949, 0.0 ], [ -77.080373919208597, -12.069832829949499, 0.0 ], [ -77.08036572917905, -12.069833517569485, 0.0 ], [ -77.0803665537954, -12.069841566625881, 0.0 ], [ -77.080316889394865, -12.069900477329099, 0.0 ], [ -77.0803084802467, -12.069901244986964, 0.0 ], [ -77.080309222119041, -12.069909378223919, 0.0 ], [ -77.080299023540732, -12.069921571256476, 0.0 ], [ -77.080300166386195, -12.069934100412265, 0.0 ], [ -77.080272552936222, -12.069936621198208, 0.0 ], [ -77.080274047274585, -12.069953003828973, 0.0 ], [ -77.080131513846538, -12.069966015426264, 0.0 ], [ -77.080105613244115, -12.069945018885381, 0.0 ], [ -77.080094566362689, -12.069823909512166, 0.0 ], [ -77.07987613822533, -12.069844629773577, 0.0 ], [ -77.079831087191565, -12.069897885657388, 0.0 ] ] ] ] } },
{ "type": "Feature", "properties": { "Nombre": null, "Perimetro": 15.214, "Área": 13.798, "Uso": "Áreas de uso administrativo", "Proy riego": "Por validar con unidad", "Riego act": "Sin riego tecnificado", "Referenc_1": null, "código": null, "ID": null }, "geometry": { "type": "MultiPolygon", "coordinates": [ [ [ [ -77.080580300186682, -12.070015287646319, 0.0 ], [ -77.080621437033031, -12.070011763858798, 0.0 ], [ -77.080618184160542, -12.06997639308082, 0.0 ], [ -77.08060206860273, -12.069977725909844, 0.0 ], [ -77.08057942689841, -12.070005383505505, 0.0 ], [ -77.080580300186682, -12.070015287646319, 0.0 ] ] ] ] } },
{ "type": "Feature", "properties": { "Nombre": null, "Perimetro": 6.458, "Área": 2.699, "Uso": "Áreas de uso administrativo", "Proy riego": "Por validar con unidad", "Riego act": "Sin riego tecnificado", "Referenc_1": null, "código": null, "ID": null }, "geometry": { "type": "MultiPolygon", "coordinates": [ [ [ [ -77.08055151434047, -12.069973823110848, 0.0 ], [ -77.080552871909859, -12.069989219605679, 0.0 ], [ -77.080562571422817, -12.069988417414207, 0.0 ], [ -77.08056809099952, -12.069980977407621, 0.0 ], [ -77.080567344735627, -12.069972513868972, 0.0 ], [ -77.08055151434047, -12.069973823110848, 0.0 ] ] ] ] } },
{ "type": "Feature", "properties": { "Nombre": null, "Perimetro": 41.016, "Área": 24.175, "Uso": "Áreas de uso administrativo", "Proy riego": "Por validar con unidad", "Riego act": "Sin riego tecnificado", "Referenc_1": null, "código": null, "ID": null }, "geometry": { "type": "MultiPolygon", "coordinates": [ [ [ [ -77.080435873435675, -12.069883709377171, 0.0 ], [ -77.080450644497262, -12.070057137259329, 0.0 ], [ -77.080462263202207, -12.070056139026891, 0.0 ], [ -77.080447233469755, -12.069882729491669, 0.0 ], [ -77.080435873435675, -12.069883709377171, 0.0 ] ] ] ] } },
{ "type": "Feature", "properties": { "Nombre": null, "Perimetro": 64.831, "Área": 92.636, "Uso": "Áreas de uso administrativo", "Proy riego": "Por validar con unidad", "Riego act": "Sin riego tecnificado", "Referenc_1": null, "código": null, "ID": null }, "geometry": { "type": "MultiPolygon", "coordinates": [ [ [ [ -77.081409398970735, -12.069663561448412, 0.0 ], [ -77.081409295137178, -12.069663505622264, 0.0 ], [ -77.081409195171489, -12.069663443327142, 0.0 ], [ -77.08140909948888, -12.069663374824364, 0.0 ], [ -77.081409008486375, -12.069663300401821, 0.0 ], [ -77.081408922541954, -12.069663220369156, 0.0 ], [ -77.081408842011925, -12.069663135055533, 0.0 ], [ -77.081408767230798, -12.069663044811838, 0.0 ], [ -77.081408698508866, -12.069662950019305, 0.0 ], [ -77.081408636131286, -12.069662851067978, 0.0 ], [ -77.081408580357149, -12.069662748369629, 0.0 ], [ -77.081408531417807, -12.069662642349181, 0.0 ], [ -77.081408489516363, -12.06966253344901, 0.0 ], [ -77.081408454826857, -12.069662422116005, 0.0 ], [ -77.081408427493074, -12.069662308818836, 0.0 ], [ -77.081408407628885, -12.069662194024222, 0.0 ], [ -77.081408395316103, -12.069662078212108, 0.0 ], [ -77.081408390606214, -12.069661961852393, 0.0 ], [ -77.081408394392994, -12.069661831292585, 0.0 ], [ -77.081408407749421, -12.069661701346964, 0.0 ], [ -77.081408430605563, -12.069661572683501, 0.0 ], [ -77.081408462842248, -12.069661445981851, 0.0 ], [ -77.081408504290977, -12.069661321904793, 0.0 ], [ -77.081408554735546, -12.069661201096068, 0.0 ], [ -77.081408613912302, -12.069661084191166, 0.0 ], [ -77.081408681512514, -12.069660971791425, 0.0 ], [ -77.081408757182942, -12.069660864494203, 0.0 ], [ -77.081408840528738, -12.069660762854092, 0.0 ], [ -77.081408931114481, -12.069660667402268, 0.0 ], [ -77.081409028467263, -12.069660578635716, 0.0 ], [ -77.081409132078804, -12.069660497026314, 0.0 ], [ -77.081407752025697, -12.069644651415716, 0.0 ], [ -77.081388813631264, -12.069646253554048, 0.0 ], [ -77.081387181204008, -12.06962751019276, 0.0 ], [ -77.081383125035472, -12.069628961438921, 0.0 ], [ -77.081363620905165, -12.069635939770835, 0.0 ], [ -77.081362344915547, -12.069634860893098, 0.0 ], [ -77.081361103197978, -12.069633743953441, 0.0 ], [ -77.081359896924184, -12.069632590005137, 0.0 ], [ -77.081358727232285, -12.069631400132158, 0.0 ], [ -77.081357595226294, -12.069630175468287, 0.0 ], [ -77.081356501974241, -12.069628917154045, 0.0 ], [ -77.081355448507949, -12.069627626390652, 0.0 ], [ -77.081354117653405, -12.069630132254957, 0.0 ], [ -77.081352605958969, -12.069632536716258, 0.0 ], [ -77.081350921358464, -12.069634827150507, 0.0 ], [ -77.081349072693598, -12.069636991538891, 0.0 ], [ -77.081347069666606, -12.069639018528521, 0.0 ], [ -77.081344922789995, -12.06964089747366, 0.0 ], [ -77.081342643331183, -12.06964261851588, 0.0 ], [ -77.081340243253763, -12.069644172623317, 0.0 ], [ -77.08133773515398, -12.069645551640647, 0.0 ], [ -77.081335132195065, -12.069646748326319, 0.0 ], [ -77.081332448038239, -12.069647756395518, 0.0 ], [ -77.08133618102228, -12.069690618197077, 0.0 ], [ -77.081411202692493, -12.069684271566926, 0.0 ], [ -77.081409398970735, -12.069663561448412, 0.0 ] ] ], [ [ [ -77.081344310860928, -12.069605615757069, 0.0 ], [ -77.081344557700803, -12.069607318335674, 0.0 ], [ -77.081344683868494, -12.069609033668172, 0.0 ], [ -77.08134468875528, -12.069610753484701, 0.0 ], [ -77.081344572337613, -12.069612469489487, 0.0 ], [ -77.081344335177135, -12.069614173399609, 0.0 ], [ -77.081343978417848, -12.069615856996743, 0.0 ], [ -77.081343503780786, -12.069617512168151, 0.0 ], [ -77.081342913555304, -12.069619130913198, 0.0 ], [ -77.081342210588716, -12.069620705439828, 0.0 ], [ -77.081354076901491, -12.069625814820597, 0.0 ], [ -77.081353031109984, -12.069624318692844, 0.0 ], [ -77.081352037125029, -12.069622788744066, 0.0 ], [ -77.08135109607511, -12.069621226702358, 0.0 ], [ -77.081350209028457, -12.069619634346047, 0.0 ], [ -77.081349376992335, -12.069618013486254, 0.0 ], [ -77.08134860091107, -12.069616365949638, 0.0 ], [ -77.081347881666048, -12.069614693624249, 0.0 ], [ -77.081346970782434, -12.069611654626492, 0.0 ], [ -77.081346244973631, -12.069608567733871, 0.0 ], [ -77.081345706803788, -12.069605443849289, 0.0 ], [ -77.081345358174815, -12.069602294014777, 0.0 ], [ -77.081345200318353, -12.069599129361398, 0.0 ], [ -77.081345233792064, -12.069595961061905, 0.0 ], [ -77.081345458478111, -12.069592800323409, 0.0 ], [ -77.081340402176963, -12.069596118846084, 0.0 ], [ -77.081341328227978, -12.069597577308018, 0.0 ], [ -77.081342149185176, -12.069599095514453, 0.0 ], [ -77.081342861088558, -12.069600666143828, 0.0 ], [ -77.081343460503845, -12.069602281617557, 0.0 ], [ -77.081343944539569, -12.069603934146143, 0.0 ], [ -77.081344310860928, -12.069605615757069, 0.0 ] ] ], [ [ [ -77.081339367248901, -12.069576160182789, 0.0 ], [ -77.081341403537323, -12.069577279689199, 0.0 ], [ -77.081343363409502, -12.069578524314213, 0.0 ], [ -77.081345238939946, -12.069579889023169, 0.0 ], [ -77.081347022543852, -12.069581368296186, 0.0 ], [ -77.081348707008388, -12.06958295615595, 0.0 ], [ -77.08135028552158, -12.069584646178248, 0.0 ], [ -77.08135175169997, -12.069586431528538, 0.0 ], [ -77.081365587317194, -12.069581481319517, 0.0 ], [ -77.081401142379065, -12.069568760163857, 0.0 ], [ -77.081399226560507, -12.06954676292524, 0.0 ], [ -77.081399158905, -12.069546661182752, 0.0 ], [ -77.081399098352719, -12.069546555195288, 0.0 ], [ -77.08139904517779, -12.069546445437778, 0.0 ], [ -77.081398999620816, -12.069546332414808, 0.0 ], [ -77.0813989618878, -12.06954621663121, 0.0 ], [ -77.081398932149739, -12.069546098611474, 0.0 ], [ -77.081398910541068, -12.069545978895443, 0.0 ], [ -77.081398897159644, -12.069545858014623, 0.0 ], [ -77.081398892065963, -12.069545736527331, 0.0 ], [ -77.081398894958994, -12.069545620456424, 0.0 ], [ -77.081398905418013, -12.069545504801519, 0.0 ], [ -77.08139892339986, -12.069545390047095, 0.0 ], [ -77.081398948830497, -12.06954527666557, 0.0 ], [ -77.081398981605219, -12.069545165131784, 0.0 ], [ -77.081399021588197, -12.069545055897134, 0.0 ], [ -77.081399068614743, -12.069544949407399, 0.0 ], [ -77.081397178461927, -12.069523246852738, 0.0 ], [ -77.081322343544642, -12.069529420348637, 0.0 ], [ -77.081326023274528, -12.069572286611047, 0.0 ], [ -77.081328336703223, -12.069572579203909, 0.0 ], [ -77.081330626558128, -12.0695730159271, 0.0 ], [ -77.081332883579066, -12.069573595008812, 0.0 ], [ -77.081335098638775, -12.069574314110399, 0.0 ], [ -77.0813372627793, -12.069575170323088, 0.0 ], [ -77.081339367248901, -12.069576160182789, 0.0 ] ] ] ] } },
{ "type": "Feature", "properties": { "Nombre": null, "Perimetro": 30.279, "Área": 57.859, "Uso": "Áreas de uso administrativo", "Proy riego": "Por validar con unidad", "Riego act": "Sin riego tecnificado", "Referenc_1": null, "código": null, "ID": null }, "geometry": { "type": "MultiPolygon", "coordinates": [ [ [ [ -77.081242220940283, -12.069698566937022, 0.0 ], [ -77.081317883050261, -12.069692166152885, 0.0 ], [ -77.081314150070682, -12.069649304350483, 0.0 ], [ -77.0813116341062, -12.069648902865264, 0.0 ], [ -77.081309151083417, -12.069648336558014, 0.0 ], [ -77.081306712136609, -12.069647607971087, 0.0 ], [ -77.081304328201824, -12.069646720369093, 0.0 ], [ -77.081302009968866, -12.069645677733867, 0.0 ], [ -77.081299767832519, -12.069644484736832, 0.0 ], [ -77.081297611846921, -12.069643146732883, 0.0 ], [ -77.081295551679517, -12.069641669717607, 0.0 ], [ -77.081293596568017, -12.069640060314716, 0.0 ], [ -77.081291755279366, -12.069638325746155, 0.0 ], [ -77.081290036069817, -12.069636473780704, 0.0 ], [ -77.081288446648344, -12.069634512725612, 0.0 ], [ -77.081286994142289, -12.069632451379476, 0.0 ], [ -77.081285685064287, -12.069630298976442, 0.0 ], [ -77.081284525284673, -12.069628065179954, 0.0 ], [ -77.081283520003637, -12.069625759994615, 0.0 ], [ -77.081282673729191, -12.069623393764999, 0.0 ], [ -77.081241292209, -12.069626894559393, 0.0 ], [ -77.081241009513178, -12.069629077160672, 0.0 ], [ -77.081240631515996, -12.069631245751737, 0.0 ], [ -77.081240158919542, -12.069633396290653, 0.0 ], [ -77.081239592601875, -12.069635524790943, 0.0 ], [ -77.081238933615182, -12.069637627301475, 0.0 ], [ -77.0812381831837, -12.069639699902135, 0.0 ], [ -77.081237914960795, -12.069640350561038, 0.0 ], [ -77.081237342701542, -12.069641738755649, 0.0 ], [ -77.081242220940283, -12.069698566937022, 0.0 ] ] ] ] } },
{ "type": "Feature", "properties": { "Nombre": null, "Perimetro": 30.403, "Área": 58.505, "Uso": "Áreas de uso administrativo", "Proy riego": "Por validar con unidad", "Riego act": "Sin riego tecnificado", "Referenc_1": null, "código": null, "ID": null }, "geometry": { "type": "MultiPolygon", "coordinates": [ [ [ [ -77.081234485632777, -12.069595763610941, 0.0 ], [ -77.081235651850278, -12.069597835224258, 0.0 ], [ -77.081236719183551, -12.069599957844147, 0.0 ], [ -77.081237685335154, -12.069602126904517, 0.0 ], [ -77.081238548225627, -12.069604337736395, 0.0 ], [ -77.081239305997343, -12.069606585576532, 0.0 ], [ -77.081239957019193, -12.069608865589176, 0.0 ], [ -77.081281127622177, -12.069605382685488, 0.0 ], [ -77.081281679877151, -12.069602564306832, 0.0 ], [ -77.081282435681786, -12.069599792064658, 0.0 ], [ -77.081283391158991, -12.069597080167421, 0.0 ], [ -77.081284541407584, -12.069594442539438, 0.0 ], [ -77.08128588052729, -12.069591892703059, 0.0 ], [ -77.081287401648808, -12.069589443741858, 0.0 ], [ -77.081289096969158, -12.069587108211996, 0.0 ], [ -77.081290957792305, -12.069584898103127, 0.0 ], [ -77.08129297457252, -12.069582824747608, 0.0 ], [ -77.081295136964798, -12.069580898776975, 0.0 ], [ -77.081297433876671, -12.069579130078502, 0.0 ], [ -77.081299853525721, -12.069577527717179, 0.0 ], [ -77.081302383500173, -12.069576099920175, 0.0 ], [ -77.08130501082212, -12.069574854005261, 0.0 ], [ -77.081307722014387, -12.069573796368328, 0.0 ], [ -77.081304042287329, -12.069530930105199, 0.0 ], [ -77.081228366584, -12.069537172936155, 0.0 ], [ -77.081233223041039, -12.069593747462429, 0.0 ], [ -77.081234485632777, -12.069595763610941, 0.0 ] ] ] ] } },
{ "type": "Feature", "properties": { "Nombre": null, "Perimetro": 6.406, "Área": 3.264, "Uso": "Áreas de uso administrativo", "Proy riego": "Por validar con unidad", "Riego act": "Sin riego tecnificado", "Referenc_1": null, "código": null, "ID": null }, "geometry": { "type": "MultiPolygon", "coordinates": [ [ [ [ -77.081329535056838, -12.069611144731594, 0.0 ], [ -77.081329507276479, -12.069610501877339, 0.0 ], [ -77.081329434000978, -12.069609862505445, 0.0 ], [ -77.081329315586913, -12.069609229711425, 0.0 ], [ -77.081329152611445, -12.069608606596027, 0.0 ], [ -77.081328945868634, -12.0696079961851, 0.0 ], [ -77.081328696365404, -12.069607401453357, 0.0 ], [ -77.081328405317507, -12.069606825300676, 0.0 ], [ -77.081328074142903, -12.069606270530603, 0.0 ], [ -77.081327704455163, -12.069605739854739, 0.0 ], [ -77.081327298055072, -12.069605235845364, 0.0 ], [ -77.081326856922843, -12.069604760969987, 0.0 ], [ -77.081326383207397, -12.069604317535413, 0.0 ], [ -77.08132587921672, -12.069603907700717, 0.0 ], [ -77.081325347406363, -12.069603533468731, 0.0 ], [ -77.081324790367006, -12.069603196655962, 0.0 ], [ -77.081324210812653, -12.069602898909919, 0.0 ], [ -77.081323611566788, -12.069602641679063, 0.0 ], [ -77.081322995548746, -12.069602426212883, 0.0 ], [ -77.081322365759931, -12.069602253562019, 0.0 ], [ -77.081321725268523, -12.069602124574065, 0.0 ], [ -77.081321077194772, -12.069602039867807, 0.0 ], [ -77.081320424696301, -12.069601999863517, 0.0 ], [ -77.081319770951822, -12.069602004752904, 0.0 ], [ -77.081319119146443, -12.069602054512146, 0.0 ], [ -77.081318472455663, -12.06960214890201, 0.0 ], [ -77.081317834029832, -12.069602287455051, 0.0 ], [ -77.081317206979747, -12.069602469505874, 0.0 ], [ -77.081316594360075, -12.069602694161095, 0.0 ], [ -77.081315999155407, -12.069602960325305, 0.0 ], [ -77.081315424265483, -12.069603266705496, 0.0 ], [ -77.081314872491461, -12.069603611811134, 0.0 ], [ -77.081314346521054, -12.069603993954319, 0.0 ], [ -77.08131384891702, -12.069604411279997, 0.0 ], [ -77.081313382103673, -12.069604861748834, 0.0 ], [ -77.081312948355006, -12.069605343167492, 0.0 ], [ -77.081312549784471, -12.069605853197286, 0.0 ], [ -77.081312188333825, -12.069606389341379, 0.0 ], [ -77.081311865763894, -12.069606949000843, 0.0 ], [ -77.081311583646254, -12.069607529440271, 0.0 ], [ -77.081311343355495, -12.069608127835213, 0.0 ], [ -77.081311146062021, -12.069608741267952, 0.0 ], [ -77.081310992727168, -12.069609366749059, 0.0 ], [ -77.081310884098158, -12.069610001241154, 0.0 ], [ -77.08131082070382, -12.069610641635219, 0.0 ], [ -77.081310802853423, -12.069611284830755, 0.0 ], [ -77.081310830633541, -12.069611927679899, 0.0 ], [ -77.081310903909184, -12.069612567060426, 0.0 ], [ -77.081311022323021, -12.069613199845842, 0.0 ], [ -77.081311185298475, -12.069613822965565, 0.0 ], [ -77.081311392041414, -12.069614433376508, 0.0 ], [ -77.081311641544445, -12.069615028103964, 0.0 ], [ -77.081311932592314, -12.069615604256672, 0.0 ], [ -77.081312263766904, -12.069616159026765, 0.0 ], [ -77.081312633454658, -12.069616689706963, 0.0 ], [ -77.08131303985472, -12.069617193712048, 0.0 ], [ -77.081313480987077, -12.069617668587446, 0.0 ], [ -77.081313954702452, -12.069618112026351, 0.0 ], [ -77.0813144586931, -12.069618521856759, 0.0 ], [ -77.081314990503614, -12.069618896088764, 0.0 ], [ -77.081315547542872, -12.06961923290155, 0.0 ], [ -77.081316127097381, -12.0696195306476, 0.0 ], [ -77.081316726343289, -12.069619787878468, 0.0 ], [ -77.081317342361231, -12.069620003344658, 0.0 ], [ -77.081317972150075, -12.069620175995528, 0.0 ], [ -77.081318612641681, -12.069620304983482, 0.0 ], [ -77.081319260715333, -12.069620389689742, 0.0 ], [ -77.081319913213846, -12.069620429694025, 0.0 ], [ -77.081320566958368, -12.069620424804631, 0.0 ], [ -77.081321218763804, -12.06962037504538, 0.0 ], [ -77.081321865454754, -12.069620280655503, 0.0 ], [ -77.081322503880486, -12.069620142102446, 0.0 ], [ -77.081323130930613, -12.069619960051604, 0.0 ], [ -77.081323743550442, -12.06961973539636, 0.0 ], [ -77.081324338755124, -12.06961946923213, 0.0 ], [ -77.081324913644934, -12.069619162851922, 0.0 ], [ -77.081325465419113, -12.069618817746255, 0.0 ], [ -77.081325991389377, -12.069618435603047, 0.0 ], [ -77.081326488993454, -12.069618018281661, 0.0 ], [ -77.081326955806901, -12.069617567808489, 0.0 ], [ -77.081327389555412, -12.069617086389812, 0.0 ], [ -77.081327788125961, -12.069616576364307, 0.0 ], [ -77.081328149576564, -12.069616040215889, 0.0 ], [ -77.081328472146438, -12.06961548055641, 0.0 ], [ -77.081328754264064, -12.069614900116974, 0.0 ], [ -77.081328994554966, -12.069614301726325, 0.0 ], [ -77.081329191848255, -12.069613688293582, 0.0 ], [ -77.081329345183022, -12.069613062808161, 0.0 ], [ -77.081329453812188, -12.069612428324685, 0.0 ], [ -77.081329517206285, -12.069611787922007, 0.0 ], [ -77.081329535056838, -12.069611144731594, 0.0 ] ] ] ] } },
{ "type": "Feature", "properties": { "Nombre": null, "Perimetro": 26.189, "Área": 16.88, "Uso": "Áreas de uso administrativo", "Proy riego": "Por validar con unidad", "Riego act": "Sin riego tecnificado", "Referenc_1": null, "código": null, "ID": null }, "geometry": { "type": "MultiPolygon", "coordinates": [ [ [ [ -77.081140188066371, -12.069697143269574, 0.0 ], [ -77.081141443861313, -12.069711814804439, -8.9884656743115785e+307 ], [ -77.081146358415239, -12.069706452444278, -1.7976931348623157e+308 ], [ -77.081146554473776, -12.069708703589788, -1.7976931348623157e+308 ], [ -77.081145182125724, -12.069708819685586, -1.7976931348623157e+308 ], [ -77.081146068310346, -12.069718994863228, -1.7976931348623157e+308 ], [ -77.081145244901478, -12.06971906452071, -1.7976931348623157e+308 ], [ -77.081146029135738, -12.069728069102654, -1.7976931348623157e+308 ], [ -77.081146766324039, -12.069728006739119, -8.9884656743115785e+307 ], [ -77.081167794940214, -12.069704803058739, 0.0 ], [ -77.081216176305333, -12.069700761578385, 0.0 ], [ -77.081214192906018, -12.069679844968269, 0.0 ], [ -77.081207389727439, -12.069680352028191, 0.0 ], [ -77.081201853219042, -12.069686565305883, 0.0 ], [ -77.08117447527637, -12.069688605858364, 0.0 ], [ -77.081168015169766, -12.069683286720844, 0.0 ], [ -77.081162337923303, -12.069683709860966, 0.0 ], [ -77.081163342924214, -12.069695417478071, 0.0 ], [ -77.081140188066371, -12.069697143269574, 0.0 ] ] ] ] } },
{ "type": "Feature", "properties": { "Nombre": null, "Perimetro": 27.8, "Área": 13.473, "Uso": "Áreas de uso administrativo", "Proy riego": "Por validar con unidad", "Riego act": "Sin riego tecnificado", "Referenc_1": null, "código": null, "ID": null }, "geometry": { "type": "MultiPolygon", "coordinates": [ [ [ [ -77.08108539222431, -12.069402755549312, 0.0 ], [ -77.081095108658943, -12.069518530375678, 0.0 ], [ -77.081105051183471, -12.069517727979022, 0.0 ], [ -77.081094643454463, -12.069402003482482, 0.0 ], [ -77.08108539222431, -12.069402755549312, 0.0 ] ] ] ] } },
{ "type": "Feature", "properties": { "Nombre": null, "Perimetro": 175.378, "Área": 434.506, "Uso": "Áreas de uso administrativo", "Proy riego": "Por validar con unidad", "Riego act": "Sin riego tecnificado", "Referenc_1": null, "código": "C 37", "ID": null }, "geometry": { "type": "MultiPolygon", "coordinates": [ [ [ [ -77.080860676891334, -12.068918916880344, 0.0 ], [ -77.080860522310516, -12.068943604822838, 0.0 ], [ -77.080895412383569, -12.068943745862805, 0.0 ], [ -77.08089542697472, -12.068939227082341, 0.0 ], [ -77.080899008197974, -12.068939241558873, 0.0 ], [ -77.080898993606908, -12.068943760339343, 0.0 ], [ -77.080948671601448, -12.068943961149953, 0.0 ], [ -77.080948686191689, -12.068939442369631, 0.0 ], [ -77.080952267414844, -12.068939456845477, 0.0 ], [ -77.080952252824659, -12.068943975625785, 0.0 ], [ -77.081001976730789, -12.068944176612433, 0.0 ], [ -77.08100199132015, -12.068939657832294, 0.0 ], [ -77.081005572543177, -12.068939672307451, 0.0 ], [ -77.081005557953887, -12.068944191087581, 0.0 ], [ -77.081138154992672, -12.068944738445838, 0.0 ], [ -77.081138169579759, -12.06894021966519, 0.0 ], [ -77.081141658974332, -12.068940234373988, 0.0 ], [ -77.081141644387316, -12.068944753154629, 0.0 ], [ -77.081191368260079, -12.06894496275018, 0.0 ], [ -77.081191382846256, -12.068940443969677, 0.0 ], [ -77.081194872240729, -12.068940458677824, 0.0 ], [ -77.081194857654609, -12.068944977458303, 0.0 ], [ -77.081244627438934, -12.068945187237853, 0.0 ], [ -77.081244642024203, -12.068940668457492, 0.0 ], [ -77.081248131418576, -12.068940683164952, 0.0 ], [ -77.081248116833351, -12.068945201945303, 0.0 ], [ -77.081301146445028, -12.06894542545453, 0.0 ], [ -77.081301064773001, -12.068970730623613, 0.0 ], [ -77.081326866430018, -12.068970839368394, 0.0 ], [ -77.08133304637002, -12.068976161571801, 0.0 ], [ -77.081338874805112, -12.068981854946971, 0.0 ], [ -77.081344328763279, -12.068987897053237, 0.0 ], [ -77.081349386748755, -12.068994264079302, 0.0 ], [ -77.081354028825913, -12.06900093092872, 0.0 ], [ -77.081358236698719, -12.069007871318409, 0.0 ], [ -77.081361993782437, -12.069015057905579, 0.0 ], [ -77.081363400251291, -12.06901729663802, 0.0 ], [ -77.081364729395574, -12.069019580680424, 0.0 ], [ -77.081365979710142, -12.069021907438595, 0.0 ], [ -77.081367149779481, -12.069024274279194, 0.0 ], [ -77.081368238278884, -12.06902667852725, 0.0 ], [ -77.0813692439758, -12.069029117448935, 0.0 ], [ -77.08137016573167, -12.069031588298852, 0.0 ], [ -77.081372443322593, -12.06903988379004, 0.0 ], [ -77.081374172525997, -12.069048306593558, 0.0 ], [ -77.081375346140476, -12.069056821627308, 0.0 ], [ -77.081375959278446, -12.069065393431934, 0.0 ], [ -77.081376009386574, -12.069073986306522, 0.0 ], [ -77.081375496255887, -12.069082564474447, 0.0 ], [ -77.081374422023586, -12.069091092208332, 0.0 ], [ -77.081372791162934, -12.069099533987417, 0.0 ], [ -77.081370610465825, -12.069107854664651, 0.0 ], [ -77.081364460416296, -12.069106014802092, 0.0 ], [ -77.081363937442504, -12.069107689472686, 0.0 ], [ -77.08136340394303, -12.069109360921983, 0.0 ], [ -77.081362859938238, -12.069111029084075, 0.0 ], [ -77.081362305449488, -12.069112693904904, 0.0 ], [ -77.081361740497854, -12.069114355315358, 0.0 ], [ -77.081361165104695, -12.069116013248502, 0.0 ], [ -77.081360579292365, -12.069117667643933, 0.0 ], [ -77.081450648450627, -12.069134313433066, 0.0 ], [ -77.081447601035251, -12.069121887345347, 0.0 ], [ -77.081444571369744, -12.069109457056816, 0.0 ], [ -77.081441559459748, -12.069097022588704, 0.0 ], [ -77.081438565311217, -12.069084583964667, 0.0 ], [ -77.081435588930376, -12.06907214121482, 0.0 ], [ -77.081432630322809, -12.069059694354211, 0.0 ], [ -77.081429689494541, -12.069047243418096, 0.0 ], [ -77.081426787170855, -12.069035079874496, 0.0 ], [ -77.081423921916468, -12.069022907827389, 0.0 ], [ -77.081421093756646, -12.069010727374884, 0.0 ], [ -77.081418302716898, -12.068998538631003, 0.0 ], [ -77.081415548822633, -12.068986341711915, 0.0 ], [ -77.081412832098252, -12.068974136714399, 0.0 ], [ -77.081410152568395, -12.068961923759451, 0.0 ], [ -77.081312035493823, -12.068897501625191, 0.0 ], [ -77.080867345897843, -12.06889509336936, 0.0 ], [ -77.080867196508706, -12.068918952193123, 0.0 ], [ -77.080860676891334, -12.068918916880344, 0.0 ] ] ] ] } },
{ "type": "Feature", "properties": { "Nombre": null, "Perimetro": 15.697, "Área": 13.415, "Uso": "Áreas de uso administrativo", "Proy riego": "Por validar con unidad", "Riego act": "Sin riego tecnificado", "Referenc_1": null, "código": null, "ID": null }, "geometry": { "type": "MultiPolygon", "coordinates": [ [ [ [ -77.080910775314265, -12.069414965037511, 0.0 ], [ -77.080910292432506, -12.06941645631739, 0.0 ], [ -77.080909903757131, -12.069417974024832, 0.0 ], [ -77.080909610762887, -12.069419512405329, 0.0 ], [ -77.080909414561717, -12.069421065621816, 0.0 ], [ -77.080909315898154, -12.069422627779684, 0.0 ], [ -77.080909315146329, -12.069424192954765, 0.0 ], [ -77.080909412309353, -12.069425755206243, 0.0 ], [ -77.080909607018157, -12.069427308609079, 0.0 ], [ -77.080909898534202, -12.069428847261241, 0.0 ], [ -77.080910635088387, -12.069429889325503, 0.0 ], [ -77.080911405024352, -12.069430907744302, 0.0 ], [ -77.080912207558853, -12.069431901483988, 0.0 ], [ -77.080913041876698, -12.069432869544338, 0.0 ], [ -77.080913907129315, -12.069433810931873, 0.0 ], [ -77.080914802436894, -12.069434724690002, 0.0 ], [ -77.080915726889017, -12.069435609888139, 0.0 ], [ -77.080916677538738, -12.069436474950013, 0.0 ], [ -77.080917683916539, -12.069437276625564, 0.0 ], [ -77.080918741668128, -12.069438011450195, 0.0 ], [ -77.080919846216815, -12.069438676245284, 0.0 ], [ -77.080920992783376, -12.069439268135461, 0.0 ], [ -77.080922176406844, -12.069439784554834, 0.0 ], [ -77.080923391965811, -12.069440223270538, 0.0 ], [ -77.080924634200812, -12.069440582386903, 0.0 ], [ -77.080925897736932, -12.069440860349562, 0.0 ], [ -77.080927177106858, -12.069441055953934, 0.0 ], [ -77.080928466775475, -12.069441168360076, 0.0 ], [ -77.080929761161883, -12.069441197073214, 0.0 ], [ -77.080931054665882, -12.069441141966301, 0.0 ], [ -77.080929681817878, -12.069424783865109, 0.0 ], [ -77.080945869571522, -12.06942334210177, 0.0 ], [ -77.080945045611017, -12.069413524247095, 0.0 ], [ -77.0809444647372, -12.069413575982674, 0.0 ], [ -77.080942869719507, -12.069394570634849, 0.0 ], [ -77.08093582296803, -12.069395193700412, 0.0 ], [ -77.080933836243162, -12.069395434485017, 0.0 ], [ -77.080931871182642, -12.069395809863407, 0.0 ], [ -77.080929937187165, -12.069396318029268, 0.0 ], [ -77.080928043509203, -12.069396956553916, 0.0 ], [ -77.080926199208221, -12.069397722389526, 0.0 ], [ -77.080924413107411, -12.069398611862999, 0.0 ], [ -77.080922693751475, -12.069399620721523, 0.0 ], [ -77.080921049366211, -12.069400744145804, 0.0 ], [ -77.08091948781815, -12.06940197675037, 0.0 ], [ -77.080918016577868, -12.069403312644184, 0.0 ], [ -77.080916642684201, -12.069404745439511, 0.0 ], [ -77.080915372709555, -12.069406268273747, 0.0 ], [ -77.080914212729652, -12.069407873865668, 0.0 ], [ -77.08091316829406, -12.069409554537181, 0.0 ], [ -77.080912244399229, -12.069411302241559, 0.0 ], [ -77.080911445465247, -12.069413108621783, 0.0 ], [ -77.080910775314265, -12.069414965037511, 0.0 ] ] ] ] } },
{ "type": "Feature", "properties": { "Nombre": null, "Perimetro": 8.003, "Área": 3.991, "Uso": "Áreas de uso administrativo", "Proy riego": "Por validar con unidad", "Riego act": "Sin riego tecnificado", "Referenc_1": null, "código": null, "ID": null }, "geometry": { "type": "MultiPolygon", "coordinates": [ [ [ [ -77.080963150139766, -12.069411911765085, 0.0 ], [ -77.080961556126738, -12.069392918403665, 0.0 ], [ -77.080944241636743, -12.069394449331545, 0.0 ], [ -77.080945836580668, -12.069413453799347, 0.0 ], [ -77.080963150139766, -12.069411911765085, 0.0 ] ] ] ] } },
{ "type": "Feature", "properties": { "Nombre": null, "Perimetro": 28.224, "Área": 25.267, "Uso": "Áreas de uso administrativo", "Proy riego": "Por validar con unidad", "Riego act": "Sin riego tecnificado", "Referenc_1": null, "código": null, "ID": null }, "geometry": { "type": "MultiPolygon", "coordinates": [ [ [ [ -77.080962928043917, -12.069392797100191, 0.0 ], [ -77.080964521983191, -12.06941178958159, 0.0 ], [ -77.081074364711213, -12.069402006399857, 0.0 ], [ -77.0810727766779, -12.069383084380869, 0.0 ], [ -77.080962928043917, -12.069392797100191, 0.0 ] ] ] ] } },
{ "type": "Feature", "properties": { "Nombre": null, "Perimetro": 4.733, "Área": 1.776, "Uso": "Áreas de uso administrativo", "Proy riego": "Por validar con unidad", "Riego act": "Sin riego tecnificado", "Referenc_1": null, "código": null, "ID": null }, "geometry": { "type": "MultiPolygon", "coordinates": [ [ [ [ -77.080781235342442, -12.06942296353987, 0.0 ], [ -77.080780826305741, -12.069422715843436, 0.0 ], [ -77.080780400827393, -12.069422496617607, 0.0 ], [ -77.080779960948689, -12.069422306903778, 0.0 ], [ -77.080779508780552, -12.069422147614883, 0.0 ], [ -77.080779046493006, -12.069422019521191, 0.0 ], [ -77.080778576304112, -12.069421923235323, 0.0 ], [ -77.080778100470297, -12.06942185921446, 0.0 ], [ -77.080777621274748, -12.069421827769061, 0.0 ], [ -77.080777141016952, -12.069421829050004, 0.0 ], [ -77.080776662001583, -12.069421863048678, 0.0 ], [ -77.080776186527217, -12.06942192960568, 0.0 ], [ -77.080775716875507, -12.069422028402279, 0.0 ], [ -77.080775255300154, -12.069422158960501, 0.0 ], [ -77.080774804015817, -12.069422320656129, 0.0 ], [ -77.080774365188432, -12.069422512714482, 0.0 ], [ -77.080773940923422, -12.069422734206189, 0.0 ], [ -77.080773533257016, -12.06942298408172, 0.0 ], [ -77.080773144145027, -12.069423261128392, 0.0 ], [ -77.080772775455017, -12.069423564026428, 0.0 ], [ -77.080772428955896, -12.069423891318891, 0.0 ], [ -77.08077210631069, -12.069424241433278, 0.0 ], [ -77.080771809067329, -12.069424612694512, 0.0 ], [ -77.080771538652414, -12.069425003316377, 0.0 ], [ -77.080771296363466, -12.06942541142743, 0.0 ], [ -77.080771083363118, -12.069425835066729, 0.0 ], [ -77.080770900673571, -12.069426272201127, 0.0 ], [ -77.080770749171435, -12.069426720738232, 0.0 ], [ -77.080770629583611, -12.069427178522121, 0.0 ], [ -77.080770542483947, -12.069427643350611, 0.0 ], [ -77.080770488290597, -12.069428113001136, 0.0 ], [ -77.080770467263505, -12.069428585217842, 0.0 ], [ -77.08077047950357, -12.069429057737441, 0.0 ], [ -77.080770524952044, -12.0694295282849, 0.0 ], [ -77.080770603390789, -12.069429994607944, 0.0 ], [ -77.080770714443616, -12.069430454468396, 0.0 ], [ -77.080770857577335, -12.069430905659424, 0.0 ], [ -77.080771032105417, -12.069431346014126, 0.0 ], [ -77.080771237189964, -12.069431773418446, 0.0 ], [ -77.080771471847299, -12.069432185824073, 0.0 ], [ -77.080771734951071, -12.069432581252705, 0.0 ], [ -77.080772025238943, -12.069432957808941, 0.0 ], [ -77.080772341317754, -12.069433313680239, 0.0 ], [ -77.080772681670879, -12.069433647158416, 0.0 ], [ -77.080773044665165, -12.069433956648203, 0.0 ], [ -77.080773428558587, -12.069434240662888, 0.0 ], [ -77.080773831509021, -12.069434497837181, 0.0 ], [ -77.080774251582895, -12.069434726940063, 0.0 ], [ -77.080774686764457, -12.069434926870423, 0.0 ], [ -77.080775134965421, -12.06943509666991, 0.0 ], [ -77.080775594035117, -12.069435235522851, 0.0 ], [ -77.08077606177055, -12.069435342764804, 0.0 ], [ -77.080776535927143, -12.069435417878157, 0.0 ], [ -77.080777014229781, -12.069435460500687, 0.0 ], [ -77.080777494383312, -12.069435470438382, 0.0 ], [ -77.080777974083489, -12.069435447630896, 0.0 ], [ -77.080778451028351, -12.069435392194562, 0.0 ], [ -77.080778922929582, -12.069435304392133, 0.0 ], [ -77.080779387522369, -12.069435184649958, 0.0 ], [ -77.080779842577385, -12.06943503353634, 0.0 ], [ -77.08078028591116, -12.069434851782983, 0.0 ], [ -77.080780715396116, -12.069434640254791, 0.0 ], [ -77.080781128971424, -12.069434399971305, 0.0 ], [ -77.080781524652409, -12.069434132085101, 0.0 ], [ -77.080781900540501, -12.0694338378817, 0.0 ], [ -77.080782254831774, -12.069433518775208, 0.0 ], [ -77.080782585826299, -12.069433176290996, 0.0 ], [ -77.080782891935655, -12.069432812078594, 0.0 ], [ -77.080783171690825, -12.069432427877123, 0.0 ], [ -77.080783423749622, -12.069432025541126, 0.0 ], [ -77.080783646902319, -12.069431606993108, 0.0 ], [ -77.080783840078311, -12.06943117424934, 0.0 ], [ -77.080784002350427, -12.069430729376737, 0.0 ], [ -77.080784132939925, -12.069430274514371, 0.0 ], [ -77.080784231220349, -12.069429811847577, 0.0 ], [ -77.080784296719955, -12.069429343595013, 0.0 ], [ -77.080784329124626, -12.069428872000014, 0.0 ], [ -77.080784328278625, -12.069428399330583, 0.0 ], [ -77.080784294186046, -12.069427927853541, 0.0 ], [ -77.080784227010625, -12.069427459832346, 0.0 ], [ -77.080784127074693, -12.069426997507733, 0.0 ], [ -77.080783994857796, -12.069426543104983, 0.0 ], [ -77.080783617216383, -12.069426019586874, 0.0 ], [ -77.08078323397767, -12.069425500020239, 0.0 ], [ -77.080782845184245, -12.069424984468592, 0.0 ], [ -77.080782450879809, -12.069424472989756, 0.0 ], [ -77.080782051108315, -12.06942396563942, 0.0 ], [ -77.080781645914087, -12.069423462471166, 0.0 ], [ -77.080781235342442, -12.06942296353987, 0.0 ] ] ] ] } },
{ "type": "Feature", "properties": { "Nombre": null, "Perimetro": 28.502, "Área": 34.381, "Uso": "Áreas de uso administrativo", "Proy riego": "Por validar con unidad", "Riego act": "Sin riego tecnificado", "Referenc_1": null, "código": null, "ID": null }, "geometry": { "type": "MultiPolygon", "coordinates": [ [ [ [ -77.080369981253142, -12.069658646185202, 0.0 ], [ -77.080379243328437, -12.069764809856061, 0.0 ], [ -77.080408509738646, -12.069762214314997, 0.0 ], [ -77.080400883295013, -12.069674798685071, 0.0 ], [ -77.080369981253142, -12.069658646185202, 0.0 ] ] ] ] } },
{ "type": "Feature", "properties": { "Nombre": null, "Perimetro": 106.164, "Área": 202.529, "Uso": "Áreas de uso administrativo", "Proy riego": "Por validar con unidad", "Riego act": "Sin riego tecnificado", "Referenc_1": null, "código": null, "ID": null }, "geometry": { "type": "MultiPolygon", "coordinates": [ [ [ [ -77.080560322351005, -12.07059994996669, 0.0 ], [ -77.080574582609515, -12.070706224849843, 0.0 ], [ -77.080591087014128, -12.070704281986139, 0.0 ], [ -77.080569782539513, -12.070545509950838, 0.0 ], [ -77.080543469236233, -12.070547822907516, 0.0 ], [ -77.080288923409384, -12.070570515139886, 0.0 ], [ -77.080297392117728, -12.07065963320748, 0.0 ], [ -77.080327387457785, -12.070656944930583, 0.0 ], [ -77.080323984170221, -12.07062113144727, 0.0 ], [ -77.080323898660509, -12.070620231610986, 0.0 ], [ -77.080323513866801, -12.07061618234779, 0.0 ], [ -77.080559660570373, -12.070595018028905, 0.0 ], [ -77.080560202027243, -12.070599053250735, 0.0 ], [ -77.080560322351005, -12.07059994996669, 0.0 ] ] ] ] } },
{ "type": "Feature", "properties": { "Nombre": null, "Perimetro": 23.555, "Área": 6.739, "Uso": "Áreas de uso administrativo", "Proy riego": "Por validar con unidad", "Riego act": "Sin riego tecnificado", "Referenc_1": null, "código": null, "ID": null }, "geometry": { "type": "MultiPolygon", "coordinates": [ [ [ [ -77.080255960914712, -12.069731098151346, 0.0 ], [ -77.080256283004005, -12.069734790018165, 0.0 ], [ -77.080265245842298, -12.069733995138094, 0.0 ], [ -77.080264131258048, -12.069721219503046, 0.0 ], [ -77.080255168420152, -12.069722014383011, 0.0 ], [ -77.080255960914712, -12.069731098151346, 0.0 ] ] ], [ [ [ -77.080264052699661, -12.06972031904774, 0.0 ], [ -77.080263746321975, -12.069716807271982, 0.0 ], [ -77.080254783484236, -12.069717602151913, 0.0 ], [ -77.080255089861808, -12.069721113927697, 0.0 ], [ -77.080264052699661, -12.06972031904774, 0.0 ] ] ], [ [ [ -77.080263667763603, -12.069715906816674, 0.0 ], [ -77.080263345674254, -12.069712214949874, 0.0 ], [ -77.080254382836657, -12.069713009829767, 0.0 ], [ -77.080254704925892, -12.069716701696596, 0.0 ], [ -77.080263667763603, -12.069715906816674, 0.0 ] ] ], [ [ [ -77.080254304278327, -12.06971210937445, 0.0 ], [ -77.080263267115896, -12.069711314494567, 0.0 ], [ -77.08026293717073, -12.069707532582225, 0.0 ], [ -77.080253974333289, -12.069708327462079, 0.0 ], [ -77.080254304278327, -12.06971210937445, 0.0 ] ] ], [ [ [ -77.080253895774959, -12.069707427006762, 0.0 ], [ -77.080262858612372, -12.069706632126916, 0.0 ], [ -77.080259526793697, -12.069668441990888, 0.0 ], [ -77.080250563957506, -12.069669236870421, 0.0 ], [ -77.080253895774959, -12.069707427006762, 0.0 ] ] ] ] } },
{ "type": "Feature", "properties": { "Nombre": null, "Perimetro": 9.586, "Área": 2.776, "Uso": "Áreas de uso administrativo", "Proy riego": "Por validar con unidad", "Riego act": "Sin riego tecnificado", "Referenc_1": null, "código": null, "ID": null }, "geometry": { "type": "MultiPolygon", "coordinates": [ [ [ [ -77.080176166482516, -12.069814629221128, 0.0 ], [ -77.080163091197079, -12.069815822836228, 0.0 ], [ -77.080163886588736, -12.069824645098032, 0.0 ], [ -77.080176961874585, -12.069823451482826, 0.0 ], [ -77.080176166482516, -12.069814629221128, 0.0 ] ] ], [ [ [ -77.080189797184673, -12.069813384902542, 0.0 ], [ -77.08018604152312, -12.069813727749191, 0.0 ], [ -77.080177080838141, -12.069814545751527, 0.0 ], [ -77.080177876230223, -12.069823368013214, 0.0 ], [ -77.080190834138207, -12.069822185112532, 0.0 ], [ -77.080189797184673, -12.069813384902542, 0.0 ] ] ] ] } },
{ "type": "Feature", "properties": { "Nombre": null, "Perimetro": 59.42, "Área": 34.439, "Uso": "Áreas de uso administrativo", "Proy riego": "Por validar con unidad", "Riego act": "Sin riego tecnificado", "Referenc_1": null, "código": null, "ID": null }, "geometry": { "type": "MultiPolygon", "coordinates": [ [ [ [ -77.080108843188597, -12.069838921473661, 0.0 ], [ -77.080117936830902, -12.069938617000719, 0.0 ], [ -77.080135398354045, -12.069952772330961, 0.0 ], [ -77.08022688942124, -12.069944420298208, 0.0 ], [ -77.080226495310768, -12.069940099604194, 0.0 ], [ -77.080150969772816, -12.069946994178359, 0.0 ], [ -77.080149902393558, -12.069935292297879, 0.0 ], [ -77.080134358396379, -12.069936711275391, 0.0 ], [ -77.080124464626294, -12.069828243841918, 0.0 ], [ -77.080162972233083, -12.069824728567598, 0.0 ], [ -77.080162176841455, -12.069815906305804, 0.0 ], [ -77.080123659988402, -12.06981942242399, 0.0 ], [ -77.080108843188597, -12.069838921473661, 0.0 ] ] ] ] } },
{ "type": "Feature", "properties": { "Nombre": null, "Perimetro": 72.545, "Área": 267.376, "Uso": "Áreas de uso administrativo", "Proy riego": "Por validar con unidad", "Riego act": "Sin riego tecnificado", "Referenc_1": null, "código": "F 3", "ID": null }, "geometry": { "type": "MultiPolygon", "coordinates": [ [ [ [ -77.080152873877921, -12.069678373057338, 0.0 ], [ -77.080028476589533, -12.069689537192033, 0.0 ], [ -77.080005936530654, -12.06969180775903, 0.0 ], [ -77.079896521848937, -12.069820193733637, 0.0 ], [ -77.079896227934995, -12.069821114870452, 0.0 ], [ -77.080093315760692, -12.069802418961846, 0.0 ], [ -77.080157564592497, -12.069726452918124, 0.0 ], [ -77.080152873877921, -12.069678373057338, 0.0 ] ] ] ] } },
{ "type": "Feature", "properties": { "Nombre": null, "Perimetro": 3.275, "Área": 0.584, "Uso": "Áreas de uso administrativo", "Proy riego": "Por validar con unidad", "Riego act": "Sin riego tecnificado", "Referenc_1": null, "código": null, "ID": null }, "geometry": { "type": "MultiPolygon", "coordinates": [ [ [ [ -77.080122293992801, -12.069791182309185, 0.0 ], [ -77.080123073307206, -12.069800115047395, 0.0 ], [ -77.080127709476344, -12.069799703885366, 0.0 ], [ -77.080126864321613, -12.069790016467227, 0.0 ], [ -77.080124643878705, -12.069788403869257, 0.0 ], [ -77.080122293992801, -12.069791182309185, 0.0 ] ] ] ] } },
{ "type": "Feature", "properties": { "Nombre": null, "Perimetro": 3.162, "Área": 0.53, "Uso": "Áreas de uso administrativo", "Proy riego": "Por validar con unidad", "Riego act": "Sin riego tecnificado", "Referenc_1": null, "código": null, "ID": null }, "geometry": { "type": "MultiPolygon", "coordinates": [ [ [ [ -77.080222147574659, -12.06967311814198, 0.0 ], [ -77.080219797690717, -12.069675896582424, 0.0 ], [ -77.080221512338653, -12.069677439363689, 0.0 ], [ -77.080231343421886, -12.069676567483658, 0.0 ], [ -77.080230974198187, -12.069672335343524, 0.0 ], [ -77.080222147574659, -12.06967311814198, 0.0 ] ] ] ] } },
{ "type": "Feature", "properties": { "Nombre": null, "Perimetro": 180.717, "Área": 534.827, "Uso": "Áreas de uso recreativo/descanso", "Proy riego": "Falta aspersión", "Riego act": "Sin riego tecnificado", "Referenc_1": null, "código": "C 43", "ID": null }, "geometry": { "type": "MultiPolygon", "coordinates": [ [ [ [ -77.080354848024328, -12.069310151130296, 0.0 ], [ -77.080356078099868, -12.069345467498149, 0.0 ], [ -77.080304865025624, -12.069347091622575, 0.0 ], [ -77.080296802377347, -12.06934720879593, 0.0 ], [ -77.080276077527301, -12.069334155303409, 0.0 ], [ -77.080268651269265, -12.069330491346729, 0.0 ], [ -77.08026786417463, -12.069329177307832, 0.0 ], [ -77.080266410812982, -12.069318126038581, 0.0 ], [ -77.080261578117558, -12.069303619801341, 0.0 ], [ -77.080258783832051, -12.069298190631811, 0.0 ], [ -77.080256571162252, -12.06929615814995, 0.0 ], [ -77.080252477857286, -12.069295853450477, 0.0 ], [ -77.080243578868689, -12.069296180765189, 0.0 ], [ -77.080209394857064, -12.069297009045616, 0.0 ], [ -77.080143610757787, -12.069299294165102, 0.0 ], [ -77.080102929156027, -12.069300550512255, 0.0 ], [ -77.080001917060954, -12.069303389893122, 0.0 ], [ -77.080001593447989, -12.06929513105969, 0.0 ], [ -77.079998255076831, -12.069192746968868, 0.0 ], [ -77.079983996739742, -12.069193222310435, 0.0 ], [ -77.079982994672307, -12.069158440972176, 0.0 ], [ -77.079982985346277, -12.069158169999355, 0.0 ], [ -77.079961432663083, -12.069158888516546, 0.0 ], [ -77.079802945403642, -12.069164172068305, 0.0 ], [ -77.079799369546052, -12.06916232082901, 0.0 ], [ -77.079775324632834, -12.069163122415501, 0.0 ], [ -77.079776083647346, -12.069174032377193, 0.0 ], [ -77.079763735596359, -12.06917511178364, 0.0 ], [ -77.079774186513973, -12.069286436877389, 0.0 ], [ -77.079774616733303, -12.069291109721478, 0.0 ], [ -77.079855975569942, -12.069302855062785, 0.0 ], [ -77.07985730118989, -12.069293912119109, 0.0 ], [ -77.079880923483586, -12.069297322339024, 0.0 ], [ -77.079879597864448, -12.069306265282686, 0.0 ], [ -77.079961514469588, -12.069318091112933, 0.0 ], [ -77.07996284008594, -12.069309148169324, 0.0 ], [ -77.07998646238083, -12.069312558379833, 0.0 ], [ -77.079985136765288, -12.069321501323424, 0.0 ], [ -77.080066958327848, -12.069333313399753, 0.0 ], [ -77.080068283940619, -12.069324370456213, 0.0 ], [ -77.080091906236675, -12.069327780657321, 0.0 ], [ -77.080090580624727, -12.069336723600861, 0.0 ], [ -77.080172497644327, -12.069348549424511, 0.0 ], [ -77.080173823253475, -12.069339606481043, 0.0 ], [ -77.080197445550724, -12.069343016672738, 0.0 ], [ -77.080196119942386, -12.06935195961621, 0.0 ], [ -77.080231434341172, -12.069357057713535, 0.0 ], [ -77.080371744416553, -12.069344165535492, 0.0 ], [ -77.080371102335064, -12.069325730941186, 0.0 ], [ -77.080359996992144, -12.069326083127136, 0.0 ], [ -77.080359437008767, -12.069310005599091, 0.0 ], [ -77.080354848024328, -12.069310151130296, 0.0 ] ] ] ] } },
{ "type": "Feature", "properties": { "Nombre": null, "Perimetro": 108.98, "Área": 439.502, "Uso": "Áreas de uso recreativo/descanso", "Proy riego": "Falta aspersión", "Riego act": "Sin riego tecnificado", "Referenc_1": null, "código": "F 2", "ID": null }, "geometry": { "type": "MultiPolygon", "coordinates": [ [ [ [ -77.080229932071731, -12.069384426464081, 0.0 ], [ -77.079816353671262, -12.0693247206999, 0.0 ], [ -77.080051802592365, -12.069517612565905, 0.0 ], [ -77.080077264607823, -12.069487659346294, 0.0 ], [ -77.080146590897556, -12.069481534802724, 0.0 ], [ -77.080155428989386, -12.069488813732967, 0.0 ], [ -77.080180589135551, -12.069459215604002, 0.0 ], [ -77.080180729981961, -12.069459331603147, 0.0 ], [ -77.080245341287821, -12.069383010615121, 0.0 ], [ -77.080229932071731, -12.069384426464081, 0.0 ] ] ] ] } },
{ "type": "Feature", "properties": { "Nombre": null, "Perimetro": 16.658, "Área": 16.465, "Uso": "Áreas de uso administrativo", "Proy riego": "Por validar con unidad", "Riego act": "Sin riego tecnificado", "Referenc_1": null, "código": null, "ID": null }, "geometry": { "type": "MultiPolygon", "coordinates": [ [ [ [ -77.080814759768899, -12.070480876683108, 0.0 ], [ -77.080776877257136, -12.070484023213917, 0.0 ], [ -77.080770201373596, -12.070484614977268, 0.0 ], [ -77.080767822239551, -12.070484814578117, 0.0 ], [ -77.080770795481627, -12.070513872039928, 0.0 ], [ -77.080779330122027, -12.070513114577368, 0.0 ], [ -77.080817183229797, -12.070509970488189, 0.0 ], [ -77.080814759768899, -12.070480876683108, 0.0 ] ] ] ] } },
{ "type": "Feature", "properties": { "Nombre": null, "Perimetro": 34.103, "Área": 26.837, "Uso": "Áreas de uso administrativo", "Proy riego": "Por validar con unidad", "Riego act": "Sin riego tecnificado", "Referenc_1": null, "código": null, "ID": null }, "geometry": { "type": "MultiPolygon", "coordinates": [ [ [ [ -77.080704077367571, -12.070503987921009, 0.0 ], [ -77.080564161244141, -12.070516513250277, 0.0 ], [ -77.080565447868793, -12.070532367385793, 0.0 ], [ -77.08070537001187, -12.07051975247426, 0.0 ], [ -77.080704077367571, -12.070503987921009, 0.0 ] ] ] ] } },
{ "type": "Feature", "properties": { "Nombre": null, "Perimetro": 77.063, "Área": 99.317, "Uso": "Áreas de uso administrativo", "Proy riego": "Por validar con unidad", "Riego act": "Sin riego tecnificado", "Referenc_1": null, "código": null, "ID": null }, "geometry": { "type": "MultiPolygon", "coordinates": [ [ [ [ -77.080131474664483, -12.070277885368101, 0.0 ], [ -77.080139128774704, -12.070359320061618, 0.0 ], [ -77.080169582264773, -12.070356600846713, 0.0 ], [ -77.08016811646317, -12.070340574491368, 0.0 ], [ -77.080165547866287, -12.070312490704932, 0.0 ], [ -77.080166553837003, -12.070312400881033, 0.0 ], [ -77.080166512892092, -12.07031170461631, 0.0 ], [ -77.080166518758489, -12.070311007218207, 0.0 ], [ -77.080166571410174, -12.070310311715664, 0.0 ], [ -77.080166670617416, -12.070309621159439, 0.0 ], [ -77.080166815947095, -12.070308938558703, 0.0 ], [ -77.080167006764512, -12.070308266891823, 0.0 ], [ -77.080167242236456, -12.070307609095545, 0.0 ], [ -77.080167521334857, -12.070306968043436, 0.0 ], [ -77.080167842840979, -12.0703063465286, 0.0 ], [ -77.080168205351043, -12.070305747272259, 0.0 ], [ -77.080168607282047, -12.070305172884938, 0.0 ], [ -77.080169046879078, -12.070304625874998, 0.0 ], [ -77.080169522222747, -12.070304108635691, 0.0 ], [ -77.080170031237202, -12.07030362341921, 0.0 ], [ -77.080170571700194, -12.070303172349551, 0.0 ], [ -77.08017114125154, -12.070302757396604, 0.0 ], [ -77.08017173740464, -12.070302380367439, 0.0 ], [ -77.080172357555995, -12.070302042910544, 0.0 ], [ -77.080172998998179, -12.07030174650064, 0.0 ], [ -77.080173658929937, -12.070301492427845, 0.0 ], [ -77.080174334470215, -12.070301281811444, 0.0 ], [ -77.080190317306574, -12.070299854395376, 0.0 ], [ -77.080190201125362, -12.070298594308163, 0.0 ], [ -77.080212875524083, -12.070296569272019, 0.0 ], [ -77.080212775747952, -12.070295489214276, 0.0 ], [ -77.080338064625963, -12.070284299710893, 0.0 ], [ -77.080337356610769, -12.070276558668315, 0.0 ], [ -77.080353635017829, -12.070275104845722, 0.0 ], [ -77.080354343033463, -12.070282845888203, 0.0 ], [ -77.080392112595646, -12.070279472689254, 0.0 ], [ -77.080392211388684, -12.070280552834674, 0.0 ], [ -77.080392359578227, -12.070282173052819, 0.0 ], [ -77.08039537748509, -12.070281903523385, 0.0 ], [ -77.080394101408388, -12.070267951645024, 0.0 ], [ -77.080392874728432, -12.070254539839315, 0.0 ], [ -77.080131474664483, -12.070277885368101, 0.0 ] ] ] ] } },
{ "type": "Feature", "properties": { "Nombre": null, "Perimetro": 111.356, "Área": 395.72, "Uso": "Áreas de uso administrativo", "Proy riego": "Por validar con unidad", "Riego act": "Sin riego tecnificado", "Referenc_1": null, "código": "F 20", "ID": null }, "geometry": { "type": "MultiPolygon", "coordinates": [ [ [ [ -77.080197450987882, -12.070525858969123, 0.0 ], [ -77.08019801085365, -12.070525807580555, 0.0 ], [ -77.080202306766679, -12.070571069693385, 0.0 ], [ -77.080257713835735, -12.070565984021204, 0.0 ], [ -77.080266860827777, -12.070662357221144, 0.0 ], [ -77.080272515546554, -12.070661838188112, 0.0 ], [ -77.080264045503299, -12.070572705987844, 0.0 ], [ -77.080262380606356, -12.07055518588375, 0.0 ], [ -77.080440128112883, -12.070539340104759, 0.0 ], [ -77.080436521532818, -12.070501171680339, 0.0 ], [ -77.080405356077193, -12.070503617167304, 0.0 ], [ -77.080397334137459, -12.070433904398715, 0.0 ], [ -77.080383726922165, -12.070435119409082, 0.0 ], [ -77.080382944809713, -12.070426568258014, 0.0 ], [ -77.080381938838528, -12.070426658082789, 0.0 ], [ -77.080380242889817, -12.070408115586718, 0.0 ], [ -77.080350063755816, -12.070410810327637, 0.0 ], [ -77.080348730050474, -12.070396228364279, 0.0 ], [ -77.080200966677282, -12.070409422332855, 0.0 ], [ -77.080200085778358, -12.070399791034676, 0.0 ], [ -77.080185608348401, -12.070401083737426, 0.0 ], [ -77.080197450987882, -12.070525858969123, 0.0 ] ] ] ] } },
{ "type": "Feature", "properties": { "Nombre": null, "Perimetro": 20.36, "Área": 20.1, "Uso": "Áreas de uso administrativo", "Proy riego": "Por validar con unidad", "Riego act": "Sin riego tecnificado", "Referenc_1": null, "código": "C 2", "ID": null }, "geometry": { "type": "MultiPolygon", "coordinates": [ [ [ [ -77.081174697184409, -12.067485952261915, 0.0 ], [ -77.081235518371813, -12.067487126614784, 0.0 ], [ -77.081235061143829, -12.067466962201079, 0.0 ], [ -77.081234795358696, -12.067454391888251, 0.0 ], [ -77.081190095981995, -12.067453378620247, 0.0 ], [ -77.081189649264886, -12.067474070058241, 0.0 ], [ -77.081174962177528, -12.067473678102356, 0.0 ], [ -77.081174697184409, -12.067485952261915, 0.0 ] ] ] ] } },
{ "type": "Feature", "properties": { "Nombre": null, "Perimetro": 39.378, "Área": 71.995, "Uso": "Áreas de uso administrativo", "Proy riego": "Por validar con unidad", "Riego act": "Sin riego tecnificado", "Referenc_1": null, "código": "C 3", "ID": null }, "geometry": { "type": "MultiPolygon", "coordinates": [ [ [ [ -77.081173224031886, -12.067527684239929, 0.0 ], [ -77.081176641504371, -12.067527775523306, 0.0 ], [ -77.081176419117213, -12.067538076243061, 0.0 ], [ -77.081180733373188, -12.067538191480143, 0.0 ], [ -77.081190188019221, -12.067538444020737, 0.0 ], [ -77.08118999294328, -12.06754747973975, 0.0 ], [ -77.081180262988866, -12.067547219845492, 0.0 ], [ -77.081179082778206, -12.067601885945674, 0.0 ], [ -77.081238488289046, -12.067603472703178, 0.0 ], [ -77.081237775440314, -12.067579749734247, 0.0 ], [ -77.081236842700619, -12.067542173349137, 0.0 ], [ -77.081235877142092, -12.067502948890885, 0.0 ], [ -77.081235764440095, -12.067497978574719, 0.0 ], [ -77.081189703376936, -12.067497089216154, 0.0 ], [ -77.081189449781988, -12.067508835462887, 0.0 ], [ -77.081173744357528, -12.067508814801039, 0.0 ], [ -77.081173224031886, -12.067527684239929, 0.0 ] ] ] ] } },
{ "type": "Feature", "properties": { "Nombre": null, "Perimetro": 64.518, "Área": 70.413, "Uso": "Áreas de uso administrativo", "Proy riego": "Por validar con unidad", "Riego act": "Sin riego tecnificado", "Referenc_1": null, "código": null, "ID": null }, "geometry": { "type": "MultiPolygon", "coordinates": [ [ [ [ -77.08084173785096, -12.067887918218348, 0.0 ], [ -77.080841035646102, -12.067912852428282, 0.0 ], [ -77.080891969498438, -12.067913918043214, 0.0 ], [ -77.080891950008038, -12.067904877990404, 0.0 ], [ -77.080915775777896, -12.067905377887181, 0.0 ], [ -77.080915845551047, -12.067914417563916, 0.0 ], [ -77.080966671592208, -12.067915480909539, 0.0 ], [ -77.080966652099278, -12.067906440857149, 0.0 ], [ -77.080990528150281, -12.067906940371529, 0.0 ], [ -77.080990547643992, -12.067915980423786, 0.0 ], [ -77.081093670074353, -12.067918137839037, 0.0 ], [ -77.081093826428145, -12.067892823829666, 0.0 ], [ -77.081042221042637, -12.067892292858364, 0.0 ], [ -77.080984218462831, -12.067891079384477, 0.0 ], [ -77.08084173785096, -12.067887918218348, 0.0 ] ] ] ] } },
{ "type": "Feature", "properties": { "Nombre": null, "Perimetro": 78.094, "Área": 187.928, "Uso": "Áreas de uso administrativo", "Proy riego": "Por validar con unidad", "Riego act": "Sin riego tecnificado", "Referenc_1": null, "código": "C 6", "ID": null }, "geometry": { "type": "MultiPolygon", "coordinates": [ [ [ [ -77.080743505345907, -12.06783690544704, 0.0 ], [ -77.080742413626467, -12.067910687365693, 0.0 ], [ -77.080827266929433, -12.067912477204297, 0.0 ], [ -77.080828752336799, -12.067859732789818, 0.0 ], [ -77.080829625971248, -12.067828711462049, 0.0 ], [ -77.080830912869757, -12.067812617768071, 0.0 ], [ -77.080776658664846, -12.06769597583245, 0.0 ], [ -77.080768296896807, -12.067699710997662, 0.0 ], [ -77.080758228025928, -12.067678403999309, 0.0 ], [ -77.080766589864353, -12.06767466880283, 0.0 ], [ -77.080751777500595, -12.067642095610594, 0.0 ], [ -77.080746382011753, -12.067642492012824, 0.0 ], [ -77.080745294516163, -12.067715987967555, 0.0 ], [ -77.08075631078988, -12.067716263862316, 0.0 ], [ -77.080755963118918, -12.067739760532383, 0.0 ], [ -77.08074494684422, -12.067739484637768, 0.0 ], [ -77.080743853016656, -12.067813408776939, 0.0 ], [ -77.080754869294395, -12.067813684671099, 0.0 ], [ -77.080754521624598, -12.067837181341055, 0.0 ], [ -77.080743505345907, -12.06783690544704, 0.0 ] ] ] ] } },
{ "type": "Feature", "properties": { "Nombre": null, "Perimetro": 10.37, "Área": 5.561, "Uso": "Áreas de manejo sostenible y reducción de consumo de agua", "Proy riego": "Goteo", "Riego act": "Sin riego tecnificado", "Referenc_1": null, "código": null, "ID": null }, "geometry": { "type": "MultiPolygon", "coordinates": [ [ [ [ -77.078086300525911, -12.068776906133076, 0.0 ], [ -77.078087928727996, -12.068809949160222, 0.0 ], [ -77.078101971620939, -12.068809158572828, 0.0 ], [ -77.078100041789384, -12.068775954416388, 0.0 ], [ -77.078086300525911, -12.068776906133076, 0.0 ] ] ] ] } },
{ "type": "Feature", "properties": { "Nombre": null, "Perimetro": 44.146, "Área": 45.536, "Uso": "Áreas de manejo sostenible y reducción de consumo de agua", "Proy riego": "Goteo", "Riego act": "Sin riego tecnificado", "Referenc_1": null, "código": null, "ID": null }, "geometry": { "type": "MultiPolygon", "coordinates": [ [ [ [ -77.078053685384646, -12.068718070787614, 0.0 ], [ -77.078025667892788, -12.068593298590169, 0.0 ], [ -77.078021446272004, -12.068594181440226, 0.0 ], [ -77.07802377278918, -12.068742380699018, 0.0 ], [ -77.078037341980817, -12.068771949783347, 0.0 ], [ -77.078037585908177, -12.068772615478647, 0.0 ], [ -77.078037872807258, -12.068773264359155, 0.0 ], [ -77.078038201491296, -12.068773893749972, 0.0 ], [ -77.078038570601407, -12.068774501047445, 0.0 ], [ -77.078038978610564, -12.068775083739725, 0.0 ], [ -77.078039423831569, -12.06877563941311, 0.0 ], [ -77.078039904422667, -12.0687761657714, 0.0 ], [ -77.078040418396384, -12.068776660640165, 0.0 ], [ -77.078040963627046, -12.068777121970983, 0.0 ], [ -77.078041537859491, -12.068777547854298, 0.0 ], [ -77.078042138718772, -12.068777936527979, 0.0 ], [ -77.078042763719708, -12.068778286390181, 0.0 ], [ -77.078043410277516, -12.068778595988451, 0.0 ], [ -77.078044075717969, -12.068778864043455, 0.0 ], [ -77.078044757288737, -12.06877908944408, 0.0 ], [ -77.078045750280694, -12.068779428693913, 0.0 ], [ -77.078046749670079, -12.068779749224287, 0.0 ], [ -77.078047755092513, -12.068780050924085, 0.0 ], [ -77.078048766182377, -12.068780333690436, 0.0 ], [ -77.078049782571142, -12.06878059741403, 0.0 ], [ -77.07805080388836, -12.068780842000709, 0.0 ], [ -77.078051829762217, -12.068781067352781, 0.0 ], [ -77.078056931550748, -12.068781469772755, 0.0 ], [ -77.078053685384646, -12.068718070787614, 0.0 ] ] ] ] } },
{ "type": "Feature", "properties": { "Nombre": null, "Perimetro": 100.752, "Área": 378.612, "Uso": "Áreas de uso administrativo", "Proy riego": "Por validar con unidad", "Riego act": "Sin riego tecnificado", "Referenc_1": null, "código": "C 30", "ID": null }, "geometry": { "type": "MultiPolygon", "coordinates": [ [ [ [ -77.080624116167471, -12.068426085455698, 0.0 ], [ -77.080623975039643, -12.068435121992795, 0.0 ], [ -77.080623904475729, -12.068439640261332, 0.0 ], [ -77.080623833911829, -12.068444158529868, 0.0 ], [ -77.080639029455355, -12.068444388405808, 0.0 ], [ -77.08063896989961, -12.068445548355477, 0.0 ], [ -77.080638827777008, -12.06844670133904, 0.0 ], [ -77.080638603788032, -12.068447841656784, 0.0 ], [ -77.080638299037673, -12.068448963691518, 0.0 ], [ -77.080637915028404, -12.068450061913577, 0.0 ], [ -77.080637453654361, -12.068451130900264, 0.0 ], [ -77.080636917190532, -12.068452165381185, 0.0 ], [ -77.080636308282578, -12.068453160259862, 0.0 ], [ -77.080635629933411, -12.068454110626771, 0.0 ], [ -77.080634885488081, -12.068455011793924, 0.0 ], [ -77.080634078618075, -12.068455859316547, 0.0 ], [ -77.080633213302391, -12.068456649019065, 0.0 ], [ -77.080632293808335, -12.068457377003876, 0.0 ], [ -77.080631324670435, -12.068458039681669, 0.0 ], [ -77.080630310667971, -12.068458633784514, 0.0 ], [ -77.08062925680143, -12.0684591563833, 0.0 ], [ -77.080628168267964, -12.068459604896514, 0.0 ], [ -77.080627050435879, -12.068459977120607, 0.0 ], [ -77.080625908817538, -12.068460271215114, 0.0 ], [ -77.08062474904294, -12.068460485726558, 0.0 ], [ -77.080623576831641, -12.068460619605984, 0.0 ], [ -77.080623574464454, -12.068460771179502, 0.0 ], [ -77.080624741941421, -12.068460940450004, 0.0 ], [ -77.080625894469406, -12.068461189945957, 0.0 ], [ -77.080627026364482, -12.068461518427167, 0.0 ], [ -77.080628132044978, -12.068461924286956, 0.0 ], [ -77.08062920605812, -12.06846240552118, 0.0 ], [ -77.08063024310745, -12.06846295974745, 0.0 ], [ -77.08063123807861, -12.068463584241551, 0.0 ], [ -77.08063218606496, -12.068464275924333, 0.0 ], [ -77.080633082391643, -12.068465031378761, 0.0 ], [ -77.080633922638157, -12.068465846879926, 0.0 ], [ -77.08063470266103, -12.068466718412095, 0.0 ], [ -77.080635418613511, -12.068467641668581, 0.0 ], [ -77.080636066964772, -12.068468612107612, 0.0 ], [ -77.080636644517682, -12.068469624930662, 0.0 ], [ -77.080637148423833, -12.068470675151284, 0.0 ], [ -77.080637576198384, -12.068471757590684, 0.0 ], [ -77.080637925731551, -12.068472866907825, 0.0 ], [ -77.080638195299812, -12.068473997633784, 0.0 ], [ -77.080638383573586, -12.068475144191121, 0.0 ], [ -77.080638489624562, -12.068476300921823, 0.0 ], [ -77.080638512929852, -12.068477462131206, 0.0 ], [ -77.080623317384408, -12.068477232255557, 0.0 ], [ -77.080623246820593, -12.068481750524102, 0.0 ], [ -77.080623176256807, -12.068486268792645, 0.0 ], [ -77.080623035129236, -12.068495305329696, 0.0 ], [ -77.080622964365631, -12.068499836393441, 0.0 ], [ -77.080685285369768, -12.068500727221565, 0.0 ], [ -77.080685621218237, -12.068482654907708, 0.0 ], [ -77.080814441582319, -12.068484496247189, 0.0 ], [ -77.080815323670024, -12.068437029114817, 0.0 ], [ -77.080818592921972, -12.068296858523871, 0.0 ], [ -77.080804474315286, -12.068296898492479, 0.0 ], [ -77.080765241795504, -12.068297009552747, 0.0 ], [ -77.08076462165748, -12.068325918950475, 0.0 ], [ -77.080754980654106, -12.068325781142704, 0.0 ], [ -77.080754961271339, -12.06832668472134, 0.0 ], [ -77.080736138359782, -12.068326415667118, 0.0 ], [ -77.080735921272066, -12.068336535747997, 0.0 ], [ -77.080715170158797, -12.068336239130753, 0.0 ], [ -77.080715387247309, -12.068326119049761, 0.0 ], [ -77.080612366234419, -12.068324646439681, 0.0 ], [ -77.080611847586837, -12.068348823963813, 0.0 ], [ -77.080640862420722, -12.068349238713116, 0.0 ], [ -77.08063951380656, -12.068421799053077, 0.0 ], [ -77.080624186731427, -12.068421567187141, 0.0 ], [ -77.080624116167471, -12.068426085455698, 0.0 ] ] ] ] } },
{ "type": "Feature", "properties": { "Nombre": null, "Perimetro": 92.174, "Área": 215.97, "Uso": "Áreas de uso administrativo", "Proy riego": "Por validar con unidad", "Riego act": "Sin riego tecnificado", "Referenc_1": null, "código": "C 29", "ID": null }, "geometry": { "type": "MultiPolygon", "coordinates": [ [ [ [ -77.080459486780825, -12.068478066646602, 0.0 ], [ -77.080494470235664, -12.068478566729475, 0.0 ], [ -77.080494471578163, -12.068478566748663, 0.0 ], [ -77.080503653939573, -12.068478698008317, 0.0 ], [ -77.080503133039201, -12.068498123462611, 0.0 ], [ -77.080619750764072, -12.068499790457246, 0.0 ], [ -77.080619821569542, -12.068495256715444, 0.0 ], [ -77.080619962697227, -12.068486220178359, 0.0 ], [ -77.08062003326107, -12.068481701909825, 0.0 ], [ -77.080620103824941, -12.068477183641273, 0.0 ], [ -77.080620620352747, -12.068444109915525, 0.0 ], [ -77.080620690916703, -12.068439591646962, 0.0 ], [ -77.08062076148066, -12.068435073378419, 0.0 ], [ -77.080620902608615, -12.068426036841306, 0.0 ], [ -77.080620973172614, -12.068421518572759, 0.0 ], [ -77.080531078686462, -12.068420158642942, 0.0 ], [ -77.080519286162641, -12.068419980242677, 0.0 ], [ -77.08051978236486, -12.068387222560823, 0.0 ], [ -77.080520411983173, -12.068345657227665, 0.0 ], [ -77.080507578251712, -12.068345473772109, 0.0 ], [ -77.080507571275604, -12.068344569816553, 0.0 ], [ -77.080507690364755, -12.068336707973065, 0.0 ], [ -77.080508117443472, -12.068308513770267, 0.0 ], [ -77.080508413369813, -12.068288977792735, 0.0 ], [ -77.080507036277822, -12.068288947249451, 0.0 ], [ -77.080506166230492, -12.068346384620193, 0.0 ], [ -77.080497902737449, -12.068346263370696, 0.0 ], [ -77.08049864778836, -12.068297077904239, 0.0 ], [ -77.080473492907004, -12.068296519978365, 0.0 ], [ -77.080467066477411, -12.068296377442193, 0.0 ], [ -77.080462292015568, -12.068296307386138, 0.0 ], [ -77.080462198104314, -12.068302506994208, 0.0 ], [ -77.080459486780825, -12.068478066646602, 0.0 ] ] ] ] } },
{ "type": "Feature", "properties": { "Nombre": null, "Perimetro": 36.861, "Área": 16.06, "Uso": "Áreas de uso administrativo", "Proy riego": "Por validar con unidad", "Riego act": "Sin riego tecnificado", "Referenc_1": null, "código": null, "ID": null }, "geometry": { "type": "MultiPolygon", "coordinates": [ [ [ [ -77.080464336398947, -12.068161346491717, 0.0 ], [ -77.080462418496936, -12.068287957643252, 0.0 ], [ -77.080470405630606, -12.068288134795505, 0.0 ], [ -77.080472189160389, -12.068176441188463, 0.0 ], [ -77.080489852559651, -12.068160231777886, 0.0 ], [ -77.08049958360705, -12.068160447609502, 0.0 ], [ -77.080499790232068, -12.068147507662577, 0.0 ], [ -77.080491908316972, -12.068147578174864, 0.0 ], [ -77.080477557742441, -12.068161546699246, 0.0 ], [ -77.08047755636585, -12.068161639707599, 0.0 ], [ -77.080464336398947, -12.068161346491717, 0.0 ] ] ] ] } },
{ "type": "Feature", "properties": { "Nombre": null, "Perimetro": 14.214, "Área": 2.663, "Uso": "Áreas de uso administrativo", "Proy riego": "Por validar con unidad", "Riego act": "Sin riego tecnificado", "Referenc_1": null, "código": null, "ID": null }, "geometry": { "type": "MultiPolygon", "coordinates": [ [ [ [ -77.080823719176038, -12.068073719321312, 0.0 ], [ -77.080821056484169, -12.068073678059054, 0.0 ], [ -77.080820956600107, -12.068078195873129, 0.0 ], [ -77.08081893662694, -12.068078164570716, 0.0 ], [ -77.080818591028034, -12.068093796207398, 0.0 ], [ -77.080823273693383, -12.068093868772008, 0.0 ], [ -77.080823719176038, -12.068073719321312, 0.0 ] ] ], [ [ [ -77.080819328096226, -12.068064612551327, 0.0 ], [ -77.080823918944105, -12.068064683693189, 0.0 ], [ -77.080824691179643, -12.068029755037998, 0.0 ], [ -77.080821477348294, -12.068029716014546, 0.0 ], [ -77.08082107780119, -12.068047787745986, 0.0 ], [ -77.080819635360939, -12.068047770231384, 0.0 ], [ -77.080819442736939, -12.068059427288405, 0.0 ], [ -77.080819328096226, -12.068064612551327, 0.0 ] ] ] ] } },
{ "type": "Feature", "properties": { "Nombre": null, "Perimetro": 40.819, "Área": 101.602, "Uso": "Áreas de uso administrativo", "Proy riego": "Por validar con unidad", "Riego act": "Sin riego tecnificado", "Referenc_1": null, "código": "C 31", "ID": null }, "geometry": { "type": "MultiPolygon", "coordinates": [ [ [ [ -77.080731391111556, -12.068031514395063, 0.0 ], [ -77.08080687528016, -12.068032430964131, 0.0 ], [ -77.080807134986486, -12.068020684338599, 0.0 ], [ -77.080824886957686, -12.068020899889646, 0.0 ], [ -77.080826681160403, -12.06793974718917, 0.0 ], [ -77.080734622449469, -12.067937889534367, 0.0 ], [ -77.080731391111556, -12.068031514395063, 0.0 ] ] ] ] } },
{ "type": "Feature", "properties": { "Nombre": null, "Perimetro": 13.004, "Área": 6.169, "Uso": "Áreas de uso administrativo", "Proy riego": "Por validar con unidad", "Riego act": "Sin riego tecnificado", "Referenc_1": null, "código": null, "ID": null }, "geometry": { "type": "MultiPolygon", "coordinates": [ [ [ [ -77.080502887467276, -12.068093544885729, 0.0 ], [ -77.080479118025949, -12.068052690449678, 0.0 ], [ -77.080477020841158, -12.068054062956204, 0.0 ], [ -77.08046823698308, -12.068053859008893, 0.0 ], [ -77.080468072207452, -12.068064138460361, 0.0 ], [ -77.080496264238789, -12.06809331373883, 0.0 ], [ -77.080496244995786, -12.068094514214582, 0.0 ], [ -77.080502870178762, -12.068094623431492, 0.0 ], [ -77.080502887467276, -12.068093544885729, 0.0 ] ] ] ] } },
{ "type": "Feature", "properties": { "Nombre": null, "Perimetro": 47.947, "Área": 128.795, "Uso": "Áreas de uso administrativo", "Proy riego": "Por validar con unidad", "Riego act": "Sin riego tecnificado", "Referenc_1": null, "código": "C 26", "ID": null }, "geometry": { "type": "MultiPolygon", "coordinates": [ [ [ [ -77.080809932177502, -12.068849853347519, 0.0 ], [ -77.080810986932647, -12.068713957200414, 0.0 ], [ -77.080741204267937, -12.068712950048884, 0.0 ], [ -77.080738996503129, -12.068848183817519, 0.0 ], [ -77.080747633369342, -12.068867355173698, 0.0 ], [ -77.080801396433799, -12.068867677215524, 0.0 ], [ -77.080809932177502, -12.068849853347519, 0.0 ] ] ] ] } },
{ "type": "Feature", "properties": { "Nombre": null, "Perimetro": 5.585, "Área": 1.218, "Uso": "Áreas de uso administrativo", "Proy riego": "Por validar con unidad", "Riego act": "Sin riego tecnificado", "Referenc_1": null, "código": null, "ID": null }, "geometry": { "type": "MultiPolygon", "coordinates": [ [ [ [ -77.080469368224783, -12.068521864138456, 0.0 ], [ -77.080461420301432, -12.068529672744219, 0.0 ], [ -77.080461296621579, -12.068537837616857, 0.0 ], [ -77.080477962723435, -12.068521986995279, 0.0 ], [ -77.080469368224783, -12.068521864138456, 0.0 ] ] ] ] } },
{ "type": "Feature", "properties": { "Nombre": null, "Perimetro": 59.005, "Área": 81.96, "Uso": "Áreas de manejo sostenible y reducción de consumo de agua", "Proy riego": "Goteo", "Riego act": "Sin riego tecnificado", "Referenc_1": null, "código": "C 20", "ID": null }, "geometry": { "type": "MultiPolygon", "coordinates": [ [ [ [ -77.079889692968408, -12.068099031448869, 0.0 ], [ -77.079886388001043, -12.068226691427112, 0.0 ], [ -77.079920642089419, -12.068227016626011, 0.0 ], [ -77.079920782426882, -12.068221595820244, 0.0 ], [ -77.079921056111488, -12.068211024225997, 0.0 ], [ -77.079914504921661, -12.068204428159502, 0.0 ], [ -77.079920503396437, -12.068198602891309, 0.0 ], [ -77.079914729349895, -12.068192657877383, 0.0 ], [ -77.079921694625696, -12.068186360394176, 0.0 ], [ -77.079921951912652, -12.068176422197039, 0.0 ], [ -77.07992828643188, -12.068176560638106, 0.0 ], [ -77.079935069797102, -12.068170231291923, 0.0 ], [ -77.0799298096005, -12.068164802995359, 0.0 ], [ -77.079936473563706, -12.068158585059219, 0.0 ], [ -77.079941733760279, -12.068164013355672, 0.0 ], [ -77.079941947495982, -12.068163813925555, 0.0 ], [ -77.079942469994748, -12.068138242607832, 0.0 ], [ -77.079955322599915, -12.068138523501073, 0.0 ], [ -77.079955876484561, -12.068111416097276, 0.0 ], [ -77.080024835428389, -12.068112923183604, 0.0 ], [ -77.080024839499714, -12.068112752266259, 0.0 ], [ -77.08001442027431, -12.068101757361729, 0.0 ], [ -77.079889692968408, -12.068099031448869, 0.0 ] ] ] ] } },
{ "type": "Feature", "properties": { "Nombre": null, "Perimetro": 20.09, "Área": 16.18, "Uso": "Áreas de manejo sostenible y reducción de consumo de agua", "Proy riego": "Goteo", "Riego act": "Sin riego tecnificado", "Referenc_1": null, "código": null, "ID": null }, "geometry": { "type": "MultiPolygon", "coordinates": [ [ [ [ -77.079892740661023, -12.067981309388262, 0.0 ], [ -77.07993625972064, -12.067918250711028, 0.0 ], [ -77.079894401337114, -12.067917163184951, 0.0 ], [ -77.079892740661023, -12.067981309388262, 0.0 ] ] ] ] } },
{ "type": "Feature", "properties": { "Nombre": null, "Perimetro": 45.765, "Área": 106.249, "Uso": "Áreas de manejo sostenible y reducción de consumo de agua", "Proy riego": "Goteo", "Riego act": "Sin riego tecnificado", "Referenc_1": null, "código": null, "ID": null }, "geometry": { "type": "MultiPolygon", "coordinates": [ [ [ [ -77.08005197786747, -12.068203885840713, 0.0 ], [ -77.080057085389853, -12.06820920750568, 0.0 ], [ -77.080051727595603, -12.068214285206643, 0.0 ], [ -77.080051510094705, -12.068223322865482, 0.0 ], [ -77.080124951529427, -12.068225009397311, 0.0 ], [ -77.080130667829579, -12.068216357732894, 0.0 ], [ -77.080133401677074, -12.068113426385885, 0.0 ], [ -77.080125411527362, -12.068104262626026, 0.0 ], [ -77.08007299980305, -12.068103079900727, 0.0 ], [ -77.080060105815093, -12.068115236934755, 0.0 ], [ -77.080077957160526, -12.068133386569096, 0.0 ], [ -77.080062042650113, -12.068148391487252, 0.0 ], [ -77.080053521887336, -12.068139728346058, 0.0 ], [ -77.08005197786747, -12.068203885840713, 0.0 ] ] ] ] } },
{ "type": "Feature", "properties": { "Nombre": null, "Perimetro": 25.265, "Área": 11.352, "Uso": "Áreas de manejo sostenible y reducción de consumo de agua", "Proy riego": "Goteo", "Riego act": "Sin riego tecnificado", "Referenc_1": null, "código": null, "ID": null }, "geometry": { "type": "MultiPolygon", "coordinates": [ [ [ [ -77.080026584232485, -12.068070355208516, 0.0 ], [ -77.080026373105966, -12.068079218437225, 0.0 ], [ -77.080127304209356, -12.068081524573142, 0.0 ], [ -77.080136080287119, -12.068072668281834, 0.0 ], [ -77.080109998887792, -12.068072117323547, 0.0 ], [ -77.080108346385288, -12.068072082415066, 0.0 ], [ -77.08008234701245, -12.068071533186945, 0.0 ], [ -77.080080694509931, -12.068071498278298, 0.0 ], [ -77.080054695136781, -12.068070949047591, 0.0 ], [ -77.080053042634233, -12.068070914138758, 0.0 ], [ -77.080027043260756, -12.068070364905454, 0.0 ], [ -77.080026584232485, -12.068070355208516, 0.0 ] ] ] ] } },
{ "type": "Feature", "properties": { "Nombre": null, "Perimetro": 34.622, "Área": 32.483, "Uso": "Áreas de manejo sostenible y reducción de consumo de agua", "Proy riego": "Goteo", "Riego act": "Sin riego tecnificado", "Referenc_1": null, "código": null, "ID": null }, "geometry": { "type": "MultiPolygon", "coordinates": [ [ [ [ -77.080149558744822, -12.068216831723834, 0.0 ], [ -77.080155269471504, -12.06822581924154, 0.0 ], [ -77.080177681116382, -12.068226292671982, 0.0 ], [ -77.080170326633294, -12.068220327620457, 0.0 ], [ -77.080172565237078, -12.068124817145915, 0.0 ], [ -77.080181915520399, -12.068117770262473, 0.0 ], [ -77.080188984559797, -12.06811791959106, 0.0 ], [ -77.080189240801303, -12.068106986980808, 0.0 ], [ -77.080190444397871, -12.068105837246465, 0.0 ], [ -77.080160781642391, -12.068105210639827, 0.0 ], [ -77.080152052226552, -12.068114332752156, 0.0 ], [ -77.080149558744822, -12.068216831723834, 0.0 ] ] ] ] } },
{ "type": "Feature", "properties": { "Nombre": null, "Perimetro": 20.519, "Área": 13.62, "Uso": "Áreas de uso administrativo", "Proy riego": "Por validar con unidad", "Riego act": "Sin riego tecnificado", "Referenc_1": null, "código": null, "ID": null }, "geometry": { "type": "MultiPolygon", "coordinates": [ [ [ [ -77.080184670702295, -12.06827563598714, 0.0 ], [ -77.080183008546626, -12.068301141389876, 0.0 ], [ -77.080195683127485, -12.06831390239546, 0.0 ], [ -77.080195720676201, -12.068312366446792, 0.0 ], [ -77.080198015681958, -12.068312420793131, 0.0 ], [ -77.080197972815185, -12.068314174280193, 0.0 ], [ -77.080201274416865, -12.068314267508157, 0.0 ], [ -77.080202986654811, -12.068255530676021, 0.0 ], [ -77.080168122004736, -12.06825447561766, 0.0 ], [ -77.080168121600224, -12.068254676012229, 0.0 ], [ -77.080166697434862, -12.068254673227569, 0.0 ], [ -77.080182780562609, -12.068270812186332, 0.0 ], [ -77.080182818997258, -12.068268922266146, 0.0 ], [ -77.080185114207154, -12.068268967479842, 0.0 ], [ -77.080185037028869, -12.068272762514701, 0.0 ], [ -77.080187722199938, -12.06827548720427, 0.0 ], [ -77.080186074327187, -12.06827706026959, 0.0 ], [ -77.080184670702295, -12.06827563598714, 0.0 ] ] ] ] } },
{ "type": "Feature", "properties": { "Nombre": "Jardín Comedor Letras", "Perimetro": 250.466, "Área": 1758.691, "Uso": "Áreas de uso recreativo/descanso", "Proy riego": "Falta aspersión", "Riego act": "Sin riego tecnificado", "Referenc_1": "Frente a Juan Valdez", "código": "C 23", "ID": null }, "geometry": { "type": "MultiPolygon", "coordinates": [ [ [ [ -77.079727904647072, -12.06842972096347, 0.0 ], [ -77.079721963447568, -12.068641780108969, 0.0 ], [ -77.079721467099546, -12.068671195226095, 0.0 ], [ -77.079818078857897, -12.068700752469145, 0.0 ], [ -77.079820711845215, -12.068692093818177, 0.0 ], [ -77.079843512024837, -12.06869906926177, 0.0 ], [ -77.079840879038244, -12.068707727912823, 0.0 ], [ -77.079949635526006, -12.068741000633056, 0.0 ], [ -77.079952268509089, -12.06873234198151, 0.0 ], [ -77.079975068693869, -12.068739317413163, 0.0 ], [ -77.079972435711539, -12.068747976064826, 0.0 ], [ -77.080081211582041, -12.068781254650538, 0.0 ], [ -77.080083844560832, -12.068772595998384, 0.0 ], [ -77.080106644750771, -12.068779571418125, 0.0 ], [ -77.080104011772733, -12.068788230070366, 0.0 ], [ -77.080149467545155, -12.068802136661859, 0.0 ], [ -77.080193515696692, -12.068759654359594, 0.0 ], [ -77.080170522755452, -12.068741218125254, 0.0 ], [ -77.080175695205753, -12.068734474465426, 0.0 ], [ -77.080199643338943, -12.068753676592991, 0.0 ], [ -77.0802086386458, -12.068744900877624, 0.0 ], [ -77.080202217355748, -12.068738440100542, 0.0 ], [ -77.080219173925371, -12.068721897469446, 0.0 ], [ -77.08022559521531, -12.06872835824614, 0.0 ], [ -77.080270073591592, -12.068684965647885, 0.0 ], [ -77.080263652301966, -12.068678504872207, 0.0 ], [ -77.080280608864044, -12.068661962238538, 0.0 ], [ -77.080287030153542, -12.068668423013847, 0.0 ], [ -77.080330595464687, -12.068625921166184, 0.0 ], [ -77.080324174175502, -12.068619460391885, 0.0 ], [ -77.080341130730133, -12.068602917755685, 0.0 ], [ -77.080347552019205, -12.068609378529597, 0.0 ], [ -77.080370545085984, -12.06858711261939, 0.0 ], [ -77.080265320874474, -12.068518167193757, 0.0 ], [ -77.080209598797296, -12.068516731483978, 0.0 ], [ -77.080210319169936, -12.068475434031345, 0.0 ], [ -77.080211539270806, -12.068405488319039, 0.0 ], [ -77.08021052948267, -12.068405464407101, 0.0 ], [ -77.080127179091122, -12.068403316811626, 0.0 ], [ -77.080127234310424, -12.068401058058466, 0.0 ], [ -77.080128978426572, -12.068401102997393, 0.0 ], [ -77.08012902039323, -12.068399386344987, 0.0 ], [ -77.080113782325981, -12.068398993720262, 0.0 ], [ -77.080114855726009, -12.068400109262942, 0.0 ], [ -77.080113188887907, -12.068401662853438, 0.0 ], [ -77.080110536958443, -12.068398906806776, 0.0 ], [ -77.080106681552479, -12.068398807468046, 0.0 ], [ -77.08010674163188, -12.06839654884007, 0.0 ], [ -77.080108302153334, -12.068396589048627, 0.0 ], [ -77.08009591080004, -12.068383473131872, 0.0 ], [ -77.080078450979158, -12.068382874952004, 0.0 ], [ -77.080076761137533, -12.068408254869416, 0.0 ], [ -77.080076111284271, -12.068412814658101, 0.0 ], [ -77.080114602702238, -12.06841366697321, 0.0 ], [ -77.080114197764459, -12.068447286413678, 0.0 ], [ -77.080018535354, -12.06855214960842, 0.0 ], [ -77.079851588393623, -12.068547600665358, 0.0 ], [ -77.079853900626105, -12.068447978089575, 0.0 ], [ -77.079839307745473, -12.068447486940405, 0.0 ], [ -77.079839632814171, -12.068433481398928, 0.0 ], [ -77.07977235871914, -12.068431217159816, 0.0 ], [ -77.079772148995119, -12.068440252993327, 0.0 ], [ -77.079742504337815, -12.068439255240323, 0.0 ], [ -77.079742714062846, -12.068430219406654, 0.0 ], [ -77.079727904647072, -12.06842972096347, 0.0 ] ] ] ] } },
{ "type": "Feature", "properties": { "Nombre": "Jardín Humanidades", "Perimetro": 54.268, "Área": 183.082, "Uso": "Áreas de uso recreativo/descanso", "Proy riego": "Falta aspersión", "Riego act": "Sin riego tecnificado", "Referenc_1": "Entrada al Departamento de Humanidades", "código": "C 17", "ID": null }, "geometry": { "type": "MultiPolygon", "coordinates": [ [ [ [ -77.079739265069122, -12.068026791123351, 0.0 ], [ -77.079873072735865, -12.068031393427166, 0.0 ], [ -77.079876038702253, -12.06791682860373, 0.0 ], [ -77.079742553041228, -12.067914048186733, 0.0 ], [ -77.079739265069122, -12.068026791123351, 0.0 ] ] ] ] } },
{ "type": "Feature", "properties": { "Nombre": null, "Perimetro": 15.608, "Área": 13.458, "Uso": "Áreas de uso administrativo", "Proy riego": "Por validar con unidad", "Riego act": "Sin riego tecnificado", "Referenc_1": null, "código": "D 10", "ID": null }, "geometry": { "type": "MultiPolygon", "coordinates": [ [ [ [ -77.079664456617607, -12.068541578011359, 0.0 ], [ -77.079664536088387, -12.068536306404001, 0.0 ], [ -77.079641437651389, -12.068538416592936, 0.0 ], [ -77.079644271965648, -12.068568019216263, 0.0 ], [ -77.079643739499133, -12.068568067860451, 0.0 ], [ -77.0796437622149, -12.068568338079027, 0.0 ], [ -77.079682853448347, -12.068564789324462, 0.0 ], [ -77.079683535785563, -12.068539835006703, 0.0 ], [ -77.079664456617607, -12.068541578011359, 0.0 ] ] ] ] } },
{ "type": "Feature", "properties": { "Nombre": null, "Perimetro": 180.135, "Área": 772.931, "Uso": "Áreas de manejo sostenible y reducción de consumo de agua", "Proy riego": "Goteo", "Riego act": "Sin riego tecnificado", "Referenc_1": null, "código": "C 22", "ID": null }, "geometry": { "type": "MultiPolygon", "coordinates": [ [ [ [ -77.080272704410191, -12.068449315447657, 0.0 ], [ -77.080266370243578, -12.068449162808738, 0.0 ], [ -77.080265749601395, -12.068476359200977, 0.0 ], [ -77.080272083768634, -12.068476511839805, 0.0 ], [ -77.080271411396922, -12.068505975054363, 0.0 ], [ -77.080263242939949, -12.068505703604677, 0.0 ], [ -77.080378648122831, -12.068579231449339, 0.0 ], [ -77.080391363434899, -12.068566864290139, 0.0 ], [ -77.080384908657763, -12.068560436202425, 0.0 ], [ -77.080401890792473, -12.068543919046824, 0.0 ], [ -77.080408345391277, -12.068550347307497, 0.0 ], [ -77.080430818873268, -12.068528489155531, 0.0 ], [ -77.080432018668233, -12.068463248329119, 0.0 ], [ -77.080422643732064, -12.068463228295373, 0.0 ], [ -77.080423020378973, -12.06843973127029, 0.0 ], [ -77.080432464410379, -12.068439751451818, 0.0 ], [ -77.080433600990062, -12.068366458726608, 0.0 ], [ -77.080424195229455, -12.068366438626482, 0.0 ], [ -77.080424571877529, -12.068342941601291, 0.0 ], [ -77.080433965368854, -12.068342961675322, 0.0 ], [ -77.080438050262387, -12.068079547611005, 0.0 ], [ -77.080435223348928, -12.06807950514659, 0.0 ], [ -77.080425868524742, -12.068088320034036, 0.0 ], [ -77.080291247948225, -12.068085075995089, 0.0 ], [ -77.080291265900129, -12.068120695269432, 0.0 ], [ -77.080281289063194, -12.068120454848803, 0.0 ], [ -77.08029027098398, -12.068127881039196, 0.0 ], [ -77.080286908599319, -12.068250215058148, 0.0 ], [ -77.080277522178832, -12.068257505656058, 0.0 ], [ -77.080271096209344, -12.068257350804149, 0.0 ], [ -77.080270671837752, -12.06828500394211, 0.0 ], [ -77.080277097797818, -12.068285158793691, 0.0 ], [ -77.080286035015504, -12.068293244774781, 0.0 ], [ -77.080282068611439, -12.068441447597662, 0.0 ], [ -77.080272704410191, -12.068449315447657, 0.0 ] ], [ [ -77.080300394750608, -12.068516167752982, 0.0 ], [ -77.080292942500819, -12.068440048344419, 0.0 ], [ -77.080320089982195, -12.068440048344407, 0.0 ], [ -77.080361077356031, -12.068440580647957, 0.0 ], [ -77.080370658820044, -12.068451226719093, 0.0 ], [ -77.080370126516499, -12.068509780110299, 0.0 ], [ -77.080360012748926, -12.068517764663637, 0.0 ], [ -77.080300394750608, -12.068516167752982, 0.0 ] ] ] ] } },
{ "type": "Feature", "properties": { "Nombre": null, "Perimetro": 81.771, "Área": 139.631, "Uso": "Áreas de manejo sostenible y reducción de consumo de agua", "Proy riego": "Goteo", "Riego act": "Sin riego tecnificado", "Referenc_1": null, "código": "C 21", "ID": null }, "geometry": { "type": "MultiPolygon", "coordinates": [ [ [ [ -77.080214750881211, -12.067982635709416, 0.0 ], [ -77.080240160372185, -12.067982976358277, 0.0 ], [ -77.080240341596323, -12.067976766470499, 0.0 ], [ -77.080240341596308, -12.067976766470499, 0.0 ], [ -77.080240341596323, -12.067976766470483, 0.0 ], [ -77.08025088713795, -12.067967980282804, 0.0 ], [ -77.080401042883409, -12.067971598712678, 0.0 ], [ -77.080410171572964, -12.067980859006289, 0.0 ], [ -77.080409138137895, -12.06801627181817, 0.0 ], [ -77.080435815795184, -12.068042545938232, 0.0 ], [ -77.080435223348928, -12.06807950514659, 0.0 ], [ -77.080438050262387, -12.068079547611005, 0.0 ], [ -77.080440202015566, -12.067940792886889, 0.0 ], [ -77.080431362690959, -12.067930992678518, 0.0 ], [ -77.080215704977661, -12.067925525752246, 0.0 ], [ -77.080214750881211, -12.067982635709416, 0.0 ] ] ] ] } },
{ "type": "Feature", "properties": { "Nombre": null, "Perimetro": 99.842, "Área": 293.888, "Uso": "Áreas de manejo sostenible y reducción de consumo de agua", "Proy riego": "Goteo", "Riego act": "Sin riego tecnificado", "Referenc_1": null, "código": "C 19", "ID": null }, "geometry": { "type": "MultiPolygon", "coordinates": [ [ [ [ -77.079892034286814, -12.068008594214376, 0.0 ], [ -77.079890287071223, -12.068076083247773, 0.0 ], [ -77.080004753949282, -12.06807872446465, 0.0 ], [ -77.079997738881801, -12.068069745851394, 0.0 ], [ -77.079998617517433, -12.068032259822004, 0.0 ], [ -77.080026817791676, -12.068007573973585, 0.0 ], [ -77.080027552009781, -12.067972063525582, 0.0 ], [ -77.080027552009767, -12.067972063525582, 0.0 ], [ -77.080036013249128, -12.067963198911318, 0.0 ], [ -77.080132641893229, -12.067965197292899, 0.0 ], [ -77.080139876619782, -12.067974386515727, 0.0 ], [ -77.080140299250161, -12.067965277983404, 0.0 ], [ -77.080174182301676, -12.067965732240824, 0.0 ], [ -77.080174143110185, -12.06798209130206, 0.0 ], [ -77.080194367167067, -12.067982362436259, 0.0 ], [ -77.080195325796822, -12.067924981386884, 0.0 ], [ -77.079954871574046, -12.067918734265037, 0.0 ], [ -77.079892034286814, -12.068008594214376, 0.0 ] ] ] ] } },
{ "type": "Feature", "properties": { "Nombre": null, "Perimetro": 11.154, "Área": 3.413, "Uso": "Áreas de uso administrativo", "Proy riego": "Por validar con unidad", "Riego act": "Sin riego tecnificado", "Referenc_1": null, "código": null, "ID": null }, "geometry": { "type": "MultiPolygon", "coordinates": [ [ [ [ -77.07994284499361, -12.069025668552548, 0.0 ], [ -77.079944191520767, -12.069069720361801, 0.0 ], [ -77.079950616577676, -12.069069532744079, 0.0 ], [ -77.079949268653209, -12.069025450147185, 0.0 ], [ -77.07994284499361, -12.069025668552548, 0.0 ] ] ] ] } },
{ "type": "Feature", "properties": { "Nombre": null, "Perimetro": 4.899, "Área": 0.82, "Uso": "Áreas de uso administrativo", "Proy riego": "Por validar con unidad", "Riego act": "Sin riego tecnificado", "Referenc_1": null, "código": null, "ID": null }, "geometry": { "type": "MultiPolygon", "coordinates": [ [ [ [ -77.079993697679669, -12.069069359721654, 0.0 ], [ -77.079994263743359, -12.069087878440484, 0.0 ], [ -77.079997935210969, -12.069087771229499, 0.0 ], [ -77.079997369147023, -12.069069252510715, 0.0 ], [ -77.079993697679669, -12.069069359721654, 0.0 ] ] ] ] } },
{ "type": "Feature", "properties": { "Nombre": null, "Perimetro": 41.912, "Área": 16.314, "Uso": "Áreas de uso administrativo", "Proy riego": "Por validar con unidad", "Riego act": "Sin riego tecnificado", "Referenc_1": null, "código": "C 45", "ID": null }, "geometry": { "type": "MultiPolygon", "coordinates": [ [ [ [ -77.079783868701895, -12.069127590059161, 0.0 ], [ -77.079784180365351, -12.069134904348566, 0.0 ], [ -77.079969114223374, -12.069128793705781, 0.0 ], [ -77.079968802554959, -12.069121479417408, 0.0 ], [ -77.079783868701895, -12.069127590059161, 0.0 ] ] ] ] } },
{ "type": "Feature", "properties": { "Nombre": null, "Perimetro": 12.794, "Área": 6.214, "Uso": "Áreas de uso administrativo", "Proy riego": "Por validar con unidad", "Riego act": "Sin riego tecnificado", "Referenc_1": null, "código": null, "ID": null }, "geometry": { "type": "MultiPolygon", "coordinates": [ [ [ [ -77.079984423365602, -12.069160201900921, 0.0 ], [ -77.079985334336158, -12.069191821299302, 0.0 ], [ -77.07999821089706, -12.069191392023091, 0.0 ], [ -77.079997440551793, -12.069167766358927, 0.0 ], [ -77.080011207590417, -12.069167329781083, 0.0 ], [ -77.080010962666094, -12.069159317138874, 0.0 ], [ -77.079984423365602, -12.069160201900921, 0.0 ] ] ] ] } },
{ "type": "Feature", "properties": { "Nombre": null, "Perimetro": 7.569, "Área": 2.61, "Uso": "Áreas de manejo sostenible y reducción de consumo de agua", "Proy riego": "Goteo", "Riego act": "Sin riego tecnificado", "Referenc_1": null, "código": null, "ID": null }, "geometry": { "type": "MultiPolygon", "coordinates": [ [ [ [ -77.079997738881801, -12.068069745851394, 0.0 ], [ -77.080004753949282, -12.06807872446465, 0.0 ], [ -77.080025638690032, -12.068079201656698, 0.0 ], [ -77.080025849786438, -12.068070339693408, 0.0 ], [ -77.080025390758195, -12.068070329996472, 0.0 ], [ -77.079999391384376, -12.068069780760544, 0.0 ], [ -77.079997738881801, -12.068069745851394, 0.0 ] ] ] ] } },
{ "type": "Feature", "properties": { "Nombre": null, "Perimetro": 132.614, "Área": 326.106, "Uso": "Áreas de uso administrativo", "Proy riego": "Por validar con unidad", "Riego act": "Sin riego tecnificado", "Referenc_1": null, "código": "C 25", "ID": null }, "geometry": { "type": "MultiPolygon", "coordinates": [ [ [ [ -77.080413014560321, -12.068832840270959, 0.0 ], [ -77.080414006758318, -12.068836519368249, 0.0 ], [ -77.080414842969162, -12.068839041845987, 0.0 ], [ -77.080415797438334, -12.068841537688671, 0.0 ], [ -77.080417021667856, -12.068843932303995, 0.0 ], [ -77.080418314958806, -12.068846288726879, 0.0 ], [ -77.080421094331072, -12.068850906219184, 0.0 ], [ -77.080424114865465, -12.068855314726434, 0.0 ], [ -77.08043715371555, -12.068872296450333, 0.0 ], [ -77.080481944000667, -12.068873655421765, 0.0 ], [ -77.080710566930591, -12.068867233106962, 0.0 ], [ -77.08071999409276, -12.068847680195693, 0.0 ], [ -77.080720781877289, -12.068799425620242, 0.0 ], [ -77.080626302024712, -12.068798061992386, 0.0 ], [ -77.080625970085393, -12.068818393997489, 0.0 ], [ -77.080549394568948, -12.068817288760266, 0.0 ], [ -77.080549726514093, -12.068796956754289, 0.0 ], [ -77.080468468325122, -12.068795783906529, 0.0 ], [ -77.080468719132909, -12.068780421945755, 0.0 ], [ -77.080454028387365, -12.068780209902805, 0.0 ], [ -77.08045377757874, -12.068795571863705, 0.0 ], [ -77.080427150600656, -12.068795187534112, 0.0 ], [ -77.080427231745091, -12.068790217487846, 0.0 ], [ -77.080421447263703, -12.068790133995202, 0.0 ], [ -77.080421618404998, -12.068779651715806, 0.0 ], [ -77.080411059431412, -12.068779499308221, 0.0 ], [ -77.080413347717055, -12.068639344140159, 0.0 ], [ -77.080413602429545, -12.068622529129406, 0.0 ], [ -77.080412696231363, -12.068622734335294, 0.0 ], [ -77.080411782670723, -12.068622905021451, 0.0 ], [ -77.08041086310493, -12.06862304092669, 0.0 ], [ -77.08040993890036, -12.068623141844714, 0.0 ], [ -77.080409011430461, -12.068623207640286, 0.0 ], [ -77.080408082073149, -12.06862323819751, 0.0 ], [ -77.080407152209844, -12.068623233484312, 0.0 ], [ -77.080390494152525, -12.068622917856436, 0.0 ], [ -77.080373142084952, -12.068622589077759, 0.0 ], [ -77.08036231621621, -12.068633150683601, 0.0 ], [ -77.080376649280581, -12.068736141778631, 0.0 ], [ -77.080376862418603, -12.068737984404484, 0.0 ], [ -77.080377078697623, -12.068739067465149, 0.0 ], [ -77.080377312697834, -12.068739857704461, 0.0 ], [ -77.080377553031596, -12.068740436402598, 0.0 ], [ -77.080378145452826, -12.068741515619747, 0.0 ], [ -77.080379163224023, -12.068743245853963, 0.0 ], [ -77.08040376453728, -12.0687834979057, 0.0 ], [ -77.080406463487918, -12.068788289332037, 0.0 ], [ -77.080408124459836, -12.068791830850028, 0.0 ], [ -77.080409384141731, -12.068796321972082, 0.0 ], [ -77.080409783524132, -12.068798490005621, 0.0 ], [ -77.080410380969766, -12.068801600976427, 0.0 ], [ -77.080410653321252, -12.06880485164106, 0.0 ], [ -77.08041093181464, -12.068810377509401, 0.0 ], [ -77.080410922585898, -12.068815656954204, 0.0 ], [ -77.08041101067721, -12.068819176725549, 0.0 ], [ -77.080411169919259, -12.068822241444474, 0.0 ], [ -77.080411539022677, -12.06882520091686, 0.0 ], [ -77.08041186854669, -12.068827625352995, 0.0 ], [ -77.080412473701145, -12.068830390599125, 0.0 ], [ -77.080413014560321, -12.068832840270959, 0.0 ] ] ] ] } },
{ "type": "Feature", "properties": { "Nombre": "Jardín Estudio de TV (Paredón)", "Perimetro": 189.568, "Área": 1697.008, "Uso": "Áreas de uso recreativo/descanso", "Proy riego": "Falta aspersión", "Riego act": "Sin riego tecnificado", "Referenc_1": "Espalda del Estudio de TV", "código": "C 34", "ID": null }, "geometry": { "type": "MultiPolygon", "coordinates": [ [ [ [ -77.081028984097287, -12.068474351098708, 0.0 ], [ -77.081028427622513, -12.068510949785068, 0.0 ], [ -77.081028067631806, -12.068534625972253, 0.0 ], [ -77.081008692838296, -12.068534439422525, 0.0 ], [ -77.081008509228241, -12.068546515201282, 0.0 ], [ -77.08100843995544, -12.06854781071076, 0.0 ], [ -77.081008281957523, -12.068549098655701, 0.0 ], [ -77.081008035955733, -12.068550373162028, 0.0 ], [ -77.081007703073354, -12.068551628414129, 0.0 ], [ -77.081007284829468, -12.068552858675385, 0.0 ], [ -77.08100678313366, -12.068554058333355, 0.0 ], [ -77.081006200275951, -12.068555221917109, 0.0 ], [ -77.081005538916855, -12.068556344108154, 0.0 ], [ -77.081004802075171, -12.068557419779344, 0.0 ], [ -77.081004178696077, -12.06855811493568, 0.0 ], [ -77.081003507145567, -12.068558765182267, 0.0 ], [ -77.081002790755164, -12.068559367294185, 0.0 ], [ -77.081002033078647, -12.06855991827771, 0.0 ], [ -77.081001237874958, -12.06856041540909, 0.0 ], [ -77.081000409089057, -12.068560856215285, 0.0 ], [ -77.080999550832288, -12.068561238510762, 0.0 ], [ -77.080998667362479, -12.068561560401943, 0.0 ], [ -77.080997763062427, -12.068561820287361, 0.0 ], [ -77.080996842418458, -12.068562016883694, 0.0 ], [ -77.080995909997696, -12.068562149210834, 0.0 ], [ -77.080994970425763, -12.068562216611461, 0.0 ], [ -77.080994028363861, -12.068562218755121, 0.0 ], [ -77.080993083874134, -12.068562193418204, 0.0 ], [ -77.080992143253894, -12.068562105621121, 0.0 ], [ -77.080991210761525, -12.068561955769837, 0.0 ], [ -77.080990290619397, -12.068561744537368, 0.0 ], [ -77.08098938699338, -12.068561472885941, 0.0 ], [ -77.080988503974638, -12.068561142039055, 0.0 ], [ -77.080987645561123, -12.06856075350103, 0.0 ], [ -77.080986815639065, -12.06856030902267, 0.0 ], [ -77.080986017966424, -12.068559810622927, 0.0 ], [ -77.080985256154449, -12.068559260554576, 0.0 ], [ -77.080984533652369, -12.068558661315073, 0.0 ], [ -77.080983853731212, -12.068558015610114, 0.0 ], [ -77.080983219469331, -12.068557326360745, 0.0 ], [ -77.080982560182335, -12.068556379208887, 0.0 ], [ -77.080981966696513, -12.068555390796925, 0.0 ], [ -77.080981441666523, -12.068554365551901, 0.0 ], [ -77.08098098744118, -12.068553308065329, 0.0 ], [ -77.080980606051824, -12.068552223060429, 0.0 ], [ -77.080980299204541, -12.068551115389965, 0.0 ], [ -77.080980068271927, -12.068549990014775, 0.0 ], [ -77.080979914286743, -12.068548851962923, 0.0 ], [ -77.080979837937676, -12.06854770632023, 0.0 ], [ -77.080977713527702, -12.068687425201466, 0.0 ], [ -77.081337774087686, -12.068690884014334, 0.0 ], [ -77.081338790485404, -12.068690886802848, 0.0 ], [ -77.081339804568003, -12.068690819270417, 0.0 ], [ -77.081340811317403, -12.068690681731852, 0.0 ], [ -77.081341805752373, -12.068690474881615, 0.0 ], [ -77.081342782952191, -12.068690199741249, 0.0 ], [ -77.081343738081443, -12.068689857669963, 0.0 ], [ -77.081344666413955, -12.068689450357976, 0.0 ], [ -77.081345563356294, -12.068688979826371, 0.0 ], [ -77.081346424470311, -12.068688448401033, 0.0 ], [ -77.081347245494925, -12.068687858708202, 0.0 ], [ -77.081348022367735, -12.06868721367, 0.0 ], [ -77.081348751244434, -12.068686516474097, 0.0 ], [ -77.081349428518649, -12.068685770573589, 0.0 ], [ -77.081350050839035, -12.068684979661008, 0.0 ], [ -77.081350615126325, -12.068684147646614, 0.0 ], [ -77.081351118588259, -12.068683278649722, 0.0 ], [ -77.08135155873353, -12.068682376968381, 0.0 ], [ -77.08135193338434, -12.068681447062062, 0.0 ], [ -77.081352240686954, -12.068680493538654, 0.0 ], [ -77.081352479120667, -12.068679521106974, 0.0 ], [ -77.081352647505696, -12.068678534589658, 0.0 ], [ -77.081352745008957, -12.068677538858463, 0.0 ], [ -77.081352771147749, -12.068676538849322, 0.0 ], [ -77.081352725793039, -12.068675539504142, 0.0 ], [ -77.081352609169031, -12.068674545768602, 0.0 ], [ -77.081352457910867, -12.068673746136236, 0.0 ], [ -77.081352443585445, -12.068673748664855, 0.0 ], [ -77.081342739532914, -12.06861839428551, 0.0 ], [ -77.08133246925739, -12.0685556506709, 0.0 ], [ -77.0813225273142, -12.068492929849741, 0.0 ], [ -77.081321597743738, -12.068487016729579, 0.0 ], [ -77.081312543115388, -12.068488526298328, 0.0 ], [ -77.081308892220065, -12.068465302463505, 0.0 ], [ -77.08131794684769, -12.068463792894995, 0.0 ], [ -77.081317642524837, -12.06846185705666, 0.0 ], [ -77.081313074407845, -12.068430011735101, 0.0 ], [ -77.081305312266878, -12.068375938399782, 0.0 ], [ -77.081299279416299, -12.068330455113532, 0.0 ], [ -77.081291171618403, -12.068267700375069, 0.0 ], [ -77.08128571632578, -12.068222970079205, 0.0 ], [ -77.081285659710815, -12.068222520710368, 0.0 ], [ -77.081285661489432, -12.068222520452128, 0.0 ], [ -77.081285650277266, -12.068222428518755, 0.0 ], [ -77.081284894124153, -12.068216756349839, 0.0 ], [ -77.081166822026887, -12.068251950629499, 0.0 ], [ -77.081136063563051, -12.068251494673218, 0.0 ], [ -77.081135912472249, -12.068268213575214, 0.0 ], [ -77.081011299460911, -12.068266366860275, 0.0 ], [ -77.081011293027899, -12.06826678994585, 0.0 ], [ -77.081008354794818, -12.068266753673992, 0.0 ], [ -77.081008298819313, -12.068270435067797, 0.0 ], [ -77.080999667400548, -12.068270352127426, 0.0 ], [ -77.08099869321218, -12.06833442242211, 0.0 ], [ -77.081007324632992, -12.068334505362175, 0.0 ], [ -77.08100726417581, -12.068338481515845, 0.0 ], [ -77.080998632754856, -12.068338398575801, 0.0 ], [ -77.080997662690805, -12.068402197768874, 0.0 ], [ -77.081006294113806, -12.068402280708614, 0.0 ], [ -77.081006233656751, -12.068406256862252, 0.0 ], [ -77.080997602233623, -12.068406173922533, 0.0 ], [ -77.080996626675713, -12.06847033458393, 0.0 ], [ -77.081004707158883, -12.068470412229333, 0.0 ], [ -77.081004650824013, -12.068474117281607, 0.0 ], [ -77.081028984097287, -12.068474351098708, 0.0 ] ] ] ] } },
{ "type": "Feature", "properties": { "Nombre": null, "Perimetro": 223.992, "Área": 1358.159, "Uso": "Áreas de uso recreativo/descanso", "Proy riego": "Falta aspersión", "Riego act": "Sin riego tecnificado", "Referenc_1": null, "código": "C 39", "ID": null }, "geometry": { "type": "MultiPolygon", "coordinates": [ [ [ [ -77.080487632067943, -12.069324779027221, 0.0 ], [ -77.080494885169514, -12.069332834083783, 0.0 ], [ -77.080622007394979, -12.069322001619577, 0.0 ], [ -77.080765749940156, -12.069389352529054, 0.0 ], [ -77.080768586050198, -12.069383783458889, 0.0 ], [ -77.080771788775678, -12.069378410374576, 0.0 ], [ -77.080775344201172, -12.069373256622834, 0.0 ], [ -77.080779236879238, -12.069368344593258, 0.0 ], [ -77.08078344989714, -12.069363695630557, 0.0 ], [ -77.080787964949891, -12.06935932992841, 0.0 ], [ -77.080792762420842, -12.069355266457771, 0.0 ], [ -77.080797821465737, -12.069351522875712, 0.0 ], [ -77.080803120104363, -12.06934811544288, 0.0 ], [ -77.080808635315194, -12.06934505897107, 0.0 ], [ -77.0808143431357, -12.069342366729817, 0.0 ], [ -77.080820218766789, -12.069340050421907, 0.0 ], [ -77.080826236680238, -12.06933812011563, 0.0 ], [ -77.080832355130738, -12.069336587134565, 0.0 ], [ -77.08083856294968, -12.069335454453489, 0.0 ], [ -77.080844833131792, -12.069334726980539, 0.0 ], [ -77.08085113840049, -12.069334407895434, 0.0 ], [ -77.080857451326523, -12.069334498577616, 0.0 ], [ -77.080863744447285, -12.069334998637713, 0.0 ], [ -77.080869990386546, -12.069335905897212, 0.0 ], [ -77.080876161973208, -12.06933721641345, 0.0 ], [ -77.080882232359414, -12.069338924485203, 0.0 ], [ -77.080888175137829, -12.06934102267118, 0.0 ], [ -77.080893964456251, -12.069343501860709, 0.0 ], [ -77.080906187148187, -12.069328610825808, 0.0 ], [ -77.080902707577337, -12.069325525906333, 0.0 ], [ -77.080896813036247, -12.069259353347558, 0.0 ], [ -77.080891313378331, -12.069259679367429, 0.0 ], [ -77.080890612223442, -12.069248222375627, 0.0 ], [ -77.080879816006757, -12.06923750375597, 0.0 ], [ -77.08088438846103, -12.069233057348088, 0.0 ], [ -77.080869340213525, -12.069219656781469, 0.0 ], [ -77.080889806319959, -12.069198778743747, 0.0 ], [ -77.080887517493551, -12.069171671578117, 0.0 ], [ -77.080873689135856, -12.069188319583438, 0.0 ], [ -77.080859327897869, -12.069189567254936, 0.0 ], [ -77.080860049816764, -12.069197125642184, 0.0 ], [ -77.080804525790882, -12.069201949435804, 0.0 ], [ -77.080804139049391, -12.069197900299585, 0.0 ], [ -77.080794534398876, -12.06919873472734, 0.0 ], [ -77.080794147657556, -12.069194685591066, 0.0 ], [ -77.080784543007056, -12.069195520018461, 0.0 ], [ -77.080784156265892, -12.069191470882144, 0.0 ], [ -77.080773819832515, -12.069192368884565, 0.0 ], [ -77.080772814306002, -12.069181841130057, 0.0 ], [ -77.080770804774104, -12.069179207034104, 0.0 ], [ -77.080768983955053, -12.069176443231877, 0.0 ], [ -77.080767360460953, -12.069173562784803, 0.0 ], [ -77.080765941971336, -12.069170579324878, 0.0 ], [ -77.080764735195487, -12.069167506965412, 0.0 ], [ -77.080763745841438, -12.069164360230136, 0.0 ], [ -77.080762978588893, -12.069161154012484, 0.0 ], [ -77.080762437067222, -12.069157903476629, 0.0 ], [ -77.080762123837459, -12.069154623992963, 0.0 ], [ -77.080762040381387, -12.069151331073558, 0.0 ], [ -77.080762187093654, -12.069148040298934, 0.0 ], [ -77.080762563280331, -12.069144767231904, 0.0 ], [ -77.080763167162118, -12.069141527352878, 0.0 ], [ -77.080763995882492, -12.069138335986578, 0.0 ], [ -77.080765045521716, -12.069135208235094, 0.0 ], [ -77.080766311114786, -12.069132158880805, 0.0 ], [ -77.080767786675665, -12.069129202356823, 0.0 ], [ -77.080766781150061, -12.069118674602169, 0.0 ], [ -77.08077739199922, -12.069117752759727, 0.0 ], [ -77.080776962287302, -12.069113253719284, 0.0 ], [ -77.080786658407817, -12.069112411345708, 0.0 ], [ -77.080786280261208, -12.06910845219015, 0.0 ], [ -77.080795884908639, -12.0691076177632, 0.0 ], [ -77.080795506761916, -12.069103658607691, 0.0 ], [ -77.080805294354761, -12.069102808286592, 0.0 ], [ -77.080851030768315, -12.069098834819121, 0.0 ], [ -77.080869008143111, -12.06909727298682, 0.0 ], [ -77.08088126111025, -12.06910737673768, 0.0 ], [ -77.080896998355172, -12.069106057240296, 0.0 ], [ -77.080895269317168, -12.069071212442672, 0.0 ], [ -77.080842002020134, -12.069071090895241, 0.0 ], [ -77.080780789008827, -12.069042472621051, 0.0 ], [ -77.080779602404789, -12.069044015963296, 0.0 ], [ -77.08077833188203, -12.06904549318174, 0.0 ], [ -77.080776981237292, -12.069046899860837, 0.0 ], [ -77.080775554506843, -12.06904823179657, 0.0 ], [ -77.080774055954492, -12.069049485013794, 0.0 ], [ -77.080772490058479, -12.069050655753378, 0.0 ], [ -77.080770861498451, -12.069051740531757, 0.0 ], [ -77.080768161350676, -12.069053495569923, 0.0 ], [ -77.080765350897266, -12.069055073975917, 0.0 ], [ -77.080762442049348, -12.069056469059305, 0.0 ], [ -77.080759447134824, -12.069057674912115, 0.0 ], [ -77.080756378846587, -12.069058686416616, 0.0 ], [ -77.080753250188465, -12.069059499295275, 0.0 ], [ -77.080750074420123, -12.069060110091787, 0.0 ], [ -77.080746865000918, -12.069060516227495, 0.0 ], [ -77.080743635532642, -12.069060715975992, 0.0 ], [ -77.080740399702179, -12.069060708489385, 0.0 ], [ -77.080737171223589, -12.069060493803043, 0.0 ], [ -77.080733963779522, -12.069060072827419, 0.0 ], [ -77.080730790963415, -12.06905944733986, 0.0 ], [ -77.080727666222231, -12.069058620002274, 0.0 ], [ -77.080724602798824, -12.069057594312008, 0.0 ], [ -77.080721613676587, -12.069056374617329, 0.0 ], [ -77.080718711523787, -12.069054966091493, 0.0 ], [ -77.080718041319471, -12.069055653082428, 0.0 ], [ -77.0807173568937, -12.069056326347575, 0.0 ], [ -77.08071665853646, -12.069056985611608, 0.0 ], [ -77.080715946543634, -12.069057630594319, 0.0 ], [ -77.080715221216892, -12.06905826102625, 0.0 ], [ -77.080714482862959, -12.069058876631486, 0.0 ], [ -77.080713731794447, -12.069059477151354, 0.0 ], [ -77.080709314435552, -12.069062789426447, 0.0 ], [ -77.080704682363191, -12.069065804236445, 0.0 ], [ -77.080699856222878, -12.06906850813828, 0.0 ], [ -77.080694857525117, -12.0690708890788, 0.0 ], [ -77.08068970854967, -12.069072936451441, 0.0 ], [ -77.08068443224613, -12.06907464112928, 0.0 ], [ -77.080679052131529, -12.06907599551322, 0.0 ], [ -77.080673592185505, -12.069076993565083, 0.0 ], [ -77.08066807674372, -12.069077630839788, 0.0 ], [ -77.080658940169698, -12.069078075089839, 0.0 ], [ -77.080649794166177, -12.069077900823567, 0.0 ], [ -77.080640681909173, -12.069077108856838, 0.0 ], [ -77.080631646415625, -12.069075702938456, 0.0 ], [ -77.080622730339726, -12.069073689698724, 0.0 ], [ -77.080613975772309, -12.069071078644532, 0.0 ], [ -77.080605424041366, -12.069067882098315, 0.0 ], [ -77.080597115517634, -12.069064115152125, 0.0 ], [ -77.080589089423626, -12.069059795591471, 0.0 ], [ -77.080581383648678, -12.06905494380621, 0.0 ], [ -77.080574034569665, -12.069049582701386, 0.0 ], [ -77.080567076879873, -12.069043737582144, 0.0 ], [ -77.080560543425037, -12.069037436042905, 0.0 ], [ -77.080554465047598, -12.069030707830631, 0.0 ], [ -77.080548870442385, -12.069023584714456, 0.0 ], [ -77.080543786020002, -12.06901610031216, 0.0 ], [ -77.080539235782837, -12.069008289964939, 0.0 ], [ -77.080536993142701, -12.069003934126991, 0.0 ], [ -77.080534897277772, -12.068999508049647, 0.0 ], [ -77.080532950455719, -12.068995016524511, 0.0 ], [ -77.080531154783429, -12.068990464412099, 0.0 ], [ -77.080529512203796, -12.068985856636681, 0.0 ], [ -77.080528024493972, -12.068981198186291, 0.0 ], [ -77.080526693263423, -12.06897649409199, 0.0 ], [ -77.080526111645341, -12.068973977576805, 0.0 ], [ -77.080525571061983, -12.068971452222732, 0.0 ], [ -77.080525071652076, -12.068968918665682, 0.0 ], [ -77.080524613543517, -12.068966377557601, 0.0 ], [ -77.080524196854014, -12.068963829556976, 0.0 ], [ -77.080523821690647, -12.068961275311606, 0.0 ], [ -77.080523488149566, -12.068958715481463, 0.0 ], [ -77.080521646890887, -12.068915779974917, 0.0 ], [ -77.080520960014383, -12.06889976299129, 0.0 ], [ -77.080482353099896, -12.068900885604368, 0.0 ], [ -77.080483321097987, -12.068965316684777, 0.0 ], [ -77.080473593107968, -12.068965564400942, 0.0 ], [ -77.080485797523608, -12.069324839392186, 0.0 ], [ -77.080487632067943, -12.069324779027221, 0.0 ] ] ] ] } },
{ "type": "Feature", "properties": { "Nombre": null, "Perimetro": 76.841, "Área": 34.907, "Uso": "Áreas de uso administrativo", "Proy riego": "Por validar con unidad", "Riego act": "Sin riego tecnificado", "Referenc_1": null, "código": null, "ID": null }, "geometry": { "type": "MultiPolygon", "coordinates": [ [ [ [ -77.080777913775904, -12.069042183759153, 0.0 ], [ -77.080778530122387, -12.069041382465084, 0.0 ], [ -77.080779121363065, -12.069040563056292, 0.0 ], [ -77.080739849073183, -12.069022145311925, 0.0 ], [ -77.08073954015255, -12.069023075840224, 0.0 ], [ -77.080739218943179, -12.069024002327673, 0.0 ], [ -77.080738885499656, -12.069024924614258, 0.0 ], [ -77.080738539878737, -12.069025842555151, 0.0 ], [ -77.0807381821392, -12.069026755986146, 0.0 ], [ -77.080737812341326, -12.069027664753833, 0.0 ], [ -77.080737430547956, -12.06902856870129, 0.0 ], [ -77.080774476294039, -12.069045892973925, 0.0 ], [ -77.080775209128277, -12.069045193093009, 0.0 ], [ -77.080775919943775, -12.069044471552658, 0.0 ], [ -77.080776608079759, -12.06904372901748, 0.0 ], [ -77.080777272896412, -12.06904296618395, 0.0 ], [ -77.080777913775904, -12.069042183759153, 0.0 ] ] ], [ [ [ -77.080744738431818, -12.069001516535145, 0.0 ], [ -77.0807446293162, -12.069002604160955, 0.0 ], [ -77.080787330699422, -12.06902422992157, 0.0 ], [ -77.080787589581618, -12.069023243099751, 0.0 ], [ -77.080787818506167, -12.069022249128871, 0.0 ], [ -77.080788017270137, -12.069021248888964, 0.0 ], [ -77.080788185697756, -12.069020243275544, 0.0 ], [ -77.080788323639894, -12.069019233173199, 0.0 ], [ -77.08078843097384, -12.069018219477112, 0.0 ], [ -77.080788507604652, -12.069017203083265, 0.0 ], [ -77.080744681707557, -12.068994968199558, 0.0 ], [ -77.080744775889187, -12.068996057181691, 0.0 ], [ -77.080744836223204, -12.068997148481063, 0.0 ], [ -77.08074486265312, -12.068998241085479, 0.0 ], [ -77.080744855154634, -12.068999333975871, 0.0 ], [ -77.080744813734668, -12.069000426135124, 0.0 ], [ -77.080744738431818, -12.069001516535145, 0.0 ] ] ], [ [ [ -77.080742258596203, -12.068995687228004, 0.0 ], [ -77.080742142438154, -12.068994546367692, 0.0 ], [ -77.08074198915061, -12.068993409757704, 0.0 ], [ -77.0807417563895, -12.068991455011865, 0.0 ], [ -77.080741390281716, -12.068989520159812, 0.0 ], [ -77.080740892492315, -12.068987613994336, 0.0 ], [ -77.080740265285812, -12.068985745184472, 0.0 ], [ -77.080739511515091, -12.068983922237575, 0.0 ], [ -77.080738634608821, -12.06898215343905, 0.0 ], [ -77.08073763855586, -12.068980446844334, 0.0 ], [ -77.080736784576175, -12.068979238900571, 0.0 ], [ -77.080735854162739, -12.06897808693715, 0.0 ], [ -77.08073485109314, -12.068976995631425, 0.0 ], [ -77.08073377944045, -12.068975969415495, 0.0 ], [ -77.08073264355599, -12.068975012460834, 0.0 ], [ -77.080731448051665, -12.068974128646079, 0.0 ], [ -77.080730197782003, -12.068973321563607, 0.0 ], [ -77.080728897823221, -12.068972594489534, 0.0 ], [ -77.080727553453826, -12.068971950375255, 0.0 ], [ -77.080726170132351, -12.068971391838975, 0.0 ], [ -77.080724753475934, -12.068970921146459, 0.0 ], [ -77.080723309236205, -12.068970540209143, 0.0 ], [ -77.080721843277402, -12.068970250571752, 0.0 ], [ -77.080720278133967, -12.068970006792009, 0.0 ], [ -77.080718699644919, -12.068969869716689, 0.0 ], [ -77.080717115311089, -12.068969839993837, 0.0 ], [ -77.080715532661088, -12.068969917767564, 0.0 ], [ -77.080713959215785, -12.068970102669196, 0.0 ], [ -77.080712402451738, -12.068970393819701, 0.0 ], [ -77.080710869766847, -12.068970789834262, 0.0 ], [ -77.080709368444118, -12.06897128882901, 0.0 ], [ -77.08070790561797, -12.068971888437208, 0.0 ], [ -77.080706644330903, -12.068972391165664, 0.0 ], [ -77.080705421860955, -12.06897297949488, 0.0 ], [ -77.080704244196056, -12.068973650530591, 0.0 ], [ -77.080703117104733, -12.068974400999632, 0.0 ], [ -77.080702046107717, -12.068975227216967, 0.0 ], [ -77.080701036451288, -12.06897612513546, 0.0 ], [ -77.080700093080594, -12.068977090363296, 0.0 ], [ -77.080699220616935, -12.068978118166315, 0.0 ], [ -77.080698423333814, -12.068979203513079, 0.0 ], [ -77.080742279603356, -12.069001414168108, 0.0 ], [ -77.080742350118328, -12.069000269695216, 0.0 ], [ -77.080742383289888, -12.068999123585533, 0.0 ], [ -77.080742379084043, -12.068997977014071, 0.0 ], [ -77.0807423375052, -12.068996831168059, 0.0 ], [ -77.080742258596203, -12.068995687228004, 0.0 ] ] ], [ [ [ -77.080629993395632, -12.068989003199871, 0.0 ], [ -77.08063054050605, -12.068990188573583, 0.0 ], [ -77.080631166178421, -12.068991335681201, 0.0 ], [ -77.080631867665517, -12.068992439492433, 0.0 ], [ -77.080632641887306, -12.068993495151835, 0.0 ], [ -77.08063348544448, -12.068994498034787, 0.0 ], [ -77.080634394632952, -12.068995443734405, 0.0 ], [ -77.080635365460964, -12.068996328095917, 0.0 ], [ -77.080636393665799, -12.068997147233789, 0.0 ], [ -77.080637474732853, -12.068997897557391, 0.0 ], [ -77.080638603915517, -12.068998575770907, 0.0 ], [ -77.080639776255836, -12.068999178898995, 0.0 ], [ -77.08064098660644, -12.068999704286645, 0.0 ], [ -77.080642229652696, -12.069000149629176, 0.0 ], [ -77.080643499937182, -12.069000512976356, 0.0 ], [ -77.080644791882193, -12.069000792723621, 0.0 ], [ -77.080646099815056, -12.069000987650673, 0.0 ], [ -77.080647417993063, -12.069001096899743, 0.0 ], [ -77.080648740628618, -12.069001119994791, 0.0 ], [ -77.08065006191427, -12.069001056821939, 0.0 ], [ -77.08065137604855, -12.069000907672764, 0.0 ], [ -77.08065267625993, -12.069000665582811, 0.0 ], [ -77.080653955519736, -12.069000332474074, 0.0 ], [ -77.080655207260577, -12.068999910069531, 0.0 ], [ -77.080656425055963, -12.068999400535356, 0.0 ], [ -77.080657602653844, -12.06899880648467, 0.0 ], [ -77.080658734008367, -12.06899813096646, 0.0 ], [ -77.080659813311073, -12.068997377454583, 0.0 ], [ -77.080660835020851, -12.068996549808762, 0.0 ], [ -77.080661793892503, -12.068995652289447, 0.0 ], [ -77.080662685002835, -12.06899468949517, 0.0 ], [ -77.08066350377689, -12.068993666369762, 0.0 ], [ -77.080685464566059, -12.069004098024799, 0.0 ], [ -77.080686062399678, -12.069003309150146, 0.0 ], [ -77.080686644102641, -12.06900250867551, 0.0 ], [ -77.080687209442601, -12.069001696920054, 0.0 ], [ -77.080687758194586, -12.069000874219414, 0.0 ], [ -77.080688290139278, -12.069000040894144, 0.0 ], [ -77.080688805064256, -12.06899919727555, 0.0 ], [ -77.080689302764114, -12.068998343701232, 0.0 ], [ -77.080610119650217, -12.068961057311759, 0.0 ], [ -77.080609649237175, -12.068961935043268, 0.0 ], [ -77.080609199585723, -12.068962823247752, 0.0 ], [ -77.08060877093655, -12.068963721452938, 0.0 ], [ -77.080608363519559, -12.068964629185183, 0.0 ], [ -77.080607977552646, -12.068965545951551, 0.0 ], [ -77.08060761324262, -12.068966471261401, 0.0 ], [ -77.080607270784213, -12.068967404619336, 0.0 ], [ -77.080628880336008, -12.068977508633154, 0.0 ], [ -77.080628656426768, -12.068978791787783, 0.0 ], [ -77.080628519352075, -12.068980086721671, 0.0 ], [ -77.080628469713574, -12.068981387742067, 0.0 ], [ -77.080628507729145, -12.068982689147912, 0.0 ], [ -77.080628633232038, -12.068983985215157, 0.0 ], [ -77.0806288456711, -12.068985270259269, 0.0 ], [ -77.080629144113601, -12.068986538633032, 0.0 ], [ -77.080629527249172, -12.068987784769643, 0.0 ], [ -77.080629993395632, -12.068989003199871, 0.0 ] ] ], [ [ [ -77.080630229497174, -12.068936901300667, 0.0 ], [ -77.08062944635364, -12.068937582859242, 0.0 ], [ -77.080628678014151, -12.068938280549069, 0.0 ], [ -77.080627924821698, -12.068938994058211, 0.0 ], [ -77.08062718711237, -12.068939723067391, 0.0 ], [ -77.080626465215374, -12.068940467255246, 0.0 ], [ -77.080625759452928, -12.06894122628106, 0.0 ], [ -77.080625070140158, -12.068941999816566, 0.0 ], [ -77.080696206413037, -12.068978079128488, 0.0 ], [ -77.080696792251842, -12.068977239091156, 0.0 ], [ -77.0806974177314, -12.068976427213569, 0.0 ], [ -77.080698081456717, -12.06897564529905, 0.0 ], [ -77.080698781947746, -12.068974895097581, 0.0 ], [ -77.080699517642643, -12.068974178280031, 0.0 ], [ -77.080700286900623, -12.068973496442441, 0.0 ], [ -77.08070108800662, -12.068972851108335, 0.0 ], [ -77.080630229497174, -12.068936901300667, 0.0 ] ] ] ] } },
{ "type": "Feature", "properties": { "Nombre": null, "Perimetro": 16.022, "Área": 10.078, "Uso": "Áreas de uso administrativo", "Proy riego": "Por validar con unidad", "Riego act": "Sin riego tecnificado", "Referenc_1": null, "código": null, "ID": null }, "geometry": { "type": "MultiPolygon", "coordinates": [ [ [ [ -77.080903925734248, -12.069348624085084, 0.0 ], [ -77.080908952535239, -12.069351838502925, 0.0 ], [ -77.080913753435667, -12.069355371627278, 0.0 ], [ -77.080918307608655, -12.069359208129743, 0.0 ], [ -77.080922595297821, -12.069363331365745, 0.0 ], [ -77.080926597902916, -12.069367723451679, 0.0 ], [ -77.080930298060409, -12.069372365328952, 0.0 ], [ -77.080933679718541, -12.069377236867133, 0.0 ], [ -77.080960950084588, -12.069374825224237, 0.0 ], [ -77.080930292668668, -12.069349097007654, 0.0 ], [ -77.080929398956812, -12.069350128552033, 0.0 ], [ -77.080913584459395, -12.069336856757495, 0.0 ], [ -77.080903925734248, -12.069348624085084, 0.0 ] ] ] ] } },
{ "type": "Feature", "properties": { "Nombre": null, "Perimetro": 70.277, "Área": 154.495, "Uso": "Áreas de uso administrativo", "Proy riego": "Por validar con unidad", "Riego act": "Sin riego tecnificado", "Referenc_1": null, "código": null, "ID": null }, "geometry": { "type": "MultiPolygon", "coordinates": [ [ [ [ -77.081117172600926, -12.069192325271068, 0.0 ], [ -77.081281354077959, -12.06917794865546, 0.0 ], [ -77.081279240377157, -12.069153908523104, 0.0 ], [ -77.081236389233396, -12.069145909844483, 0.0 ], [ -77.08121654110839, -12.069142204952016, 0.0 ], [ -77.081215486926226, -12.069139145195907, 0.0 ], [ -77.081214634667262, -12.0691360251075, 0.0 ], [ -77.081213987853246, -12.069132857568338, 0.0 ], [ -77.081213549157027, -12.069129655674661, 0.0 ], [ -77.081213320391441, -12.069126432654128, 0.0 ], [ -77.081213302501823, -12.069123201829225, 0.0 ], [ -77.081213495562096, -12.06911997655051, 0.0 ], [ -77.081213898774337, -12.069116770140569, 0.0 ], [ -77.081214510472492, -12.069113595850927, 0.0 ], [ -77.08121532812882, -12.069110466805942, 0.0 ], [ -77.081216348364251, -12.069107395925171, 0.0 ], [ -77.08121756696319, -12.069104395906017, 0.0 ], [ -77.081218978889908, -12.069101479141731, 0.0 ], [ -77.081220578309683, -12.06909865768676, 0.0 ], [ -77.081222358613459, -12.069095943202726, 0.0 ], [ -77.081224312444235, -12.069093346900001, 0.0 ], [ -77.081226431728297, -12.069090879516899, 0.0 ], [ -77.08124627984941, -12.069094584409267, 0.0 ], [ -77.081253501722131, -12.069095932458941, 0.0 ], [ -77.081251924448978, -12.069077993338643, 0.0 ], [ -77.08125135445357, -12.069071510493297, 0.0 ], [ -77.081110860396294, -12.069071038908215, 0.0 ], [ -77.08111114033936, -12.069078893401487, 0.0 ], [ -77.081114777170384, -12.069081022407657, 0.0 ], [ -77.081118251862648, -12.069083399293145, 0.0 ], [ -77.081121547005424, -12.069086012143874, 0.0 ], [ -77.081124646088142, -12.069088847867965, 0.0 ], [ -77.081127533582233, -12.069091892258633, 0.0 ], [ -77.081130195019568, -12.069095130060392, 0.0 ], [ -77.081132617064497, -12.069098545048252, 0.0 ], [ -77.081134787581092, -12.06910212011341, 0.0 ], [ -77.081136695693601, -12.069105837344665, 0.0 ], [ -77.081138331841203, -12.069109678109914, 0.0 ], [ -77.08113968782564, -12.069113623167816, 0.0 ], [ -77.081140756852477, -12.069117652749393, 0.0 ], [ -77.081141533565415, -12.069121746667651, 0.0 ], [ -77.081142014072412, -12.069125884405734, 0.0 ], [ -77.081142195966038, -12.069130045233342, 0.0 ], [ -77.081142097721582, -12.069133893417572, 0.0 ], [ -77.081141744005876, -12.069137727039063, 0.0 ], [ -77.081141136333201, -12.069141529690468, 0.0 ], [ -77.081140277304897, -12.069145285094375, 0.0 ], [ -77.081139170598163, -12.069148977176548, 0.0 ], [ -77.081137820950445, -12.069152590128464, 0.0 ], [ -77.081136234139223, -12.069156108487208, 0.0 ], [ -77.081134416957184, -12.069159517187376, 0.0 ], [ -77.081132377183252, -12.06916280164317, 0.0 ], [ -77.08113012354903, -12.069165947787436, 0.0 ], [ -77.081127665701715, -12.069168942158132, 0.0 ], [ -77.081125014162808, -12.069171771937439, 0.0 ], [ -77.081122180282719, -12.06917442501023, 0.0 ], [ -77.081119176192459, -12.069176890018401, 0.0 ], [ -77.081116014751487, -12.069179156405648, 0.0 ], [ -77.081117172600926, -12.069192325271068, 0.0 ] ] ] ] } },
{ "type": "Feature", "properties": { "Nombre": null, "Perimetro": 34.394, "Área": 60.332, "Uso": "Áreas de uso administrativo", "Proy riego": "Por validar con unidad", "Riego act": "Sin riego tecnificado", "Referenc_1": null, "código": null, "ID": null }, "geometry": { "type": "MultiPolygon", "coordinates": [ [ [ [ -77.080953965999143, -12.069133869433404, 0.0 ], [ -77.081022658183869, -12.069128998050871, 0.0 ], [ -77.08102289061145, -12.069125098827024, 0.0 ], [ -77.081023385399902, -12.069121223373187, 0.0 ], [ -77.081024140368555, -12.069117388768031, 0.0 ], [ -77.081025152190307, -12.069113611914913, 0.0 ], [ -77.081026416405521, -12.06910990946281, 0.0 ], [ -77.081027927442108, -12.069106297726393, 0.0 ], [ -77.081029678640505, -12.06910279262768, 0.0 ], [ -77.08103166228257, -12.069099409605297, 0.0 ], [ -77.081033869625486, -12.069096163579774, 0.0 ], [ -77.081036290940801, -12.069093068854107, 0.0 ], [ -77.081038915556661, -12.06909013906607, 0.0 ], [ -77.081041731905643, -12.069087387131791, 0.0 ], [ -77.081044727574749, -12.069084825176468, 0.0 ], [ -77.081047889361116, -12.069082464490815, 0.0 ], [ -77.081051203329665, -12.069080315489709, 0.0 ], [ -77.081054654874066, -12.069078387632052, 0.0 ], [ -77.081058228782368, -12.06907668941524, 0.0 ], [ -77.081058021071016, -12.069070861528333, 0.0 ], [ -77.080952238806901, -12.069070506390535, 0.0 ], [ -77.080952447814639, -12.069074769919814, 0.0 ], [ -77.080951072009796, -12.069074835250245, 0.0 ], [ -77.080952906937924, -12.069112265763508, 0.0 ], [ -77.080953035570701, -12.069112264093745, 0.0 ], [ -77.080953164006786, -12.06911227129358, 0.0 ], [ -77.080953291615685, -12.069112287321326, 0.0 ], [ -77.08095341777134, -12.069112312101941, 0.0 ], [ -77.080953541854868, -12.06911234551292, 0.0 ], [ -77.080953663257489, -12.069112387395045, 0.0 ], [ -77.080953781383386, -12.069112437537298, 0.0 ], [ -77.080953895652968, -12.069112495694055, 0.0 ], [ -77.080954005505617, -12.069112561580765, 0.0 ], [ -77.08095411040226, -12.069112634873932, 0.0 ], [ -77.080954209828434, -12.069112715219704, 0.0 ], [ -77.080954303296053, -12.06911280221232, 0.0 ], [ -77.080954390346463, -12.069112895432871, 0.0 ], [ -77.080954470552911, -12.069112994423424, 0.0 ], [ -77.080954543521543, -12.069113098699935, 0.0 ], [ -77.080954608894345, -12.06911320774363, 0.0 ], [ -77.080954666350721, -12.069113321022508, 0.0 ], [ -77.080954715608627, -12.069113437987049, 0.0 ], [ -77.080954756426323, -12.06911355805728, 0.0 ], [ -77.080954788603705, -12.069113680639958, 0.0 ], [ -77.080954811982977, -12.069113805148014, 0.0 ], [ -77.080954826449002, -12.069113930955259, 0.0 ], [ -77.080954831931308, -12.069114057451591, 0.0 ], [ -77.080954828795939, -12.069114177640133, 0.0 ], [ -77.080954817548914, -12.069114297364887, 0.0 ], [ -77.080954798239901, -12.06911441608114, 0.0 ], [ -77.08095477095415, -12.069114533277581, 0.0 ], [ -77.080954735812639, -12.069114648425371, 0.0 ], [ -77.080954692970664, -12.069114761023444, 0.0 ], [ -77.080954642617939, -12.069114870566152, 0.0 ], [ -77.080954584977221, -12.069114976573465, 0.0 ], [ -77.080954520303351, -12.06911507857374, 0.0 ], [ -77.080954448882665, -12.069115176116631, 0.0 ], [ -77.080954371031211, -12.069115268768819, 0.0 ], [ -77.080954287093306, -12.069115356126941, 0.0 ], [ -77.08095419744042, -12.069115437796039, 0.0 ], [ -77.080954102469221, -12.069115513419767, 0.0 ], [ -77.080954002599952, -12.069115582663141, 0.0 ], [ -77.080953898274387, -12.069115645216877, 0.0 ], [ -77.080953789954179, -12.069115700806023, 0.0 ], [ -77.080953678118661, -12.069115749185652, 0.0 ], [ -77.080953563262639, -12.069115790140897, 0.0 ], [ -77.080953445894139, -12.069115823491265, 0.0 ], [ -77.080953326532693, -12.069115849088504, 0.0 ], [ -77.080953205706166, -12.069115866818766, 0.0 ], [ -77.080953083949538, -12.069115876604155, 0.0 ], [ -77.080953965999143, -12.069133869433404, 0.0 ] ] ] ] } },
{ "type": "Feature", "properties": { "Nombre": null, "Perimetro": 34.262, "Área": 60.964, "Uso": "Áreas de uso administrativo", "Proy riego": "Por validar con unidad", "Riego act": "Sin riego tecnificado", "Referenc_1": null, "código": null, "ID": null }, "geometry": { "type": "MultiPolygon", "coordinates": [ [ [ [ -77.081023365875609, -12.069139639882559, 0.0 ], [ -77.080955101869918, -12.069144480900789, 0.0 ], [ -77.080956976107714, -12.06916199029531, 0.0 ], [ -77.080957098316915, -12.069161981665934, 0.0 ], [ -77.080957220838613, -12.069161981079462, 0.0 ], [ -77.080957343127494, -12.069161988532116, 0.0 ], [ -77.080957464639269, -12.069162003995643, 0.0 ], [ -77.080957584833143, -12.069162027398669, 0.0 ], [ -77.080957703173951, -12.069162058633141, 0.0 ], [ -77.080957819135378, -12.069162097569402, 0.0 ], [ -77.08095793220096, -12.069162144026004, 0.0 ], [ -77.080958041867618, -12.069162197799848, 0.0 ], [ -77.080958147647166, -12.069162258648932, 0.0 ], [ -77.080958249068871, -12.069162326305275, 0.0 ], [ -77.080958345681296, -12.069162400466276, 0.0 ], [ -77.080958437054434, -12.069162480803305, 0.0 ], [ -77.0809585227817, -12.069162566957402, 0.0 ], [ -77.08095860248136, -12.069162658543556, 0.0 ], [ -77.080958675798925, -12.069162755159315, 0.0 ], [ -77.080958742407958, -12.069162856371854, 0.0 ], [ -77.080958802012006, -12.069162961726576, 0.0 ], [ -77.080958854345681, -12.069163070760021, 0.0 ], [ -77.080958899176082, -12.069163182986957, 0.0 ], [ -77.080958936303901, -12.069163297904646, 0.0 ], [ -77.080958965563596, -12.069163415001487, 0.0 ], [ -77.080958986825109, -12.069163533759145, 0.0 ], [ -77.080958999993797, -12.069163653646099, 0.0 ], [ -77.080959005011138, -12.069163774135596, 0.0 ], [ -77.080959001470617, -12.069163900880483, 0.0 ], [ -77.080958988910496, -12.069164027075127, 0.0 ], [ -77.080958967392547, -12.069164152086973, 0.0 ], [ -77.080958937022487, -12.069164275309733, 0.0 ], [ -77.080958897949955, -12.069164396132482, 0.0 ], [ -77.080958850367011, -12.069164513963367, 0.0 ], [ -77.080958794507978, -12.069164628223154, 0.0 ], [ -77.080958730647751, -12.069164738345229, 0.0 ], [ -77.080958659100318, -12.069164843788551, 0.0 ], [ -77.080958580218137, -12.069164944037636, 0.0 ], [ -77.080958494389037, -12.069165038598294, 0.0 ], [ -77.08095840203552, -12.069165127001931, 0.0 ], [ -77.080958303612078, -12.069165208814187, 0.0 ], [ -77.080958199603032, -12.06916528363927, 0.0 ], [ -77.080958090520198, -12.069165351102731, 0.0 ], [ -77.080957976900208, -12.069165410868713, 0.0 ], [ -77.080957859302345, -12.069165462652915, 0.0 ], [ -77.080957738305202, -12.069165506196743, 0.0 ], [ -77.080957614504385, -12.069165541282416, 0.0 ], [ -77.080957488508858, -12.069165567739471, 0.0 ], [ -77.080957360938726, -12.069165585440521, 0.0 ], [ -77.080961228491418, -12.069201716649678, 0.0 ], [ -77.080962500950449, -12.069201583607772, 0.0 ], [ -77.080962918073624, -12.069205448031738, 0.0 ], [ -77.080961642185116, -12.069205581432225, 0.0 ], [ -77.080961680662625, -12.069205940894326, 0.0 ], [ -77.081064122311403, -12.069196970619803, 0.0 ], [ -77.081063174916579, -12.06918619534796, 0.0 ], [ -77.081059597993729, -12.069184871418521, 0.0 ], [ -77.081056114329229, -12.06918332525982, 0.0 ], [ -77.081052738159343, -12.069181563192746, 0.0 ], [ -77.081049483281546, -12.06917959242103, 0.0 ], [ -77.081046362997029, -12.069177420988174, 0.0 ], [ -77.081043390057417, -12.069175057780019, 0.0 ], [ -77.081040576611983, -12.069172512449693, 0.0 ], [ -77.081037934158147, -12.069169795396457, 0.0 ], [ -77.081035473494865, -12.069166917722949, 0.0 ], [ -77.081033204677823, -12.069163891196728, 0.0 ], [ -77.081031136978879, -12.069160728177318, 0.0 ], [ -77.081029278847893, -12.069157441594953, 0.0 ], [ -77.081027637878464, -12.069154044881861, 0.0 ], [ -77.081026220776721, -12.069150551920808, 0.0 ], [ -77.081025033333461, -12.069146976978486, 0.0 ], [ -77.081024080401633, -12.069143334669048, 0.0 ], [ -77.081023365875609, -12.069139639882559, 0.0 ] ] ] ] } },
{ "type": "Feature", "properties": { "Nombre": null, "Perimetro": 12.498, "Área": 12.425, "Uso": "Áreas de uso administrativo", "Proy riego": "Por validar con unidad", "Riego act": "Sin riego tecnificado", "Referenc_1": null, "código": null, "ID": null }, "geometry": { "type": "MultiPolygon", "coordinates": [ [ [ [ -77.081100691348823, -12.069130355607324, 0.0 ], [ -77.081100637151508, -12.069129101417911, 0.0 ], [ -77.081100494194033, -12.069127854005595, 0.0 ], [ -77.081100263172431, -12.069126619443646, 0.0 ], [ -77.081099945212415, -12.069125403750604, 0.0 ], [ -77.081099541863153, -12.069124212851346, 0.0 ], [ -77.081099055089481, -12.069123052540505, 0.0 ], [ -77.08109848726312, -12.069121928480376, 0.0 ], [ -77.081097841150267, -12.06912084613638, 0.0 ], [ -77.081097119898985, -12.069119810790086, 0.0 ], [ -77.081096327022905, -12.069118827483289, 0.0 ], [ -77.081095466384951, -12.069117901005221, 0.0 ], [ -77.081094542178064, -12.069117035871148, 0.0 ], [ -77.081093558904811, -12.069116236296646, 0.0 ], [ -77.081092521355657, -12.069115506171935, 0.0 ], [ -77.081091434585502, -12.069114849062027, 0.0 ], [ -77.081090303888715, -12.069114268159517, 0.0 ], [ -77.081089134774373, -12.069113766302017, 0.0 ], [ -77.081087932937848, -12.069113345929262, 0.0 ], [ -77.08108670423465, -12.069113009096235, 0.0 ], [ -77.081085454650847, -12.069112757434601, 0.0 ], [ -77.081084190274112, -12.069112592178783, 0.0 ], [ -77.081082917264467, -12.069112514127395, 0.0 ], [ -77.081081641823985, -12.069112523665021, 0.0 ], [ -77.08108037016649, -12.069112620745196, 0.0 ], [ -77.081079108487117, -12.069112804890629, 0.0 ], [ -77.081077862933, -12.069113075210678, 0.0 ], [ -77.081076639572004, -12.069113430380019, 0.0 ], [ -77.081075444364373, -12.069113868677656, 0.0 ], [ -77.081074283133177, -12.069114387961273, 0.0 ], [ -77.0810731615355, -12.069114985706237, 0.0 ], [ -77.081072085035927, -12.069115658992892, 0.0 ], [ -77.081071058878948, -12.069116404549824, 0.0 ], [ -77.081070088063854, -12.069117218736835, 0.0 ], [ -77.081069177320472, -12.069118097592517, 0.0 ], [ -77.081068331085788, -12.069119036834444, 0.0 ], [ -77.081067553482526, -12.069120031885163, 0.0 ], [ -77.081066848299258, -12.069121077898233, 0.0 ], [ -77.08106621897133, -12.069122169779879, 0.0 ], [ -77.081065668564904, -12.069123302202083, 0.0 ], [ -77.081065199761497, -12.069124469658673, 0.0 ], [ -77.081064814845135, -12.069125666452537, 0.0 ], [ -77.081064515690954, -12.069126886760335, 0.0 ], [ -77.081064303756463, -12.0691281246347, 0.0 ], [ -77.081064180074321, -12.069129374040951, 0.0 ], [ -77.081064145246884, -12.069130628896115, 0.0 ], [ -77.081064199443887, -12.069131883085166, 0.0 ], [ -77.08106434240122, -12.069133130497528, 0.0 ], [ -77.081064573422651, -12.06913436505522, 0.0 ], [ -77.081064891382525, -12.069135580748323, 0.0 ], [ -77.081065294731658, -12.069136771647655, 0.0 ], [ -77.081065781505231, -12.069137931958577, 0.0 ], [ -77.081066349331508, -12.069139056018788, 0.0 ], [ -77.081066995444317, -12.069140138362865, 0.0 ], [ -77.081067716695557, -12.069141173709246, 0.0 ], [ -77.081068509571608, -12.069142157016131, 0.0 ], [ -77.08106937020959, -12.069143083494286, 0.0 ], [ -77.08107029441652, -12.069143948628438, 0.0 ], [ -77.08107127768983, -12.069144748203014, 0.0 ], [ -77.081072315239069, -12.069145478327792, 0.0 ], [ -77.081073402009324, -12.069146135437766, 0.0 ], [ -77.081074532706225, -12.069146716340326, 0.0 ], [ -77.081075701820708, -12.069147218197864, 0.0 ], [ -77.08107690365739, -12.06914763857065, 0.0 ], [ -77.081078132360744, -12.069147975403697, 0.0 ], [ -77.081079381944733, -12.069148227065339, 0.0 ], [ -77.08108064632161, -12.069148392321152, 0.0 ], [ -77.081081919331297, -12.06914847037252, 0.0 ], [ -77.081083194771935, -12.069148460834866, 0.0 ], [ -77.081084466429743, -12.069148363754651, 0.0 ], [ -77.081085728109258, -12.069148179609167, 0.0 ], [ -77.081086973663545, -12.069147909289056, 0.0 ], [ -77.081088197024656, -12.069147554119645, 0.0 ], [ -77.081089392232414, -12.069147115821936, 0.0 ], [ -77.081090553463682, -12.069146596538245, 0.0 ], [ -77.08109167506143, -12.069145998793189, 0.0 ], [ -77.081092751561044, -12.069145325506446, 0.0 ], [ -77.081093777718038, -12.069144579949429, 0.0 ], [ -77.081094748533133, -12.069143765762334, 0.0 ], [ -77.0810956592765, -12.069142886906571, 0.0 ], [ -77.081096505511141, -12.069141947664566, 0.0 ], [ -77.081097283114318, -12.06914095261377, 0.0 ], [ -77.081097988297515, -12.06913990660064, 0.0 ], [ -77.081098617625329, -12.069138814718931, 0.0 ], [ -77.081099168031628, -12.069137682296686, 0.0 ], [ -77.081099636834878, -12.069136514840059, 0.0 ], [ -77.081100021751084, -12.069135318046165, 0.0 ], [ -77.081100320905108, -12.06913409773836, 0.0 ], [ -77.081100532839457, -12.069132859868306, 0.0 ], [ -77.081100656521414, -12.069131610462064, 0.0 ], [ -77.081100691348823, -12.069130355607324, 0.0 ] ] ] ] } },
{ "type": "Feature", "properties": { "Nombre": null, "Perimetro": 20.483, "Área": 22.553, "Uso": "Áreas de uso administrativo", "Proy riego": "Por validar con unidad", "Riego act": "Sin riego tecnificado", "Referenc_1": null, "código": "C 27", "ID": null }, "geometry": { "type": "MultiPolygon", "coordinates": [ [ [ [ -77.080824575461278, -12.068714243031314, 0.0 ], [ -77.080825551094492, -12.068777844177863, 0.0 ], [ -77.080854236681702, -12.068778119768417, 0.0 ], [ -77.080854782769265, -12.068714533242746, 0.0 ], [ -77.080824575461278, -12.068714243031314, 0.0 ] ] ] ] } },
{ "type": "Feature", "properties": { "Nombre": null, "Perimetro": 14.958, "Área": 8.031, "Uso": "Áreas de uso administrativo", "Proy riego": "Por validar con unidad", "Riego act": "Sin riego tecnificado", "Referenc_1": null, "código": null, "ID": null }, "geometry": { "type": "MultiPolygon", "coordinates": [ [ [ [ -77.080534116377493, -12.067435151385046, 0.0 ], [ -77.080533963793528, -12.067446900314854, 0.0 ], [ -77.080590698434989, -12.067448344865763, 0.0 ], [ -77.080590851016467, -12.067436595936332, 0.0 ], [ -77.080534116377493, -12.067435151385046, 0.0 ] ] ] ] } },
{ "type": "Feature", "properties": { "Nombre": null, "Perimetro": 14.89, "Área": 7.82, "Uso": "Áreas de uso administrativo", "Proy riego": "Por validar con unidad", "Riego act": "Sin riego tecnificado", "Referenc_1": null, "código": null, "ID": null }, "geometry": { "type": "MultiPolygon", "coordinates": [ [ [ [ -77.080533609329436, -12.067474193990378, 0.0 ], [ -77.080533460600861, -12.067485646074383, 0.0 ], [ -77.080590195539358, -12.067487068385125, 0.0 ], [ -77.080590343976695, -12.067475638540412, 0.0 ], [ -77.080533609329436, -12.067474193990378, 0.0 ] ] ] ] } },
{ "type": "Feature", "properties": { "Nombre": null, "Perimetro": 11.918, "Área": 5.975, "Uso": "Áreas de uso administrativo", "Proy riego": "Por validar con unidad", "Riego act": "Sin riego tecnificado", "Referenc_1": null, "código": null, "ID": null }, "geometry": { "type": "MultiPolygon", "coordinates": [ [ [ [ -77.080622086122546, -12.067487867857736, 0.0 ], [ -77.080665096897874, -12.067488946099251, 0.0 ], [ -77.080665248186108, -12.067477296481425, 0.0 ], [ -77.080622260494977, -12.067476449613428, 0.0 ], [ -77.080622086122546, -12.067487867857736, 0.0 ] ] ] ] } },
{ "type": "Feature", "properties": { "Nombre": null, "Perimetro": 21.277, "Área": 27.916, "Uso": "Áreas de uso administrativo", "Proy riego": "Por validar con unidad", "Riego act": "Sin riego tecnificado", "Referenc_1": null, "código": "C 9", "ID": null }, "geometry": { "type": "MultiPolygon", "coordinates": [ [ [ [ -77.080719792278373, -12.067571318544928, 0.0 ], [ -77.080665296432684, -12.06757061180892, 0.0 ], [ -77.080664857468491, -12.067601042744901, 0.0 ], [ -77.080664704892129, -12.067612791616483, 0.0 ], [ -77.080719218735553, -12.067614158215292, 0.0 ], [ -77.080719792278373, -12.067571318544928, 0.0 ] ] ] ] } },
{ "type": "Feature", "properties": { "Nombre": null, "Perimetro": 12.095, "Área": 6.171, "Uso": "Áreas de uso administrativo", "Proy riego": "Por validar con unidad", "Riego act": "Sin riego tecnificado", "Referenc_1": null, "código": null, "ID": null }, "geometry": { "type": "MultiPolygon", "coordinates": [ [ [ [ -77.080619720652166, -12.067611663905639, 0.0 ], [ -77.080663327829924, -12.06761275709496, 0.0 ], [ -77.080663480406358, -12.067601008222992, 0.0 ], [ -77.080619900062729, -12.067599915706051, 0.0 ], [ -77.080619720652166, -12.067611663905639, 0.0 ] ] ] ] } },
{ "type": "Feature", "properties": { "Nombre": null, "Perimetro": 14.958, "Área": 8.031, "Uso": "Áreas de uso administrativo", "Proy riego": "Por validar con unidad", "Riego act": "Sin riego tecnificado", "Referenc_1": null, "código": null, "ID": null }, "geometry": { "type": "MultiPolygon", "coordinates": [ [ [ [ -77.080533446443496, -12.067597748377363, 0.0 ], [ -77.08053329386135, -12.067609497250192, 0.0 ], [ -77.080590028826023, -12.067610919556673, 0.0 ], [ -77.080590181405682, -12.06759917068422, 0.0 ], [ -77.080533446443496, -12.067597748377363, 0.0 ] ] ] ] } },
{ "type": "Feature", "properties": { "Nombre": null, "Perimetro": 47.2, "Área": 111.056, "Uso": "Áreas de uso administrativo", "Proy riego": "Por validar con unidad", "Riego act": "Sin riego tecnificado", "Referenc_1": null, "código": "C 8", "ID": null }, "geometry": { "type": "MultiPolygon", "coordinates": [ [ [ [ -77.080525932640171, -12.067879078733219, 0.0 ], [ -77.080525768511677, -12.067905925010765, 0.0 ], [ -77.080591695311071, -12.067907577498859, 0.0 ], [ -77.08059362017292, -12.067806725052616, 0.0 ], [ -77.080586957546075, -12.06780660187602, 0.0 ], [ -77.080586929952361, -12.06780804763752, 0.0 ], [ -77.080582890294423, -12.067807972953444, 0.0 ], [ -77.080582966177218, -12.067803997108573, 0.0 ], [ -77.080584068221526, -12.067804017482866, 0.0 ], [ -77.080584874680568, -12.067761763509582, 0.0 ], [ -77.080528006399547, -12.067760338071444, 0.0 ], [ -77.080525932640171, -12.067879078733219, 0.0 ] ] ] ] } },
{ "type": "Feature", "properties": { "Nombre": null, "Perimetro": 13.317, "Área": 9.62, "Uso": "Áreas de uso administrativo", "Proy riego": "Por validar con unidad", "Riego act": "Sin riego tecnificado", "Referenc_1": null, "código": null, "ID": null }, "geometry": { "type": "MultiPolygon", "coordinates": [ [ [ [ -77.080091391786951, -12.067369043408167, 0.0 ], [ -77.080090341163313, -12.067410061145946, 0.0 ], [ -77.080109801618306, -12.067410566611976, 0.0 ], [ -77.080110852238946, -12.067369548874609, 0.0 ], [ -77.080091391786951, -12.067369043408167, 0.0 ] ] ] ] } },
{ "type": "Feature", "properties": { "Nombre": null, "Perimetro": 43.37, "Área": 116.226, "Uso": "Áreas de uso administrativo", "Proy riego": "Por validar con unidad", "Riego act": "Sin riego tecnificado", "Referenc_1": null, "código": null, "ID": null }, "geometry": { "type": "MultiPolygon", "coordinates": [ [ [ [ -77.080022276381371, -12.06774379482963, 0.0 ], [ -77.080132426611868, -12.067746778579901, 0.0 ], [ -77.080134841963016, -12.067659146022674, 0.0 ], [ -77.080024686788448, -12.067656342953187, 0.0 ], [ -77.080022276381371, -12.06774379482963, 0.0 ] ] ] ] } },
{ "type": "Feature", "properties": { "Nombre": null, "Perimetro": 22.344, "Área": 23.035, "Uso": "Áreas de uso administrativo", "Proy riego": "Por validar con unidad", "Riego act": "Sin riego tecnificado", "Referenc_1": null, "código": "C 13", "ID": null }, "geometry": { "type": "MultiPolygon", "coordinates": [ [ [ [ -77.080400494103003, -12.06787612142573, 0.0 ], [ -77.080317927427899, -12.067873976942341, 0.0 ], [ -77.080317222537332, -12.06790102598203, 0.0 ], [ -77.080375971129271, -12.067902552243492, 0.0 ], [ -77.080395466878855, -12.067881539759561, 0.0 ], [ -77.080399667136774, -12.06787701272858, 0.0 ], [ -77.080400494103003, -12.06787612142573, 0.0 ] ] ] ] } },
{ "type": "Feature", "properties": { "Nombre": null, "Perimetro": 13.189, "Área": 13.837, "Uso": "Áreas de uso administrativo", "Proy riego": "Por validar con unidad", "Riego act": "Sin riego tecnificado", "Referenc_1": null, "código": null, "ID": null }, "geometry": { "type": "MultiPolygon", "coordinates": [ [ [ [ -77.080240362378575, -12.067561443598368, 0.0 ], [ -77.080240305191396, -12.067560120079431, 0.0 ], [ -77.080240154337872, -12.067558803715322, 0.0 ], [ -77.080239910552976, -12.067557500909917, 0.0 ], [ -77.080239575024493, -12.067556218017438, 0.0 ], [ -77.080239149386927, -12.067554961281044, 0.0 ], [ -77.080238635714153, -12.067553736835015, 0.0 ], [ -77.080238036508476, -12.067552550633749, 0.0 ], [ -77.080237354689274, -12.067551408460444, 0.0 ], [ -77.080236593578377, -12.06755031587981, 0.0 ], [ -77.080235756883809, -12.067549278216646, 0.0 ], [ -77.080234848681883, -12.067548300521496, 0.0 ], [ -77.08023387339702, -12.067547387562172, 0.0 ], [ -77.080232835781104, -12.067546543780821, 0.0 ], [ -77.080231740888962, -12.067545773294114, 0.0 ], [ -77.080230594054996, -12.06754507985462, 0.0 ], [ -77.080229400866415, -12.067544466842392, 0.0 ], [ -77.080228167136298, -12.06754393723501, 0.0 ], [ -77.08022689887531, -12.067543493625021, 0.0 ], [ -77.080225602262232, -12.067543138164137, 0.0 ], [ -77.08022428361393, -12.067542872589314, 0.0 ], [ -77.080222949354933, -12.067542698188507, 0.0 ], [ -77.080221605985457, -12.067542615818155, 0.0 ], [ -77.080220260050254, -12.067542625877536, 0.0 ], [ -77.080218918106837, -12.06754272831764, 0.0 ], [ -77.080217586692697, -12.06754292264141, 0.0 ], [ -77.080216272294564, -12.067543207895353, 0.0 ], [ -77.08021498131582, -12.067543582695635, 0.0 ], [ -77.080213720046245, -12.067544045211079, 0.0 ], [ -77.080212494630544, -12.067544593197871, 0.0 ], [ -77.080211311038681, -12.067545223973918, 0.0 ], [ -77.080210175037095, -12.067545934475104, 0.0 ], [ -77.080209092160388, -12.067546721238246, 0.0 ], [ -77.080208067683998, -12.067547580431478, 0.0 ], [ -77.080207106599204, -12.067548507863053, 0.0 ], [ -77.080206213588255, -12.067549499020311, 0.0 ], [ -77.08020539300189, -12.067550549069846, 0.0 ], [ -77.080204648837892, -12.067551652900777, 0.0 ], [ -77.080203984721706, -12.067552805133491, 0.0 ], [ -77.080203403889001, -12.067554000154274, 0.0 ], [ -77.080202909169216, -12.067555232136961, 0.0 ], [ -77.080202502972895, -12.067556495090431, 0.0 ], [ -77.080202187278857, -12.067557782850113, 0.0 ], [ -77.080201963625115, -12.067559089149144, 0.0 ], [ -77.080201833101384, -12.06756040761627, 0.0 ], [ -77.080201796343502, -12.067561731837376, 0.0 ], [ -77.080201853530426, -12.067563055354032, 0.0 ], [ -77.080202004383665, -12.067564371722497, 0.0 ], [ -77.080202248168362, -12.067565674523658, 0.0 ], [ -77.080202583696703, -12.067566957416208, 0.0 ], [ -77.080203009334099, -12.067568214148379, 0.0 ], [ -77.080203523006929, -12.067569438598801, 0.0 ], [ -77.080204122212407, -12.067570624800156, 0.0 ], [ -77.080204804031496, -12.067571766969245, 0.0 ], [ -77.080205565142336, -12.067572859549978, 0.0 ], [ -77.080206401836932, -12.067573897217544, 0.0 ], [ -77.080207310039015, -12.067574874912792, 0.0 ], [ -77.080208285323764, -12.067575787872206, 0.0 ], [ -77.080209322939879, -12.067576631649329, 0.0 ], [ -77.080210417831964, -12.067577402136115, 0.0 ], [ -77.080211564666058, -12.067578095575678, 0.0 ], [ -77.080212757854795, -12.067578708592272, 0.0 ], [ -77.08021399158504, -12.067579238195389, 0.0 ], [ -77.080215259846199, -12.06757968180972, 0.0 ], [ -77.080216556459604, -12.067580037270623, 0.0 ], [ -77.080217875107962, -12.067580302845457, 0.0 ], [ -77.080219209367243, -12.067580477241945, 0.0 ], [ -77.08022055273679, -12.067580559612281, 0.0 ], [ -77.080221898672178, -12.067580549552867, 0.0 ], [ -77.080223240615908, -12.06758044711272, 0.0 ], [ -77.080224572030119, -12.067580252793199, 0.0 ], [ -77.080225886428551, -12.067579967539189, 0.0 ], [ -77.080227177407295, -12.067579592738833, 0.0 ], [ -77.080228438676954, -12.067579130218993, 0.0 ], [ -77.080229664092812, -12.067578582236425, 0.0 ], [ -77.080230847684717, -12.067577951455972, 0.0 ], [ -77.080231983686346, -12.067577240954693, 0.0 ], [ -77.080233066563196, -12.067576454191451, 0.0 ], [ -77.0802340910395, -12.067575595002431, 0.0 ], [ -77.080235052124394, -12.067574667570769, 0.0 ], [ -77.080235945135158, -12.067573676413422, 0.0 ], [ -77.080236765721409, -12.0675726263595, 0.0 ], [ -77.080237509885308, -12.067571522528494, 0.0 ], [ -77.080238174001408, -12.067570370300023, 0.0 ], [ -77.080238754834099, -12.067569175279191, 0.0 ], [ -77.080239249553557, -12.067567943292161, 0.0 ], [ -77.080239655749736, -12.067566680342969, 0.0 ], [ -77.080239971443589, -12.067565392583271, 0.0 ], [ -77.080240195097176, -12.067564086288549, 0.0 ], [ -77.080240325620679, -12.067562767817128, 0.0 ], [ -77.080240362378575, -12.067561443598368, 0.0 ] ] ] ] } },
{ "type": "Feature", "properties": { "Nombre": null, "Perimetro": 28.554, "Área": 29.987, "Uso": "Áreas de uso administrativo", "Proy riego": "Por validar con unidad", "Riego act": "Sin riego tecnificado", "Referenc_1": null, "código": null, "ID": null }, "geometry": { "type": "MultiPolygon", "coordinates": [ [ [ [ -77.080357615164971, -12.06775286907903, 0.0 ], [ -77.080359324737728, -12.067646961135377, 0.0 ], [ -77.080335827553441, -12.067646349808419, 0.0 ], [ -77.080334114435146, -12.067752259621505, 0.0 ], [ -77.080357615164971, -12.06775286907903, 0.0 ] ] ] ] } },
{ "type": "Feature", "properties": { "Nombre": null, "Perimetro": 22.045, "Área": 30.371, "Uso": "Áreas de uso administrativo", "Proy riego": "Por validar con unidad", "Riego act": "Sin riego tecnificado", "Referenc_1": null, "código": null, "ID": null }, "geometry": { "type": "MultiPolygon", "coordinates": [ [ [ [ -77.079336591536048, -12.070888111563535, 0.0 ], [ -77.079386265777842, -12.07088140698688, 0.0 ], [ -77.079378946578814, -12.070831493390664, 0.0 ], [ -77.079329311811165, -12.070838467101987, 0.0 ], [ -77.079336591536048, -12.070888111563535, 0.0 ] ] ] ] } },
{ "type": "Feature", "properties": { "Nombre": null, "Perimetro": 36.705, "Área": 47.98, "Uso": "Áreas de uso administrativo", "Proy riego": "Por validar con unidad", "Riego act": "Sin riego tecnificado", "Referenc_1": null, "código": "C 36", "ID": null }, "geometry": { "type": "MultiPolygon", "coordinates": [ [ [ [ -77.081402824165778, -12.068928940722131, 0.0 ], [ -77.08140124164477, -12.068921545744441, 0.0 ], [ -77.081399664820196, -12.068914149586391, 0.0 ], [ -77.081398093693025, -12.068906752254442, 0.0 ], [ -77.081396528264037, -12.068899353757201, 0.0 ], [ -77.081394968534127, -12.068891954088199, 0.0 ], [ -77.081393414504348, -12.068884553261737, 0.0 ], [ -77.081384415967051, -12.068886356306235, 0.0 ], [ -77.081379514771044, -12.068863358580034, 0.0 ], [ -77.081388513095732, -12.068861555578273, 0.0 ], [ -77.081377958815509, -12.06880783507655, 0.0 ], [ -77.081328256211705, -12.068886416850644, 0.0 ], [ -77.081404412382298, -12.068936334517865, 0.0 ], [ -77.081402824165778, -12.068928940722131, 0.0 ] ] ] ] } },
{ "type": "Feature", "properties": { "Nombre": null, "Perimetro": 213.633, "Área": 446.613, "Uso": "Áreas de uso recreativo/descanso", "Proy riego": "Falta aspersión", "Riego act": "Sin riego tecnificado", "Referenc_1": null, "código": "F 19", "ID": null }, "geometry": { "type": "MultiPolygon", "coordinates": [ [ [ [ -77.080009043328531, -12.07102861727094, 0.0 ], [ -77.080130795325232, -12.071018069435743, 0.0 ], [ -77.080130145176213, -12.071010963555389, 0.0 ], [ -77.080041173245377, -12.071019029205607, 0.0 ], [ -77.080036046004409, -12.070962990196946, 0.0 ], [ -77.080142164230892, -12.07095388682359, 0.0 ], [ -77.080141258312466, -12.070943985478909, 0.0 ], [ -77.080136688321801, -12.070944468236007, 0.0 ], [ -77.080121598085427, -12.070945762757113, 0.0 ], [ -77.080107703981326, -12.070946954666873, 0.0 ], [ -77.080106855748269, -12.070946916382809, 0.0 ], [ -77.080106011879622, -12.070946823551147, 0.0 ], [ -77.080105175993594, -12.070946676557201, 0.0 ], [ -77.08010435167462, -12.070946476035708, 0.0 ], [ -77.080103542457337, -12.070946222850173, 0.0 ], [ -77.080102751811779, -12.07094591808222, 0.0 ], [ -77.080101983127946, -12.070945563038173, 0.0 ], [ -77.080101239702287, -12.07094515924484, 0.0 ], [ -77.080100524722383, -12.070944708432394, 0.0 ], [ -77.080099841254281, -12.070944212525855, 0.0 ], [ -77.08009919222846, -12.070943673662418, 0.0 ], [ -77.080098580428199, -12.070943094148456, 0.0 ], [ -77.08009800847671, -12.070942476468232, 0.0 ], [ -77.080097478826588, -12.070941823271053, 0.0 ], [ -77.080096993749052, -12.070941137358405, 0.0 ], [ -77.080096555324047, -12.070940421671125, 0.0 ], [ -77.080096165431428, -12.070939679276515, 0.0 ], [ -77.080095825743356, -12.070938913364108, 0.0 ], [ -77.080095537716119, -12.070938127206913, 0.0 ], [ -77.080095302584937, -12.070937324187357, 0.0 ], [ -77.080095121358028, -12.07093650774341, 0.0 ], [ -77.080094994812342, -12.070935681370818, 0.0 ], [ -77.080094923490933, -12.070934848626981, 0.0 ], [ -77.080016586015219, -12.07094156881327, 0.0 ], [ -77.080001595599768, -12.070782920330345, 0.0 ], [ -77.08003132099347, -12.070780302438095, 0.0 ], [ -77.080027027618982, -12.070734864234057, 0.0 ], [ -77.080029862947882, -12.070734614528758, 0.0 ], [ -77.080029076907593, -12.070726063722775, 0.0 ], [ -77.079909094655207, -12.070736630443887, 0.0 ], [ -77.079920465176883, -12.070813662680679, 0.0 ], [ -77.07995263358309, -12.071035190474838, 0.0 ], [ -77.079965804036959, -12.071034029304188, 0.0 ], [ -77.079964660014383, -12.071020882423998, 0.0 ], [ -77.080008470401282, -12.071017019885113, 0.0 ], [ -77.080009043328531, -12.07102861727094, 0.0 ] ] ], [ [ [ -77.080035767954399, -12.070827366067341, 0.0 ], [ -77.080031525061628, -12.07078246215826, 0.0 ], [ -77.080003994773747, -12.070784886729388, 0.0 ], [ -77.080018577521912, -12.070939220722622, 0.0 ], [ -77.080094723880109, -12.070932688501339, 0.0 ], [ -77.080093553592647, -12.070920024016157, 0.0 ], [ -77.080062008643324, -12.070922820826398, 0.0 ], [ -77.080053047347207, -12.070825844282709, 0.0 ], [ -77.080035767954399, -12.070827366067341, 0.0 ] ] ], [ [ [ -77.080052847738159, -12.070823684169889, 0.0 ], [ -77.0800446976112, -12.070735485742885, 0.0 ], [ -77.08002942679262, -12.070736830632912, 0.0 ], [ -77.080037758992418, -12.07082501302572, 0.0 ], [ -77.080052847738159, -12.070823684169889, 0.0 ] ] ] ] } },
{ "type": "Feature", "properties": { "Nombre": "Jardín Facu Sociales", "Perimetro": 145.033, "Área": 748.171, "Uso": "Áreas de uso recreativo/descanso", "Proy riego": "Falta aspersión", "Riego act": "Sin riego tecnificado", "Referenc_1": null, "código": "F 18", "ID": null }, "geometry": { "type": "MultiPolygon", "coordinates": [ [ [ [ -77.080038344753817, -12.070668355299453, 0.0 ], [ -77.080016340526385, -12.070434649878669, 0.0 ], [ -77.080045324083386, -12.070431989574606, 0.0 ], [ -77.08003919199183, -12.070367380822155, 0.0 ], [ -77.080084907368686, -12.070363184755792, 0.0 ], [ -77.080085864854652, -12.070363319867507, 0.0 ], [ -77.080124085998534, -12.070359871173947, 0.0 ], [ -77.080116530957099, -12.070279490459953, 0.0 ], [ -77.08011497549964, -12.070279990165426, 0.0 ], [ -77.080088044725215, -12.070282414477818, 0.0 ], [ -77.080087981994041, -12.070281739474988, 0.0 ], [ -77.079905048500038, -12.070298207106031, 0.0 ], [ -77.079905761099496, -12.07032997264219, 0.0 ], [ -77.079898361699193, -12.070330705348725, 0.0 ], [ -77.079893165976628, -12.070299276763887, 0.0 ], [ -77.079868726225214, -12.070301476814514, 0.0 ], [ -77.079903652078201, -12.070680217552106, 0.0 ], [ -77.080038344753817, -12.070668355299453, 0.0 ] ] ] ] } },
{ "type": "Feature", "properties": { "Nombre": null, "Perimetro": 14.057, "Área": 12.193, "Uso": "Áreas de uso administrativo", "Proy riego": "Por validar con unidad", "Riego act": "Sin riego tecnificado", "Referenc_1": null, "código": null, "ID": null }, "geometry": { "type": "MultiPolygon", "coordinates": [ [ [ [ -77.080155962219649, -12.070384982536519, 0.0 ], [ -77.080127435824451, -12.070387600890328, 0.0 ], [ -77.080130775178134, -12.070422784762352, 0.0 ], [ -77.080159301576913, -12.070420166407601, 0.0 ], [ -77.080155962219649, -12.070384982536519, 0.0 ] ] ] ] } },
{ "type": "Feature", "properties": { "Nombre": null, "Perimetro": 14.077, "Área": 12.2, "Uso": "Áreas de uso administrativo", "Proy riego": "Por validar con unidad", "Riego act": "Sin riego tecnificado", "Referenc_1": null, "código": null, "ID": null }, "geometry": { "type": "MultiPolygon", "coordinates": [ [ [ [ -77.080177791361436, -12.070466304143915, 0.0 ], [ -77.080174417837938, -12.070430760336349, 0.0 ], [ -77.080146165730781, -12.070433353516318, 0.0 ], [ -77.080149539250698, -12.070468897324828, 0.0 ], [ -77.080177791361436, -12.070466304143915, 0.0 ] ] ] ] } },
{ "type": "Feature", "properties": { "Nombre": null, "Perimetro": 13.637, "Área": 8.239, "Uso": "Áreas de uso administrativo", "Proy riego": "Por validar con unidad", "Riego act": "Sin riego tecnificado", "Referenc_1": null, "código": null, "ID": null }, "geometry": { "type": "MultiPolygon", "coordinates": [ [ [ [ -77.08016492126626, -12.070479376092807, 0.0 ], [ -77.080169405064296, -12.070526617862415, 0.0 ], [ -77.080183759699509, -12.070525300290363, 0.0 ], [ -77.080179275899042, -12.070478058521392, 0.0 ], [ -77.08016492126626, -12.070479376092807, 0.0 ] ] ] ] } },
{ "type": "Feature", "properties": { "Nombre": null, "Perimetro": 17.777, "Área": 8.551, "Uso": "Áreas de uso administrativo", "Proy riego": "Por validar con unidad", "Riego act": "Sin riego tecnificado", "Referenc_1": null, "código": null, "ID": null }, "geometry": { "type": "MultiPolygon", "coordinates": [ [ [ [ -77.080553453202612, -12.070638499101667, 0.0 ], [ -77.080561593885406, -12.07070147599098, 0.0 ], [ -77.080568735798067, -12.070700835903631, 0.0 ], [ -77.080568852385738, -12.070702095954381, 0.0 ], [ -77.080569310408748, -12.070707046153695, 0.0 ], [ -77.080573308089186, -12.070706390504627, 0.0 ], [ -77.080564070546473, -12.070637547532431, 0.0 ], [ -77.080553453202612, -12.070638499101667, 0.0 ] ] ] ] } },
{ "type": "Feature", "properties": { "Nombre": null, "Perimetro": 16.009, "Área": 6.896, "Uso": "Áreas de uso administrativo", "Proy riego": "Por validar con unidad", "Riego act": "Sin riego tecnificado", "Referenc_1": null, "código": null, "ID": null }, "geometry": { "type": "MultiPolygon", "coordinates": [ [ [ [ -77.080542840046178, -12.070639450295204, 0.0 ], [ -77.080550571584638, -12.070702463854188, 0.0 ], [ -77.080559763733405, -12.070701640016633, 0.0 ], [ -77.080551623051022, -12.070638663127211, 0.0 ], [ -77.080542840046178, -12.070639450295204, 0.0 ] ] ] ] } },
{ "type": "Feature", "properties": { "Nombre": null, "Perimetro": 42.457, "Área": 23.085, "Uso": "Áreas de uso administrativo", "Proy riego": "Por validar con unidad", "Riego act": "Sin riego tecnificado", "Referenc_1": null, "código": "F 21", "ID": null }, "geometry": { "type": "MultiPolygon", "coordinates": [ [ [ [ -77.080562446175222, -12.070625441867055, 0.0 ], [ -77.08037898754209, -12.070641884111932, 0.0 ], [ -77.080379970906179, -12.07065223222842, 0.0 ], [ -77.080563829898864, -12.07063575410052, 0.0 ], [ -77.080562446175222, -12.070625441867055, 0.0 ] ] ] ] } },
{ "type": "Feature", "properties": { "Nombre": null, "Perimetro": 6.659, "Área": 2.652, "Uso": "Áreas de uso administrativo", "Proy riego": "Por validar con unidad", "Riego act": "Sin riego tecnificado", "Referenc_1": null, "código": null, "ID": null }, "geometry": { "type": "MultiPolygon", "coordinates": [ [ [ [ -77.080772416659471, -12.070220834574995, 0.0 ], [ -77.080773503415386, -12.07023271635251, 0.0 ], [ -77.080791895632544, -12.070231188692647, 0.0 ], [ -77.080790808875847, -12.070219306915336, 0.0 ], [ -77.080772416659471, -12.070220834574995, 0.0 ] ] ] ] } },
{ "type": "Feature", "properties": { "Nombre": null, "Perimetro": 5.1, "Área": 1.625, "Uso": "Áreas de uso administrativo", "Proy riego": "Por validar con unidad", "Riego act": "Sin riego tecnificado", "Referenc_1": null, "código": null, "ID": null }, "geometry": { "type": "MultiPolygon", "coordinates": [ [ [ [ -77.080741676118492, -12.070223439193608, 0.0 ], [ -77.080742764027264, -12.070235333590182, 0.0 ], [ -77.080754013154944, -12.070234335214648, 0.0 ], [ -77.080752926399867, -12.070222453436916, 0.0 ], [ -77.08074988371412, -12.070222706162426, 0.0 ], [ -77.080741676118492, -12.070223439193608, 0.0 ] ] ] ] } },
{ "type": "Feature", "properties": { "Nombre": null, "Perimetro": 11.409, "Área": 9.75, "Uso": "Áreas de uso administrativo", "Proy riego": "Por validar con unidad", "Riego act": "Sin riego tecnificado", "Referenc_1": null, "código": null, "ID": null }, "geometry": { "type": "MultiPolygon", "coordinates": [ [ [ [ -77.080830699242881, -12.069404475781965, 0.0 ], [ -77.080833280382663, -12.069404562710231, 0.0 ], [ -77.080835862540994, -12.069404612341295, 0.0 ], [ -77.080838445161348, -12.069404624647834, 0.0 ], [ -77.080841027687043, -12.069404599644793, 0.0 ], [ -77.080843609561398, -12.069404537327706, 0.0 ], [ -77.080846190227845, -12.069404437707208, 0.0 ], [ -77.080848769130355, -12.06940430081462, 0.0 ], [ -77.080850263696064, -12.069404141407606, 0.0 ], [ -77.080851756810972, -12.069403969338245, 0.0 ], [ -77.080853248363837, -12.069403784606054, 0.0 ], [ -77.080854738244284, -12.069403587235561, 0.0 ], [ -77.080856226341425, -12.069403377240523, 0.0 ], [ -77.080857712544969, -12.069403154632543, 0.0 ], [ -77.080859196744555, -12.069402919431278, 0.0 ], [ -77.080859800647531, -12.069401888264416, 0.0 ], [ -77.080860330523493, -12.069400818409555, 0.0 ], [ -77.080860783826921, -12.069399714995301, 0.0 ], [ -77.080861158380088, -12.069398583327962, 0.0 ], [ -77.080861452383317, -12.069397428844608, 0.0 ], [ -77.08086166442439, -12.069396257089311, 0.0 ], [ -77.08086179348453, -12.069395073693711, 0.0 ], [ -77.080861838943804, -12.069393884342471, 0.0 ], [ -77.080861800583719, -12.069392694747435, 0.0 ], [ -77.080861678588406, -12.069391510626049, 0.0 ], [ -77.080861473544331, -12.069390337666896, 0.0 ], [ -77.080861186436266, -12.069389181499561, 0.0 ], [ -77.080860818643757, -12.069388047690323, 0.0 ], [ -77.080860371933511, -12.069386941673306, 0.0 ], [ -77.080859848451823, -12.069385868772031, 0.0 ], [ -77.080859250713416, -12.069384834134899, 0.0 ], [ -77.080858581590164, -12.069383842735245, 0.0 ], [ -77.080857844296602, -12.069382899336988, 0.0 ], [ -77.080857042374689, -12.069382008468883, 0.0 ], [ -77.080856179677284, -12.069381174411703, 0.0 ], [ -77.080855260348628, -12.069380401172547, 0.0 ], [ -77.080854288805639, -12.069379692467729, 0.0 ], [ -77.080853269715874, -12.069379051705711, 0.0 ], [ -77.080852207974971, -12.069378481957107, 0.0 ], [ -77.080851108683845, -12.069377985959139, 0.0 ], [ -77.080849977123734, -12.069377566102936, 0.0 ], [ -77.080848818730956, -12.069377224399211, 0.0 ], [ -77.080847639070598, -12.0693769624914, 0.0 ], [ -77.080846443810046, -12.069376781634316, 0.0 ], [ -77.080845238691424, -12.069376682702963, 0.0 ], [ -77.080844029504505, -12.069376666166892, 0.0 ], [ -77.080842822058571, -12.069376732111957, 0.0 ], [ -77.080841622154068, -12.069376880214657, 0.0 ], [ -77.080840435555984, -12.069377109768213, 0.0 ], [ -77.080839267964748, -12.069377419665537, 0.0 ], [ -77.080838124989739, -12.069377808420969, 0.0 ], [ -77.08083701212216, -12.069378274166189, 0.0 ], [ -77.080835934708375, -12.069378814663327, 0.0 ], [ -77.080834897924433, -12.069379427318101, 0.0 ], [ -77.080833906751323, -12.069380109184292, 0.0 ], [ -77.080832965950719, -12.069380856985484, 0.0 ], [ -77.080832080042711, -12.06938166713247, 0.0 ], [ -77.08083125328325, -12.069382535732037, 0.0 ], [ -77.080830489644072, -12.069383458608662, 0.0 ], [ -77.080829792794034, -12.069384431326204, 0.0 ], [ -77.080829166080846, -12.069385449222517, 0.0 ], [ -77.080828612515575, -12.069386507396631, 0.0 ], [ -77.080828134757539, -12.069387600769197, 0.0 ], [ -77.080827735101863, -12.069388724086915, 0.0 ], [ -77.080827415468633, -12.06938987195705, 0.0 ], [ -77.080827177393616, -12.069391038856164, 0.0 ], [ -77.080827022020401, -12.069392219186165, 0.0 ], [ -77.080826950095414, -12.069393407274356, 0.0 ], [ -77.080826961964434, -12.069394597407959, 0.0 ], [ -77.08082705757009, -12.069395783877187, 0.0 ], [ -77.080827236453317, -12.069396960975268, 0.0 ], [ -77.080827497754697, -12.06939812305445, 0.0 ], [ -77.080827840218703, -12.069399264525959, 0.0 ], [ -77.080828262200399, -12.069400379907373, 0.0 ], [ -77.080828761672208, -12.069401463839792, 0.0 ], [ -77.080829336234629, -12.069402511120087, 0.0 ], [ -77.080829983127487, -12.06940351670729, 0.0 ], [ -77.080830699242881, -12.069404475781965, 0.0 ] ] ] ] } },
{ "type": "Feature", "properties": { "Nombre": null, "Perimetro": 32.888, "Área": 36.658, "Uso": "Áreas de uso administrativo", "Proy riego": "Por validar con unidad", "Riego act": "Sin riego tecnificado", "Referenc_1": null, "código": null, "ID": null }, "geometry": { "type": "MultiPolygon", "coordinates": [ [ [ [ -77.079086972934817, -12.067669338016989, 0.0 ], [ -77.079213540441359, -12.067672441688652, 0.0 ], [ -77.079214060359021, -12.067648406927486, 0.0 ], [ -77.079087492863863, -12.067645303254217, 0.0 ], [ -77.079086972934817, -12.067669338016989, 0.0 ] ] ] ] } },
{ "type": "Feature", "properties": { "Nombre": null, "Perimetro": 43.298, "Área": 45.289, "Uso": "Áreas de uso administrativo", "Proy riego": "Por validar con unidad", "Riego act": "Sin riego tecnificado", "Referenc_1": null, "código": null, "ID": null }, "geometry": { "type": "MultiPolygon", "coordinates": [ [ [ [ -77.079050023161315, -12.067776736002642, 0.0 ], [ -77.079227257340222, -12.067781205164813, 0.0 ], [ -77.079227717366521, -12.067759938952655, 0.0 ], [ -77.07905048054117, -12.06775559277837, 0.0 ], [ -77.079050023161315, -12.067776736002642, 0.0 ] ] ] ] } },
{ "type": "Feature", "properties": { "Nombre": null, "Perimetro": 71.025, "Área": 180.71, "Uso": "Áreas de manejo sostenible y reducción de consumo de agua", "Proy riego": "Goteo", "Riego act": "Sin riego tecnificado", "Referenc_1": null, "código": null, "ID": null }, "geometry": { "type": "MultiPolygon", "coordinates": [ [ [ [ -77.079172154939499, -12.067931705964067, 0.0 ], [ -77.079174895273127, -12.067813705502321, 0.0 ], [ -77.079152403108168, -12.067813221125647, 0.0 ], [ -77.079152893380538, -12.067792109799074, 0.0 ], [ -77.079111392481366, -12.067790966871829, 0.0 ], [ -77.079110010449128, -12.067843096157413, 0.0 ], [ -77.079023743986241, -12.06797906418822, 0.0 ], [ -77.079025608131388, -12.067995955553929, 0.0 ], [ -77.079094017566561, -12.067997755122011, 0.0 ], [ -77.07909499956439, -12.067955470119671, 0.0 ], [ -77.079105464869357, -12.067955714579986, 0.0 ], [ -77.07910605548615, -12.06793028248863, 0.0 ], [ -77.079172154939499, -12.067931705964067, 0.0 ] ] ] ] } },
{ "type": "Feature", "properties": { "Nombre": null, "Perimetro": 29.348, "Área": 35.382, "Uso": "Áreas de uso recreativo/descanso", "Proy riego": "Falta aspersión", "Riego act": "Sin riego tecnificado", "Referenc_1": null, "código": "D 7", "ID": null }, "geometry": { "type": "MultiPolygon", "coordinates": [ [ [ [ -77.07960083807302, -12.068117545465741, 0.0 ], [ -77.079696814966724, -12.068058955839719, 0.0 ], [ -77.079696871613848, -12.068056941735769, 0.0 ], [ -77.079605982460492, -12.068055096346432, 0.0 ], [ -77.07960083807302, -12.068117545465741, 0.0 ] ] ] ] } },
{ "type": "Feature", "properties": { "Nombre": "Jardín Tinkuy", "Perimetro": 74.694, "Área": 300.761, "Uso": "Áreas de uso administrativo", "Proy riego": "Falta aspersión", "Riego act": "Sin riego tecnificado", "Referenc_1": "Interno Tinkuy", "código": "D 9", "ID": null }, "geometry": { "type": "MultiPolygon", "coordinates": [ [ [ [ -77.07938077819756, -12.068163755099251, 0.0 ], [ -77.079367315534753, -12.068324077990088, 0.0 ], [ -77.07934990928446, -12.068402676313397, 0.0 ], [ -77.079372207991028, -12.068404541876319, 0.0 ], [ -77.079485983756783, -12.068336243071082, 0.0 ], [ -77.079486230727426, -12.068333301954647, 0.0 ], [ -77.079499650692327, -12.0681734866891, 0.0 ], [ -77.07938077819756, -12.068163755099251, 0.0 ] ] ] ] } },
{ "type": "Feature", "properties": { "Nombre": null, "Perimetro": 59.975, "Área": 113.665, "Uso": "Áreas de uso recreativo/descanso", "Proy riego": "Falta aspersión", "Riego act": "Sin riego tecnificado", "Referenc_1": null, "código": "D 8", "ID": null }, "geometry": { "type": "MultiPolygon", "coordinates": [ [ [ [ -77.079694490928048, -12.068141587719099, 0.0 ], [ -77.079596645410732, -12.068343469016259, 0.0 ], [ -77.079688506655458, -12.06835117300664, 0.0 ], [ -77.079692129377719, -12.068225553442025, 0.0 ], [ -77.079682949269824, -12.068225336940731, 0.0 ], [ -77.079683609901082, -12.068201847990183, 0.0 ], [ -77.079692790008167, -12.068202064491601, 0.0 ], [ -77.079694490928048, -12.068141587719099, 0.0 ] ] ] ] } },
{ "type": "Feature", "properties": { "Nombre": null, "Perimetro": 16.792, "Área": 5.065, "Uso": "Áreas de uso administrativo", "Proy riego": "Por validar con unidad", "Riego act": "Sin riego tecnificado", "Referenc_1": null, "código": null, "ID": null }, "geometry": { "type": "MultiPolygon", "coordinates": [ [ [ [ -77.079691879288831, -12.06814164243476, 0.0 ], [ -77.079637216228548, -12.068175975161088, 0.0 ], [ -77.079637331695537, -12.068180584248099, 0.0 ], [ -77.079637595737125, -12.068191123973659, 0.0 ], [ -77.079691879288831, -12.06814164243476, 0.0 ] ] ] ] } },
{ "type": "Feature", "properties": { "Nombre": null, "Perimetro": 87.933, "Área": 124.282, "Uso": "Áreas de manejo sostenible y reducción de consumo de agua", "Proy riego": "Goteo", "Riego act": "Sin riego tecnificado", "Referenc_1": null, "código": "D 14", "ID": null }, "geometry": { "type": "MultiPolygon", "coordinates": [ [ [ [ -77.078893410652853, -12.068588490590969, 0.0 ], [ -77.078905939095236, -12.068564638473566, 0.0 ], [ -77.078928804910788, -12.068521105668127, 0.0 ], [ -77.078921846984954, -12.068522237722439, 0.0 ], [ -77.078918585479869, -12.068522768369165, 0.0 ], [ -77.078918585479798, -12.068522768368792, 0.0 ], [ -77.078873186032467, -12.068530154852295, 0.0 ], [ -77.078845930712703, -12.06858262026789, 0.0 ], [ -77.078845977430362, -12.068588678602541, 0.0 ], [ -77.07889341058474, -12.068588490720627, 0.0 ], [ -77.078893410652853, -12.068588490590969, 0.0 ], [ -77.078893410652853, -12.068588490590969, 0.0 ] ] ], [ [ [ -77.078946889844886, -12.068518163248843, 0.0 ], [ -77.078909984579866, -12.068588424895104, 0.0 ], [ -77.078913186871105, -12.068588412210389, 0.0 ], [ -77.078913186871816, -12.068588412384702, 0.0 ], [ -77.078984262180569, -12.068588130836446, 0.0 ], [ -77.079016506815549, -12.068506836555763, 0.0 ], [ -77.078946889844886, -12.068518163248843, 0.0 ] ] ], [ [ [ -77.079007659658402, -12.068578594168523, 0.0 ], [ -77.079013506101063, -12.068562106064881, 0.0 ], [ -77.079012621784628, -12.068561564190395, 0.0 ], [ -77.079021054248813, -12.068544819120422, 0.0 ], [ -77.079051453996428, -12.068501150636681, 0.0 ], [ -77.079033366985598, -12.068504093400511, 0.0 ], [ -77.079016506815549, -12.068506836555763, 0.0 ], [ -77.078984262180555, -12.068588130836478, 0.0 ], [ -77.078999319863954, -12.06858807118665, 0.0 ], [ -77.079000059130195, -12.068588068258084, 0.0 ], [ -77.079000059130209, -12.068588068258052, 0.0 ], [ -77.079005667023011, -12.068588046042603, 0.0 ], [ -77.079007659658402, -12.068578594168523, 0.0 ] ] ] ] } },
{ "type": "Feature", "properties": { "Nombre": null, "Perimetro": 157.408, "Área": 1048.496, "Uso": "Áreas de manejo sostenible y reducción de consumo de agua", "Proy riego": "Goteo", "Riego act": "Sin riego tecnificado", "Referenc_1": null, "código": "D 19", "ID": null }, "geometry": { "type": "MultiPolygon", "coordinates": [ [ [ [ -77.078175393675394, -12.068255557215041, 0.0 ], [ -77.078183495701566, -12.068277467786286, 0.0 ], [ -77.078192211585616, -12.068299148950345, 0.0 ], [ -77.078201534632072, -12.0683205840553, 0.0 ], [ -77.078211457679146, -12.068341756631559, 0.0 ], [ -77.078221973104192, -12.068362650417676, 0.0 ], [ -77.078233072829548, -12.068383249362324, 0.0 ], [ -77.078243524299793, -12.068401130646166, 0.0 ], [ -77.078254254127671, -12.068418851518251, 0.0 ], [ -77.078265259771698, -12.068436407776408, 0.0 ], [ -77.078276538625531, -12.068453795261911, 0.0 ], [ -77.078288088017743, -12.068471009861765, 0.0 ], [ -77.078299905213143, -12.068488047495782, 0.0 ], [ -77.078311987412988, -12.06850490412954, 0.0 ], [ -77.078382040823186, -12.068508994072186, 0.0 ], [ -77.078395229621606, -12.068406260283965, 0.0 ], [ -77.07869813023207, -12.068362034295658, 0.0 ], [ -77.078700042682101, -12.068244578817971, 0.0 ], [ -77.078167911730873, -12.06823343407058, 0.0 ], [ -77.078175393675394, -12.068255557215041, 0.0 ] ] ] ] } },
{ "type": "Feature", "properties": { "Nombre": null, "Perimetro": 26.245, "Área": 18.867, "Uso": "Áreas de manejo sostenible y reducción de consumo de agua", "Proy riego": "Goteo", "Riego act": "Sin riego tecnificado", "Referenc_1": null, "código": "D 20", "ID": null }, "geometry": { "type": "MultiPolygon", "coordinates": [ [ [ [ -77.078349257991476, -12.068613186282571, 0.0 ], [ -77.078403485906477, -12.068685666832129, 0.0 ], [ -77.07841693830936, -12.068675695631633, 0.0 ], [ -77.078355319473616, -12.06859354609705, 0.0 ], [ -77.07835164714129, -12.068596268105461, 0.0 ], [ -77.078358937159948, -12.068606011883624, 0.0 ], [ -77.078349257991476, -12.068613186282571, 0.0 ] ] ] ] } },
{ "type": "Feature", "properties": { "Nombre": null, "Perimetro": 79.192, "Área": 307.897, "Uso": "Áreas de uso administrativo", "Proy riego": "Por validar con unidad", "Riego act": "Sin riego tecnificado", "Referenc_1": null, "código": "C 24", "ID": null }, "geometry": { "type": "MultiPolygon", "coordinates": [ [ [ [ -77.080255768576137, -12.06873709740219, 0.0 ], [ -77.08018875282319, -12.068802039560481, 0.0 ], [ -77.080178194740483, -12.068811587780246, 0.0 ], [ -77.08031513428233, -12.06886322875074, 0.0 ], [ -77.080316452243565, -12.068864651230893, 0.0 ], [ -77.080317864889807, -12.068865982770522, 0.0 ], [ -77.080319365758569, -12.068867217279628, 0.0 ], [ -77.080320947984291, -12.068868349114371, 0.0 ], [ -77.080322604328487, -12.068869373099187, 0.0 ], [ -77.080324327214157, -12.068870284545854, 0.0 ], [ -77.080326108759579, -12.068871079281273, 0.0 ], [ -77.080327940814684, -12.06887175367735, 0.0 ], [ -77.080329814998706, -12.068872304642111, 0.0 ], [ -77.080331722737768, -12.068872729662516, 0.0 ], [ -77.080333655304671, -12.068873026789046, 0.0 ], [ -77.080335603858458, -12.068873194663501, 0.0 ], [ -77.080337559485159, -12.068873232514152, 0.0 ], [ -77.080408058386467, -12.068871413671967, 0.0 ], [ -77.080411087237778, -12.068871505570172, 0.0 ], [ -77.08041131925691, -12.068864098252728, 0.0 ], [ -77.080408537134716, -12.068860434281678, 0.0 ], [ -77.080406312831627, -12.068857084869432, 0.0 ], [ -77.080404007391365, -12.068853083261891, 0.0 ], [ -77.080402091763617, -12.068849183460236, 0.0 ], [ -77.080400388781001, -12.068845057938468, 0.0 ], [ -77.080398980928436, -12.068840891296478, 0.0 ], [ -77.080397711336204, -12.068836733630116, 0.0 ], [ -77.080397036585012, -12.068833677530741, 0.0 ], [ -77.080396296688306, -12.068830296580598, 0.0 ], [ -77.080395872877759, -12.06882717844049, 0.0 ], [ -77.080395424959406, -12.068823587028058, 0.0 ], [ -77.080395226376723, -12.068819765168582, 0.0 ], [ -77.080395128014516, -12.06881583500409, 0.0 ], [ -77.080395136904642, -12.068810749430464, 0.0 ], [ -77.080394891278019, -12.068805875698956, 0.0 ], [ -77.080394708061291, -12.068803688905209, 0.0 ], [ -77.080394253142416, -12.068801320087541, 0.0 ], [ -77.080393970123552, -12.068799783728995, 0.0 ], [ -77.080393243186961, -12.068797191994031, 0.0 ], [ -77.080392367458572, -12.068795324769088, 0.0 ], [ -77.080390086357284, -12.06879127514717, 0.0 ], [ -77.080365560690254, -12.068751146863008, 0.0 ], [ -77.080364360098571, -12.06874910582966, 0.0 ], [ -77.080363253893253, -12.068747090648928, 0.0 ], [ -77.080362380259118, -12.0687449870307, 0.0 ], [ -77.080361717363331, -12.068742748372689, 0.0 ], [ -77.080361241683704, -12.068740366310726, 0.0 ], [ -77.080360968947531, -12.068738008444353, 0.0 ], [ -77.080349012135414, -12.068646130006027, 0.0 ], [ -77.080255768576137, -12.06873709740219, 0.0 ] ] ] ] } },
{ "type": "Feature", "properties": { "Nombre": null, "Perimetro": 6.718, "Área": 2.25, "Uso": "Áreas de uso administrativo", "Proy riego": "Por validar con unidad", "Riego act": "Sin riego tecnificado", "Referenc_1": null, "código": null, "ID": null }, "geometry": { "type": "MultiPolygon", "coordinates": [ [ [ [ -77.080414985810123, -12.068622144645063, 0.0 ], [ -77.080414724972712, -12.068639364002095, 0.0 ], [ -77.08042424515213, -12.068639501296071, 0.0 ], [ -77.080424593784514, -12.068616486042893, 0.0 ], [ -77.080423401924406, -12.06861755712673, 0.0 ], [ -77.080422139959182, -12.068618547382075, 0.0 ], [ -77.080420813537927, -12.068619452358387, 0.0 ], [ -77.080419428598248, -12.068620268014143, 0.0 ], [ -77.080417991340298, -12.068620990704478, 0.0 ], [ -77.080416508197686, -12.06862161717712, 0.0 ], [ -77.080414985810123, -12.068622144645063, 0.0 ] ] ] ] } },
{ "type": "Feature", "properties": { "Nombre": null, "Perimetro": 55.102, "Área": 52.093, "Uso": "Áreas de manejo sostenible y reducción de consumo de agua", "Proy riego": "Goteo", "Riego act": "Sin riego tecnificado", "Referenc_1": null, "código": null, "ID": null }, "geometry": { "type": "MultiPolygon", "coordinates": [ [ [ [ -77.078133534886973, -12.067168223132191, 0.0 ], [ -77.078133457258843, -12.067181916654746, 0.0 ], [ -77.078119688514505, -12.067181542935355, 0.0 ], [ -77.07811953692422, -12.067186963453928, 0.0 ], [ -77.078352427221233, -12.067193284606926, 0.0 ], [ -77.07835307487511, -12.067173290123451, 0.0 ], [ -77.078345816860121, -12.06717315301297, 0.0 ], [ -77.078170649455259, -12.067169430328184, 0.0 ], [ -77.078133534886973, -12.067168223132191, 0.0 ] ] ] ] } },
{ "type": "Feature", "properties": { "Nombre": null, "Perimetro": 114.931, "Área": 100.672, "Uso": "Áreas de manejo sostenible y reducción de consumo de agua", "Proy riego": "Goteo", "Riego act": "Sin riego tecnificado", "Referenc_1": null, "código": "D 20", "ID": null }, "geometry": { "type": "MultiPolygon", "coordinates": [ [ [ [ -77.078137169404116, -12.068252177696811, 0.0 ], [ -77.078142066200328, -12.0682663630487, 0.0 ], [ -77.078147179503645, -12.068280474208025, 0.0 ], [ -77.07815250815402, -12.068294507981401, 0.0 ], [ -77.078158050943102, -12.068308461177958, 0.0 ], [ -77.078163806613702, -12.068322330640694, 0.0 ], [ -77.078169360697316, -12.068334774591062, 0.0 ], [ -77.078175089691669, -12.068347141495201, 0.0 ], [ -77.078180992493344, -12.068359428964017, 0.0 ], [ -77.078187067965928, -12.068371634637858, 0.0 ], [ -77.078193314939327, -12.0683837561681, 0.0 ], [ -77.078199732210877, -12.06839579121282, 0.0 ], [ -77.078206318545014, -12.068407737460923, 0.0 ], [ -77.078214714148686, -12.068422237144027, 0.0 ], [ -77.078223353849864, -12.068436597263245, 0.0 ], [ -77.078232235253736, -12.068450813825944, 0.0 ], [ -77.078241355898726, -12.068464882905046, 0.0 ], [ -77.078250713256963, -12.068478800597669, 0.0 ], [ -77.078260304735025, -12.068492563042362, 0.0 ], [ -77.078270127674656, -12.068506166429302, 0.0 ], [ -77.078283318271474, -12.06850582020159, 0.0 ], [ -77.078288014807626, -12.068502673602309, 0.0 ], [ -77.078283384377826, -12.068495830089159, 0.0 ], [ -77.078273798766773, -12.068482536148361, 0.0 ], [ -77.078264437815591, -12.068469088031264, 0.0 ], [ -77.078255304083754, -12.068455489402311, 0.0 ], [ -77.078246400069006, -12.06844174399869, 0.0 ], [ -77.078237728205792, -12.068427855564515, 0.0 ], [ -77.078229290865238, -12.068413827902567, 0.0 ], [ -77.078221090354688, -12.06839966485181, 0.0 ], [ -77.078214626199383, -12.068387939165415, 0.0 ], [ -77.078208327730209, -12.06837612646676, 0.0 ], [ -77.078202196155942, -12.068364229010287, 0.0 ], [ -77.078196232653681, -12.068352249090704, 0.0 ], [ -77.078190438368082, -12.068340189000802, 0.0 ], [ -77.078184814411671, -12.068328051057309, 0.0 ], [ -77.078179361863903, -12.068315837592429, 0.0 ], [ -77.078173714362123, -12.06830222548551, 0.0 ], [ -77.0781682753924, -12.068288531369879, 0.0 ], [ -77.078163046183562, -12.068274758334827, 0.0 ], [ -77.078158027917283, -12.068260909498166, 0.0 ], [ -77.078153221727391, -12.068246987984519, 0.0 ], [ -77.078148628699793, -12.068232996942578, 0.0 ], [ -77.07814424987248, -12.068218939531596, 0.0 ], [ -77.078139663820807, -12.068202557529814, 0.0 ], [ -77.078135376857716, -12.068186097259868, 0.0 ], [ -77.07813139036044, -12.068169564004229, 0.0 ], [ -77.078127705609887, -12.068152963077861, 0.0 ], [ -77.078124323790021, -12.068136299815848, 0.0 ], [ -77.078121245987319, -12.068119579569075, 0.0 ], [ -77.078118473190699, -12.068102807717024, 0.0 ], [ -77.078117209012248, -12.068093828206758, 0.0 ], [ -77.078116020674628, -12.068084838674793, 0.0 ], [ -77.078114908259778, -12.068075839728314, 0.0 ], [ -77.078113871844295, -12.068066832002421, 0.0 ], [ -77.078112911499986, -12.068057816117159, 0.0 ], [ -77.078112027292974, -12.068048792681845, 0.0 ], [ -77.078111219284352, -12.068039762335934, 0.0 ], [ -77.078106286159752, -12.068040155546628, 0.0 ], [ -77.07810741663404, -12.068051769984448, 0.0 ], [ -77.078095430718292, -12.068052725360449, 0.0 ], [ -77.078096178698033, -12.068060245474989, 0.0 ], [ -77.078096978776344, -12.068067760399794, 0.0 ], [ -77.078097830916022, -12.068075269772972, 0.0 ], [ -77.078098735077361, -12.068082773252204, 0.0 ], [ -77.078099691218412, -12.068090270488726, 0.0 ], [ -77.078100699294581, -12.068097761131632, 0.0 ], [ -77.078101759259113, -12.068105244835431, 0.0 ], [ -77.07810458375549, -12.06812233766931, 0.0 ], [ -77.078107719578497, -12.068139377849977, 0.0 ], [ -77.078111165717289, -12.068156359874067, 0.0 ], [ -77.078114921061513, -12.068173278274505, 0.0 ], [ -77.078118984400447, -12.068190127600054, 0.0 ], [ -77.078123354424704, -12.068206902410978, 0.0 ], [ -77.078128029725747, -12.068223597308007, 0.0 ], [ -77.078132490225329, -12.068237921369816, 0.0 ], [ -77.078137169404116, -12.068252177696811, 0.0 ] ] ] ] } },
{ "type": "Feature", "properties": { "Nombre": null, "Perimetro": 100.04, "Área": 47.973, "Uso": "Áreas de uso administrativo", "Proy riego": "Por validar con unidad", "Riego act": "Sin riego tecnificado", "Referenc_1": null, "código": null, "ID": null }, "geometry": { "type": "MultiPolygon", "coordinates": [ [ [ [ -77.07820010400755, -12.068071306815915, 0.0 ], [ -77.078491178783054, -12.06807886559316, 0.0 ], [ -77.078646819629753, -12.068083169219767, 0.0 ], [ -77.078647141848563, -12.068083143570332, 0.0 ], [ -77.078647461433221, -12.068083095659091, 0.0 ], [ -77.078647776797411, -12.068083025718554, 0.0 ], [ -77.078648086376518, -12.068082934103018, 0.0 ], [ -77.078648388633781, -12.068082821261383, 0.0 ], [ -77.078648682069442, -12.068082687760793, 0.0 ], [ -77.078648965227174, -12.068082534258556, 0.0 ], [ -77.078649236701935, -12.068082361515046, 0.0 ], [ -77.07864949514618, -12.06808217038931, 0.0 ], [ -77.078649739277679, -12.068081961830416, 0.0 ], [ -77.078649967884672, -12.068081736873097, 0.0 ], [ -77.07865017983265, -12.06808149663771, 0.0 ], [ -77.078650374070008, -12.068081242308619, 0.0 ], [ -77.078650549632613, -12.068080975151432, 0.0 ], [ -77.078650705649224, -12.068080696495699, 0.0 ], [ -77.078650841345564, -12.068080407717652, 0.0 ], [ -77.078650956048378, -12.06808011025311, 0.0 ], [ -77.078651049188323, -12.068079805580204, 0.0 ], [ -77.078651120303064, -12.068079495210746, 0.0 ], [ -77.078651169039958, -12.068079180685894, 0.0 ], [ -77.078651195156993, -12.06807886355891, 0.0 ], [ -77.078651198524483, -12.068078545412384, 0.0 ], [ -77.078651179125714, -12.068078227823754, 0.0 ], [ -77.078651137057108, -12.068077912365299, 0.0 ], [ -77.078651072527379, -12.068077600604157, 0.0 ], [ -77.078650985856726, -12.068077294085077, 0.0 ], [ -77.078650877475368, -12.068076994334755, 0.0 ], [ -77.078650747921031, -12.068076702840292, 0.0 ], [ -77.078650597836642, -12.068076421044914, 0.0 ], [ -77.078650427967105, -12.068076150347981, 0.0 ], [ -77.078650239155422, -12.068075892092104, 0.0 ], [ -77.078650032338558, -12.06807564755885, 0.0 ], [ -77.078649808542821, -12.068075417964485, 0.0 ], [ -77.07864956887893, -12.068075204442748, 0.0 ], [ -77.078649314536307, -12.068075008062163, 0.0 ], [ -77.078649046777031, -12.068074829791582, 0.0 ], [ -77.078648766929916, -12.068074670513159, 0.0 ], [ -77.078648476383862, -12.068074531026726, 0.0 ], [ -77.0786481765806, -12.068074412011059, 0.0 ], [ -77.078647869008122, -12.068074314071307, 0.0 ], [ -77.078647555192617, -12.068074237680907, 0.0 ], [ -77.07864723669158, -12.068074183226861, 0.0 ], [ -77.078646915085642, -12.068074150977644, 0.0 ], [ -77.078202003708753, -12.068062590548386, 0.0 ], [ -77.07820168659596, -12.068062582515021, 0.0 ], [ -77.078201369678354, -12.068062596092838, 0.0 ], [ -77.078201054475343, -12.0680626312274, 0.0 ], [ -77.078200742498908, -12.068062687745769, 0.0 ], [ -77.078200435244909, -12.068062765380374, 0.0 ], [ -77.078200134186673, -12.068062863758206, 0.0 ], [ -77.078199840767695, -12.068062982403053, 0.0 ], [ -77.078199556395418, -12.068063120752777, 0.0 ], [ -77.078199282433033, -12.068063278137828, 0.0 ], [ -77.07819902019466, -12.068063453807143, 0.0 ], [ -77.078198770937519, -12.068063646919589, 0.0 ], [ -77.078198535857084, -12.068063856543978, 0.0 ], [ -77.078198316080517, -12.068064081676379, 0.0 ], [ -77.078198112661823, -12.068064321240145, 0.0 ], [ -77.078197926576237, -12.068064574085952, 0.0 ], [ -77.078197758716314, -12.068064839000442, 0.0 ], [ -77.078197609886814, -12.06806511471059, 0.0 ], [ -77.07819748080162, -12.068065399900942, 0.0 ], [ -77.0781973720797, -12.068065693196431, 0.0 ], [ -77.078197284242151, -12.068065993196855, 0.0 ], [ -77.07819721771051, -12.068066298459664, 0.0 ], [ -77.078197172803712, -12.068066607521523, 0.0 ], [ -77.078197149736923, -12.068066918898319, 0.0 ], [ -77.078197148621015, -12.068067231106724, 0.0 ], [ -77.078197169461063, -12.068067542638346, 0.0 ], [ -77.078197212157463, -12.068067852002804, 0.0 ], [ -77.078197276505165, -12.068068157719129, 0.0 ], [ -77.078197362195922, -12.068068458320058, 0.0 ], [ -77.078197468818502, -12.068068752360626, 0.0 ], [ -77.078197595861795, -12.06806903843542, 0.0 ], [ -77.078197742716412, -12.068069315174219, 0.0 ], [ -77.078197908678462, -12.068069581242002, 0.0 ], [ -77.07819809295178, -12.068069835369075, 0.0 ], [ -77.078198294652921, -12.068070076333797, 0.0 ], [ -77.078198512814637, -12.068070302984102, 0.0 ], [ -77.078198746390768, -12.068070514233181, 0.0 ], [ -77.078198994261129, -12.068070709063697, 0.0 ], [ -77.078199255237379, -12.068070886545039, 0.0 ], [ -77.078199528067898, -12.068071045826777, 0.0 ], [ -77.078199811444179, -12.068071186140822, 0.0 ], [ -77.07820010400755, -12.068071306815915, 0.0 ] ] ] ] } },
{ "type": "Feature", "properties": { "Nombre": null, "Perimetro": 29.767, "Área": 14.404, "Uso": "Áreas de uso administrativo", "Proy riego": "Por validar con unidad", "Riego act": "Sin riego tecnificado", "Referenc_1": null, "código": null, "ID": null }, "geometry": { "type": "MultiPolygon", "coordinates": [ [ [ [ -77.078764721065212, -12.067824024365347, 0.0 ], [ -77.078762270220579, -12.067909225045996, 0.0 ], [ -77.078729365282896, -12.067908478838413, 0.0 ], [ -77.078729185970943, -12.067914712381739, 0.0 ], [ -77.078772818695555, -12.067915701869614, 0.0 ], [ -77.078775646403685, -12.067824232178141, 0.0 ], [ -77.078764721065212, -12.067824024365347, 0.0 ] ] ] ] } },
{ "type": "Feature", "properties": { "Nombre": null, "Perimetro": 33.896, "Área": 50.201, "Uso": "Áreas de manejo sostenible y reducción de consumo de agua", "Proy riego": "Goteo", "Riego act": "Sin riego tecnificado", "Referenc_1": null, "código": "D 17", "ID": null }, "geometry": { "type": "MultiPolygon", "coordinates": [ [ [ [ -77.078149284797803, -12.067530971029887, 0.0 ], [ -77.0781456650206, -12.067643849746322, 0.0 ], [ -77.078180449229876, -12.067644943047194, 0.0 ], [ -77.07818385771229, -12.067523075605823, 0.0 ], [ -77.078158981891931, -12.067522409696297, 0.0 ], [ -77.078149284797803, -12.067530971029887, 0.0 ] ] ] ] } },
{ "type": "Feature", "properties": { "Nombre": null, "Perimetro": 13.429, "Área": 7.16, "Uso": "Áreas de manejo sostenible y reducción de consumo de agua", "Proy riego": "Goteo", "Riego act": "Sin riego tecnificado", "Referenc_1": null, "código": "D 18", "ID": null }, "geometry": { "type": "MultiPolygon", "coordinates": [ [ [ [ -77.07814695932835, -12.067840081608491, 0.0 ], [ -77.078146574061947, -12.067852095759834, 0.0 ], [ -77.078196033718953, -12.067853432449533, 0.0 ], [ -77.07819637936889, -12.067841417227866, 0.0 ], [ -77.07814695932835, -12.067840081608491, 0.0 ] ] ] ] } },
{ "type": "Feature", "properties": { "Nombre": null, "Perimetro": 62.347, "Área": 75.601, "Uso": "Áreas de manejo sostenible y reducción de consumo de agua", "Proy riego": "Goteo", "Riego act": "Sin riego tecnificado", "Referenc_1": null, "código": null, "ID": null }, "geometry": { "type": "MultiPolygon", "coordinates": [ [ [ [ -77.078219167259959, -12.068626188058953, 0.0 ], [ -77.078219561732467, -12.068626481890727, 0.0 ], [ -77.078222683891823, -12.068628696763756, 0.0 ], [ -77.078226847791939, -12.068631846203971, 0.0 ], [ -77.078227883086797, -12.068632680239705, 0.0 ], [ -77.078228264999368, -12.06863296471591, 0.0 ], [ -77.078228746340173, -12.068633375678445, 0.0 ], [ -77.078230911512918, -12.068635119946142, 0.0 ], [ -77.078234871225462, -12.06863851489657, 0.0 ], [ -77.078236419677921, -12.068639927074443, 0.0 ], [ -77.07823688355441, -12.068640323126141, 0.0 ], [ -77.078237304713127, -12.068640734220383, 0.0 ], [ -77.078238723198723, -12.068642027869348, 0.0 ], [ -77.078238529061409, -12.068641929310282, 0.0 ], [ -77.078238683981127, -12.068642080527869, 0.0 ], [ -77.078238723198737, -12.068642027869348, 0.0 ], [ -77.078241629975182, -12.068644827432539, 0.0 ], [ -77.078244468312803, -12.068647694216182, 0.0 ], [ -77.078244858059094, -12.068648107062963, 0.0 ], [ -77.078244984590796, -12.068648230570911, 0.0 ], [ -77.078245170826364, -12.068648438368147, 0.0 ], [ -77.078247236607282, -12.068650626589108, 0.0 ], [ -77.078249933294288, -12.06865362290165, 0.0 ], [ -77.078252518043897, -12.068656636218572, 0.0 ], [ -77.078252532075837, -12.068656651875058, 0.0 ], [ -77.078252538314118, -12.068656659849696, 0.0 ], [ -77.078252556849691, -12.068656681458592, 0.0 ], [ -77.078255105790802, -12.068659800532091, 0.0 ], [ -77.078257578677182, -12.068662978357496, 0.0 ], [ -77.078257379527173, -12.068662848565047, 0.0 ], [ -77.078257523030729, -12.068663032011324, 0.0 ], [ -77.078257578677196, -12.068662978357512, 0.0 ], [ -77.078259261259632, -12.068665254058423, 0.0 ], [ -77.078259492439372, -12.068665549584665, 0.0 ], [ -77.078259636168752, -12.068665761124839, 0.0 ], [ -77.078260121106695, -12.068666417005748, 0.0 ], [ -77.078262574486388, -12.068669917743785, 0.0 ], [ -77.078264937251106, -12.068673478350771, 0.0 ], [ -77.078265634826678, -12.068674589917865, 0.0 ], [ -77.078265834722345, -12.068674884123226, 0.0 ], [ -77.078266046741973, -12.068675246293285, 0.0 ], [ -77.078267207893759, -12.068677096556005, 0.0 ], [ -77.078269384965722, -12.068680770047431, 0.0 ], [ -77.078271467078139, -12.068684496480259, 0.0 ], [ -77.078271512403347, -12.068684582687837, 0.0 ], [ -77.078271530714815, -12.068684613967323, 0.0 ], [ -77.078271564633468, -12.068684682028351, 0.0 ], [ -77.07827345290255, -12.0686882734748, 0.0 ], [ -77.078273264553644, -12.068688093082841, 0.0 ], [ -77.07827338106695, -12.068688326878057, 0.0 ], [ -77.07827345290255, -12.0686882734748, 0.0 ], [ -77.078275329102667, -12.068692073374502, 0.0 ], [ -77.078276376567743, -12.068694337640252, 0.0 ], [ -77.078276555081857, -12.068694695846073, 0.0 ], [ -77.07827667166363, -12.068694975537888, 0.0 ], [ -77.07827710784295, -12.068695918410253, 0.0 ], [ -77.078278788003317, -12.068699806157602, 0.0 ], [ -77.078280368526023, -12.06870373417013, 0.0 ], [ -77.078280762280755, -12.068704789353571, 0.0 ], [ -77.078280885475493, -12.068705084910524, 0.0 ], [ -77.078281016206716, -12.068705469824017, 0.0 ], [ -77.078281848415969, -12.06870769997726, 0.0 ], [ -77.078283226741291, -12.068711701075609, 0.0 ], [ -77.078284502634489, -12.068715734954129, 0.0 ], [ -77.078278091775687, -12.068719265339475, 0.0 ], [ -77.078290462669543, -12.068741943759587, 0.0 ], [ -77.078299447846831, -12.068738746983225, 0.0 ], [ -77.078302040721397, -12.068745999132094, 0.0 ], [ -77.078304396408427, -12.068753329256836, 0.0 ], [ -77.078306512493782, -12.068760729831292, 0.0 ], [ -77.078308386808729, -12.068768193276007, 0.0 ], [ -77.0783100174325, -12.068775711947168, 0.0 ], [ -77.078311402693799, -12.068783278128018, 0.0 ], [ -77.078312541173347, -12.068790884080586, 0.0 ], [ -77.078377858130722, -12.068785709763297, 0.0 ], [ -77.078285011943777, -12.068661786819691, 0.0 ], [ -77.078275194406459, -12.068668689351686, 0.0 ], [ -77.078268292253554, -12.068659239357789, 0.0 ], [ -77.078263796222188, -12.068662555571334, 0.0 ], [ -77.078250172521933, -12.068644371834816, 0.0 ], [ -77.07821862379987, -12.068602288725872, 0.0 ], [ -77.078209630802078, -12.068620023312679, 0.0 ], [ -77.078214071339119, -12.068622782529163, 0.0 ], [ -77.078218423736203, -12.068625674591363, 0.0 ], [ -77.078218945050168, -12.068626044413692, 0.0 ], [ -77.078219167259959, -12.068626188058953, 0.0 ] ] ] ] } },
{ "type": "Feature", "properties": { "Nombre": null, "Perimetro": 19.882, "Área": 23.762, "Uso": "Áreas de uso administrativo", "Proy riego": "Por validar con unidad", "Riego act": "Sin riego tecnificado", "Referenc_1": null, "código": null, "ID": null }, "geometry": { "type": "MultiPolygon", "coordinates": [ [ [ [ -77.080306679408054, -12.067425659754409, 0.0 ], [ -77.080361447632612, -12.067427303833069, 0.0 ], [ -77.080362132097406, -12.067391157142437, 0.0 ], [ -77.080307799196703, -12.067389526130443, 0.0 ], [ -77.080306679408054, -12.067425659754409, 0.0 ] ] ] ] } },
{ "type": "Feature", "properties": { "Nombre": null, "Perimetro": 7.566, "Área": 2.687, "Uso": "Áreas de uso administrativo", "Proy riego": "Por validar con unidad", "Riego act": "Sin riego tecnificado", "Referenc_1": null, "código": null, "ID": null }, "geometry": { "type": "MultiPolygon", "coordinates": [ [ [ [ -77.080920287519803, -12.067489878836945, 0.0 ], [ -77.08092009438873, -12.067498824045025, 0.0 ], [ -77.080946714726835, -12.067499535118849, 0.0 ], [ -77.080946862988384, -12.067492668090518, 0.0 ], [ -77.08093231256872, -12.067490200046528, 0.0 ], [ -77.080920287519803, -12.067489878836945, 0.0 ] ] ] ] } },
{ "type": "Feature", "properties": { "Nombre": null, "Perimetro": 3.999, "Área": 1.207, "Uso": "Áreas de uso administrativo", "Proy riego": "Por validar con unidad", "Riego act": "Sin riego tecnificado", "Referenc_1": null, "código": null, "ID": null }, "geometry": { "type": "MultiPolygon", "coordinates": [ [ [ [ -77.080639384280204, -12.068235582510709, 0.0 ], [ -77.080639607162752, -12.068240095985479, 0.0 ], [ -77.080643007502829, -12.068243132382097, 0.0 ], [ -77.080647593427273, -12.068242913020589, 0.0 ], [ -77.080650678563615, -12.068239566399958, 0.0 ], [ -77.080650455680853, -12.068235052925198, 0.0 ], [ -77.080647055340833, -12.068232016528677, 0.0 ], [ -77.080642469416588, -12.068232235890148, 0.0 ], [ -77.080639384280204, -12.068235582510709, 0.0 ] ] ] ] } },
{ "type": "Feature", "properties": { "Nombre": null, "Perimetro": 19.109, "Área": 21.126, "Uso": "Áreas de uso administrativo", "Proy riego": "Por validar con unidad", "Riego act": "Sin riego tecnificado", "Referenc_1": null, "código": null, "ID": null }, "geometry": { "type": "MultiPolygon", "coordinates": [ [ [ [ -77.080506370365313, -12.070495690778516, 0.0 ], [ -77.080463985032537, -12.070499016675141, 0.0 ], [ -77.080467946771307, -12.070540943697187, 0.0 ], [ -77.080488777738296, -12.070539086655103, 0.0 ], [ -77.080488633127004, -12.070536118867791, 0.0 ], [ -77.08049374043533, -12.070535734663908, 0.0 ], [ -77.080493924248827, -12.070538627853006, 0.0 ], [ -77.080509740440746, -12.070537217867482, 0.0 ], [ -77.080506370365313, -12.070495690778516, 0.0 ] ] ] ] } },
{ "type": "Feature", "properties": { "Nombre": null, "Perimetro": 169.018, "Área": 384.141, "Uso": "Áreas de manejo sostenible y reducción de consumo de agua", "Proy riego": "Goteo", "Riego act": "Sin riego tecnificado", "Referenc_1": null, "código": "D 13", "ID": null }, "geometry": { "type": "MultiPolygon", "coordinates": [ [ [ [ -77.07902179369141, -12.068697699545442, 0.0 ], [ -77.078669134908509, -12.068699168251523, 0.0 ], [ -77.078669179506818, -12.068704952183198, 0.0 ], [ -77.078603983116437, -12.068705273796855, 0.0 ], [ -77.078603521631678, -12.068628292838328, 0.0 ], [ -77.078586901400371, -12.068628416969547, 0.0 ], [ -77.078587762277962, -12.068772022181559, 0.0 ], [ -77.079171020149573, -12.068718920787305, 0.0 ], [ -77.079074501204133, -12.068608695317872, 0.0 ], [ -77.079067841559848, -12.068608721701525, 0.0 ], [ -77.079068071165111, -12.068702984118911, 0.0 ], [ -77.079021790617759, -12.068703212488652, 0.0 ], [ -77.07902179369141, -12.068697699545442, 0.0 ] ] ] ] } },
{ "type": "Feature", "properties": { "Nombre": null, "Perimetro": 23.856, "Área": 25.742, "Uso": "Áreas de uso administrativo", "Proy riego": "Por validar con unidad", "Riego act": "Sin riego tecnificado", "Referenc_1": null, "código": null, "ID": null }, "geometry": { "type": "MultiPolygon", "coordinates": [ [ [ [ -77.079460147367072, -12.068692422592026, 0.0 ], [ -77.079543351777374, -12.068684766024839, 0.0 ], [ -77.079541208916069, -12.068659275225391, 0.0 ], [ -77.079458004513867, -12.068666931790613, 0.0 ], [ -77.079460147367072, -12.068692422592026, 0.0 ] ] ] ] } },
{ "type": "Feature", "properties": { "Nombre": null, "Perimetro": 42.766, "Área": 51.738, "Uso": "Áreas de uso administrativo", "Proy riego": "Por validar con unidad", "Riego act": "Sin riego tecnificado", "Referenc_1": null, "código": "D 11", "ID": null }, "geometry": { "type": "MultiPolygon", "coordinates": [ [ [ [ -77.079654205430174, -12.068650887463621, 0.0 ], [ -77.079569259090249, -12.06865864784131, 0.0 ], [ -77.079571238789427, -12.068682197685071, 0.0 ], [ -77.079659841679259, -12.068674103256971, 0.0 ], [ -77.079680197147468, -12.068656996981943, 0.0 ], [ -77.079682279107061, -12.068586435128825, 0.0 ], [ -77.079649041483492, -12.068589459071472, 0.0 ], [ -77.079654205430174, -12.068650887463621, 0.0 ] ] ] ] } },
{ "type": "Feature", "properties": { "Nombre": null, "Perimetro": 17.657, "Área": 14.581, "Uso": "Áreas de uso administrativo", "Proy riego": "Por validar con unidad", "Riego act": "Sin riego tecnificado", "Referenc_1": null, "código": null, "ID": null }, "geometry": { "type": "MultiPolygon", "coordinates": [ [ [ [ -77.078653666112544, -12.070186741729836, 0.0 ], [ -77.078658022355654, -12.070206341792758, 0.0 ], [ -77.078717430646336, -12.07019320823532, 0.0 ], [ -77.078713152890359, -12.070173961328267, 0.0 ], [ -77.078653666112544, -12.070186741729836, 0.0 ] ] ] ] } },
{ "type": "Feature", "properties": { "Nombre": "Jardin H", "Perimetro": 235.826, "Área": 1589.354, "Uso": "Áreas de uso recreativo/descanso", "Proy riego": "Falta aspersión", "Riego act": "Sin riego tecnificado", "Referenc_1": null, "código": "F 12", "ID": null }, "geometry": { "type": "MultiPolygon", "coordinates": [ [ [ [ -77.081305620914179, -12.069868326612067, 0.0 ], [ -77.081306428391812, -12.069875937585149, 0.0 ], [ -77.081307191259611, -12.069883553021521, 0.0 ], [ -77.081307909492352, -12.069891172653106, 0.0 ], [ -77.081308583065876, -12.069898796236597, 0.0 ], [ -77.081309211957986, -12.069906423522193, 0.0 ], [ -77.081309796147636, -12.069914054245023, 0.0 ], [ -77.081310335615612, -12.06992168815809, 0.0 ], [ -77.081310695776594, -12.069929345118297, 0.0 ], [ -77.081310826445105, -12.06993700920626, 0.0 ], [ -77.08131072750723, -12.069944673748788, 0.0 ], [ -77.081310399049102, -12.069952332093383, 0.0 ], [ -77.081309841356159, -12.069959977579611, 0.0 ], [ -77.081309054913106, -12.069967603564914, 0.0 ], [ -77.081308040403471, -12.069975203418737, 0.0 ], [ -77.081330735753738, -12.069979160015778, 0.0 ], [ -77.081328488823601, -12.069993358618115, 0.0 ], [ -77.081353168152148, -12.069998623831236, 0.0 ], [ -77.081350121389207, -12.070012399912775, 0.0 ], [ -77.081376959601116, -12.070019623350198, 0.0 ], [ -77.081374513880505, -12.0700289892141, 0.0 ], [ -77.081403062542108, -12.070036905886502, 0.0 ], [ -77.081400150674682, -12.070046519555946, 0.0 ], [ -77.0814310092439, -12.070055678981243, 0.0 ], [ -77.081427073721073, -12.070066866712587, 0.0 ], [ -77.081591990453418, -12.070119801941974, 0.0 ], [ -77.081747470749121, -12.070105804767717, 0.0 ], [ -77.081696809002949, -12.069954569185043, 0.0 ], [ -77.081688088020371, -12.0699573989728, 0.0 ], [ -77.081680612424066, -12.06993508278099, 0.0 ], [ -77.081689333406089, -12.069932252993569, 0.0 ], [ -77.08166785491602, -12.069868135263302, 0.0 ], [ -77.081629832581143, -12.069752730834326, 0.0 ], [ -77.081587115317674, -12.069621859356891, 0.0 ], [ -77.081558683565959, -12.069630214488848, 0.0 ], [ -77.081533548729197, -12.069549131466179, 0.0 ], [ -77.081490990767037, -12.069564051134098, 0.0 ], [ -77.081493101450263, -12.069566767389873, 0.0 ], [ -77.081495147559622, -12.069569531099466, 0.0 ], [ -77.081497127994496, -12.069572340762099, 0.0 ], [ -77.081499041689653, -12.069575194875231, 0.0 ], [ -77.08150088761542, -12.069578091903733, 0.0 ], [ -77.081502664778881, -12.069581030279876, 0.0 ], [ -77.081504372224288, -12.069584008437797, 0.0 ], [ -77.081509243620431, -12.069581669203526, 0.0 ], [ -77.081514135779798, -12.06959113827906, 0.0 ], [ -77.081518432675566, -12.06960088311717, 0.0 ], [ -77.08152211834286, -12.069610867502961, 0.0 ], [ -77.08152517908762, -12.069621054344994, 0.0 ], [ -77.081527603538134, -12.06963140579753, 0.0 ], [ -77.081529382686256, -12.069641883395953, 0.0 ], [ -77.081530509921663, -12.069652448215974, 0.0 ], [ -77.081530981056147, -12.069663060996282, 0.0 ], [ -77.081530794339386, -12.06967368231601, 0.0 ], [ -77.081525254891645, -12.069673774431703, 0.0 ], [ -77.081524675413291, -12.069683642117029, 0.0 ], [ -77.08152343865703, -12.069693451031146, 0.0 ], [ -77.081521549963725, -12.069703158814432, 0.0 ], [ -77.081519017490507, -12.069712723548971, 0.0 ], [ -77.081515852174121, -12.069722103923125, 0.0 ], [ -77.08151206768423, -12.069731259425827, 0.0 ], [ -77.081507680364993, -12.069740150513852, 0.0 ], [ -77.081468156748571, -12.069743494121765, 0.0 ], [ -77.081473356295618, -12.069803194481812, 0.0 ], [ -77.08142477517211, -12.069807304328252, 0.0 ], [ -77.081424829482245, -12.069807884834209, 0.0 ], [ -77.08142503580342, -12.069807999059675, 0.0 ], [ -77.081425233663268, -12.069808126968674, 0.0 ], [ -77.081425422126628, -12.069808267949984, 0.0 ], [ -77.081425600303035, -12.069808421344428, 0.0 ], [ -77.081425767350368, -12.069808586423523, 0.0 ], [ -77.081425922479269, -12.069808762408826, 0.0 ], [ -77.081426064956361, -12.069808948465457, 0.0 ], [ -77.081426194108673, -12.069809143719285, 0.0 ], [ -77.081426309325565, -12.069809347244018, 0.0 ], [ -77.081426410062562, -12.06980955807837, 0.0 ], [ -77.081426495843857, -12.069809775230393, 0.0 ], [ -77.081426566263829, -12.069809997664505, 0.0 ], [ -77.081426620989674, -12.069810224335971, 0.0 ], [ -77.081426659762869, -12.069810454173631, 0.0 ], [ -77.081426682400107, -12.069810686088536, 0.0 ], [ -77.081426688794437, -12.069810918986848, 0.0 ], [ -77.081426678915705, -12.069811151765537, 0.0 ], [ -77.08142665281045, -12.069811383329622, 0.0 ], [ -77.081426610602136, -12.069811612579231, 0.0 ], [ -77.081426552490356, -12.069811838431171, 0.0 ], [ -77.081426478749492, -12.069812059823228, 0.0 ], [ -77.081426389728151, -12.06981227570556, 0.0 ], [ -77.081426285847058, -12.069812485057964, 0.0 ], [ -77.081426167597044, -12.069812686889872, 0.0 ], [ -77.081426035536992, -12.069812880248991, 0.0 ], [ -77.081425890291086, -12.069813064221336, 0.0 ], [ -77.08142573254554, -12.069813237939849, 0.0 ], [ -77.081425563046096, -12.069813400580134, 0.0 ], [ -77.081425382593608, -12.069813551377718, 0.0 ], [ -77.081425192040868, -12.069813689610823, 0.0 ], [ -77.081424992288447, -12.069813814639213, 0.0 ], [ -77.081424784280458, -12.069813925861093, 0.0 ], [ -77.081424568999651, -12.069814022756278, 0.0 ], [ -77.081424347463553, -12.069814104864651, 0.0 ], [ -77.08142412071912, -12.069814171799131, 0.0 ], [ -77.081423889837964, -12.069814223245727, 0.0 ], [ -77.081423655911081, -12.069814258954947, 0.0 ], [ -77.081423420043947, -12.069814278763369, 0.0 ], [ -77.08142318335149, -12.069814282580774, 0.0 ], [ -77.081422946951847, -12.06981427037725, 0.0 ], [ -77.08142271196273, -12.069814242222014, 0.0 ], [ -77.081422479494293, -12.069814198244668, 0.0 ], [ -77.081422250645289, -12.069814138648159, 0.0 ], [ -77.081422026497037, -12.069814063721765, 0.0 ], [ -77.081421808109155, -12.069813973810948, 0.0 ], [ -77.081421596513479, -12.069813869351869, 0.0 ], [ -77.081421392710013, -12.069813750828356, 0.0 ], [ -77.081421197661967, -12.069813618802055, 0.0 ], [ -77.081421012291003, -12.069813473903906, 0.0 ], [ -77.081420837473289, -12.069813316808256, 0.0 ], [ -77.081420674034831, -12.069813148267425, 0.0 ], [ -77.081420522748147, -12.069812969068597, 0.0 ], [ -77.081420384328254, -12.069812780068338, 0.0 ], [ -77.081420259428967, -12.069812582153844, 0.0 ], [ -77.081420148640987, -12.069812376260186, 0.0 ], [ -77.081420052487573, -12.06981216336173, 0.0 ], [ -77.081419971423244, -12.06981194446352, 0.0 ], [ -77.081419905831126, -12.069811720605607, 0.0 ], [ -77.081419856021029, -12.069811492837214, 0.0 ], [ -77.081419822228455, -12.069811262238288, 0.0 ], [ -77.081419804613319, -12.069811029902267, 0.0 ], [ -77.081419803258498, -12.069810796923166, 0.0 ], [ -77.081419818170616, -12.069810564404188, 0.0 ], [ -77.081419849279158, -12.0698103334405, 0.0 ], [ -77.081419896437154, -12.069810105127836, 0.0 ], [ -77.081419959421481, -12.069809880540948, 0.0 ], [ -77.081420037934848, -12.069809660746531, 0.0 ], [ -77.08142013160608, -12.069809446781665, 0.0 ], [ -77.081420239992482, -12.069809239653788, 0.0 ], [ -77.081420362581767, -12.069809040340703, 0.0 ], [ -77.081420498794657, -12.06980884979485, 0.0 ], [ -77.081420647987485, -12.069808668904509, 0.0 ], [ -77.081420809455125, -12.069808498534723, 0.0 ], [ -77.081420982434423, -12.069808339481998, 0.0 ], [ -77.081421166108157, -12.06980819250278, 0.0 ], [ -77.081421115577001, -12.069807613920865, 0.0 ], [ -77.081376102553079, -12.069811421906506, 0.0 ], [ -77.081376459383478, -12.069815518990382, 0.0 ], [ -77.081226690424714, -12.069828189005541, 0.0 ], [ -77.081226333596518, -12.069824091921106, 0.0 ], [ -77.081177752458657, -12.069828201725596, 0.0 ], [ -77.081167319165985, -12.069829044543189, 0.0 ], [ -77.081167717268343, -12.069833615546775, 0.0 ], [ -77.0811682604498, -12.069840131562986, 0.0 ], [ -77.081160742196261, -12.06984959397044, 0.0 ], [ -77.08116199896314, -12.0698630938251, 0.0 ], [ -77.081175602260103, -12.069861867140531, 0.0 ], [ -77.081257583052206, -12.069854741814757, 0.0 ], [ -77.081258981619726, -12.069872249719721, 0.0 ], [ -77.081305620914179, -12.069868326612067, 0.0 ] ] ] ] } },
{ "type": "Feature", "properties": { "Nombre": null, "Perimetro": 21.246, "Área": 27.821, "Uso": "Áreas de uso administrativo", "Proy riego": "Por validar con unidad", "Riego act": "Sin riego tecnificado", "Referenc_1": null, "código": "C 10", "ID": null }, "geometry": { "type": "MultiPolygon", "coordinates": [ [ [ [ -77.080666473959425, -12.067488980621111, 0.0 ], [ -77.080666028114351, -12.067519888479469, 0.0 ], [ -77.080720471378953, -12.067520594535274, 0.0 ], [ -77.080721177038697, -12.067478398283519, 0.0 ], [ -77.080666625343596, -12.067477323611694, 0.0 ], [ -77.080666473959425, -12.067488980621111, 0.0 ] ] ] ] } },
{ "type": "Feature", "properties": { "Nombre": null, "Perimetro": 165.341, "Área": 1057.266, "Uso": "Áreas de uso administrativo", "Proy riego": "Por validar con unidad", "Riego act": "Sin riego tecnificado", "Referenc_1": null, "código": "D 16", "ID": null }, "geometry": { "type": "MultiPolygon", "coordinates": [ [ [ [ -77.078798626376937, -12.067395690002698, 0.0 ], [ -77.078792265632487, -12.067598204685501, 0.0 ], [ -77.07880919042988, -12.067614901237368, 0.0 ], [ -77.078969237873991, -12.067615233792703, 0.0 ], [ -77.079039459073257, -12.06762820808399, 0.0 ], [ -77.079039677532094, -12.067618109477738, 0.0 ], [ -77.079053447342858, -12.067618447144858, 0.0 ], [ -77.079053908964454, -12.067597107911157, 0.0 ], [ -77.079050696008863, -12.067597029122187, 0.0 ], [ -77.0790507741943, -12.06759341487208, 0.0 ], [ -77.079053987149834, -12.067593493661057, 0.0 ], [ -77.079054630224888, -12.067563766453789, 0.0 ], [ -77.07905141726971, -12.067563687664761, 0.0 ], [ -77.079051552139674, -12.06755745308328, 0.0 ], [ -77.079054765094796, -12.067557531872318, 0.0 ], [ -77.079185463492749, -12.067560736865584, 0.0 ], [ -77.079185860275047, -12.067542394547498, 0.0 ], [ -77.07925076195923, -12.067543986047935, 0.0 ], [ -77.079251760540785, -12.067497823472545, 0.0 ], [ -77.079236935040441, -12.067482128657847, 0.0 ], [ -77.079231218589285, -12.06748735924393, 0.0 ], [ -77.079217360843558, -12.067472688926593, 0.0 ], [ -77.079223077294756, -12.067467458340811, 0.0 ], [ -77.079224748447388, -12.06739491912078, 0.0 ], [ -77.079169023520208, -12.067393698988383, 0.0 ], [ -77.079169439832967, -12.067375628405051, 0.0 ], [ -77.07917013498836, -12.067345454317957, 0.0 ], [ -77.079165085827199, -12.067345341640133, 0.0 ], [ -77.079161413709997, -12.06734525969255, 0.0 ], [ -77.079161443540841, -12.067343964850021, 0.0 ], [ -77.079141793338607, -12.067343804618426, 0.0 ], [ -77.079141762309817, -12.067345151455791, 0.0 ], [ -77.079140395937756, -12.067345120963488, 0.0 ], [ -77.079140154732244, -12.06736120616352, 0.0 ], [ -77.079141514892072, -12.067361216011285, 0.0 ], [ -77.079141487872533, -12.067364830958804, 0.0 ], [ -77.079137814910553, -12.067364804366015, 0.0 ], [ -77.079137824799417, -12.067363481336265, 0.0 ], [ -77.079114776355496, -12.067363360796257, 0.0 ], [ -77.079114769187314, -12.067364688457991, 0.0 ], [ -77.079111096177741, -12.067364669248517, 0.0 ], [ -77.079111103345952, -12.067363341586761, 0.0 ], [ -77.079087412125006, -12.067363217682816, 0.0 ], [ -77.079087404956553, -12.067364545344724, 0.0 ], [ -77.079086094540926, -12.067364538491136, 0.0 ], [ -77.079088066186912, -12.06740832793972, 0.0 ], [ -77.078984507260401, -12.06740560226284, 0.0 ], [ -77.078984756129699, -12.067397559793987, 0.0 ], [ -77.078947621750046, -12.067397188097486, 0.0 ], [ -77.078908408796281, -12.067396790061812, 0.0 ], [ -77.078864639034833, -12.067396070748432, 0.0 ], [ -77.078853049160656, -12.067395769431014, 0.0 ], [ -77.078838838220022, -12.0673951724077, 0.0 ], [ -77.078838800978772, -12.067396479739266, 0.0 ], [ -77.078835129359049, -12.067396378425737, 0.0 ], [ -77.078835166492183, -12.06739507489042, 0.0 ], [ -77.078807408271445, -12.067394594840213, 0.0 ], [ -77.078807369792258, -12.067395945623289, 0.0 ], [ -77.078803698172493, -12.067395844309347, 0.0 ], [ -77.078798626376937, -12.067395690002698, 0.0 ] ] ] ] } },
{ "type": "Feature", "properties": { "Nombre": null, "Perimetro": 157.269, "Área": 397.052, "Uso": "Áreas de uso recreativo/descanso", "Proy riego": "Falta aspersión", "Riego act": "Sin riego tecnificado", "Referenc_1": null, "código": "A 11", "ID": null }, "geometry": { "type": "MultiPolygon", "coordinates": [ [ [ [ -77.080113068099791, -12.067091341700632, 0.0 ], [ -77.080462797259472, -12.067100050260034, 0.0 ], [ -77.080463910353558, -12.067056517080566, 0.0 ], [ -77.080463842199251, -12.067055298625089, 0.0 ], [ -77.080463691574693, -12.067054087366088, 0.0 ], [ -77.080463459151545, -12.067052888694841, 0.0 ], [ -77.080463145966064, -12.06705170796689, 0.0 ], [ -77.080462753414764, -12.067050550444581, 0.0 ], [ -77.080462283248153, -12.067049421282022, 0.0 ], [ -77.080461737562459, -12.067048325523011, 0.0 ], [ -77.080461118790936, -12.067047268049361, 0.0 ], [ -77.080460429692607, -12.067046253576692, 0.0 ], [ -77.080459673340258, -12.067045286628653, 0.0 ], [ -77.080458853106379, -12.067044371515482, 0.0 ], [ -77.08045797264819, -12.067043512321199, 0.0 ], [ -77.080457035891797, -12.067042712873533, 0.0 ], [ -77.080456047014081, -12.067041976735467, 0.0 ], [ -77.080455010424373, -12.067041307196741, 0.0 ], [ -77.080453930744724, -12.067040707235202, 0.0 ], [ -77.080452812789432, -12.067040179529913, 0.0 ], [ -77.08045166154335, -12.067039726431133, 0.0 ], [ -77.080450482139753, -12.067039349960465, 0.0 ], [ -77.080449279837737, -12.067039051798142, 0.0 ], [ -77.08044805999802, -12.067038833276687, 0.0 ], [ -77.080446828060033, -12.067038695361745, 0.0 ], [ -77.080445589516927, -12.067038638676213, 0.0 ], [ -77.080116696649583, -12.067030040704211, 0.0 ], [ -77.080116061723714, -12.067053566475915, 0.0 ], [ -77.079826373118735, -12.067045516291296, 0.0 ], [ -77.079788661196957, -12.067080732612796, 0.0 ], [ -77.079788583770537, -12.067083268339379, 0.0 ], [ -77.079856938119434, -12.067084490574553, 0.0 ], [ -77.080113068099791, -12.067091341700632, 0.0 ] ] ] ] } },
{ "type": "Feature", "properties": { "Nombre": null, "Perimetro": 178.732, "Área": 1908.362, "Uso": "Áreas de uso recreativo/descanso", "Proy riego": "Falta aspersión", "Riego act": "Sin riego tecnificado", "Referenc_1": null, "código": "B 8", "ID": null }, "geometry": { "type": "MultiPolygon", "coordinates": [ [ [ [ -77.079021056300149, -12.066724478974413, 0.0 ], [ -77.079554249300344, -12.066731227286287, 0.0 ], [ -77.079555786469214, -12.066619778842293, 0.0 ], [ -77.079535287884255, -12.066619471054333, 0.0 ], [ -77.07951472829609, -12.066586638657087, 0.0 ], [ -77.079515088562061, -12.066586427159862, 0.0 ], [ -77.07947388568823, -12.066518990562138, 0.0 ], [ -77.079388567031927, -12.066382380623406, 0.0 ], [ -77.079339876602447, -12.066306660802752, 0.0 ], [ -77.079034087705708, -12.066482363433703, 0.0 ], [ -77.079026976559177, -12.066509502531797, 0.0 ], [ -77.079026678118979, -12.066510867359312, 0.0 ], [ -77.079021056300149, -12.066724478974413, 0.0 ] ] ] ] } },
{ "type": "Feature", "properties": { "Nombre": null, "Perimetro": 28.499, "Área": 20.761, "Uso": "Áreas de manejo sostenible y reducción de consumo de agua", "Proy riego": "Goteo", "Riego act": "Sin riego tecnificado", "Referenc_1": null, "código": null, "ID": null }, "geometry": { "type": "MultiPolygon", "coordinates": [ [ [ [ -77.078587059023434, -12.069306067804598, 0.0 ], [ -77.078586524205477, -12.069324270990563, 0.0 ], [ -77.078586030527475, -12.069341073931447, 0.0 ], [ -77.078585372290348, -12.069363477852619, 0.0 ], [ -77.078585379103885, -12.069364361483556, 0.0 ], [ -77.078601886036196, -12.069363656330177, 0.0 ], [ -77.078602475900965, -12.069247420450168, 0.0 ], [ -77.078601464170774, -12.069247527755786, 0.0 ], [ -77.078598700077762, -12.069248187046888, 0.0 ], [ -77.078596056583137, -12.069249219695708, 0.0 ], [ -77.078593585469577, -12.069250605473945, 0.0 ], [ -77.078591274780152, -12.069252239050051, 0.0 ], [ -77.078590298888386, -12.069253260070669, 0.0 ], [ -77.078589517947776, -12.069254432350869, 0.0 ], [ -77.078588955682278, -12.069255720278282, 0.0 ], [ -77.078588548338303, -12.069258484247877, 0.0 ], [ -77.078588334359125, -12.069262660207226, 0.0 ], [ -77.078588087519904, -12.069271061677687, 0.0 ], [ -77.078587717261115, -12.069283663883384, 0.0 ], [ -77.078587388142253, -12.069294865843984, 0.0 ], [ -77.078587059023434, -12.069306067804598, 0.0 ] ] ] ] } },
{ "type": "Feature", "properties": { "Nombre": null, "Perimetro": 42.036, "Área": 36.567, "Uso": "Áreas de manejo sostenible y reducción de consumo de agua", "Proy riego": "Goteo", "Riego act": "Sin riego tecnificado", "Referenc_1": null, "código": null, "ID": null }, "geometry": { "type": "MultiPolygon", "coordinates": [ [ [ [ -77.078582977335543, -12.069446980689845, 0.0 ], [ -77.078582368776054, -12.069467848987443, 0.0 ], [ -77.078582003640449, -12.069480369965989, 0.0 ], [ -77.078581719646138, -12.069490108504864, 0.0 ], [ -77.078581476222467, -12.06949845582389, 0.0 ], [ -77.078581232798825, -12.069506803142907, 0.0 ], [ -77.078580827092836, -12.069520715341286, 0.0 ], [ -77.0785804619575, -12.069533236319822, 0.0 ], [ -77.078580218533972, -12.069541583638834, 0.0 ], [ -77.078580445294122, -12.069547106682267, 0.0 ], [ -77.078580883614478, -12.06955123098825, 0.0 ], [ -77.078581677845307, -12.069555303454035, 0.0 ], [ -77.078582822195358, -12.069559294384483, 0.0 ], [ -77.078584308320416, -12.069563174679034, 0.0 ], [ -77.07858602409037, -12.069566707478206, 0.0 ], [ -77.078597435894181, -12.069566741984984, 0.0 ], [ -77.078601925689654, -12.069391104519864, 0.0 ], [ -77.078584419264502, -12.069391852370391, 0.0 ], [ -77.078584519020382, -12.069394114335852, 0.0 ], [ -77.078584397308376, -12.069398287995377, 0.0 ], [ -77.078584072743084, -12.069409417754125, 0.0 ], [ -77.078583707607166, -12.069421938732695, 0.0 ], [ -77.078583342471319, -12.069434459711271, 0.0 ], [ -77.078582977335543, -12.069446980689845, 0.0 ] ] ] ] } },
{ "type": "Feature", "properties": { "Nombre": null, "Perimetro": 111.952, "Área": 104.911, "Uso": "Áreas de manejo sostenible y reducción de consumo de agua", "Proy riego": "Goteo", "Riego act": "Sin riego tecnificado", "Referenc_1": null, "código": "E 12", "ID": null }, "geometry": { "type": "MultiPolygon", "coordinates": [ [ [ [ -77.078568750524241, -12.069895280983927, 0.0 ], [ -77.078567980016601, -12.069920159020498, 0.0 ], [ -77.078567123897301, -12.06994780128332, 0.0 ], [ -77.078566353390173, -12.069972679319847, 0.0 ], [ -77.078565497271441, -12.07000032158264, 0.0 ], [ -77.078564298705729, -12.0700390207505, 0.0 ], [ -77.078562372440672, -12.070101215841607, 0.0 ], [ -77.07856147351751, -12.070130240217409, 0.0 ], [ -77.078561578544196, -12.070145884568728, 0.0 ], [ -77.078562028673488, -12.070152823795476, 0.0 ], [ -77.078562871465934, -12.070158325056914, 0.0 ], [ -77.078564049861242, -12.070163766745653, 0.0 ], [ -77.078565579981827, -12.070167643604393, 0.0 ], [ -77.078568048965863, -12.070171018981291, 0.0 ], [ -77.078571180641035, -12.070173816974208, 0.0 ], [ -77.078573821662431, -12.070174755827276, 0.0 ], [ -77.078574444446346, -12.070177578825634, 0.0 ], [ -77.078584889225951, -12.070175346857518, 0.0 ], [ -77.078578881771705, -12.070148864487566, 0.0 ], [ -77.078592965761516, -12.069687393500326, 0.0 ], [ -77.07857519783272, -12.069687111553478, 0.0 ], [ -77.078573801635969, -12.069732191632554, 0.0 ], [ -77.078571789751223, -12.069797150950569, 0.0 ], [ -77.078570163122208, -12.069849671250148, 0.0 ], [ -77.078569435420135, -12.069873167173615, 0.0 ], [ -77.078568750524241, -12.069895280983927, 0.0 ] ] ] ] } },
{ "type": "Feature", "properties": { "Nombre": null, "Perimetro": 36.936, "Área": 36.375, "Uso": "Áreas de manejo sostenible y reducción de consumo de agua", "Proy riego": "Goteo", "Riego act": "Sin riego tecnificado", "Referenc_1": null, "código": "E 14", "ID": null }, "geometry": { "type": "MultiPolygon", "coordinates": [ [ [ [ -77.078585333903675, -12.070269511524694, 0.0 ], [ -77.078604233055813, -12.07035578141195, 0.0 ], [ -77.078604544899775, -12.070356692174229, 0.0 ], [ -77.078624954261215, -12.070351963424219, 0.0 ], [ -77.078591881315901, -12.070206169740041, 0.0 ], [ -77.078580169676741, -12.070208652858868, 0.0 ], [ -77.078580173855627, -12.070209964566141, 0.0 ], [ -77.07857853685131, -12.070212209214676, 0.0 ], [ -77.078577245321455, -12.070214662467919, 0.0 ], [ -77.078576326186493, -12.070217273190762, 0.0 ], [ -77.07857579860466, -12.070219986965835, 0.0 ], [ -77.078575673572814, -12.070222747227744, 0.0 ], [ -77.078576634299537, -12.070229799988025, 0.0 ], [ -77.078585333903675, -12.070269511524694, 0.0 ] ] ] ] } },
{ "type": "Feature", "properties": { "Nombre": null, "Perimetro": 90.541, "Área": 98.996, "Uso": "Áreas de manejo sostenible y reducción de consumo de agua", "Proy riego": "Goteo", "Riego act": "Sin riego tecnificado", "Referenc_1": null, "código": "E 16", "ID": null }, "geometry": { "type": "MultiPolygon", "coordinates": [ [ [ [ -77.078638395646877, -12.07050975241199, 0.0 ], [ -77.078658417166864, -12.070599805392009, 0.0 ], [ -77.078680499746852, -12.070699128526869, 0.0 ], [ -77.078691393827825, -12.070748127938204, 0.0 ], [ -77.078691637806102, -12.070749666551281, 0.0 ], [ -77.078712684277434, -12.070746433882764, 0.0 ], [ -77.078628155805845, -12.070366241082588, 0.0 ], [ -77.078607567232993, -12.070371139766646, 0.0 ], [ -77.07860777453395, -12.070372024316816, 0.0 ], [ -77.078613663206198, -12.070398510489724, 0.0 ], [ -77.078625440555413, -12.07045148283445, 0.0 ], [ -77.078638395646877, -12.07050975241199, 0.0 ] ] ] ] } },
{ "type": "Feature", "properties": { "Nombre": null, "Perimetro": 66.775, "Área": 72.06, "Uso": "Áreas de manejo sostenible y reducción de consumo de agua", "Proy riego": "Goteo", "Riego act": "Sin riego tecnificado", "Referenc_1": null, "código": "E 41", "ID": null }, "geometry": { "type": "MultiPolygon", "coordinates": [ [ [ [ -77.078735483937791, -12.070945723797774, 0.0 ], [ -77.07874496259123, -12.070988089407566, 0.0 ], [ -77.07875384883252, -12.071027807165899, 0.0 ], [ -77.078758884370842, -12.071050313895274, 0.0 ], [ -77.07875920674536, -12.071051720505846, 0.0 ], [ -77.078780117402999, -12.071047078415143, 0.0 ], [ -77.07871864030993, -12.070773561923865, 0.0 ], [ -77.07869768741034, -12.070776780220571, 0.0 ], [ -77.078697865571939, -12.070777585274687, 0.0 ], [ -77.078700827645676, -12.070790824528997, 0.0 ], [ -77.078710010076762, -12.07083186621681, 0.0 ], [ -77.078715934227873, -12.070858344724613, 0.0 ], [ -77.078722450795937, -12.070887471082775, 0.0 ], [ -77.0787280787426, -12.070912625664459, 0.0 ], [ -77.078735483937791, -12.070945723797774, 0.0 ] ] ] ] } },
{ "type": "Feature", "properties": { "Nombre": null, "Perimetro": 19.924, "Área": 22.749, "Uso": "Áreas de uso administrativo", "Proy riego": "Por validar con unidad", "Riego act": "Sin riego tecnificado", "Referenc_1": null, "código": null, "ID": null }, "geometry": { "type": "MultiPolygon", "coordinates": [ [ [ [ -77.08051149431067, -12.070433965261968, 0.0 ], [ -77.080457668450066, -12.070438771478958, 0.0 ], [ -77.080461151079248, -12.070475485388785, 0.0 ], [ -77.080504454867537, -12.070472087423392, 0.0 ], [ -77.080503576281927, -12.070461261217373, 0.0 ], [ -77.080513636575489, -12.070460362913025, 0.0 ], [ -77.08051149431067, -12.070433965261968, 0.0 ] ] ] ] } },
{ "type": "Feature", "properties": { "Nombre": null, "Perimetro": 86.802, "Área": 129.524, "Uso": "Áreas de manejo sostenible y reducción de consumo de agua", "Proy riego": "Goteo", "Riego act": "Sin riego tecnificado", "Referenc_1": null, "código": null, "ID": null }, "geometry": { "type": "MultiPolygon", "coordinates": [ [ [ [ -77.081573883484197, -12.066800934373637, 0.0 ], [ -77.08157093462529, -12.066845077215502, 0.0 ], [ -77.081569102765769, -12.066872130910602, 0.0 ], [ -77.081567367319977, -12.066897760727027, 0.0 ], [ -77.081565728287913, -12.066921966664747, 0.0 ], [ -77.081563414360417, -12.066956139753298, 0.0 ], [ -77.081561196846707, -12.066988888963175, 0.0 ], [ -77.081559557814927, -12.067013094900894, 0.0 ], [ -77.081558111610462, -12.067034453081229, 0.0 ], [ -77.081557436715073, -12.067044420232062, 0.0 ], [ -77.081557147474186, -12.067048691868131, 0.0 ], [ -77.081556954646928, -12.067051539625508, 0.0 ], [ -77.081556761819684, -12.067054387382893, 0.0 ], [ -77.081557000283652, -12.067055889883067, 0.0 ], [ -77.081558477228654, -12.067058343026813, 0.0 ], [ -77.081560543859879, -12.06706034147637, 0.0 ], [ -77.081563085216558, -12.067061688001907, 0.0 ], [ -77.081565870962521, -12.067062480817071, 0.0 ], [ -77.081568673398436, -12.067063212249479, 0.0 ], [ -77.081571561958469, -12.067063450071553, 0.0 ], [ -77.08157444796106, -12.067063183867404, 0.0 ], [ -77.081577241321639, -12.067062421946433, 0.0 ], [ -77.081579854847433, -12.067061188091486, 0.0 ], [ -77.081582206797833, -12.067059520489062, 0.0 ], [ -77.081584216329077, -12.067057464168911, 0.0 ], [ -77.081585867490148, -12.067055119126616, 0.0 ], [ -77.081587118137534, -12.067052545216093, 0.0 ], [ -77.081587936350289, -12.067049808132699, 0.0 ], [ -77.081588266992355, -12.06704554557963, 0.0 ], [ -77.08158975965101, -12.067011328212745, 0.0 ], [ -77.0815934229107, -12.06693721224114, 0.0 ], [ -77.081595062396545, -12.066910146593894, 0.0 ], [ -77.081596796113175, -12.066881656958897, 0.0 ], [ -77.081599663475501, -12.066843230447066, 0.0 ], [ -77.081600831660182, -12.066827575201501, 0.0 ], [ -77.081602637036539, -12.066803380731104, 0.0 ], [ -77.081603592824052, -12.066790571893817, 0.0 ], [ -77.081604867207403, -12.066773493444135, 0.0 ], [ -77.081605964990757, -12.066759264194156, 0.0 ], [ -77.081606579178114, -12.066752154660856, 0.0 ], [ -77.081607316202948, -12.0667436232209, 0.0 ], [ -77.081608298902708, -12.066732247967629, 0.0 ], [ -77.081609527277408, -12.066718028901054, 0.0 ], [ -77.081610387139705, -12.066708075554441, 0.0 ], [ -77.081610813746693, -12.066703805183533, 0.0 ], [ -77.081610054731172, -12.066701053692565, 0.0 ], [ -77.081608558899262, -12.06669861210387, 0.0 ], [ -77.081606433417562, -12.066696678768308, 0.0 ], [ -77.081605218502318, -12.066695899382472, 0.0 ], [ -77.081603964278557, -12.066695182845304, 0.0 ], [ -77.081599999760726, -12.066693428612815, 0.0 ], [ -77.081597224067067, -12.06669260378556, 0.0 ], [ -77.081592935596078, -12.066691905553503, 0.0 ], [ -77.081590038364752, -12.066691789448655, 0.0 ], [ -77.081587144032795, -12.066691959058399, 0.0 ], [ -77.081581484372478, -12.06669316726734, 0.0 ], [ -77.081580767713035, -12.066694122815797, 0.0 ], [ -77.081580688363374, -12.066695547714321, 0.0 ], [ -77.081579577468446, -12.066715496293504, 0.0 ], [ -77.081576164348377, -12.066766759131971, 0.0 ], [ -77.081573883484197, -12.066800934373637, 0.0 ] ] ] ] } },
{ "type": "Feature", "properties": { "Nombre": null, "Perimetro": 86.816, "Área": 94.87, "Uso": "Áreas de uso recreativo/descanso", "Proy riego": "Falta aspersión", "Riego act": "Sin riego tecnificado", "Referenc_1": null, "código": "D 6", "ID": null }, "geometry": { "type": "MultiPolygon", "coordinates": [ [ [ [ -77.079369374230311, -12.068021147206707, 0.0 ], [ -77.07940824803643, -12.068037070217407, 0.0 ], [ -77.079697265459259, -12.068042938456475, 0.0 ], [ -77.079697984875708, -12.068017359419324, 0.0 ], [ -77.079688803668418, -12.068017182260373, 0.0 ], [ -77.079689464318704, -12.067993692706802, 0.0 ], [ -77.079698645525184, -12.067993869865857, 0.0 ], [ -77.079698777380983, -12.067989181701057, 0.0 ], [ -77.079627170325978, -12.067987639755263, 0.0 ], [ -77.079626316397835, -12.068024413209747, 0.0 ], [ -77.079613740226677, -12.068024095562215, 0.0 ], [ -77.079613710853039, -12.06802536050234, 0.0 ], [ -77.079603622197439, -12.068027817859576, 0.0 ], [ -77.079602601547549, -12.06802381422221, 0.0 ], [ -77.079358435220612, -12.068017646972814, 0.0 ], [ -77.079369374230311, -12.068021147206707, 0.0 ] ] ] ] } },
{ "type": "Feature", "properties": { "Nombre": null, "Perimetro": 297.64, "Área": 405.768, "Uso": "Áreas de manejo sostenible y reducción de consumo de agua", "Proy riego": "Goteo", "Riego act": "Sin riego tecnificado", "Referenc_1": null, "código": null, "ID": null }, "geometry": { "type": "MultiPolygon", "coordinates": [ [ [ [ -77.078033923829125, -12.068393699385478, 0.0 ], [ -77.078027885529877, -12.068389286782198, 0.0 ], [ -77.078026492076219, -12.068341909357382, 0.0 ], [ -77.078027885529877, -12.068340283661428, 0.0 ], [ -77.078031601406337, -12.068340515903705, 0.0 ], [ -77.078057846002906, -12.068339123334718, 0.0 ], [ -77.078088268522293, -12.068335638815853, 0.0 ], [ -77.078090230928552, -12.068337497937604, 0.0 ], [ -77.078090243640034, -12.068337509980063, 0.0 ], [ -77.078092681125582, -12.06833981917687, 0.0 ], [ -77.078094306821527, -12.068347483172067, 0.0 ], [ -77.078095235790641, -12.068361649951051, 0.0 ], [ -77.078098951667101, -12.068388357813079, 0.0 ], [ -77.078097093728871, -12.068398808715608, 0.0 ], [ -77.078095245056815, -12.068400010352462, 0.0 ], [ -77.078096134719061, -12.068411128040241, 0.0 ], [ -77.078096623763741, -12.068417426083265, 0.0 ], [ -77.078099764515073, -12.068421800701183, 0.0 ], [ -77.078101742913034, -12.068426489233685, 0.0 ], [ -77.078102389088741, -12.068426442345601, 0.0 ], [ -77.078104104228998, -12.068428929578957, 0.0 ], [ -77.078105632325133, -12.068431532260179, 0.0 ], [ -77.078106965391697, -12.068434236781066, 0.0 ], [ -77.078108096463069, -12.068437029021517, 0.0 ], [ -77.078109019628556, -12.068439894385982, 0.0 ], [ -77.078109730064298, -12.068442817897997, 0.0 ], [ -77.078110224057994, -12.068445784283085, 0.0 ], [ -77.078110518293741, -12.068448600076014, 0.0 ], [ -77.078110614068706, -12.068451429147377, 0.0 ], [ -77.078110510924319, -12.068454257967282, 0.0 ], [ -77.078110209354691, -12.068457073010661, 0.0 ], [ -77.078109710801783, -12.068459860801418, 0.0 ], [ -77.078109017650746, -12.068462608005097, 0.0 ], [ -77.078108628314183, -12.068463793704389, 0.0 ], [ -77.078146445213051, -12.068462443099898, 0.0 ], [ -77.078158499007429, -12.068487239477991, 0.0 ], [ -77.078161173166521, -12.068487269223583, 0.0 ], [ -77.078164743554225, -12.068494013288502, 0.0 ], [ -77.078155657595644, -12.068550943403775, 0.0 ], [ -77.078199702643431, -12.068564900518176, 0.0 ], [ -77.078211057662926, -12.068531356065417, 0.0 ], [ -77.07821035100028, -12.068530301337086, 0.0 ], [ -77.07820964809585, -12.068529244186392, 0.0 ], [ -77.078208948958064, -12.068528184611431, 0.0 ], [ -77.078208253595463, -12.068527122640157, 0.0 ], [ -77.078207562016857, -12.068526058276808, 0.0 ], [ -77.078206874230361, -12.068524991527788, 0.0 ], [ -77.078206190244757, -12.06852392242425, 0.0 ], [ -77.078203460239266, -12.068519996419019, 0.0 ], [ -77.078200752032018, -12.068516055819179, 0.0 ], [ -77.078198065703404, -12.068512100735143, 0.0 ], [ -77.078195401333346, -12.068508131289137, 0.0 ], [ -77.078192759001325, -12.068504147605539, 0.0 ], [ -77.078190138785644, -12.068500149793669, 0.0 ], [ -77.078187540764503, -12.068496137976151, 0.0 ], [ -77.078180567278352, -12.068485558881775, 0.0 ], [ -77.078173758298718, -12.068474876497127, 0.0 ], [ -77.078167115404781, -12.068464093290213, 0.0 ], [ -77.078160640137227, -12.0684532117685, 0.0 ], [ -77.0781543339981, -12.06844223445483, 0.0 ], [ -77.07814819844991, -12.068431163887423, 0.0 ], [ -77.078142234915788, -12.068420002647091, 0.0 ], [ -77.078138193239866, -12.068412583758672, 0.0 ], [ -77.078134233638423, -12.068405122123755, 0.0 ], [ -77.078130356578285, -12.068397618616654, 0.0 ], [ -77.078126562516204, -12.068390074128203, 0.0 ], [ -77.078122851899664, -12.068382489547153, 0.0 ], [ -77.078119225165707, -12.068374865760173, 0.0 ], [ -77.078115682742038, -12.068367203674796, 0.0 ], [ -77.078113251143833, -12.068361768563467, 0.0 ], [ -77.078110836364289, -12.068356326191239, 0.0 ], [ -77.078108438425886, -12.068350876608262, 0.0 ], [ -77.078106057350936, -12.06834541987252, 0.0 ], [ -77.078103693161722, -12.068339956031249, 0.0 ], [ -77.078101345879688, -12.068334485133889, 0.0 ], [ -77.078099015526618, -12.068329007223825, 0.0 ], [ -77.078093282907247, -12.068314666260235, 0.0 ], [ -77.078087805754393, -12.068300228910113, 0.0 ], [ -77.078082585739892, -12.068285699573559, 0.0 ], [ -77.078077624457634, -12.06827108269267, 0.0 ], [ -77.078072923421985, -12.068256382729508, 0.0 ], [ -77.078068484068424, -12.06824160416614, 0.0 ], [ -77.078064307752129, -12.068226751520934, 0.0 ], [ -77.078062418181474, -12.068219901225431, 0.0 ], [ -77.078060579515665, -12.068213037533924, 0.0 ], [ -77.078058791852726, -12.068206160795672, 0.0 ], [ -77.078057055287999, -12.068199271387051, 0.0 ], [ -77.078055369914438, -12.068192369677995, 0.0 ], [ -77.078053735821953, -12.068185456031994, 0.0 ], [ -77.07805215309763, -12.068178530822211, 0.0 ], [ -77.078049589878006, -12.068166795435792, 0.0 ], [ -77.078047174324524, -12.068155029752434, 0.0 ], [ -77.078044906806568, -12.068143235563301, 0.0 ], [ -77.078042787671095, -12.06813141467369, 0.0 ], [ -77.078040817242297, -12.068119568899835, 0.0 ], [ -77.078038995821217, -12.068107700038745, 0.0 ], [ -77.078037323686942, -12.068095809921846, 0.0 ], [ -77.078036388408236, -12.068088024719376, 0.0 ], [ -77.078035502260917, -12.068080233950292, 0.0 ], [ -77.07803466527929, -12.068072437918405, 0.0 ], [ -77.078033877495429, -12.068064636918679, 0.0 ], [ -77.078033138939801, -12.068056831261188, 0.0 ], [ -77.078032449640773, -12.068049021236607, 0.0 ], [ -77.078031809625088, -12.068041207153069, 0.0 ], [ -77.078031135569219, -12.068032625982394, 0.0 ], [ -77.078030556175477, -12.068024038116931, 0.0 ], [ -77.078030071512103, -12.068015444566585, 0.0 ], [ -77.078029681635897, -12.068006846350158, 0.0 ], [ -77.078029386592974, -12.067998244475755, 0.0 ], [ -77.078029186418021, -12.067989639949403, 0.0 ], [ -77.07802908113473, -12.067981033801022, 0.0 ], [ -77.078029045999912, -12.067975622354108, 0.0 ], [ -77.078029013765985, -12.067970210894263, 0.0 ], [ -77.078028984432606, -12.06796479941706, 0.0 ], [ -77.078028957999919, -12.067959387924665, 0.0 ], [ -77.078028934467966, -12.067953976421384, 0.0 ], [ -77.078028913836576, -12.067948564900755, 0.0 ], [ -77.078028896106161, -12.067943153377991, 0.0 ], [ -77.078029509290388, -12.067905497100149, 0.0 ], [ -77.07802968060156, -12.067894716709104, 0.0 ], [ -77.078029866163874, -12.067883936546286, 0.0 ], [ -77.078030065976947, -12.06787315663045, 0.0 ], [ -77.078030280040466, -12.067862376976681, 0.0 ], [ -77.078030508354104, -12.067851597615153, 0.0 ], [ -77.078030750917478, -12.067840818543711, 0.0 ], [ -77.078031007730161, -12.067830039800876, 0.0 ], [ -77.07803115502962, -12.067817814166352, 0.0 ], [ -77.078031347257593, -12.067805589144218, 0.0 ], [ -77.078031584411477, -12.06779336488129, 0.0 ], [ -77.07803186648799, -12.067781141539205, 0.0 ], [ -77.078032193483551, -12.067768919290375, 0.0 ], [ -77.078032565394039, -12.067756698279197, 0.0 ], [ -77.078032982214339, -12.067744478673488, 0.0 ], [ -77.078034902503504, -12.067680430637989, 0.0 ], [ -77.078041499078438, -12.067513558721725, 0.0 ], [ -77.078042766155775, -12.067484835086326, 0.0 ], [ -77.078040200224791, -12.06747129375999, 0.0 ], [ -77.078040199243418, -12.067471193122477, 0.0 ], [ -77.078040191548837, -12.067471092764166, 0.0 ], [ -77.078040177174273, -12.067470993123717, 0.0 ], [ -77.078040156181515, -12.067470894625158, 0.0 ], [ -77.078040128661456, -12.067470797696624, 0.0 ], [ -77.078040094732799, -12.067470702755253, 0.0 ], [ -77.078040054542129, -12.067470610213679, 0.0 ], [ -77.078040008262846, -12.067470520467081, 0.0 ], [ -77.078039956094855, -12.067470433906143, 0.0 ], [ -77.078039898263469, -12.067470350908431, 0.0 ], [ -77.078039835018458, -12.067470271821154, 0.0 ], [ -77.078039766632685, -12.06747019699997, 0.0 ], [ -77.078039693401522, -12.067470126757284, 0.0 ], [ -77.078039615641359, -12.067470061396699, 0.0 ], [ -77.078039533687615, -12.067470001208777, 0.0 ], [ -77.078039447894469, -12.067469946445135, 0.0 ], [ -77.078039358632225, -12.067469897344344, 0.0 ], [ -77.07803926628641, -12.067469854123319, 0.0 ], [ -77.078039171255497, -12.067469816960084, 0.0 ], [ -77.078039073950151, -12.06746978601965, 0.0 ], [ -77.078038974790331, -12.067469761443251, 0.0 ], [ -77.078038874204339, -12.067469743320348, 0.0 ], [ -77.078038772626357, -12.067469731743708, 0.0 ], [ -77.078026565152868, -12.067469408058514, 0.0 ], [ -77.078024739044764, -12.067514500965604, 0.0 ], [ -77.078018070705767, -12.067686592835917, 0.0 ], [ -77.078014089000078, -12.067802197522266, 0.0 ], [ -77.078013838082796, -12.06785292405428, 0.0 ], [ -77.078012662614213, -12.067905546111108, 0.0 ], [ -77.078012623985671, -12.067911761683764, 0.0 ], [ -77.078011957124957, -12.068019064322666, 0.0 ], [ -77.078011052944348, -12.06815717403455, 0.0 ], [ -77.078010913107221, -12.068307996589439, 0.0 ], [ -77.078011686148955, -12.068349367548436, 0.0 ], [ -77.078012929426393, -12.068408645160893, 0.0 ], [ -77.078014534847355, -12.068472962567714, 0.0 ], [ -77.07802904674125, -12.068474519698377, 0.0 ], [ -77.078025330864804, -12.068435967480156, 0.0 ], [ -77.078027706896165, -12.068428599084985, 0.0 ], [ -77.078042749035703, -12.068418781551557, 0.0 ], [ -77.078044839216204, -12.068402524592056, 0.0 ], [ -77.078033923829125, -12.068393699385478, 0.0 ] ] ] ] } },
{ "type": "Feature", "properties": { "Nombre": null, "Perimetro": 39.627, "Área": 41.271, "Uso": "Áreas de uso administrativo", "Proy riego": "Por validar con unidad", "Riego act": "Sin riego tecnificado", "Referenc_1": null, "código": null, "ID": null }, "geometry": { "type": "MultiPolygon", "coordinates": [ [ [ [ -77.080692209249122, -12.068207845676413, 0.0 ], [ -77.080694067288391, -12.068211069198362, 0.0 ], [ -77.080695700046249, -12.068214408790467, 0.0 ], [ -77.080697100077145, -12.068217849217136, 0.0 ], [ -77.080698260996897, -12.068221374793941, 0.0 ], [ -77.080699177511733, -12.068224969449059, 0.0 ], [ -77.08069984544241, -12.068228616781269, 0.0 ], [ -77.080700261743118, -12.068232300165404, 0.0 ], [ -77.08070042451557, -12.068236002803948, 0.0 ], [ -77.080700333017418, -12.068239707815323, 0.0 ], [ -77.080699987665795, -12.068243398296357, 0.0 ], [ -77.080699390035818, -12.06824705742727, 0.0 ], [ -77.08078473894227, -12.068248151098539, 0.0 ], [ -77.080784595936393, -12.068255652745474, 0.0 ], [ -77.080805261705436, -12.068255594244139, 0.0 ], [ -77.080819583918853, -12.068255553699428, 0.0 ], [ -77.08081973670555, -12.068249185541122, 0.0 ], [ -77.080673419169045, -12.068186726714142, 0.0 ], [ -77.080673764217323, -12.06818727950027, 0.0 ], [ -77.080674116889313, -12.068187827605616, 0.0 ], [ -77.080674477119359, -12.06818837092684, 0.0 ], [ -77.080674844840601, -12.068188909367473, 0.0 ], [ -77.080675219984698, -12.068189442828904, 0.0 ], [ -77.080675602481989, -12.068189971201765, 0.0 ], [ -77.080675992261476, -12.068190494399413, 0.0 ], [ -77.080677073163955, -12.068191589667311, 0.0 ], [ -77.080678162194744, -12.068192677103287, 0.0 ], [ -77.080679259295266, -12.068193756657042, 0.0 ], [ -77.080680364406732, -12.068194828266488, 0.0 ], [ -77.080681477470023, -12.068195891876046, 0.0 ], [ -77.080682598424872, -12.068196947428019, 0.0 ], [ -77.080683727211081, -12.068197994857456, 0.0 ], [ -77.080685063035801, -12.068199293329929, 0.0 ], [ -77.080686359316644, -12.068200630060462, 0.0 ], [ -77.080687614922681, -12.068202003877435, 0.0 ], [ -77.080688828759136, -12.068203413597397, 0.0 ], [ -77.080689999767074, -12.068204857982799, 0.0 ], [ -77.080691126924833, -12.068206335772137, 0.0 ], [ -77.080692209249122, -12.068207845676413, 0.0 ] ] ] ] } },
{ "type": "Feature", "properties": { "Nombre": null, "Perimetro": 13.503, "Área": 14.503, "Uso": "Áreas de uso administrativo", "Proy riego": "Por validar con unidad", "Riego act": "Sin riego tecnificado", "Referenc_1": null, "código": null, "ID": null }, "geometry": { "type": "MultiPolygon", "coordinates": [ [ [ [ -77.079291767885053, -12.071035758342425, 0.0 ], [ -77.079291709337227, -12.071034403311325, 0.0 ], [ -77.079291554891711, -12.071033055603884, 0.0 ], [ -77.079291305300899, -12.071031721777535, 0.0 ], [ -77.0792909617807, -12.071030408337153, 0.0 ], [ -77.079290526004741, -12.071029121680734, 0.0 ], [ -77.079290000096307, -12.071027868080121, 0.0 ], [ -77.079289386617091, -12.07102665363578, 0.0 ], [ -77.079288688556275, -12.071025484264, 0.0 ], [ -77.079287909314786, -12.071024365671125, 0.0 ], [ -77.07928705268877, -12.071023303297654, 0.0 ], [ -77.079286122851627, -12.071022302322703, 0.0 ], [ -77.079285124333651, -12.071021367625354, 0.0 ], [ -77.079284061999388, -12.07102050375466, 0.0 ], [ -77.079282941024346, -12.071019714921203, 0.0 ], [ -77.079281766869968, -12.071019004967122, 0.0 ], [ -77.079280545256495, -12.071018377353361, 0.0 ], [ -77.079279282135488, -12.07101783513836, 0.0 ], [ -77.07927798366093, -12.071017380961006, 0.0 ], [ -77.079276656158683, -12.071017017036565, 0.0 ], [ -77.079275306096235, -12.071016745135358, 0.0 ], [ -77.079273940050925, -12.071016566582989, 0.0 ], [ -77.07927256467805, -12.071016482251988, 0.0 ], [ -77.07927118667827, -12.071016492549099, 0.0 ], [ -77.079269812765006, -12.071016597424149, 0.0 ], [ -77.079268449631925, -12.071016796370316, 0.0 ], [ -77.079267103920017, -12.071017088415713, 0.0 ], [ -77.079265782185459, -12.071017472136591, 0.0 ], [ -77.079264490867672, -12.071017945666183, 0.0 ], [ -77.079263236257617, -12.07101850669495, 0.0 ], [ -77.079262024467852, -12.071019152492337, 0.0 ], [ -77.079260861402048, -12.071019879911322, 0.0 ], [ -77.079259752726415, -12.071020685405866, 0.0 ], [ -77.079258703842484, -12.071021565052666, 0.0 ], [ -77.079257719860209, -12.071022514564282, 0.0 ], [ -77.079256805573507, -12.071023529319479, 0.0 ], [ -77.079255965436488, -12.071024604372051, 0.0 ], [ -77.079255203542587, -12.071025734481097, 0.0 ], [ -77.079254523603424, -12.071026914150019, 0.0 ], [ -77.079253928931635, -12.071028137622307, 0.0 ], [ -77.079253422424344, -12.071029398937688, 0.0 ], [ -77.07925300654928, -12.071030691958107, 0.0 ], [ -77.07925268333257, -12.071032010380724, 0.0 ], [ -77.079252454348946, -12.071033347783256, 0.0 ], [ -77.079252320713806, -12.071034697643418, 0.0 ], [ -77.079252283078461, -12.071036053393282, 0.0 ], [ -77.079252341625875, -12.071037408419212, 0.0 ], [ -77.079252496071248, -12.071038756131017, 0.0 ], [ -77.079252745661861, -12.071040089953113, 0.0 ], [ -77.079253089181904, -12.071041403393579, 0.0 ], [ -77.079253524957707, -12.071042690050078, 0.0 ], [ -77.079254050866211, -12.071043943655091, 0.0 ], [ -77.0792546643452, -12.071045158099526, 0.0 ], [ -77.079255362405902, -12.071046327467098, 0.0 ], [ -77.079256141647477, -12.071047446060074, 0.0 ], [ -77.079256998273479, -12.071048508433645, 0.0 ], [ -77.079257928110508, -12.071049509408699, 0.0 ], [ -77.079258926628555, -12.071050444110449, 0.0 ], [ -77.079259988962903, -12.071051307981232, 0.0 ], [ -77.079261109938003, -12.071052096810458, 0.0 ], [ -77.079262284092493, -12.071052806764612, 0.0 ], [ -77.079263505706109, -12.071053434378433, 0.0 ], [ -77.079264768827272, -12.071053976593481, 0.0 ], [ -77.079266067302015, -12.071054430770873, 0.0 ], [ -77.079267394804447, -12.071054794695337, 0.0 ], [ -77.079268744867093, -12.071055066596552, 0.0 ], [ -77.079270110912603, -12.07105524514891, 0.0 ], [ -77.079271486285677, -12.071055329479892, 0.0 ], [ -77.079272864285656, -12.071055319182749, 0.0 ], [ -77.079274238199105, -12.071055214307647, 0.0 ], [ -77.079275601332384, -12.071055015361424, 0.0 ], [ -77.079276947044448, -12.07105472331596, 0.0 ], [ -77.079278268779163, -12.071054339594999, 0.0 ], [ -77.079279560097063, -12.071053866065318, 0.0 ], [ -77.079280814707232, -12.071053305036457, 0.0 ], [ -77.079282026497069, -12.071052659238973, 0.0 ], [ -77.079283189562929, -12.071051931819889, 0.0 ], [ -77.079284298238619, -12.071051126329548, 0.0 ], [ -77.07928534712255, -12.071050246682651, 0.0 ], [ -77.079286331104768, -12.071049297166628, 0.0 ], [ -77.079287245391541, -12.07104828241134, 0.0 ], [ -77.079288085528347, -12.071047207358689, 0.0 ], [ -77.079288847422134, -12.071046077249562, 0.0 ], [ -77.079289527361212, -12.071044897584883, 0.0 ], [ -77.079290122032987, -12.071043674112543, 0.0 ], [ -77.079290628539951, -12.07104241279281, 0.0 ], [ -77.079291044414816, -12.071041119772362, 0.0 ], [ -77.079291367631328, -12.071039801349729, 0.0 ], [ -77.079291596614794, -12.071038463951506, 0.0 ], [ -77.079291730249707, -12.07103711408705, 0.0 ], [ -77.079291767885053, -12.071035758342425, 0.0 ] ] ] ] } },
{ "type": "Feature", "properties": { "Nombre": null, "Perimetro": 14.429, "Área": 7.802, "Uso": "Áreas de uso administrativo", "Proy riego": "Por validar con unidad", "Riego act": "Sin riego tecnificado", "Referenc_1": null, "código": null, "ID": null }, "geometry": { "type": "MultiPolygon", "coordinates": [ [ [ [ -77.080583779932653, -12.068198166967026, 0.0 ], [ -77.08058337369107, -12.068220673330586, 0.0 ], [ -77.080583384991328, -12.068221352057543, 0.0 ], [ -77.080583443326617, -12.068222028444739, 0.0 ], [ -77.080583548425196, -12.068222699332388, 0.0 ], [ -77.080583699796932, -12.068223361601859, 0.0 ], [ -77.080583896735945, -12.06822401215768, 0.0 ], [ -77.080584138324099, -12.068224647972762, 0.0 ], [ -77.08058442343517, -12.068225266077595, 0.0 ], [ -77.080584750739462, -12.0682258635947, 0.0 ], [ -77.080585118711355, -12.068226437734241, 0.0 ], [ -77.080585525634788, -12.068226985819866, 0.0 ], [ -77.080585969612784, -12.068227505297239, 0.0 ], [ -77.080586448575175, -12.068227993742607, 0.0 ], [ -77.080586960288926, -12.068228448884273, 0.0 ], [ -77.080587502368147, -12.068228868593895, 0.0 ], [ -77.080588072285309, -12.068229250916575, 0.0 ], [ -77.080588667383353, -12.068229594070768, 0.0 ], [ -77.080589284887623, -12.068229896452502, 0.0 ], [ -77.080589921918914, -12.068230156656824, 0.0 ], [ -77.080590575507216, -12.06823037346909, 0.0 ], [ -77.080591242605081, -12.068230545877773, 0.0 ], [ -77.080591920102279, -12.068230673080835, 0.0 ], [ -77.080592604840049, -12.068230754483475, 0.0 ], [ -77.080593293625768, -12.068230789706975, 0.0 ], [ -77.080594010299649, -12.068230802237464, 0.0 ], [ -77.080594012246777, -12.068230694363967, 0.0 ], [ -77.080594025940442, -12.068230432754845, 0.0 ], [ -77.080594057509771, -12.068230172657028, 0.0 ], [ -77.080594106811191, -12.0682299152365, 0.0 ], [ -77.080594173620895, -12.068229661669305, 0.0 ], [ -77.080594257635099, -12.068229413110526, 0.0 ], [ -77.08059435847224, -12.068229170683511, 0.0 ], [ -77.08059447567399, -12.068228935499251, 0.0 ], [ -77.080594608707997, -12.06822870861326, 0.0 ], [ -77.080594756969816, -12.068228491068675, 0.0 ], [ -77.080594919785625, -12.068228283848807, 0.0 ], [ -77.080595096415763, -12.068228087890057, 0.0 ], [ -77.080595286057786, -12.068227904090506, 0.0 ], [ -77.080595487849777, -12.068227733284044, 0.0 ], [ -77.080595700875136, -12.068227576244629, 0.0 ], [ -77.080595924165763, -12.068227433681958, 0.0 ], [ -77.080596156707301, -12.068227306254363, 0.0 ], [ -77.080596397443117, -12.068227194529996, 0.0 ], [ -77.080596645279201, -12.068227099025556, 0.0 ], [ -77.080596899089812, -12.0682270201675, 0.0 ], [ -77.080597157721499, -12.068226958317826, 0.0 ], [ -77.080597419999208, -12.068226913758989, 0.0 ], [ -77.080597684731231, -12.068226886683052, 0.0 ], [ -77.080597950714846, -12.068226877231465, 0.0 ], [ -77.080602529840078, -12.068226866434937, 0.0 ], [ -77.080603339033999, -12.068181495620944, 0.0 ], [ -77.080599052304436, -12.068181505727944, 0.0 ], [ -77.080598755778581, -12.068198131658241, 0.0 ], [ -77.080583779932653, -12.068198166967026, 0.0 ] ] ] ] } },
{ "type": "Feature", "properties": { "Nombre": null, "Perimetro": 5.966, "Área": 2.832, "Uso": "Áreas de uso administrativo", "Proy riego": "Por validar con unidad", "Riego act": "Sin riego tecnificado", "Referenc_1": null, "código": null, "ID": null }, "geometry": { "type": "MultiPolygon", "coordinates": [ [ [ [ -77.079315206792231, -12.068643673750408, 0.0 ], [ -77.079315180923288, -12.068643075015007, 0.0 ], [ -77.079315112681343, -12.068642479514583, 0.0 ], [ -77.079315002398886, -12.068641890150525, 0.0 ], [ -77.079314850613073, -12.068641309791147, 0.0 ], [ -77.079314658063353, -12.068640741268798, 0.0 ], [ -77.079314425688025, -12.068640187351848, 0.0 ], [ -77.079314154619112, -12.068639650738266, 0.0 ], [ -77.079313846177016, -12.06863913403841, 0.0 ], [ -77.079313501864746, -12.068638639775099, 0.0 ], [ -77.079313123359597, -12.068638170353479, 0.0 ], [ -77.079312712505597, -12.068637728061097, 0.0 ], [ -77.079312271304445, -12.068637315055037, 0.0 ], [ -77.079311801905618, -12.06863693334474, 0.0 ], [ -77.07931130659604, -12.068636584787797, 0.0 ], [ -77.0793107877887, -12.068636271090018, 0.0 ], [ -77.079310248011069, -12.068635993771046, 0.0 ], [ -77.079309689893179, -12.068635754185987, 0.0 ], [ -77.079309116154008, -12.068635553503976, 0.0 ], [ -77.07930852958863, -12.068635392695336, 0.0 ], [ -77.079307933054878, -12.068635272553228, 0.0 ], [ -77.079307329458828, -12.068635193659286, 0.0 ], [ -77.079306721741474, -12.068635156392327, 0.0 ], [ -77.079306112863179, -12.068635160941406, 0.0 ], [ -77.079305505790558, -12.068635207284357, 0.0 ], [ -77.079304903481187, -12.06863529518791, 0.0 ], [ -77.079304308869382, -12.068635424229356, 0.0 ], [ -77.079303724852124, -12.068635593783705, 0.0 ], [ -77.079303154274612, -12.068635803015185, 0.0 ], [ -77.079302599916574, -12.068636050911827, 0.0 ], [ -77.079302064478981, -12.068636336263996, 0.0 ], [ -77.079301550570278, -12.06863665767745, 0.0 ], [ -77.079301060694192, -12.068637013594959, 0.0 ], [ -77.079300597237435, -12.068637402274849, 0.0 ], [ -77.079300162457827, -12.068637821825583, 0.0 ], [ -77.079299758473752, -12.068638270205819, 0.0 ], [ -77.079299387253016, -12.06863874522883, 0.0 ], [ -77.079299050604533, -12.068639244579771, 0.0 ], [ -77.07929875016832, -12.06863976582871, 0.0 ], [ -77.079298487407897, -12.06864030643067, 0.0 ], [ -77.079298263603619, -12.068640863755856, 0.0 ], [ -77.079298079845799, -12.068641435089695, 0.0 ], [ -77.079297937029665, -12.068642017650122, 0.0 ], [ -77.079297835850838, -12.06864260859407, 0.0 ], [ -77.079297776802605, -12.068643205045516, 0.0 ], [ -77.079297760172366, -12.068643804098446, 0.0 ], [ -77.079297786041167, -12.068644402832245, 0.0 ], [ -77.079297854282942, -12.068644998332676, 0.0 ], [ -77.07929796456547, -12.068645587692439, 0.0 ], [ -77.079298116351239, -12.068646168051831, 0.0 ], [ -77.079298308900803, -12.068646736574198, 0.0 ], [ -77.079298541276103, -12.068647290491164, 0.0 ], [ -77.079298812345172, -12.06864782710908, 0.0 ], [ -77.079299120787084, -12.068648343804641, 0.0 ], [ -77.079299465099339, -12.068648838067972, 0.0 ], [ -77.079299843604616, -12.06864930748961, 0.0 ], [ -77.079300254458488, -12.068649749782011, 0.0 ], [ -77.079300695659654, -12.068650162788094, 0.0 ], [ -77.079301165058524, -12.068650544502717, 0.0 ], [ -77.07930166036823, -12.068650893055363, 0.0 ], [ -77.079302179175642, -12.068651206757465, 0.0 ], [ -77.079302718953159, -12.068651484076453, 0.0 ], [ -77.079303277071162, -12.068651723657212, 0.0 ], [ -77.079303850810419, -12.06865192434354, 0.0 ], [ -77.079304437375797, -12.068652085147873, 0.0 ], [ -77.079305033909591, -12.068652205289979, 0.0 ], [ -77.079305637505556, -12.06865228418823, 0.0 ], [ -77.079306245223066, -12.068652321450877, 0.0 ], [ -77.079306854101389, -12.06865231690179, 0.0 ], [ -77.079307461173954, -12.068652270563144, 0.0 ], [ -77.079308063483467, -12.068652182655264, 0.0 ], [ -77.079308658095286, -12.068652053613807, 0.0 ], [ -77.079309242112615, -12.068651884063751, 0.0 ], [ -77.079309812690127, -12.068651674827946, 0.0 ], [ -77.07931036704808, -12.068651426935597, 0.0 ], [ -77.079310902485815, -12.068651141583404, 0.0 ], [ -77.079311416394503, -12.068650820165621, 0.0 ], [ -77.079311906270476, -12.068650464252404, 0.0 ], [ -77.079312369727219, -12.068650075568186, 0.0 ], [ -77.079312804506813, -12.068649656017433, 0.0 ], [ -77.07931320849103, -12.068649207637174, 0.0 ], [ -77.079313579711609, -12.06864873261415, 0.0 ], [ -77.07931391636005, -12.068648233263195, 0.0 ], [ -77.079314216796433, -12.068647712018553, 0.0 ], [ -77.079314479556643, -12.068647171412271, 0.0 ], [ -77.079314703360893, -12.068646614087077, 0.0 ], [ -77.079314887118812, -12.068646042753235, 0.0 ], [ -77.079315029934918, -12.068645460192801, 0.0 ], [ -77.079315131113603, -12.068644869253164, 0.0 ], [ -77.079315190161921, -12.068644272801723, 0.0 ], [ -77.079315206792231, -12.068643673750408, 0.0 ] ] ] ] } },
{ "type": "Feature", "properties": { "Nombre": null, "Perimetro": 8.793, "Área": 6.15, "Uso": "Áreas de uso administrativo", "Proy riego": "Por validar con unidad", "Riego act": "Sin riego tecnificado", "Referenc_1": null, "código": null, "ID": null }, "geometry": { "type": "MultiPolygon", "coordinates": [ [ [ [ -77.079347482056917, -12.068664284996009, 0.0 ], [ -77.079347443934182, -12.068663402646656, 0.0 ], [ -77.079347343367047, -12.068662525070636, 0.0 ], [ -77.07934718084536, -12.068661656533594, 0.0 ], [ -77.079346957160837, -12.068660801272406, 0.0 ], [ -77.079346673403421, -12.068659963448468, 0.0 ], [ -77.079346330955374, -12.068659147145555, 0.0 ], [ -77.079345931485207, -12.0686583563462, 0.0 ], [ -77.079345476938954, -12.068657594897259, 0.0 ], [ -77.07934496953122, -12.068656866505668, 0.0 ], [ -77.079344411734013, -12.068656174729927, 0.0 ], [ -77.079343806264831, -12.068655522928449, 0.0 ], [ -77.079343156073705, -12.068654914289841, 0.0 ], [ -77.079342464327908, -12.068654351768368, 0.0 ], [ -77.079341734397687, -12.068653838105606, 0.0 ], [ -77.079340969839521, -12.06865337581333, 0.0 ], [ -77.07934017437772, -12.068652967134883, 0.0 ], [ -77.079339351888123, -12.068652614062492, 0.0 ], [ -77.079338506377553, -12.068652318315923, 0.0 ], [ -77.079337641965438, -12.068652081342583, 0.0 ], [ -77.079336762862866, -12.068651904287535, 0.0 ], [ -77.079335873353102, -12.06865178801948, 0.0 ], [ -77.079334977769335, -12.068651733105073, 0.0 ], [ -77.079334080475135, -12.068651739809075, 0.0 ], [ -77.07933318584179, -12.068651808098831, 0.0 ], [ -77.079332298227882, -12.068651937644407, 0.0 ], [ -77.079331421957903, -12.068652127814465, 0.0 ], [ -77.079330561300694, -12.068652377676408, 0.0 ], [ -77.079329720449721, -12.068652686022384, 0.0 ], [ -77.079328903501064, -12.068653051343604, 0.0 ], [ -77.079328114435128, -12.068653471860628, 0.0 ], [ -77.079327357095977, -12.068653945523538, 0.0 ], [ -77.079326635173487, -12.068654470033612, 0.0 ], [ -77.079325952184561, -12.068655042826228, 0.0 ], [ -77.079325311456728, -12.068655661109757, 0.0 ], [ -77.079324716111628, -12.068656321882955, 0.0 ], [ -77.079324169049798, -12.068657021913502, 0.0 ], [ -77.079323672936283, -12.068657757802766, 0.0 ], [ -77.079323230188109, -12.068658525955724, 0.0 ], [ -77.079322842962398, -12.068659322632779, 0.0 ], [ -77.079322513145641, -12.068660143958434, 0.0 ], [ -77.079322242344617, -12.068660985925694, 0.0 ], [ -77.079322031878775, -12.06866184443059, 0.0 ], [ -77.079321882773257, -12.068662715295924, 0.0 ], [ -77.079321795754723, -12.068663594273474, 0.0 ], [ -77.079321771247194, -12.068664477090774, 0.0 ], [ -77.079321809369603, -12.068665359432838, 0.0 ], [ -77.079321909936695, -12.068666237013188, 0.0 ], [ -77.079322072458453, -12.06866710555026, 0.0 ], [ -77.079322296142777, -12.068667960811476, 0.0 ], [ -77.079322579900264, -12.068668798635453, 0.0 ], [ -77.079322922348226, -12.068669614934091, 0.0 ], [ -77.079323321818407, -12.068670405737798, 0.0 ], [ -77.079323776364603, -12.068671167186784, 0.0 ], [ -77.079324283772294, -12.068671895574104, 0.0 ], [ -77.079324841569388, -12.068672587354198, 0.0 ], [ -77.079325447038542, -12.068673239151412, 0.0 ], [ -77.079326097229867, -12.068673847794368, 0.0 ], [ -77.079326788975692, -12.068674410315881, 0.0 ], [ -77.079327518905785, -12.068674923974365, 0.0 ], [ -77.079328283464179, -12.068675386270975, 0.0 ], [ -77.079329078925895, -12.068675794949453, 0.0 ], [ -77.079329901415704, -12.06867614802186, 0.0 ], [ -77.079330746926161, -12.06867644376414, 0.0 ], [ -77.079331611338532, -12.068676680741795, 0.0 ], [ -77.079332490441061, -12.068676857796845, 0.0 ], [ -77.079333379951009, -12.068676974060589, 0.0 ], [ -77.079334275534762, -12.068677028979302, 0.0 ], [ -77.079335172829047, -12.068677022275285, 0.0 ], [ -77.079336067462563, -12.068676953981198, 0.0 ], [ -77.079336955076442, -12.068676824439905, 0.0 ], [ -77.079337831346621, -12.068676634269817, 0.0 ], [ -77.079338692003731, -12.068676384403531, 0.0 ], [ -77.079339532854931, -12.068676076061825, 0.0 ], [ -77.079340349803502, -12.068675710740569, 0.0 ], [ -77.079341138869609, -12.068675290223505, 0.0 ], [ -77.079341896208618, -12.068674816556241, 0.0 ], [ -77.079342618131278, -12.068674292050433, 0.0 ], [ -77.079343301120218, -12.068673719257776, 0.0 ], [ -77.079343941847867, -12.0686731009699, 0.0 ], [ -77.079344537192952, -12.068672440200968, 0.0 ], [ -77.079345084254854, -12.068671740166078, 0.0 ], [ -77.079345580368368, -12.068671004281091, 0.0 ], [ -77.079346023116472, -12.068670236128103, 0.0 ], [ -77.079346410342097, -12.068669439446714, 0.0 ], [ -77.079346740158812, -12.068668618125351, 0.0 ], [ -77.079347010959623, -12.06866777615808, 0.0 ], [ -77.079347221425522, -12.068666917653182, 0.0 ], [ -77.079347370530826, -12.068666046787847, 0.0 ], [ -77.079347457549247, -12.068665167805989, 0.0 ], [ -77.079347482056917, -12.068664284996009, 0.0 ] ] ] ] } },
{ "type": "Feature", "properties": { "Nombre": null, "Perimetro": 413.602, "Área": 1869.682, "Uso": "Áreas de uso recreativo/descanso", "Proy riego": "Falta aspersión", "Riego act": "Sin riego tecnificado", "Referenc_1": null, "código": "B 14", "ID": null }, "geometry": { "type": "MultiPolygon", "coordinates": [ [ [ [ -77.078361978348681, -12.064894272395394, 0.0 ], [ -77.078398294298822, -12.064743363615962, 0.0 ], [ -77.07846235710177, -12.064758388274416, 0.0 ], [ -77.078437070580009, -12.064864970179249, 0.0 ], [ -77.078453696195425, -12.064868915638995, 0.0 ], [ -77.078457201042227, -12.064854407955165, 0.0 ], [ -77.078455846623214, -12.064854086535179, 0.0 ], [ -77.07847958170386, -12.064760617167446, 0.0 ], [ -77.078608495500347, -12.064791209941195, 0.0 ], [ -77.078584760465915, -12.064884679312966, 0.0 ], [ -77.078583208927697, -12.064884311115028, 0.0 ], [ -77.078580061749847, -12.064898852846252, 0.0 ], [ -77.078631020491088, -12.064910996982025, 0.0 ], [ -77.078693449411986, -12.06465080219504, 0.0 ], [ -77.0786420300077, -12.064638406757567, 0.0 ], [ -77.078638545153254, -12.064652931126922, 0.0 ], [ -77.078639885668537, -12.064653242685113, 0.0 ], [ -77.078617388380181, -12.064747008106583, 0.0 ], [ -77.078488587381102, -12.06471595860774, 0.0 ], [ -77.078511084714734, -12.064622193189443, 0.0 ], [ -77.078512422600184, -12.064622515708127, 0.0 ], [ -77.078519408167736, -12.064593400930034, 0.0 ], [ -77.078710331593982, -12.064639426002378, 0.0 ], [ -77.078660798680815, -12.064845872160875, 0.0 ], [ -77.078671522812613, -12.064848364622391, 0.0 ], [ -77.07866751311748, -12.064865076457185, 0.0 ], [ -77.078656788985327, -12.0648625839939, 0.0 ], [ -77.078622720024043, -12.065004578460069, 0.0 ], [ -77.078633446848997, -12.065007071548274, 0.0 ], [ -77.078629437150724, -12.065023783383115, 0.0 ], [ -77.078618710325003, -12.065021290294844, 0.0 ], [ -77.078611181130341, -12.06505267086507, 0.0 ], [ -77.078738604371281, -12.065082172794918, 0.0 ], [ -77.078800228248241, -12.06482803839177, 0.0 ], [ -77.078846952790698, -12.06475191447862, 0.0 ], [ -77.078854470898392, -12.064739475754573, 0.0 ], [ -77.07885109755513, -12.064738490070578, 0.0 ], [ -77.078772576448628, -12.064715546349545, 0.0 ], [ -77.07881893851129, -12.064561849467589, 0.0 ], [ -77.078836138423227, -12.06449214222658, 0.0 ], [ -77.078600747333766, -12.064435879636338, 0.0 ], [ -77.078582655610532, -12.064433667562533, 0.0 ], [ -77.078572992834864, -12.064432690042405, 0.0 ], [ -77.078559012767712, -12.064434300998556, 0.0 ], [ -77.078542023063164, -12.064437613838505, 0.0 ], [ -77.078528693680965, -12.064442425021358, 0.0 ], [ -77.078512579951095, -12.064449058824893, 0.0 ], [ -77.078500969294495, -12.064455655147089, 0.0 ], [ -77.078490608530629, -12.064461576725753, 0.0 ], [ -77.078481493751099, -12.064468246549778, 0.0 ], [ -77.078474465843826, -12.064474375387983, 0.0 ], [ -77.078467186166151, -12.064481553061363, 0.0 ], [ -77.078461381506358, -12.064488292388418, 0.0 ], [ -77.078453927945688, -12.064498779494988, 0.0 ], [ -77.078445485981661, -12.064512446164121, 0.0 ], [ -77.078439718293751, -12.064523670742577, 0.0 ], [ -77.078437383029893, -12.064528164615002, 0.0 ], [ -77.078433794958542, -12.064536054227316, 0.0 ], [ -77.078416085243916, -12.064585388348458, 0.0 ], [ -77.078397247597408, -12.064672754655877, 0.0 ], [ -77.078351240516525, -12.064892090615874, 0.0 ], [ -77.078361978348681, -12.064894272395394, 0.0 ] ] ] ] } },
{ "type": "Feature", "properties": { "Nombre": null, "Perimetro": 239.241, "Área": 678.098, "Uso": "Áreas de manejo sostenible y reducción de consumo de agua", "Proy riego": "Goteo", "Riego act": "Sin riego tecnificado", "Referenc_1": null, "código": "B 13", "ID": null }, "geometry": { "type": "MultiPolygon", "coordinates": [ [ [ [ -77.078406050149923, -12.064932938519691, 0.0 ], [ -77.078408732218591, -12.064905171220566, 0.0 ], [ -77.078361978348681, -12.064894272395394, 0.0 ], [ -77.078351240516525, -12.064892090615874, 0.0 ], [ -77.078350136667638, -12.064897353145691, 0.0 ], [ -77.078339436169713, -12.064952699186057, 0.0 ], [ -77.078310727536092, -12.065116207715247, 0.0 ], [ -77.078287803261219, -12.065236521930936, 0.0 ], [ -77.078249341970903, -12.065461503659732, 0.0 ], [ -77.078224019076458, -12.065632391211231, 0.0 ], [ -77.078200543325991, -12.065803135785833, 0.0 ], [ -77.078188209622922, -12.065891238877159, 0.0 ], [ -77.078188450550783, -12.065891879343123, 0.0 ], [ -77.078188733338848, -12.065892503013396, 0.0 ], [ -77.078189056787124, -12.065893107236883, 0.0 ], [ -77.078189419522545, -12.065893689448853, 0.0 ], [ -77.078189820005832, -12.065894247180626, 0.0 ], [ -77.078190256537312, -12.065894778065994, 0.0 ], [ -77.078190727264072, -12.065895279847629, 0.0 ], [ -77.078191230188366, -12.065895750398575, 0.0 ], [ -77.078191763175724, -12.065896187717881, 0.0 ], [ -77.078192323964132, -12.065896589960689, 0.0 ], [ -77.078192910173357, -12.065896955407995, 0.0 ], [ -77.07819351931569, -12.065897282509676, 0.0 ], [ -77.078194148805665, -12.065897569884426, 0.0 ], [ -77.078194795971541, -12.065897816306707, 0.0 ], [ -77.078195458066844, -12.065898020739027, 0.0 ], [ -77.078196132281562, -12.065898182299497, 0.0 ], [ -77.078196815754154, -12.065898300316748, 0.0 ], [ -77.078202043137381, -12.06589951024675, 0.0 ], [ -77.078213535021646, -12.06590111673297, 0.0 ], [ -77.078214713282279, -12.065900719070177, 0.0 ], [ -77.07821896693099, -12.065894935255663, 0.0 ], [ -77.078225413223578, -12.065889975912118, 0.0 ], [ -77.078245282111538, -12.065745461567888, 0.0 ], [ -77.078252625191908, -12.065690844673073, 0.0 ], [ -77.078256519191555, -12.065691752601611, 0.0 ], [ -77.078271431024618, -12.065627644868762, 0.0 ], [ -77.078272772035106, -12.065627955494538, 0.0 ], [ -77.078278346017171, -12.0656039926671, 0.0 ], [ -77.078279506825865, -12.065595403606538, 0.0 ], [ -77.078301146815122, -12.065502372182424, 0.0 ], [ -77.078302488047157, -12.065502680820632, 0.0 ], [ -77.078313000651804, -12.065457486577706, 0.0 ], [ -77.078310497019103, -12.065456910453083, 0.0 ], [ -77.078332116501826, -12.065363967127221, 0.0 ], [ -77.078342877838409, -12.065321419071713, 0.0 ], [ -77.078358204642086, -12.06525654241638, 0.0 ], [ -77.078360887074851, -12.065257159695598, 0.0 ], [ -77.078371721894655, -12.065211297093963, 0.0 ], [ -77.078369039462373, -12.065210679814774, 0.0 ], [ -77.078373584371377, -12.065191441712122, 0.0 ], [ -77.078351939905872, -12.06518648848609, 0.0 ], [ -77.078364500801428, -12.065133319598736, 0.0 ], [ -77.078376581685944, -12.065083015624401, 0.0 ], [ -77.078389766681553, -12.065029993311095, 0.0 ], [ -77.078390653126661, -12.065030206837651, 0.0 ], [ -77.078409061196496, -12.064956180360687, 0.0 ], [ -77.078400409726498, -12.064954096397395, 0.0 ], [ -77.078405692454169, -12.06493285235805, 0.0 ], [ -77.078406050149923, -12.064932938519691, 0.0 ] ] ] ] } },
{ "type": "Feature", "properties": { "Nombre": null, "Perimetro": 110.289, "Área": 141.611, "Uso": "Áreas de uso administrativo", "Proy riego": "Por validar con unidad", "Riego act": "Sin riego tecnificado", "Referenc_1": null, "código": null, "ID": null }, "geometry": { "type": "MultiPolygon", "coordinates": [ [ [ [ -77.078342877838409, -12.065321419071713, 0.0 ], [ -77.078332116501826, -12.065363967127221, 0.0 ], [ -77.078463288934998, -12.065394151906643, 0.0 ], [ -77.078441669498602, -12.065487095235477, 0.0 ], [ -77.078439165865547, -12.065486519112104, 0.0 ], [ -77.078435436255475, -12.065502552937565, 0.0 ], [ -77.078473049770821, -12.065511208366349, 0.0 ], [ -77.07847587283959, -12.065496423200189, 0.0 ], [ -77.07845656184125, -12.065491943053079, 0.0 ], [ -77.078478812554522, -12.06539775808999, 0.0 ], [ -77.078512999181314, -12.065405689380384, 0.0 ], [ -77.078516335783931, -12.065391565875702, 0.0 ], [ -77.07849844447216, -12.065387486320255, 0.0 ], [ -77.078501834244264, -12.065373137757643, 0.0 ], [ -77.078519725555068, -12.065377217313024, 0.0 ], [ -77.078523298757403, -12.065362937311143, 0.0 ], [ -77.07848911517894, -12.065355071038567, 0.0 ], [ -77.078504753888879, -12.065288873960341, 0.0 ], [ -77.078538954912659, -12.065296744248801, 0.0 ], [ -77.078542295474847, -12.065282603976065, 0.0 ], [ -77.078491062390015, -12.065270409045624, 0.0 ], [ -77.078487319081475, -12.065286254090857, 0.0 ], [ -77.078490001514623, -12.06528687136873, 0.0 ], [ -77.078474674743447, -12.065351748026272, 0.0 ], [ -77.078342877838409, -12.065321419071713, 0.0 ] ] ] ] } },
{ "type": "Feature", "properties": { "Nombre": null, "Perimetro": 26.797, "Área": 43.933, "Uso": "Áreas de uso administrativo", "Proy riego": "Por validar con unidad", "Riego act": "Sin riego tecnificado", "Referenc_1": null, "código": null, "ID": null }, "geometry": { "type": "MultiPolygon", "coordinates": [ [ [ [ -77.078400414550671, -12.065657522011684, 0.0 ], [ -77.078385459111104, -12.065721816316094, 0.0 ], [ -77.078412849627782, -12.065728202697668, 0.0 ], [ -77.078441787259763, -12.065708471149049, 0.0 ], [ -77.078453171549285, -12.065659529381296, 0.0 ], [ -77.078401327947205, -12.065647520589717, 0.0 ], [ -77.078399073767841, -12.065657211439348, 0.0 ], [ -77.078400414550671, -12.065657522011684, 0.0 ] ] ] ] } },
{ "type": "Feature", "properties": { "Nombre": null, "Perimetro": 51.512, "Área": 123.574, "Uso": "Áreas de uso administrativo", "Proy riego": "Por validar con unidad", "Riego act": "Sin riego tecnificado", "Referenc_1": null, "código": null, "ID": null }, "geometry": { "type": "MultiPolygon", "coordinates": [ [ [ [ -77.080424407645168, -12.065977597094019, 0.0 ], [ -77.080450645375066, -12.065984869783346, 0.0 ], [ -77.08046179172662, -12.06598756731742, 0.0 ], [ -77.080470968269196, -12.065989788136635, 0.0 ], [ -77.080477828849666, -12.0660008982034, 0.0 ], [ -77.080475593678997, -12.066009663988615, 0.0 ], [ -77.080498782796298, -12.066015362960366, 0.0 ], [ -77.080529944851207, -12.065839459151547, 0.0 ], [ -77.08052993335447, -12.065837969114453, 0.0 ], [ -77.080529601617556, -12.065836871919416, 0.0 ], [ -77.08052891070389, -12.065835691831106, 0.0 ], [ -77.080527996540724, -12.065834960198673, 0.0 ], [ -77.080526352017941, -12.065834247931333, 0.0 ], [ -77.080524877264622, -12.065834317788358, 0.0 ], [ -77.080523606824414, -12.065834967334082, 0.0 ], [ -77.080522461148206, -12.065835680843794, 0.0 ], [ -77.080521316765555, -12.065836453178555, 0.0 ], [ -77.080520138092837, -12.065837351996807, 0.0 ], [ -77.080518343006929, -12.065838673326931, 0.0 ], [ -77.080517162643957, -12.065839570731516, 0.0 ], [ -77.080516043203772, -12.065840421817811, 0.0 ], [ -77.080515011613741, -12.065841228118702, 0.0 ], [ -77.080512884784383, -12.065842757314906, 0.0 ], [ -77.080505799548163, -12.065848071876598, 0.0 ], [ -77.080494611736299, -12.065856546394521, 0.0 ], [ -77.080480584617618, -12.065866928409546, 0.0 ], [ -77.080469208749648, -12.065875298073097, 0.0 ], [ -77.080457176936193, -12.065884190384265, 0.0 ], [ -77.080450022298294, -12.065889542903838, 0.0 ], [ -77.080448564364829, -12.065890595709561, 0.0 ], [ -77.080448020853424, -12.065890781267838, 0.0 ], [ -77.080446539171874, -12.065890481246514, 0.0 ], [ -77.080424407645168, -12.065977597094019, 0.0 ] ] ] ] } },
{ "type": "Feature", "properties": { "Nombre": null, "Perimetro": 81.607, "Área": 234.573, "Uso": "Áreas de uso recreativo/descanso", "Proy riego": "Falta aspersión", "Riego act": "Sin riego tecnificado", "Referenc_1": null, "código": null, "ID": null }, "geometry": { "type": "MultiPolygon", "coordinates": [ [ [ [ -77.080394230849876, -12.066201330157689, 0.0 ], [ -77.080394791412715, -12.066202138583701, 0.0 ], [ -77.080395301564181, -12.066202978720348, 0.0 ], [ -77.08039575945763, -12.066203847535732, 0.0 ], [ -77.080396163435907, -12.066204741876806, 0.0 ], [ -77.080396512036643, -12.06620565851369, 0.0 ], [ -77.080396803997758, -12.066206594126689, 0.0 ], [ -77.080397038262333, -12.066207545321989, 0.0 ], [ -77.080418011238294, -12.06630548434438, 0.0 ], [ -77.080418289685383, -12.066306590934618, 0.0 ], [ -77.080418646193181, -12.066307675616576, 0.0 ], [ -77.080419079010866, -12.066308733056138, 0.0 ], [ -77.080419586012582, -12.066309758065369, 0.0 ], [ -77.080420164708841, -12.066310745614182, 0.0 ], [ -77.080420812257458, -12.066311690849673, 0.0 ], [ -77.080421525478215, -12.066312589124017, 0.0 ], [ -77.08042230086852, -12.066313436033129, 0.0 ], [ -77.080423134620403, -12.066314227416544, 0.0 ], [ -77.080424022639164, -12.066314959383142, 0.0 ], [ -77.080424960563917, -12.066315628341147, 0.0 ], [ -77.08042594378847, -12.066316231006601, 0.0 ], [ -77.080426967483945, -12.066316764420423, 0.0 ], [ -77.080428026623125, -12.066317225961175, 0.0 ], [ -77.080429116004538, -12.066317613362099, 0.0 ], [ -77.080430230278139, -12.066317924719554, 0.0 ], [ -77.080431363971584, -12.066318158507903, 0.0 ], [ -77.080432511517444, -12.066318313572847, 0.0 ], [ -77.080433667280005, -12.066318389161903, 0.0 ], [ -77.080501307134071, -12.066320473853558, 0.0 ], [ -77.080498667856673, -12.066025918830817, 0.0 ], [ -77.080497569347088, -12.066025647054815, 0.0 ], [ -77.080473166723124, -12.066121191334885, 0.0 ], [ -77.080448646758043, -12.066115165294756, 0.0 ], [ -77.080446462569057, -12.06612381788177, 0.0 ], [ -77.080435100723875, -12.066130449593715, 0.0 ], [ -77.080425932938837, -12.066128196512924, 0.0 ], [ -77.080414796611791, -12.066125459641469, 0.0 ], [ -77.080410069358436, -12.066136079418687, 0.0 ], [ -77.080409529918427, -12.066137054256188, 0.0 ], [ -77.08040905850433, -12.066138062683414, 0.0 ], [ -77.080408657262268, -12.066139100102582, 0.0 ], [ -77.080408328019516, -12.066140161791807, 0.0 ], [ -77.080408072275148, -12.066141242919608, 0.0 ], [ -77.080407891193587, -12.066142338560036, 0.0 ], [ -77.080407785599334, -12.066143443725045, 0.0 ], [ -77.080407755973127, -12.066144553381744, 0.0 ], [ -77.080407802450054, -12.066145662478293, 0.0 ], [ -77.080407924818459, -12.066146765965417, 0.0 ], [ -77.080408122521021, -12.066147858824467, 0.0 ], [ -77.080408394657582, -12.06614893606519, 0.0 ], [ -77.08040873998921, -12.066149992793719, 0.0 ], [ -77.080409410790452, -12.066153218974799, 0.0 ], [ -77.080409845331687, -12.066156484127506, 0.0 ], [ -77.080410041385264, -12.06615977151163, 0.0 ], [ -77.080409997946006, -12.066163064277706, 0.0 ], [ -77.080409715236684, -12.066166345545563, 0.0 ], [ -77.080409194706576, -12.066169598492653, 0.0 ], [ -77.080408439023969, -12.066172806446779, 0.0 ], [ -77.080407452062445, -12.066175952959448, 0.0 ], [ -77.080406238881523, -12.066179021911594, 0.0 ], [ -77.080404805699942, -12.066181997554754, 0.0 ], [ -77.080403159864559, -12.066184864651648, 0.0 ], [ -77.080394230849876, -12.066201330157689, 0.0 ] ] ] ] } },
{ "type": "Feature", "properties": { "Nombre": null, "Perimetro": 76.165, "Área": 313.161, "Uso": "Áreas de uso recreativo/descanso", "Proy riego": "Falta aspersión", "Riego act": "Sin riego tecnificado", "Referenc_1": null, "código": "B 6", "ID": null }, "geometry": { "type": "MultiPolygon", "coordinates": [ [ [ [ -77.079689130267084, -12.06609895902676, 0.0 ], [ -77.079631448909467, -12.066327489142349, 0.0 ], [ -77.079708597266034, -12.066344974711258, 0.0 ], [ -77.079827373906454, -12.066234493663734, 0.0 ], [ -77.07973081262675, -12.066134686140622, 0.0 ], [ -77.079737336814219, -12.066109043343735, 0.0 ], [ -77.079720126871152, -12.066104878362779, 0.0 ], [ -77.079719754125051, -12.066106370314374, 0.0 ], [ -77.079689130267084, -12.06609895902676, 0.0 ] ] ] ] } },
{ "type": "Feature", "properties": { "Nombre": null, "Perimetro": 105.445, "Área": 173.955, "Uso": "Áreas de uso administrativo", "Proy riego": "Por validar con unidad", "Riego act": "Sin riego tecnificado", "Referenc_1": null, "código": null, "ID": null }, "geometry": { "type": "MultiPolygon", "coordinates": [ [ [ [ -77.080537192523906, -12.066310014691503, 0.0 ], [ -77.080545901182788, -12.066508295356311, 0.0 ], [ -77.080598269809016, -12.066509417329961, 0.0 ], [ -77.080603232293001, -12.066310070293298, 0.0 ], [ -77.080523366678506, -12.066308179777927, 0.0 ], [ -77.080518399670936, -12.066507706145144, 0.0 ], [ -77.080538357306892, -12.066508133731432, 0.0 ], [ -77.080529647908435, -12.066309836100562, 0.0 ], [ -77.080537192523906, -12.066310014691503, 0.0 ] ] ] ] } },
{ "type": "Feature", "properties": { "Nombre": null, "Perimetro": 59.301, "Área": 105.511, "Uso": "Áreas de uso recreativo/descanso", "Proy riego": "Falta aspersión", "Riego act": "Sin riego tecnificado", "Referenc_1": null, "código": null, "ID": null }, "geometry": { "type": "MultiPolygon", "coordinates": [ [ [ [ -77.080428638349787, -12.066398062712963, 0.0 ], [ -77.080433845478225, -12.066415785077485, 0.0 ], [ -77.080437942685307, -12.066433787462138, 0.0 ], [ -77.080440914660997, -12.066452002591607, 0.0 ], [ -77.080442750300151, -12.066470362412183, 0.0 ], [ -77.080443442743515, -12.066488798312623, 0.0 ], [ -77.080442989403593, -12.066507241410585, 0.0 ], [ -77.080441391973864, -12.066525622787381, 0.0 ], [ -77.080438656423169, -12.06654387376388, 0.0 ], [ -77.080434792972852, -12.066561926144132, 0.0 ], [ -77.080429816058825, -12.066579712467796, 0.0 ], [ -77.080423744277681, -12.066597166284, 0.0 ], [ -77.080420307255778, -12.066595891302532, 0.0 ], [ -77.080417712282809, -12.066595247460095, 0.0 ], [ -77.080417700127455, -12.066596249068676, 0.0 ], [ -77.080417760042067, -12.066597249008382, 0.0 ], [ -77.080417891726128, -12.066598242261907, 0.0 ], [ -77.08041809451926, -12.066599223854423, 0.0 ], [ -77.080418367403738, -12.066600188852609, 0.0 ], [ -77.080418709010601, -12.066601132422711, 0.0 ], [ -77.080419117625667, -12.066602049824066, 0.0 ], [ -77.080419591198932, -12.066602936452115, 0.0 ], [ -77.080420127354401, -12.066603787864185, 0.0 ], [ -77.080420723401957, -12.066604599788032, 0.0 ], [ -77.080421376351168, -12.066605368147586, 0.0 ], [ -77.08042208292575, -12.066606089088697, 0.0 ], [ -77.080422839580976, -12.066606758991949, 0.0 ], [ -77.080423642520131, -12.06660737449838, 0.0 ], [ -77.080424487714893, -12.066607932517948, 0.0 ], [ -77.08042537092463, -12.066608430255267, 0.0 ], [ -77.080426287718069, -12.066608865213714, 0.0 ], [ -77.0804272334953, -12.066609235203929, 0.0 ], [ -77.080428203511218, -12.066609538371601, 0.0 ], [ -77.08042919289889, -12.06660977320384, 0.0 ], [ -77.080430196694195, -12.066609938507785, 0.0 ], [ -77.080439340999575, -12.066609882360707, 0.0 ], [ -77.080442039727885, -12.066609583722927, 0.0 ], [ -77.080444711970955, -12.066609107297694, 0.0 ], [ -77.080447345652118, -12.066608455238867, 0.0 ], [ -77.080449928869257, -12.066607630503393, 0.0 ], [ -77.080452449947757, -12.066606636809393, 0.0 ], [ -77.08045489749432, -12.066605478650724, 0.0 ], [ -77.080457260447474, -12.066604161264344, 0.0 ], [ -77.080459528128586, -12.066602690595419, 0.0 ], [ -77.080461690289098, -12.066601073296987, 0.0 ], [ -77.080463737157729, -12.066599316677889, 0.0 ], [ -77.080465659483906, -12.066597428672269, 0.0 ], [ -77.080467448580279, -12.066595417817714, 0.0 ], [ -77.080469096361099, -12.066593293198954, 0.0 ], [ -77.080470595379893, -12.066591064421694, 0.0 ], [ -77.08047193886172, -12.066588741552065, 0.0 ], [ -77.080473120735391, -12.066586335094824, 0.0 ], [ -77.080474135659486, -12.066583855919893, 0.0 ], [ -77.080474979047182, -12.066581315232019, 0.0 ], [ -77.080475647087226, -12.066578724516722, 0.0 ], [ -77.080476136760282, -12.066576095482054, 0.0 ], [ -77.080476445853378, -12.06657344000398, 0.0 ], [ -77.080480371533625, -12.06641990793131, 0.0 ], [ -77.080479922855091, -12.066417376330872, 0.0 ], [ -77.080479300804427, -12.066414880505997, 0.0 ], [ -77.080478508244553, -12.066412431930251, 0.0 ], [ -77.080477548823467, -12.066410041878266, 0.0 ], [ -77.080476426956793, -12.06640772135605, 0.0 ], [ -77.080475147808002, -12.066405481034348, 0.0 ], [ -77.080473717264709, -12.06640333123371, 0.0 ], [ -77.08047214191096, -12.066401281838541, 0.0 ], [ -77.080470428997415, -12.066399342292973, 0.0 ], [ -77.080468586408159, -12.066397521514967, 0.0 ], [ -77.080466622623547, -12.066395827890076, 0.0 ], [ -77.080464546682109, -12.066394269204983, 0.0 ], [ -77.08046236813891, -12.066392852647976, 0.0 ], [ -77.080460048912073, -12.06639173290494, 0.0 ], [ -77.080457665759681, -12.06639075176872, 0.0 ], [ -77.080455227223425, -12.066389912741464, 0.0 ], [ -77.080452742043306, -12.066389218845663, 0.0 ], [ -77.080450219127002, -12.066388672557402, 0.0 ], [ -77.080447667516822, -12.066388275841073, 0.0 ], [ -77.080445096358474, -12.06638803011662, 0.0 ], [ -77.080440146734105, -12.066387846011454, 0.0 ], [ -77.080438887884796, -12.066387820486728, 0.0 ], [ -77.08043763002344, -12.06638787580453, 0.0 ], [ -77.080436378502654, -12.066388011711693, 0.0 ], [ -77.080435138647971, -12.066388227640489, 0.0 ], [ -77.080433915735625, -12.066388522674485, 0.0 ], [ -77.080432714969319, -12.066388895550864, 0.0 ], [ -77.080431541459006, -12.066389344684289, 0.0 ], [ -77.080430400198281, -12.066389868167082, 0.0 ], [ -77.080429296043576, -12.066390463769354, 0.0 ], [ -77.080428233693596, -12.066391128956436, 0.0 ], [ -77.080427217669154, -12.066391860897612, 0.0 ], [ -77.080426252293506, -12.066392656479211, 0.0 ], [ -77.080425341674953, -12.066393512313359, 0.0 ], [ -77.080424489688312, -12.066394424763965, 0.0 ], [ -77.080423699959226, -12.066395389938231, 0.0 ], [ -77.080422975848236, -12.066396403738482, 0.0 ], [ -77.080422320436838, -12.066397461851485, 0.0 ], [ -77.080421736513955, -12.066398559763645, 0.0 ], [ -77.08042122656434, -12.066399692813734, 0.0 ], [ -77.080424963552488, -12.066399229047617, 0.0 ], [ -77.080428638349787, -12.066398062712963, 0.0 ] ] ] ] } },
{ "type": "Feature", "properties": { "Nombre": null, "Perimetro": 26.875, "Área": 30.698, "Uso": "Áreas de uso recreativo/descanso", "Proy riego": "Falta aspersión", "Riego act": "Sin riego tecnificado", "Referenc_1": null, "código": "B 5", "ID": null }, "geometry": { "type": "MultiPolygon", "coordinates": [ [ [ [ -77.079548279968222, -12.06635433272932, 0.0 ], [ -77.079542609999933, -12.066377158261783, 0.0 ], [ -77.079533690091779, -12.066375011941521, 0.0 ], [ -77.079527744797971, -12.066398945842851, 0.0 ], [ -77.079544309963666, -12.066413271268644, 0.0 ], [ -77.079599850701555, -12.066351151743724, 0.0 ], [ -77.079543647902767, -12.066337483902617, 0.0 ], [ -77.079540564144935, -12.066347339140689, 0.0 ], [ -77.079539360060863, -12.066352186409125, 0.0 ], [ -77.079548279968222, -12.06635433272932, 0.0 ] ] ] ] } },
{ "type": "Feature", "properties": { "Nombre": null, "Perimetro": 48.116, "Área": 67.55, "Uso": "Áreas de manejo sostenible y reducción de consumo de agua", "Proy riego": "Goteo", "Riego act": "Sin riego tecnificado", "Referenc_1": null, "código": null, "ID": null }, "geometry": { "type": "MultiPolygon", "coordinates": [ [ [ [ -77.081580877430156, -12.066485417635372, 0.0 ], [ -77.081572034790156, -12.066620445110155, 0.0 ], [ -77.081571834336401, -12.066625844025793, 0.0 ], [ -77.081571872460856, -12.066625845396937, 0.0 ], [ -77.081571802517132, -12.066627188839686, 0.0 ], [ -77.081584136933344, -12.066627986858775, 0.0 ], [ -77.081585353730844, -12.066627956517396, 0.0 ], [ -77.081586565857151, -12.066627847373377, 0.0 ], [ -77.081587768050795, -12.066627659916549, 0.0 ], [ -77.08158895509375, -12.066627394955169, 0.0 ], [ -77.081590121833045, -12.066627053637506, 0.0 ], [ -77.081591263204615, -12.066626637445134, 0.0 ], [ -77.081592374253944, -12.066626148192809, 0.0 ], [ -77.081593450158309, -12.066625587991684, 0.0 ], [ -77.08159448624744, -12.066624959278752, 0.0 ], [ -77.081599469091955, -12.066614807569618, 0.0 ], [ -77.081606125255931, -12.066543715141457, 0.0 ], [ -77.08161144274905, -12.066490803625724, 0.0 ], [ -77.081614409111779, -12.066464213018016, 0.0 ], [ -77.0816149375473, -12.066459813897339, 0.0 ], [ -77.081586522414199, -12.066441482105345, 0.0 ], [ -77.081586170031798, -12.066442011199618, 0.0 ], [ -77.081559842029392, -12.066481542099806, 0.0 ], [ -77.081559760369942, -12.066482036063711, 0.0 ], [ -77.081580877430156, -12.066485417635372, 0.0 ] ] ] ] } },
{ "type": "Feature", "properties": { "Nombre": null, "Perimetro": 18.707, "Área": 18.63, "Uso": "Áreas de manejo sostenible y reducción de consumo de agua", "Proy riego": "Goteo", "Riego act": "Sin riego tecnificado", "Referenc_1": null, "código": null, "ID": null }, "geometry": { "type": "MultiPolygon", "coordinates": [ [ [ [ -77.081589745055837, -12.066385208514005, 0.0 ], [ -77.08156910579288, -12.066416197906745, 0.0 ], [ -77.081569643376383, -12.066416544724508, 0.0 ], [ -77.08158371845883, -12.066425625152579, 0.0 ], [ -77.081587242282595, -12.066420334209857, 0.0 ], [ -77.081617346961679, -12.066439756000518, 0.0 ], [ -77.081617580329322, -12.066437813261247, 0.0 ], [ -77.081620433879465, -12.06641360046895, 0.0 ], [ -77.081621558766315, -12.066404651668119, 0.0 ], [ -77.081590786056537, -12.066384799461952, 0.0 ], [ -77.081590282639326, -12.06638555533177, 0.0 ], [ -77.081589745055837, -12.066385208514005, 0.0 ] ] ] ] } },
{ "type": "Feature", "properties": { "Nombre": null, "Perimetro": 108.172, "Área": 183.679, "Uso": "Áreas de manejo sostenible y reducción de consumo de agua", "Proy riego": "Goteo", "Riego act": "Sin riego tecnificado", "Referenc_1": null, "código": null, "ID": null }, "geometry": { "type": "MultiPolygon", "coordinates": [ [ [ [ -77.081375623915676, -12.065443251798385, 0.0 ], [ -77.08134506734369, -12.065575987028607, 0.0 ], [ -77.081344219025894, -12.065579388685032, 0.0 ], [ -77.081455756740397, -12.065607547724399, 0.0 ], [ -77.081475943160711, -12.065531848530062, 0.0 ], [ -77.081473821769535, -12.06552865157648, 0.0 ], [ -77.081450280746324, -12.065522669538842, 0.0 ], [ -77.081439736173635, -12.065562211737259, 0.0 ], [ -77.081391988435996, -12.065551630426, 0.0 ], [ -77.081397269776474, -12.065520886230248, 0.0 ], [ -77.081386505744078, -12.065518565916872, 0.0 ], [ -77.081388906290627, -12.065507981189102, 0.0 ], [ -77.081380626114111, -12.065506196299692, 0.0 ], [ -77.081381620230133, -12.065501729026069, 0.0 ], [ -77.081382436024683, -12.065503305862089, 0.0 ], [ -77.081395898328338, -12.065496201042736, 0.0 ], [ -77.081393626676501, -12.065491882841638, 0.0 ], [ -77.081454964629856, -12.065505104950409, 0.0 ], [ -77.081453311167621, -12.065511305442904, 0.0 ], [ -77.081477299368061, -12.06551740111343, 0.0 ], [ -77.081480244320403, -12.065515719152168, 0.0 ], [ -77.08151553144917, -12.06538339212972, 0.0 ], [ -77.081490810301176, -12.065375290057789, 0.0 ], [ -77.081467056050613, -12.065463923613656, 0.0 ], [ -77.081465680884989, -12.065463612703857, 0.0 ], [ -77.081375623915676, -12.065443251798385, 0.0 ] ] ] ] } },
{ "type": "Feature", "properties": { "Nombre": null, "Perimetro": 48.009, "Área": 123.404, "Uso": "Áreas de uso recreativo/descanso", "Proy riego": "Falta aspersión", "Riego act": "Sin riego tecnificado", "Referenc_1": null, "código": null, "ID": null }, "geometry": { "type": "MultiPolygon", "coordinates": [ [ [ [ -77.079336246656368, -12.066780890765211, 0.0 ], [ -77.079334416539851, -12.066920962179406, 0.0 ], [ -77.079407687925439, -12.066921889501169, 0.0 ], [ -77.079408140328766, -12.066887263163633, 0.0 ], [ -77.079403275953979, -12.066887204088868, 0.0 ], [ -77.079403324672271, -12.066883318211435, 0.0 ], [ -77.079408191098622, -12.066883377311168, 0.0 ], [ -77.079409518003715, -12.066781818092757, 0.0 ], [ -77.079336246656368, -12.066780890765211, 0.0 ] ] ] ] } },
{ "type": "Feature", "properties": { "Nombre": null, "Perimetro": 406.199, "Área": 1596.958, "Uso": "Áreas de uso recreativo/descanso", "Proy riego": "Falta aspersión", "Riego act": "Sin riego tecnificado", "Referenc_1": null, "código": "D 1", "ID": null }, "geometry": { "type": "MultiPolygon", "coordinates": [ [ [ [ -77.078565018181578, -12.067124045125963, 0.0 ], [ -77.078572728893249, -12.067131768742358, 0.0 ], [ -77.078578019287903, -12.067136096826262, 0.0 ], [ -77.078582436053637, -12.06713933032049, 0.0 ], [ -77.078586962800117, -12.067142413962273, 0.0 ], [ -77.078590404076536, -12.067144660175709, 0.0 ], [ -77.078595023054419, -12.067147609861971, 0.0 ], [ -77.078595966686024, -12.067147602815098, 0.0 ], [ -77.078595973518318, -12.06714703647115, 0.0 ], [ -77.078879291292552, -12.067150347119668, 0.0 ], [ -77.078955348414112, -12.067157015755416, 0.0 ], [ -77.079173605212148, -12.067167118432932, 0.0 ], [ -77.079432501664741, -12.067171649713597, 0.0 ], [ -77.079624292559714, -12.06717689706179, 0.0 ], [ -77.079638604343089, -12.067176077878647, 0.0 ], [ -77.079659723648817, -12.067165178547073, 0.0 ], [ -77.079697519444963, -12.067130002309714, 0.0 ], [ -77.079697784354934, -12.067115133073612, 0.0 ], [ -77.079657688374738, -12.067073608147105, 0.0 ], [ -77.079658686817808, -12.067072674275344, 0.0 ], [ -77.079681180925121, -12.06709597003341, 0.0 ], [ -77.07969108831135, -12.067090770538584, 0.0 ], [ -77.07969643480331, -12.067090496595972, 0.0 ], [ -77.079689163720943, -12.067008927980227, 0.0 ], [ -77.079644020729646, -12.066962150393804, 0.0 ], [ -77.079600801238556, -12.066788254157565, 0.0 ], [ -77.079590325359987, -12.066789888659162, 0.0 ], [ -77.079588588617568, -12.066922823141509, 0.0 ], [ -77.079631561517658, -12.066923366969023, 0.0 ], [ -77.079630794117563, -12.0669821065842, 0.0 ], [ -77.079620234957119, -12.066981972957675, 0.0 ], [ -77.079611208755665, -12.066990897088518, 0.0 ], [ -77.079645365345357, -12.066991329340736, 0.0 ], [ -77.079644404331276, -12.06706488941176, 0.0 ], [ -77.078573613028823, -12.06705133657734, 0.0 ], [ -77.078575116401922, -12.066936297232109, 0.0 ], [ -77.078548488942445, -12.066935960158075, 0.0 ], [ -77.078550471814651, -12.066784231120463, 0.0 ], [ -77.07853666805542, -12.066783821917873, 0.0 ], [ -77.078536306840192, -12.066795625063037, 0.0 ], [ -77.078536207202404, -12.06679629575304, 0.0 ], [ -77.078535888196583, -12.066812548338385, 0.0 ], [ -77.078535688620363, -12.066835579276187, 0.0 ], [ -77.0785353419475, -12.066858608459091, 0.0 ], [ -77.078534955779148, -12.066889768400538, 0.0 ], [ -77.078534558151972, -12.06692363617138, 0.0 ], [ -77.07853421820613, -12.066956150420797, 0.0 ], [ -77.078533952358768, -12.066984601126235, 0.0 ], [ -77.078533560621764, -12.067015760193854, 0.0 ], [ -77.078533408944921, -12.067037436640701, 0.0 ], [ -77.078533657598115, -12.067053690916024, 0.0 ], [ -77.078534126262213, -12.067061805026912, 0.0 ], [ -77.078534757580556, -12.067067185489361, 0.0 ], [ -77.078535541533952, -12.067071173280899, 0.0 ], [ -77.078536519037328, -12.067075121173508, 0.0 ], [ -77.078537532753032, -12.067079061231441, 0.0 ], [ -77.078539163978405, -12.067084231389714, 0.0 ], [ -77.078540815820034, -12.067087952643064, 0.0 ], [ -77.07854271228679, -12.067091561114029, 0.0 ], [ -77.078546083529545, -12.067097465866899, 0.0 ], [ -77.078550348590881, -12.067104425362489, 0.0 ], [ -77.078554127762246, -12.067110085234104, 0.0 ], [ -77.078557312016926, -12.06711450506802, 0.0 ], [ -77.078565018181578, -12.067124045125963, 0.0 ] ] ] ] } },
{ "type": "Feature", "properties": { "Nombre": null, "Perimetro": 111.663, "Área": 455.828, "Uso": "Áreas de manejo sostenible y reducción de consumo de agua", "Proy riego": "Goteo", "Riego act": "Sin riego tecnificado", "Referenc_1": null, "código": "D 2", "ID": null }, "geometry": { "type": "MultiPolygon", "coordinates": [ [ [ [ -77.078129824442641, -12.067056858804929, 0.0 ], [ -77.078124301551895, -12.06711797947802, 0.0 ], [ -77.078127172038734, -12.067118242253418, 0.0 ], [ -77.078125842584257, -12.06713237085633, 0.0 ], [ -77.07812302776739, -12.067132076183629, 0.0 ], [ -77.078122464027189, -12.067138314978013, 0.0 ], [ -77.078169275348671, -12.067139309309765, 0.0 ], [ -77.078169290017058, -12.067138640387705, 0.0 ], [ -77.078545063269672, -12.067146622001625, 0.0 ], [ -77.078545763660756, -12.067146601930707, 0.0 ], [ -77.078537233776999, -12.067136924833838, 0.0 ], [ -77.078529734618556, -12.067127211938145, 0.0 ], [ -77.078521470298696, -12.067114719383675, 0.0 ], [ -77.078515768193625, -12.06710389079042, 0.0 ], [ -77.07850937156303, -12.067087439393756, 0.0 ], [ -77.078505988945651, -12.067075707228529, 0.0 ], [ -77.078504765871941, -12.067067667454904, 0.0 ], [ -77.078504275855025, -12.067058191490585, 0.0 ], [ -77.078504060992188, -12.067048026259387, 0.0 ], [ -77.078254624185433, -12.067043146648039, 0.0 ], [ -77.078254507563997, -12.067052196118015, 0.0 ], [ -77.07824532680516, -12.067051992233756, 0.0 ], [ -77.078245443114056, -12.067042967038912, 0.0 ], [ -77.078145792513638, -12.067041017556409, 0.0 ], [ -77.07814463607356, -12.067041177943286, 0.0 ], [ -77.078143492645879, -12.067041411857089, 0.0 ], [ -77.078142367050575, -12.067041718297551, 0.0 ], [ -77.078141264032666, -12.067042095981606, 0.0 ], [ -77.078140188241505, -12.067042543320946, 0.0 ], [ -77.078139144212145, -12.067043058419953, 0.0 ], [ -77.078138136345672, -12.067043639116845, 0.0 ], [ -77.078137168890549, -12.067044282957891, 0.0 ], [ -77.078136245924895, -12.067044987227776, 0.0 ], [ -77.078135371339386, -12.067045748962611, 0.0 ], [ -77.078134548820913, -12.067046564945777, 0.0 ], [ -77.078133781836584, -12.067047431746797, 0.0 ], [ -77.078133073619497, -12.067048345699931, 0.0 ], [ -77.078132427155381, -12.06704930296458, 0.0 ], [ -77.078131845168926, -12.067050299495245, 0.0 ], [ -77.078131330113663, -12.067051331093294, 0.0 ], [ -77.078130884160714, -12.067052393415684, 0.0 ], [ -77.078130509189961, -12.067053481979331, 0.0 ], [ -77.078130206782106, -12.06705459219779, 0.0 ], [ -77.078129978211678, -12.067055719387788, 0.0 ], [ -77.078129824442641, -12.067056858804929, 0.0 ] ] ] ] } },
{ "type": "Feature", "properties": { "Nombre": null, "Perimetro": 208.858, "Área": 1088.377, "Uso": "Áreas de uso administrativo", "Proy riego": "Por validar con unidad", "Riego act": "Sin riego tecnificado", "Referenc_1": null, "código": "C 1", "ID": null }, "geometry": { "type": "MultiPolygon", "coordinates": [ [ [ [ -77.080810062931093, -12.06726531570744, 0.0 ], [ -77.08080867240777, -12.067362461219178, 0.0 ], [ -77.080750739198095, -12.06736141158933, 0.0 ], [ -77.08074696681561, -12.06759078317466, 0.0 ], [ -77.080790346798594, -12.067591904667735, 0.0 ], [ -77.080790368473458, -12.067581056362309, 0.0 ], [ -77.080814242180324, -12.067581673561222, 0.0 ], [ -77.080814220506426, -12.067592521866491, 0.0 ], [ -77.080862569020709, -12.067593769229083, 0.0 ], [ -77.080866440946735, -12.067385334428895, 0.0 ], [ -77.080921686197726, -12.067386810134391, 0.0 ], [ -77.080921635475434, -12.067389159421696, 0.0 ], [ -77.080970378212271, -12.067390461423463, 0.0 ], [ -77.080981118137203, -12.067390748304041, 0.0 ], [ -77.080980685051401, -12.06741080760264, 0.0 ], [ -77.081190893844749, -12.067416422529313, 0.0 ], [ -77.081190412005796, -12.067438740755378, 0.0 ], [ -77.081234485524874, -12.067439738283172, 0.0 ], [ -77.08123437577963, -12.067434547874932, 0.0 ], [ -77.081233666261539, -12.067391162442481, 0.0 ], [ -77.08123304258983, -12.067341992008393, 0.0 ], [ -77.081233040316121, -12.067301525278173, 0.0 ], [ -77.081233532254529, -12.067259772334721, 0.0 ], [ -77.081220995052547, -12.067250271336702, 0.0 ], [ -77.081069537030245, -12.067246235211663, 0.0 ], [ -77.081069296758841, -12.067287093744618, 0.0 ], [ -77.081015034950525, -12.067285647731602, 0.0 ], [ -77.081015275230214, -12.067244789197304, 0.0 ], [ -77.080944106350216, -12.067242892612668, 0.0 ], [ -77.080943859896792, -12.067252198025233, 0.0 ], [ -77.08091998423231, -12.067251561919912, 0.0 ], [ -77.080920240235514, -12.067242256598766, 0.0 ], [ -77.080849196370764, -12.067240363321272, 0.0 ], [ -77.080849005900333, -12.067248043024321, 0.0 ], [ -77.080836889213657, -12.067247720119923, 0.0 ], [ -77.080836745800397, -12.067253502484592, 0.0 ], [ -77.080822058907046, -12.067253111084661, 0.0 ], [ -77.080822392791831, -12.067239649016788, 0.0 ], [ -77.08081107748518, -12.067239347467693, 0.0 ], [ -77.080810062931093, -12.06726531570744, 0.0 ] ] ] ] } },
{ "type": "Feature", "properties": { "Nombre": null, "Perimetro": 57.608, "Área": 61.629, "Uso": "Áreas de uso administrativo", "Proy riego": "Por validar con unidad", "Riego act": "Sin riego tecnificado", "Referenc_1": null, "código": "C 12", "ID": null }, "geometry": { "type": "MultiPolygon", "coordinates": [ [ [ [ -77.080480148524387, -12.067256996668533, 0.0 ], [ -77.080535484368056, -12.067258441910381, 0.0 ], [ -77.080534666277757, -12.067321434268038, 0.0 ], [ -77.080592444477475, -12.067322905394402, 0.0 ], [ -77.080592789660514, -12.067310928256461, 0.0 ], [ -77.080550252100053, -12.067309485326373, 0.0 ], [ -77.080550219743259, -12.067310608033578, 0.0 ], [ -77.080546089214948, -12.067310492721216, 0.0 ], [ -77.080546206377903, -12.067306427433794, 0.0 ], [ -77.080547354221252, -12.06730645947825, 0.0 ], [ -77.080548070424697, -12.06728160885338, 0.0 ], [ -77.080546922506556, -12.06728157680681, 0.0 ], [ -77.080547039669568, -12.067277511519382, 0.0 ], [ -77.080551170197367, -12.067277626831814, 0.0 ], [ -77.080551137272536, -12.067278769248365, 0.0 ], [ -77.080587062996045, -12.06727998789737, 0.0 ], [ -77.080587094239931, -12.067278903800597, 0.0 ], [ -77.080593885489094, -12.067279134168414, 0.0 ], [ -77.080594950497215, -12.067242180617773, 0.0 ], [ -77.080595210858021, -12.067233146645897, 0.0 ], [ -77.080545462154504, -12.067231766637317, 0.0 ], [ -77.080545222024298, -12.067240801170803, 0.0 ], [ -77.080521356585166, -12.067240139150298, 0.0 ], [ -77.080521596716181, -12.067231104616702, 0.0 ], [ -77.080480841073651, -12.067229974061753, 0.0 ], [ -77.080480148524387, -12.067256996668533, 0.0 ] ] ] ] } },
{ "type": "Feature", "properties": { "Nombre": null, "Perimetro": 157.227, "Área": 471.748, "Uso": "Áreas de uso recreativo/descanso", "Proy riego": "Falta aspersión", "Riego act": "Sin riego tecnificado", "Referenc_1": null, "código": "C 15", "ID": null }, "geometry": { "type": "MultiPolygon", "coordinates": [ [ [ [ -77.079761256568148, -12.067210539321811, 0.0 ], [ -77.079754028479968, -12.067468588772279, 0.0 ], [ -77.079795223121437, -12.0674696588088, 0.0 ], [ -77.079795456767172, -12.06746062412113, 0.0 ], [ -77.079819323364887, -12.067461244056645, 0.0 ], [ -77.079819089719962, -12.067470278744183, 0.0 ], [ -77.079841821273249, -12.06747086919485, 0.0 ], [ -77.079842054917393, -12.067461834507393, 0.0 ], [ -77.079865921514639, -12.067462454438875, 0.0 ], [ -77.07986568787129, -12.067471489126204, 0.0 ], [ -77.079873177449571, -12.067471683666469, 0.0 ], [ -77.079879078724062, -12.067241297428282, 0.0 ], [ -77.080201445680217, -12.067249717137392, 0.0 ], [ -77.080202291105749, -12.067222118802448, 0.0 ], [ -77.079761256568148, -12.067210539321811, 0.0 ] ] ] ] } },
{ "type": "Feature", "properties": { "Nombre": null, "Perimetro": 353.001, "Área": 1584.635, "Uso": "Áreas de uso recreativo/descanso", "Proy riego": "Falta aspersión", "Riego act": "Sin riego tecnificado", "Referenc_1": null, "código": "D 3", "ID": null }, "geometry": { "type": "MultiPolygon", "coordinates": [ [ [ [ -77.079513940586992, -12.067323236851079, 0.0 ], [ -77.079509171679149, -12.067493892821378, 0.0 ], [ -77.079539555237915, -12.067494698878539, 0.0 ], [ -77.07953887108394, -12.067519181550367, 0.0 ], [ -77.079561268630115, -12.067519775741054, 0.0 ], [ -77.079559998787715, -12.06756521774768, 0.0 ], [ -77.079533011571613, -12.067564501796918, 0.0 ], [ -77.079532362761654, -12.067587719681249, 0.0 ], [ -77.079547049683299, -12.067588109314492, 0.0 ], [ -77.079545961603884, -12.067627046699961, 0.0 ], [ -77.079491619985447, -12.067625605054186, 0.0 ], [ -77.079491784082109, -12.067619732826518, 0.0 ], [ -77.079487928764621, -12.067619630547171, 0.0 ], [ -77.079487969157668, -12.067618185075732, 0.0 ], [ -77.079458319930296, -12.067617398497072, 0.0 ], [ -77.079458650649713, -12.067605563699564, 0.0 ], [ -77.079392834874142, -12.067603817629255, 0.0 ], [ -77.079391343346231, -12.067657191518562, 0.0 ], [ -77.079400210478298, -12.067666395474427, 0.0 ], [ -77.079472866780378, -12.067668100832776, 0.0 ], [ -77.079473026728053, -12.067659064405992, 0.0 ], [ -77.079495977330183, -12.067659603089101, 0.0 ], [ -77.079495817361874, -12.067668640253245, 0.0 ], [ -77.079546572425087, -12.067670068279208, 0.0 ], [ -77.079546732376926, -12.067661031476508, 0.0 ], [ -77.079564907753337, -12.067661542850123, 0.0 ], [ -77.079564747805904, -12.067670579439245, 0.0 ], [ -77.079605097623386, -12.067671882576283, 0.0 ], [ -77.07960525758223, -12.067662845267293, 0.0 ], [ -77.079629122480995, -12.067663616005026, 0.0 ], [ -77.079628962522975, -12.067672653313915, 0.0 ], [ -77.079628991041943, -12.067672654234958, 0.0 ], [ -77.079707625902472, -12.067674550991754, 0.0 ], [ -77.079708007264671, -12.067660257837801, 0.0 ], [ -77.079710904367701, -12.067541743803927, 0.0 ], [ -77.079714021786103, -12.067423789902795, 0.0 ], [ -77.079714803002304, -12.06739428665807, 0.0 ], [ -77.07970562346776, -12.067394051210862, 0.0 ], [ -77.079706245455384, -12.067370561399706, 0.0 ], [ -77.079715424989089, -12.067370796847028, 0.0 ], [ -77.079720419548138, -12.067182173803555, 0.0 ], [ -77.079720417778802, -12.067182173758427, 0.0 ], [ -77.079720571958759, -12.067176417918461, 0.0 ], [ -77.079720316247418, -12.067176415118622, 0.0 ], [ -77.079713333998072, -12.067176563977929, 0.0 ], [ -77.079643470531579, -12.067205993131662, 0.0 ], [ -77.079587694207532, -12.067205268772222, 0.0 ], [ -77.079516952479523, -12.067203699652556, 0.0 ], [ -77.079401415536296, -12.067200772849922, 0.0 ], [ -77.079272072186541, -12.067198651686876, 0.0 ], [ -77.079267516354705, -12.067396406150271, 0.0 ], [ -77.079246868088106, -12.067413523599377, 0.0 ], [ -77.079246727435148, -12.067419628900142, 0.0 ], [ -77.079253888776137, -12.067419757843082, 0.0 ], [ -77.079253347572404, -12.067443249823253, 0.0 ], [ -77.079246186230804, -12.067443120880403, 0.0 ], [ -77.079245775282217, -12.067460958874225, 0.0 ], [ -77.079249400225521, -12.067464796371674, 0.0 ], [ -77.079254606161854, -12.067459954461361, 0.0 ], [ -77.079270862916204, -12.067477164453232, 0.0 ], [ -77.079265656979928, -12.067482006363848, 0.0 ], [ -77.079291086221815, -12.067482587168763, 0.0 ], [ -77.079291623710532, -12.067462549025249, 0.0 ], [ -77.079306862893944, -12.067462897087879, 0.0 ], [ -77.079307534161288, -12.067437871493265, 0.0 ], [ -77.079302944046233, -12.067437766655154, 0.0 ], [ -77.079306644505493, -12.067299809676223, 0.0 ], [ -77.079319406672738, -12.067300039462546, 0.0 ], [ -77.079319656284824, -12.067290733658542, 0.0 ], [ -77.079335999203352, -12.067291027916506, 0.0 ], [ -77.079335749591834, -12.067300333720448, 0.0 ], [ -77.079348144502305, -12.067300556892915, 0.0 ], [ -77.079347659820698, -12.067318626414988, 0.0 ], [ -77.079402840128651, -12.067319619938516, 0.0 ], [ -77.079399672259157, -12.067437723016818, 0.0 ], [ -77.079419224511511, -12.067438180606885, 0.0 ], [ -77.079426946426963, -12.067431771884689, 0.0 ], [ -77.079428612671592, -12.067372145781697, 0.0 ], [ -77.079437792792177, -12.067372360627791, 0.0 ], [ -77.079439220944749, -12.067321254562856, 0.0 ], [ -77.079439679910621, -12.067321266739128, 0.0 ], [ -77.079439909648855, -12.067313045620056, 0.0 ], [ -77.079406464851971, -12.067312158333648, 0.0 ], [ -77.07940792155101, -12.067260031017229, 0.0 ], [ -77.079465200469983, -12.067261550619383, 0.0 ], [ -77.079467495323271, -12.067261611501289, 0.0 ], [ -77.07946719857442, -12.067274707998214, 0.0 ], [ -77.079464903721004, -12.067274647116326, 0.0 ], [ -77.079464019170203, -12.067313685240242, 0.0 ], [ -77.079463832864803, -12.067321907511452, 0.0 ], [ -77.079486678015087, -12.067322513586101, 0.0 ], [ -77.079486930473095, -12.067313479389529, 0.0 ], [ -77.079503269657096, -12.067313912861859, 0.0 ], [ -77.079503017199627, -12.06732294705836, 0.0 ], [ -77.079513940586992, -12.067323236851079, 0.0 ] ] ] ] } },
{ "type": "Feature", "properties": { "Nombre": null, "Perimetro": 47.955, "Área": 132.408, "Uso": "Áreas de uso administrativo", "Proy riego": "Por validar con unidad", "Riego act": "Sin riego tecnificado", "Referenc_1": null, "código": "D 4", "ID": null }, "geometry": { "type": "MultiPolygon", "coordinates": [ [ [ [ -77.079278757380735, -12.067524631473578, 0.0 ], [ -77.079277411492754, -12.067632398581638, 0.0 ], [ -77.079279981980591, -12.067632466777123, 0.0 ], [ -77.079279921029325, -12.067637347243505, 0.0 ], [ -77.079320986153988, -12.067638436704952, 0.0 ], [ -77.079346352821133, -12.067664966641098, 0.0 ], [ -77.079358561327609, -12.067665290531354, 0.0 ], [ -77.07935859922398, -12.067663934425809, 0.0 ], [ -77.079366417241658, -12.067656681570446, 0.0 ], [ -77.07936993738133, -12.067530714890614, 0.0 ], [ -77.079365882534859, -12.067526621399212, 0.0 ], [ -77.079278757380735, -12.067524631473578, 0.0 ] ] ] ] } },
{ "type": "Feature", "properties": { "Nombre": null, "Perimetro": 183.727, "Área": 465.595, "Uso": "Áreas de uso administrativo", "Proy riego": "Por validar con unidad", "Riego act": "Sin riego tecnificado", "Referenc_1": null, "código": "D 15", "ID": null }, "geometry": { "type": "MultiPolygon", "coordinates": [ [ [ [ -77.078783029404491, -12.067957620415818, 0.0 ], [ -77.078782357092976, -12.068017122534032, 0.0 ], [ -77.07883239257329, -12.068018291369466, 0.0 ], [ -77.07883294134875, -12.067991454913829, 0.0 ], [ -77.078986890289741, -12.06799505112715, 0.0 ], [ -77.079007247528992, -12.067979299538262, 0.0 ], [ -77.079096247897454, -12.067839022505865, 0.0 ], [ -77.079097532052984, -12.067790585156752, 0.0 ], [ -77.079035983114451, -12.067788890095578, 0.0 ], [ -77.079039122252155, -12.06764377817878, 0.0 ], [ -77.078968889894298, -12.067630416295328, 0.0 ], [ -77.078846527385494, -12.067630162053101, 0.0 ], [ -77.078845639300496, -12.067664232878551, 0.0 ], [ -77.078911186355597, -12.067665719313409, 0.0 ], [ -77.078911530177095, -12.06765252869118, 0.0 ], [ -77.078932270498058, -12.067653270224445, 0.0 ], [ -77.078931936097334, -12.067666099459624, 0.0 ], [ -77.078964434216076, -12.067666836423314, 0.0 ], [ -77.078964530767934, -12.067663132207581, 0.0 ], [ -77.078970222528724, -12.067663261279941, 0.0 ], [ -77.078970003521022, -12.067671663525344, 0.0 ], [ -77.079008931861011, -12.067672546302012, 0.0 ], [ -77.079001743547877, -12.067916282829367, 0.0 ], [ -77.078866394372795, -12.067913213516604, 0.0 ], [ -77.078865968127872, -12.067929566274472, 0.0 ], [ -77.078784377450276, -12.067927716011791, 0.0 ], [ -77.078784039436357, -12.067957631470419, 0.0 ], [ -77.078783029404491, -12.067957620415818, 0.0 ] ] ] ] } },
{ "type": "Feature", "properties": { "Nombre": null, "Perimetro": 79.598, "Área": 83.865, "Uso": "Áreas de uso administrativo", "Proy riego": "Por validar con unidad", "Riego act": "Sin riego tecnificado", "Referenc_1": null, "código": null, "ID": null }, "geometry": { "type": "MultiPolygon", "coordinates": [ [ [ [ -77.07878708228499, -12.067838604752854, 0.0 ], [ -77.078785065436236, -12.067915979595766, 0.0 ], [ -77.078837392968097, -12.067917166250087, 0.0 ], [ -77.078839064986454, -12.067853020071789, 0.0 ], [ -77.078842737093026, -12.067853103345517, 0.0 ], [ -77.078843173079349, -12.067836376942877, 0.0 ], [ -77.078809297898118, -12.067835608740522, 0.0 ], [ -77.078813632986012, -12.067669296267287, 0.0 ], [ -77.07881374847365, -12.06766486567491, 0.0 ], [ -77.078829997534001, -12.067665234164163, 0.0 ], [ -77.078830912566161, -12.067630129605096, 0.0 ], [ -77.078809480922757, -12.067630085068126, 0.0 ], [ -77.078790847315261, -12.067646724796257, 0.0 ], [ -77.078805249500093, -12.067666040733183, 0.0 ], [ -77.078799310403269, -12.067834148929743, 0.0 ], [ -77.07878708228499, -12.067838604752854, 0.0 ] ] ] ] } },
{ "type": "Feature", "properties": { "Nombre": null, "Perimetro": 49.055, "Área": 51.034, "Uso": "Áreas de uso administrativo", "Proy riego": "Por validar con unidad", "Riego act": "Sin riego tecnificado", "Referenc_1": null, "código": null, "ID": null }, "geometry": { "type": "MultiPolygon", "coordinates": [ [ [ [ -77.078689423169564, -12.067708900313541, 0.0 ], [ -77.078688842573229, -12.067730134013416, 0.0 ], [ -77.078689521132475, -12.067730151985819, 0.0 ], [ -77.078767352805741, -12.067732535172887, 0.0 ], [ -77.078765840366486, -12.067785113231821, 0.0 ], [ -77.078782866320836, -12.067803345409045, 0.0 ], [ -77.078779612123157, -12.067806456820779, 0.0 ], [ -77.078788040308254, -12.06781505438218, 0.0 ], [ -77.078792521322512, -12.06768821787608, 0.0 ], [ -77.078770484976516, -12.067687921786341, 0.0 ], [ -77.078769725844239, -12.067711359162974, 0.0 ], [ -77.078689423169564, -12.067708900313541, 0.0 ] ] ] ] } },
{ "type": "Feature", "properties": { "Nombre": null, "Perimetro": 38.105, "Área": 61.335, "Uso": "Áreas de manejo sostenible y reducción de consumo de agua", "Proy riego": "Goteo", "Riego act": "Sin riego tecnificado", "Referenc_1": null, "código": "D 18", "ID": null }, "geometry": { "type": "MultiPolygon", "coordinates": [ [ [ [ -77.078146459161204, -12.067699875925328, 0.0 ], [ -77.078142493575513, -12.06782353859275, 0.0 ], [ -77.078162137259497, -12.067824069481917, 0.0 ], [ -77.078162638526962, -12.067808437931058, 0.0 ], [ -77.078163217742116, -12.067790375659193, 0.0 ], [ -77.078176986677647, -12.067790747777167, 0.0 ], [ -77.07819284069852, -12.067791176245624, 0.0 ], [ -77.07819543751684, -12.067700907799882, 0.0 ], [ -77.078146459161204, -12.067699875925328, 0.0 ] ] ] ] } },
{ "type": "Feature", "properties": { "Nombre": null, "Perimetro": 185.888, "Área": 1639.461, "Uso": "Áreas de uso administrativo", "Proy riego": "Por validar con unidad", "Riego act": "Sin riego tecnificado", "Referenc_1": null, "código": "D 14", "ID": null }, "geometry": { "type": "MultiPolygon", "coordinates": [ [ [ [ -77.07912238793223, -12.068385627887164, 0.0 ], [ -77.079127197712282, -12.068215682395303, 0.0 ], [ -77.079157870115154, -12.068016311779404, 0.0 ], [ -77.07885480439873, -12.068009232340323, 0.0 ], [ -77.078854253778005, -12.068036159154074, 0.0 ], [ -77.078782145490109, -12.068034474698631, 0.0 ], [ -77.07878017554826, -12.068241268371976, 0.0 ], [ -77.078765210156064, -12.068241019762143, 0.0 ], [ -77.078763931268341, -12.068333795610254, 0.0 ], [ -77.078811766261538, -12.068334590254718, 0.0 ], [ -77.07881048777115, -12.068416733202865, 0.0 ], [ -77.078762653642769, -12.068415883577876, 0.0 ], [ -77.078762581882287, -12.068424107504063, 0.0 ], [ -77.07874919288021, -12.068427290407005, 0.0 ], [ -77.078749657181504, -12.068433094028386, 0.0 ], [ -77.078813632242046, -12.068422724688023, 0.0 ], [ -77.078814587166747, -12.068428431532336, 0.0 ], [ -77.079075227610701, -12.06838636925181, 0.0 ], [ -77.079074242414066, -12.068380483765651, 0.0 ], [ -77.079077051212437, -12.068380028501036, 0.0 ], [ -77.079087923980126, -12.068378266186155, 0.0 ], [ -77.079120270462781, -12.068373023296958, 0.0 ], [ -77.07912238793223, -12.068385627887164, 0.0 ] ] ] ] } },
{ "type": "Feature", "properties": { "Nombre": null, "Perimetro": 155.28, "Área": 1130.03, "Uso": "Áreas de uso recreativo/descanso", "Proy riego": "Falta aspersión", "Riego act": "Sin riego tecnificado", "Referenc_1": null, "código": "D 5", "ID": null }, "geometry": { "type": "MultiPolygon", "coordinates": [ [ [ [ -77.079274362255674, -12.067730960083095, 0.0 ], [ -77.079270380385495, -12.067902424363476, 0.0 ], [ -77.079287831197263, -12.06791079254752, 0.0 ], [ -77.079287831574234, -12.067910776314505, 0.0 ], [ -77.079290810478923, -12.067912294560012, 0.0 ], [ -77.079628750954384, -12.067919571842911, 0.0 ], [ -77.079627799758043, -12.0679605339897, 0.0 ], [ -77.079699813095488, -12.067962084685279, 0.0 ], [ -77.079701469760934, -12.067905278775727, 0.0 ], [ -77.079703710003841, -12.067808649096682, 0.0 ], [ -77.079694529531437, -12.067808451409638, 0.0 ], [ -77.079695228533268, -12.067784963052087, 0.0 ], [ -77.079704409259307, -12.067785160744728, 0.0 ], [ -77.079706902743226, -12.067701654438848, 0.0 ], [ -77.079674771787154, -12.067700802048282, 0.0 ], [ -77.079663055694184, -12.067712967667353, 0.0 ], [ -77.079412295183218, -12.067706315195299, 0.0 ], [ -77.07941277923554, -12.067693851602789, 0.0 ], [ -77.079299506314612, -12.067690846489107, 0.0 ], [ -77.079299539159209, -12.067689491226247, 0.0 ], [ -77.079294031537614, -12.067689345108692, 0.0 ], [ -77.079294031514436, -12.067689346065022, 0.0 ], [ -77.079293454442137, -12.067715982106563, 0.0 ], [ -77.079293119976441, -12.067731420047593, 0.0 ], [ -77.079274362255674, -12.067730960083095, 0.0 ] ] ] ] } },
{ "type": "Feature", "properties": { "Nombre": null, "Perimetro": 181.03, "Área": 773.977, "Uso": "Áreas de uso recreativo/descanso", "Proy riego": "Falta aspersión", "Riego act": "Sin riego tecnificado", "Referenc_1": null, "código": "C 14", "ID": null }, "geometry": { "type": "MultiPolygon", "coordinates": [ [ [ [ -77.079752723661827, -12.067520087193486, 0.0 ], [ -77.079743413811826, -12.067886118038279, 0.0 ], [ -77.080184120216117, -12.067897567998628, 0.0 ], [ -77.080184825096708, -12.06787051985722, 0.0 ], [ -77.079906687098031, -12.067863295533956, 0.0 ], [ -77.079909797450455, -12.067743947941514, 0.0 ], [ -77.079898782088435, -12.067743661823242, 0.0 ], [ -77.079904506009825, -12.067524029725812, 0.0 ], [ -77.079864356104906, -12.067522986843883, 0.0 ], [ -77.079864122461785, -12.06753202153117, 0.0 ], [ -77.079840255858329, -12.067531401600565, 0.0 ], [ -77.079840489502246, -12.06752236691317, 0.0 ], [ -77.079817757944582, -12.067521776463112, 0.0 ], [ -77.079817524299898, -12.067530811150634, 0.0 ], [ -77.079793657695987, -12.06753019121598, 0.0 ], [ -77.079793891341467, -12.067521156528365, 0.0 ], [ -77.079752723661827, -12.067520087193486, 0.0 ] ] ] ] } },
{ "type": "Feature", "properties": { "Nombre": null, "Perimetro": 122.581, "Área": 544.12, "Uso": "Áreas de uso administrativo", "Proy riego": "Por validar con unidad", "Riego act": "Sin riego tecnificado", "Referenc_1": null, "código": "C 4", "ID": null }, "geometry": { "type": "MultiPolygon", "coordinates": [ [ [ [ -77.081169311669299, -12.067819855027773, 0.0 ], [ -77.081167925319079, -12.067893772967418, 0.0 ], [ -77.081113472442681, -12.067893262443155, 0.0 ], [ -77.081112998309777, -12.067918542199106, 0.0 ], [ -77.081255750506955, -12.067921150776108, 0.0 ], [ -77.081253123745654, -12.067887484966182, 0.0 ], [ -77.081250554019192, -12.067851250947012, 0.0 ], [ -77.081248027471815, -12.067815000114324, 0.0 ], [ -77.081245876093192, -12.067781001578695, 0.0 ], [ -77.08123670696763, -12.067781496553303, 0.0 ], [ -77.081235530613341, -12.067758026972987, 0.0 ], [ -77.081244699711576, -12.067757531999977, 0.0 ], [ -77.081243730834416, -12.067737594615858, 0.0 ], [ -77.081241854910928, -12.067696842750495, 0.0 ], [ -77.081240192943952, -12.067656978777835, 0.0 ], [ -77.081238911028635, -12.067617536465425, 0.0 ], [ -77.081065029686869, -12.06761390473522, 0.0 ], [ -77.081064880046384, -12.067621404508833, 0.0 ], [ -77.081064339177388, -12.067648512124252, 0.0 ], [ -77.081069388505583, -12.067648617587244, 0.0 ], [ -77.081066895106446, -12.067773583693558, 0.0 ], [ -77.081061842917919, -12.067773621469096, 0.0 ], [ -77.081061209355738, -12.067805374858175, 0.0 ], [ -77.081095919688138, -12.067805700295441, 0.0 ], [ -77.081095667158252, -12.067819164566195, 0.0 ], [ -77.081169311669299, -12.067819855027773, 0.0 ] ] ] ] } },
{ "type": "Feature", "properties": { "Nombre": null, "Perimetro": 92.587, "Área": 439.402, "Uso": "Áreas de uso administrativo", "Proy riego": "Por validar con unidad", "Riego act": "Sin riego tecnificado", "Referenc_1": null, "código": "C 5", "ID": null }, "geometry": { "type": "MultiPolygon", "coordinates": [ [ [ [ -77.080809091612608, -12.067711570840023, 0.0 ], [ -77.080819075673887, -12.067732917465726, 0.0 ], [ -77.080810783467115, -12.067736801554167, 0.0 ], [ -77.080847357802696, -12.067815000023634, 0.0 ], [ -77.080863397012251, -12.067825300267726, 0.0 ], [ -77.080911069782658, -12.06782635797285, 0.0 ], [ -77.080910967539637, -12.067801495981161, 0.0 ], [ -77.080938977432552, -12.067802117427098, 0.0 ], [ -77.080939079678174, -12.067826979418331, 0.0 ], [ -77.080957724594526, -12.067827393084839, 0.0 ], [ -77.080972401920008, -12.067803704736768, 0.0 ], [ -77.080976431592376, -12.067610276479778, 0.0 ], [ -77.080766528605366, -12.067604849984541, 0.0 ], [ -77.080760534175596, -12.067629364980421, 0.0 ], [ -77.080800799406219, -12.067715454928088, 0.0 ], [ -77.080809091612608, -12.067711570840023, 0.0 ] ] ] ] } },
{ "type": "Feature", "properties": { "Nombre": null, "Perimetro": 84.189, "Área": 241.727, "Uso": "Áreas de uso administrativo", "Proy riego": "Por validar con unidad", "Riego act": "Sin riego tecnificado", "Referenc_1": null, "código": "C 7", "ID": null }, "geometry": { "type": "MultiPolygon", "coordinates": [ [ [ [ -77.080602773619916, -12.067808340550304, 0.0 ], [ -77.080600875203146, -12.067907807596216, 0.0 ], [ -77.080714744971118, -12.067910661757919, 0.0 ], [ -77.080718676326541, -12.067654461137566, 0.0 ], [ -77.08066414070575, -12.067653094191343, 0.0 ], [ -77.080662029760774, -12.067763697430033, 0.0 ], [ -77.08065414298018, -12.067763499745961, 0.0 ], [ -77.080653879847546, -12.067777286615442, 0.0 ], [ -77.080658830005092, -12.067777378131415, 0.0 ], [ -77.080658857598451, -12.067775932369718, 0.0 ], [ -77.080662897255749, -12.067776007052764, 0.0 ], [ -77.080662821374062, -12.06777998289747, 0.0 ], [ -77.080661719329896, -12.067779962523472, 0.0 ], [ -77.080661232996633, -12.067805444073549, 0.0 ], [ -77.080662335040785, -12.067805464447531, 0.0 ], [ -77.080662259159169, -12.067809440292226, 0.0 ], [ -77.080658219501373, -12.067809365609254, 0.0 ], [ -77.080658247094703, -12.067807919847537, 0.0 ], [ -77.080643741050977, -12.067807651667271, 0.0 ], [ -77.080620972070363, -12.067807230724551, 0.0 ], [ -77.080620944476792, -12.067808676486296, 0.0 ], [ -77.080618006543787, -12.067808622170979, 0.0 ], [ -77.080602773619916, -12.067808340550304, 0.0 ] ] ] ] } },
{ "type": "Feature", "properties": { "Nombre": "Jardín Lidera", "Perimetro": 270.485, "Área": 1435.855, "Uso": "Áreas de uso recreativo/descanso", "Proy riego": "Falta aspersión", "Riego act": "Sin riego tecnificado", "Referenc_1": "Frente a Psicología?", "código": "C 32", "ID": null }, "geometry": { "type": "MultiPolygon", "coordinates": [ [ [ [ -77.080840449150884, -12.067940166263984, 0.0 ], [ -77.080834711649558, -12.06819967745413, 0.0 ], [ -77.080827616477961, -12.068502428341747, 0.0 ], [ -77.08082508540484, -12.068667550545014, 0.0 ], [ -77.080838024377798, -12.068681057013171, 0.0 ], [ -77.080839589821068, -12.068679690980879, 0.0 ], [ -77.080841105315912, -12.068678271441962, 0.0 ], [ -77.080842568974802, -12.068676800153197, 0.0 ], [ -77.080843978974912, -12.068675278953323, 0.0 ], [ -77.080845333560191, -12.068673709738755, 0.0 ], [ -77.080846631043542, -12.068672094454966, 0.0 ], [ -77.080847869809418, -12.068670435122522, 0.0 ], [ -77.080848937344754, -12.06866859080513, 0.0 ], [ -77.080849868074651, -12.068666676053525, 0.0 ], [ -77.080850657228595, -12.068664700664375, 0.0 ], [ -77.080851300762205, -12.068662674767443, 0.0 ], [ -77.080851795377157, -12.068660608756263, 0.0 ], [ -77.080852138538248, -12.068658513206126, 0.0 ], [ -77.080852328486969, -12.068656398863366, 0.0 ], [ -77.080854490267711, -12.0685011860357, 0.0 ], [ -77.080846043150231, -12.068501060807872, 0.0 ], [ -77.080846171530837, -12.068491843310058, 0.0 ], [ -77.080850288544212, -12.068196250804787, 0.0 ], [ -77.08100076019511, -12.068198481524524, 0.0 ], [ -77.081000672518726, -12.06820424779403, 0.0 ], [ -77.081099241507289, -12.068205736515656, 0.0 ], [ -77.081099525612785, -12.068190646762298, 0.0 ], [ -77.081169030962144, -12.068191677100462, 0.0 ], [ -77.081168488257646, -12.068220502274704, 0.0 ], [ -77.081281274568155, -12.068185500331399, 0.0 ], [ -77.081280361749663, -12.068177338684034, 0.0 ], [ -77.081274122944677, -12.068121556567331, 0.0 ], [ -77.081264978570516, -12.068122394863696, 0.0 ], [ -77.081262531193303, -12.068099019747251, 0.0 ], [ -77.081271674679741, -12.068098181532406, 0.0 ], [ -77.081270523048715, -12.068087129163159, 0.0 ], [ -77.081267577920585, -12.068054449595273, 0.0 ], [ -77.081264505488406, -12.068021737464674, 0.0 ], [ -77.081261586095181, -12.067989016495435, 0.0 ], [ -77.081258710363002, -12.067956328454368, 0.0 ], [ -77.081258027507729, -12.067948259710999, 0.0 ], [ -77.081163329320205, -12.067946424338787, 0.0 ], [ -77.081163037269533, -12.06795545803246, 0.0 ], [ -77.081139165222979, -12.067954995356621, 0.0 ], [ -77.081139457274475, -12.067945961662845, 0.0 ], [ -77.08099029235369, -12.06794307057703, 0.0 ], [ -77.080990000297163, -12.067952104271457, 0.0 ], [ -77.08096612824869, -12.067951641580668, 0.0 ], [ -77.080966420306027, -12.067942607886133, 0.0 ], [ -77.080915263658241, -12.067941616354902, 0.0 ], [ -77.080914971599171, -12.067950650049683, 0.0 ], [ -77.080891099549859, -12.067950187352412, 0.0 ], [ -77.08089139160974, -12.067941153657523, 0.0 ], [ -77.080840449150884, -12.067940166263984, 0.0 ] ] ] ] } },
{ "type": "Feature", "properties": { "Nombre": null, "Perimetro": 58.06, "Área": 139.732, "Uso": "Áreas de uso administrativo", "Proy riego": "Por validar con unidad", "Riego act": "Sin riego tecnificado", "Referenc_1": null, "código": "C 33", "ID": null }, "geometry": { "type": "MultiPolygon", "coordinates": [ [ [ [ -77.080881746466204, -12.068522378949805, 0.0 ], [ -77.080879564564512, -12.068654326399734, 0.0 ], [ -77.080879654780887, -12.068656975937085, 0.0 ], [ -77.080879936110009, -12.068659612463676, 0.0 ], [ -77.08088040712849, -12.068662222641001, 0.0 ], [ -77.080881065453966, -12.068664793271514, 0.0 ], [ -77.080881907756662, -12.068667311345756, 0.0 ], [ -77.080882929776024, -12.068669764130579, 0.0 ], [ -77.080884126342539, -12.068672139224999, 0.0 ], [ -77.08088549140372, -12.06867442460096, 0.0 ], [ -77.08088701805508, -12.068676608713984, 0.0 ], [ -77.080888265667568, -12.068678009773128, 0.0 ], [ -77.080889606152553, -12.068679325127915, 0.0 ], [ -77.080891033445795, -12.068680548815109, 0.0 ], [ -77.080892541090407, -12.068681675308524, 0.0 ], [ -77.080894122265647, -12.068682699507054, 0.0 ], [ -77.080895769818355, -12.068683616779653, 0.0 ], [ -77.080897476295263, -12.068684422971575, 0.0 ], [ -77.080899233976382, -12.068685114438615, 0.0 ], [ -77.080901034909928, -12.068685688055439, 0.0 ], [ -77.080902870948606, -12.068686141228252, 0.0 ], [ -77.080904733786312, -12.068686471900996, 0.0 ], [ -77.080906614995612, -12.068686678574462, 0.0 ], [ -77.080908506066208, -12.068686760327438, 0.0 ], [ -77.080964123612603, -12.068687294644963, 0.0 ], [ -77.080966453932959, -12.068534033927662, 0.0 ], [ -77.080960485392708, -12.068533976575369, 0.0 ], [ -77.080960162495188, -12.068555212850939, 0.0 ], [ -77.080895334959465, -12.06855458990929, 0.0 ], [ -77.080895821562194, -12.068522587609799, 0.0 ], [ -77.080881746466204, -12.068522378949805, 0.0 ] ] ] ] } },
{ "type": "Feature", "properties": { "Nombre": null, "Perimetro": 55.646, "Área": 175.375, "Uso": "Áreas de uso administrativo", "Proy riego": "Por validar con unidad", "Riego act": "Sin riego tecnificado", "Referenc_1": null, "código": "C 31", "ID": null }, "geometry": { "type": "MultiPolygon", "coordinates": [ [ [ [ -77.080669819947971, -12.068131277880202, 0.0 ], [ -77.080669224586089, -12.0681750851055, 0.0 ], [ -77.080820054608452, -12.068239470190338, 0.0 ], [ -77.080822880150578, -12.068111668959427, 0.0 ], [ -77.080820217458339, -12.06811162769724, 0.0 ], [ -77.080820161523306, -12.068114157673097, 0.0 ], [ -77.080815570674559, -12.068114086531331, 0.0 ], [ -77.080815601184213, -12.068112706562406, 0.0 ], [ -77.080797787370543, -12.068112490260914, 0.0 ], [ -77.080797770818478, -12.06811381069638, 0.0 ], [ -77.080793167934758, -12.068113712121106, 0.0 ], [ -77.080793196181432, -12.06811243451293, 0.0 ], [ -77.080785478845002, -12.068112340805879, 0.0 ], [ -77.080785498860521, -12.06811108968094, 0.0 ], [ -77.08068824016857, -12.068109582489791, 0.0 ], [ -77.080687476649373, -12.068109731583954, 0.0 ], [ -77.080686725026425, -12.068109930809184, 0.0 ], [ -77.080685988692906, -12.06811017925199, 0.0 ], [ -77.080685270973021, -12.06811047580365, 0.0 ], [ -77.080684575106829, -12.068110819123369, 0.0 ], [ -77.080683904235727, -12.068111207653448, 0.0 ], [ -77.080683261388486, -12.0681116396474, 0.0 ], [ -77.080682649467136, -12.068112113152845, 0.0 ], [ -77.080682071234079, -12.068112626035273, 0.0 ], [ -77.080681529300008, -12.068113175971689, 0.0 ], [ -77.080681026111264, -12.068113760486987, 0.0 ], [ -77.080678975987453, -12.06811595224077, 0.0 ], [ -77.080677064789285, -12.068118262413114, 0.0 ], [ -77.080675299562117, -12.06812068247476, 0.0 ], [ -77.080673686813256, -12.06812320351006, 0.0 ], [ -77.080672232487828, -12.068125816230518, 0.0 ], [ -77.080670941946863, -12.068128510996438, 0.0 ], [ -77.080669819947971, -12.068131277880202, 0.0 ] ] ] ] } },
{ "type": "Feature", "properties": { "Nombre": null, "Perimetro": 87.519, "Área": 280.946, "Uso": "Áreas de uso administrativo", "Proy riego": "Por validar con unidad", "Riego act": "Sin riego tecnificado", "Referenc_1": null, "código": "C 28", "ID": null }, "geometry": { "type": "MultiPolygon", "coordinates": [ [ [ [ -77.080467740424282, -12.067941604908802, 0.0 ], [ -77.080465978098189, -12.068051546531061, 0.0 ], [ -77.080476351944853, -12.068051787395476, 0.0 ], [ -77.080477974723834, -12.068050725364714, 0.0 ], [ -77.080494949685843, -12.068041466246772, 0.0 ], [ -77.080494507182166, -12.068040674343168, 0.0 ], [ -77.080501588151989, -12.068036811975615, 0.0 ], [ -77.080500468794057, -12.068034839361831, 0.0 ], [ -77.080560308581127, -12.067978409794859, 0.0 ], [ -77.08056258440638, -12.067980752882296, 0.0 ], [ -77.080564784986308, -12.067983164595317, 0.0 ], [ -77.080566908185858, -12.067985642586473, 0.0 ], [ -77.080568951945452, -12.067988184451311, 0.0 ], [ -77.080570914282475, -12.067990787730961, 0.0 ], [ -77.080572793292859, -12.067993449886229, 0.0 ], [ -77.080574587154274, -12.067996168351979, 0.0 ], [ -77.080578683305319, -12.067993934074265, 0.0 ], [ -77.080581926002452, -12.067998660880424, 0.0 ], [ -77.080584809701989, -12.068003607916749, 0.0 ], [ -77.080587319036994, -12.06800874880865, 0.0 ], [ -77.08058944063562, -12.068014056175988, 0.0 ], [ -77.080591163191912, -12.068019501722494, 0.0 ], [ -77.080592477526849, -12.068025056439987, 0.0 ], [ -77.080593376636273, -12.068030690728705, 0.0 ], [ -77.080593855728935, -12.068036374549997, 0.0 ], [ -77.080593912251871, -12.068042077630892, 0.0 ], [ -77.080671835185584, -12.068043362164833, 0.0 ], [ -77.080696808539599, -12.068043773837735, 0.0 ], [ -77.080718050518925, -12.0680187266482, 0.0 ], [ -77.080720850902551, -12.067937588393718, 0.0 ], [ -77.080704716281602, -12.067937235579153, 0.0 ], [ -77.080704610399636, -12.067942476367975, 0.0 ], [ -77.080687993832669, -12.0679421130138, 0.0 ], [ -77.080688099714962, -12.06793687222493, 0.0 ], [ -77.080477177326614, -12.067932259901449, 0.0 ], [ -77.080467740424282, -12.067941604908802, 0.0 ] ] ] ] } },
{ "type": "Feature", "properties": { "Nombre": "Jardín Humanidades", "Perimetro": 67.771, "Área": 275.955, "Uso": "Áreas de uso recreativo/descanso", "Proy riego": "Falta aspersión", "Riego act": "Sin riego tecnificado", "Referenc_1": "Entrada al Departamento de Humanidades", "código": "C 18", "ID": null }, "geometry": { "type": "MultiPolygon", "coordinates": [ [ [ [ -77.079738797242541, -12.068044861285987, 0.0 ], [ -77.079734473020082, -12.068195276908339, 0.0 ], [ -77.07974805891763, -12.068195619801298, 0.0 ], [ -77.079757676540538, -12.068206190037991, 0.0 ], [ -77.079773649150482, -12.068206593167364, 0.0 ], [ -77.079773207077963, -12.06822366870705, 0.0 ], [ -77.079868032978808, -12.068226061978274, 0.0 ], [ -77.079872604918336, -12.068049463588551, 0.0 ], [ -77.079738797242541, -12.068044861285987, 0.0 ] ] ] ] } },
{ "type": "Feature", "properties": { "Nombre": null, "Perimetro": 49.308, "Área": 88.211, "Uso": "Áreas de uso administrativo", "Proy riego": "Por validar con unidad", "Riego act": "Sin riego tecnificado", "Referenc_1": null, "código": null, "ID": null }, "geometry": { "type": "MultiPolygon", "coordinates": [ [ [ [ -77.079989626127812, -12.068266833000431, 0.0 ], [ -77.079986253992018, -12.068410824928122, 0.0 ], [ -77.080045120265197, -12.068412128420395, 0.0 ], [ -77.080044423866312, -12.06840260186765, 0.0 ], [ -77.080075396662451, -12.068408016340435, 0.0 ], [ -77.080077073764102, -12.068382827768099, 0.0 ], [ -77.080067645257301, -12.068382504743484, 0.0 ], [ -77.080068458135898, -12.068383365154016, 0.0 ], [ -77.08006677693929, -12.068384903685009, 0.0 ], [ -77.080064150716069, -12.068382123896992, 0.0 ], [ -77.080060296323836, -12.068381991843742, 0.0 ], [ -77.080060371663919, -12.068379861740821, 0.0 ], [ -77.080061931775035, -12.068379915190944, 0.0 ], [ -77.080047862723276, -12.068365023468699, 0.0 ], [ -77.080047844607307, -12.068366559758548, 0.0 ], [ -77.080045547367732, -12.068366512106456, 0.0 ], [ -77.08004563334886, -12.068362497018319, 0.0 ], [ -77.080043007126093, -12.068359717230024, 0.0 ], [ -77.080044688322715, -12.068358178699174, 0.0 ], [ -77.080045751317641, -12.068359303851587, 0.0 ], [ -77.080046442747388, -12.068325013122077, 0.0 ], [ -77.080036327918833, -12.068324854536423, 0.0 ], [ -77.079989626127812, -12.068266833000431, 0.0 ] ] ] ] } },
{ "type": "Feature", "properties": { "Nombre": null, "Perimetro": 190.544, "Área": 466.838, "Uso": "Áreas de uso administrativo", "Proy riego": "Por validar con unidad", "Riego act": "Sin riego tecnificado", "Referenc_1": null, "código": "D 8", "ID": null }, "geometry": { "type": "MultiPolygon", "coordinates": [ [ [ [ -77.079352270768325, -12.068518831759562, 0.0 ], [ -77.079363136499367, -12.068701349614066, 0.0 ], [ -77.079445609452705, -12.068693760385345, 0.0 ], [ -77.079442527211341, -12.068661479177294, 0.0 ], [ -77.079439920664697, -12.068630472366635, 0.0 ], [ -77.079417237877223, -12.068632559656889, 0.0 ], [ -77.079414382375234, -12.068601778986816, 0.0 ], [ -77.07940075954366, -12.068603032570739, 0.0 ], [ -77.079398029285599, -12.068573601929486, 0.0 ], [ -77.079393275009238, -12.068574039421582, 0.0 ], [ -77.079393805732678, -12.068579760322772, 0.0 ], [ -77.079363466345612, -12.06858255217425, 0.0 ], [ -77.079358792611586, -12.06853233243713, 0.0 ], [ -77.079388781049772, -12.068529572881147, 0.0 ], [ -77.079384601638282, -12.068484521122016, 0.0 ], [ -77.079497424229245, -12.068474139086373, 0.0 ], [ -77.079501022836865, -12.068512929928378, 0.0 ], [ -77.079533937046392, -12.068509901123996, 0.0 ], [ -77.079522974227075, -12.068391728561545, 0.0 ], [ -77.079562654116657, -12.068388077168954, 0.0 ], [ -77.079564023426471, -12.06840283748863, 0.0 ], [ -77.079599223328671, -12.068399598344955, 0.0 ], [ -77.079605365076688, -12.068413367654685, 0.0 ], [ -77.079610873442533, -12.068427394119084, 0.0 ], [ -77.079615737349641, -12.068441649523491, 0.0 ], [ -77.079619947017235, -12.068456105211139, 0.0 ], [ -77.079623493979909, -12.068470732103869, 0.0 ], [ -77.079626371105263, -12.06848550079248, 0.0 ], [ -77.079628572607675, -12.068500381584974, 0.0 ], [ -77.07968475492234, -12.068495248973523, 0.0 ], [ -77.079686199376752, -12.068439074344036, 0.0 ], [ -77.079686111372041, -12.068439008764802, 0.0 ], [ -77.079686027745012, -12.068438937848315, 0.0 ], [ -77.079685948828654, -12.068438861884591, 0.0 ], [ -77.079685874937667, -12.068438781175068, 0.0 ], [ -77.079685806366001, -12.068438696038633, 0.0 ], [ -77.079685743386648, -12.068438606813702, 0.0 ], [ -77.079685686250457, -12.0684385138604, 0.0 ], [ -77.079685635184944, -12.068438417543357, 0.0 ], [ -77.079685590393368, -12.068438318244596, 0.0 ], [ -77.079685552054286, -12.068438216367893, 0.0 ], [ -77.079685520320055, -12.068438112312892, 0.0 ], [ -77.079685495317335, -12.068438006496679, 0.0 ], [ -77.079685477145674, -12.068437899338686, 0.0 ], [ -77.079685465877219, -12.068437791267204, 0.0 ], [ -77.079685461556778, -12.068437682707255, 0.0 ], [ -77.079685464644285, -12.068437566557051, 0.0 ], [ -77.079685475684485, -12.068437450880515, 0.0 ], [ -77.079685494627128, -12.068437336196464, 0.0 ], [ -77.079685521385827, -12.068437223029168, 0.0 ], [ -77.079685555838822, -12.068437111898838, 0.0 ], [ -77.079685597829084, -12.068437003310866, 0.0 ], [ -77.079685647165547, -12.068436897753669, 0.0 ], [ -77.079685703623312, -12.068436795715915, 0.0 ], [ -77.079685766945403, -12.068436697656333, 0.0 ], [ -77.079685836843225, -12.068436604020965, 0.0 ], [ -77.079685912998713, -12.068436515243162, 0.0 ], [ -77.079685995064864, -12.068436431717675, 0.0 ], [ -77.079686082667877, -12.068436353837326, 0.0 ], [ -77.079686175408895, -12.068436281943388, 0.0 ], [ -77.079686272865615, -12.068436216373756, 0.0 ], [ -77.079686285503385, -12.068435724892719, 0.0 ], [ -77.079677105199522, -12.068435517876797, 0.0 ], [ -77.079677709222793, -12.068412027545351, 0.0 ], [ -77.079686889525846, -12.068412234561388, 0.0 ], [ -77.079688067185913, -12.068366555764884, 0.0 ], [ -77.079494632661337, -12.068350333245434, 0.0 ], [ -77.079421571793247, -12.068397383780558, 0.0 ], [ -77.079421379330071, -12.068397131459832, 0.0 ], [ -77.079421169779224, -12.068396892690266, 0.0 ], [ -77.079420944122305, -12.068396668590225, 0.0 ], [ -77.079420703416758, -12.06839646020981, 0.0 ], [ -77.079420448790557, -12.068396268521026, 0.0 ], [ -77.079420181436745, -12.068396094428593, 0.0 ], [ -77.079419902607924, -12.068395938746285, 0.0 ], [ -77.079419613610867, -12.068395802201282, 0.0 ], [ -77.07941931579947, -12.06839568543421, 0.0 ], [ -77.07941901056941, -12.068395588990581, 0.0 ], [ -77.079418699350754, -12.06839551332946, 0.0 ], [ -77.079418383601876, -12.068395458797641, 0.0 ], [ -77.079418064802269, -12.068395425651271, 0.0 ], [ -77.079417744445678, -12.068395414051569, 0.0 ], [ -77.079417424033167, -12.068395424047655, 0.0 ], [ -77.079417105066156, -12.068395455593834, 0.0 ], [ -77.079416789039271, -12.068395508541029, 0.0 ], [ -77.079416477433398, -12.068395582645467, 0.0 ], [ -77.079416171708317, -12.068395677555774, 0.0 ], [ -77.079415873296867, -12.068395792830287, 0.0 ], [ -77.07941558359714, -12.068395927924175, 0.0 ], [ -77.079415303966798, -12.068396082211018, 0.0 ], [ -77.079415035715769, -12.068396254961332, 0.0 ], [ -77.079414780101359, -12.068396445368444, 0.0 ], [ -77.079414538320989, -12.068396652539938, 0.0 ], [ -77.079414311507733, -12.068396875506316, 0.0 ], [ -77.079414100724549, -12.068397113225332, 0.0 ], [ -77.079413906958692, -12.068397364573419, 0.0 ], [ -77.07941373111835, -12.068397628384522, 0.0 ], [ -77.079413574027569, -12.068397903415624, 0.0 ], [ -77.07941343642203, -12.068398188376966, 0.0 ], [ -77.079413318947047, -12.068398481940692, 0.0 ], [ -77.07941322215261, -12.068398782723612, 0.0 ], [ -77.079413146492513, -12.068399089317415, 0.0 ], [ -77.079413092321076, -12.068399400288669, 0.0 ], [ -77.079413059892374, -12.068399714178829, 0.0 ], [ -77.079413049358294, -12.068400029517191, 0.0 ], [ -77.079413060768076, -12.0684003448252, 0.0 ], [ -77.079413094068457, -12.068400658629368, 0.0 ], [ -77.079413149103146, -12.068400969452677, 0.0 ], [ -77.079413225614545, -12.068401275844714, 0.0 ], [ -77.079413323243898, -12.068401576364447, 0.0 ], [ -77.079413441533802, -12.068401869608211, 0.0 ], [ -77.079413579930119, -12.068402154198926, 0.0 ], [ -77.079413737784265, -12.068402428809216, 0.0 ], [ -77.079383002050164, -12.068422222331403, 0.0 ], [ -77.079369939148307, -12.068463287968822, 0.0 ], [ -77.079369623979701, -12.068463202619991, 0.0 ], [ -77.07936930352993, -12.068463139122668, 0.0 ], [ -77.079368979359899, -12.068463097774279, 0.0 ], [ -77.079368653049116, -12.068463078784971, 0.0 ], [ -77.079368326187478, -12.068463082244138, 0.0 ], [ -77.079368000367083, -12.068463108135576, 0.0 ], [ -77.079367677175483, -12.068463156331067, 0.0 ], [ -77.079367358187142, -12.068463226599055, 0.0 ], [ -77.0793670449563, -12.068463318596089, 0.0 ], [ -77.079366739008819, -12.068463431875506, 0.0 ], [ -77.079366441835361, -12.068463565883151, 0.0 ], [ -77.079366154883644, -12.068463719961779, 0.0 ], [ -77.079365879551787, -12.068463893372611, 0.0 ], [ -77.07936561718104, -12.068464085260958, 0.0 ], [ -77.079365369049611, -12.068464294690699, 0.0 ], [ -77.079365136366604, -12.068464520648666, 0.0 ], [ -77.079364920265377, -12.068464762031757, 0.0 ], [ -77.07936472179901, -12.068465017664206, 0.0 ], [ -77.079364541934069, -12.068465286297624, 0.0 ], [ -77.07936438154718, -12.068465566628277, 0.0 ], [ -77.079364241419526, -12.06846585728419, 0.0 ], [ -77.079364122233798, -12.06846615685102, 0.0 ], [ -77.079364024570864, -12.068466463872099, 0.0 ], [ -77.079363948906334, -12.068466776852745, 0.0 ], [ -77.079363895608807, -12.068467094264621, 0.0 ], [ -77.079363864937989, -12.06846741455864, 0.0 ], [ -77.079363857043347, -12.068467736182223, 0.0 ], [ -77.079363871963395, -12.068468057562086, 0.0 ], [ -77.079363909625329, -12.068468377138704, 0.0 ], [ -77.079363969845758, -12.068468693344748, 0.0 ], [ -77.079364052331272, -12.06846900465251, 0.0 ], [ -77.079364156679844, -12.068469309535088, 0.0 ], [ -77.079364282383352, -12.068469606513773, 0.0 ], [ -77.079364428829336, -12.068469894136506, 0.0 ], [ -77.079364595304071, -12.068470171003685, 0.0 ], [ -77.079364780996812, -12.068470435768162, 0.0 ], [ -77.079364985002812, -12.068470687139502, 0.0 ], [ -77.07936520632812, -12.068470923892592, 0.0 ], [ -77.079365443894432, -12.068471144876209, 0.0 ], [ -77.0793656965444, -12.06847134900867, 0.0 ], [ -77.079365963047081, -12.068471535299343, 0.0 ], [ -77.079366242104143, -12.068471702839993, 0.0 ], [ -77.079366532356104, -12.068471850815484, 0.0 ], [ -77.079366832388757, -12.068471978497289, 0.0 ], [ -77.079367140740672, -12.068472085277312, 0.0 ], [ -77.079352270768325, -12.068518831759562, 0.0 ] ] ] ] } },
{ "type": "Feature", "properties": { "Nombre": null, "Perimetro": 84.874, "Área": 316.458, "Uso": "Áreas de manejo sostenible y reducción de consumo de agua", "Proy riego": "Goteo", "Riego act": "Sin riego tecnificado", "Referenc_1": null, "código": "D 14", "ID": null }, "geometry": { "type": "MultiPolygon", "coordinates": [ [ [ [ -77.079028360742257, -12.068567287781631, 0.0 ], [ -77.079021209650264, -12.06858804477935, 0.0 ], [ -77.07902124465032, -12.068594446002653, 0.0 ], [ -77.079081211431784, -12.068594208435897, 0.0 ], [ -77.079188983721224, -12.068717285315129, 0.0 ], [ -77.079190967830627, -12.068717104674162, 0.0 ], [ -77.079206124401438, -12.068523188164054, 0.0 ], [ -77.079206450995628, -12.068523201627336, 0.0 ], [ -77.079206777748794, -12.068523192642102, 0.0 ], [ -77.07920710306891, -12.068523161236145, 0.0 ], [ -77.079207425370939, -12.068523107578597, 0.0 ], [ -77.079207743084723, -12.068523031924684, 0.0 ], [ -77.079208054662431, -12.068522934639361, 0.0 ], [ -77.079208358586044, -12.068522816203707, 0.0 ], [ -77.079208653374849, -12.068522677189037, 0.0 ], [ -77.079208937592796, -12.068522518274062, 0.0 ], [ -77.079209209855037, -12.068522340231929, 0.0 ], [ -77.079209468835217, -12.068522143934464, 0.0 ], [ -77.079209713271652, -12.06852193033059, 0.0 ], [ -77.079209941973488, -12.068521700472115, 0.0 ], [ -77.079210153826367, -12.068521455466321, 0.0 ], [ -77.079210347798238, -12.068521196514668, 0.0 ], [ -77.079210522944123, -12.068520924878312, 0.0 ], [ -77.079210678410632, -12.068520641878051, 0.0 ], [ -77.079210813440483, -12.068520348894308, 0.0 ], [ -77.079210927375811, -12.068520047354159, 0.0 ], [ -77.079211019661429, -12.068519738722705, 0.0 ], [ -77.079211089847846, -12.068519424511662, 0.0 ], [ -77.079211137592964, -12.068519106244876, 0.0 ], [ -77.07921116266435, -12.068518785475529, 0.0 ], [ -77.079211164939736, -12.068518463768923, 0.0 ], [ -77.079211144408134, -12.068518142685212, 0.0 ], [ -77.07921110116942, -12.068517823796652, 0.0 ], [ -77.079211035434469, -12.068517508653118, 0.0 ], [ -77.079210947523322, -12.068517198790747, 0.0 ], [ -77.079210837864494, -12.0685168957147, 0.0 ], [ -77.079210706992058, -12.068516600912096, 0.0 ], [ -77.079210555543582, -12.068516315808955, 0.0 ], [ -77.079210384256939, -12.068516041796087, 0.0 ], [ -77.079210193966759, -12.06851578021184, 0.0 ], [ -77.079209985600073, -12.068515532329242, 0.0 ], [ -77.079209760171807, -12.06851529935601, 0.0 ], [ -77.079209518780488, -12.068515082425986, 0.0 ], [ -77.079209262602177, -12.068514882599155, 0.0 ], [ -77.079208992884631, -12.068514700844485, 0.0 ], [ -77.079208710942225, -12.068514538052847, 0.0 ], [ -77.079208418148269, -12.068514395011267, 0.0 ], [ -77.079208115929518, -12.068514272420167, 0.0 ], [ -77.07920780575796, -12.068514170876197, 0.0 ], [ -77.07920748914519, -12.068514090878759, 0.0 ], [ -77.079207167633328, -12.068514032806343, 0.0 ], [ -77.079206842789134, -12.068513996954005, 0.0 ], [ -77.079212359922906, -12.06844340953335, 0.0 ], [ -77.079192227438114, -12.068445922452304, 0.0 ], [ -77.079148643210544, -12.06848025576447, 0.0 ], [ -77.07908001169281, -12.068491606369387, 0.0 ], [ -77.079043483337117, -12.068543290696836, 0.0 ], [ -77.079035809684783, -12.068555727829569, 0.0 ], [ -77.079029630723085, -12.068567730786608, 0.0 ], [ -77.079028360742257, -12.068567287781631, 0.0 ] ] ] ] } },
{ "type": "Feature", "properties": { "Nombre": null, "Perimetro": 86.425, "Área": 372.529, "Uso": "Áreas de manejo sostenible y reducción de consumo de agua", "Proy riego": "Goteo", "Riego act": "Sin riego tecnificado", "Referenc_1": null, "código": null, "ID": null }, "geometry": { "type": "MultiPolygon", "coordinates": [ [ [ [ -77.078227535576204, -12.06890596000374, 0.0 ], [ -77.07823403778788, -12.069018839340021, 0.0 ], [ -77.078232662588889, -12.06901891607234, 0.0 ], [ -77.078233441436254, -12.069032436960786, 0.0 ], [ -77.078243184767771, -12.069032045473275, 0.0 ], [ -77.078242742850406, -12.069030760611138, 0.0 ], [ -77.078286523625437, -12.069016174693608, 0.0 ], [ -77.078323422235655, -12.06900410608764, 0.0 ], [ -77.078328472983401, -12.069002471552194, 0.0 ], [ -77.078333459140538, -12.069000655054044, 0.0 ], [ -77.078338373941662, -12.06899865905104, 0.0 ], [ -77.078343210718558, -12.068996486262774, 0.0 ], [ -77.078347962908623, -12.068994139630004, 0.0 ], [ -77.078352624063868, -12.068991622336112, 0.0 ], [ -77.078357187860263, -12.06898893780305, 0.0 ], [ -77.078359787297984, -12.068987112744932, 0.0 ], [ -77.078362322597343, -12.068985202280169, 0.0 ], [ -77.07836479086329, -12.068983208602123, 0.0 ], [ -77.078367189277387, -12.068981133983574, 0.0 ], [ -77.078369515101102, -12.068978980798015, 0.0 ], [ -77.078371765678028, -12.068976751498081, 0.0 ], [ -77.078373938438261, -12.0689744486273, 0.0 ], [ -77.078375992524045, -12.06897208928855, 0.0 ], [ -77.078378000537967, -12.06896969184255, 0.0 ], [ -77.07837996175013, -12.06896725715346, 0.0 ], [ -77.078381875447619, -12.068964786112229, 0.0 ], [ -77.078383740935166, -12.068962279620441, 0.0 ], [ -77.078385557534546, -12.068959738577407, 0.0 ], [ -77.078387324585634, -12.068957163917736, 0.0 ], [ -77.078389390852692, -12.068953851731308, 0.0 ], [ -77.078391318023066, -12.068950459294886, 0.0 ], [ -77.078393102883993, -12.068946992261983, 0.0 ], [ -77.078394742460191, -12.06894345641029, 0.0 ], [ -77.078396234018641, -12.068939857638505, 0.0 ], [ -77.078397575073012, -12.068936201940454, 0.0 ], [ -77.078398763387526, -12.068932495412483, 0.0 ], [ -77.078399168881361, -12.068931014825502, 0.0 ], [ -77.078399556252251, -12.068929529541627, 0.0 ], [ -77.078399925444288, -12.068928039777955, 0.0 ], [ -77.078400276404295, -12.068926545756794, 0.0 ], [ -77.078400609081527, -12.068925047689689, 0.0 ], [ -77.07840092342758, -12.068923545794675, 0.0 ], [ -77.078401219396881, -12.068922040280485, 0.0 ], [ -77.078401404247359, -12.068921557975626, 0.0 ], [ -77.078401619526872, -12.068921088059234, 0.0 ], [ -77.078401864384574, -12.06892063238495, 0.0 ], [ -77.078402137852578, -12.068920192754948, 0.0 ], [ -77.078402438849835, -12.068919770907607, 0.0 ], [ -77.078402766186571, -12.068919368511001, 0.0 ], [ -77.078403118569042, -12.068918987152106, 0.0 ], [ -77.078403494604373, -12.068918628341068, 0.0 ], [ -77.078403892806008, -12.06891829349822, 0.0 ], [ -77.078404311600053, -12.068917983941128, 0.0 ], [ -77.078404749331071, -12.068917700897455, 0.0 ], [ -77.078405204268819, -12.068917445487694, 0.0 ], [ -77.078405674615169, -12.06891721871863, 0.0 ], [ -77.078406158510873, -12.06891702148547, 0.0 ], [ -77.078406654043377, -12.068916854573823, 0.0 ], [ -77.078406745454828, -12.068916259539842, 0.0 ], [ -77.078406830484568, -12.068915663596711, 0.0 ], [ -77.078406909123061, -12.068915066800603, 0.0 ], [ -77.078406981361397, -12.068914469222696, 0.0 ], [ -77.078407047191462, -12.068913870927695, 0.0 ], [ -77.078407106606221, -12.068913271978138, 0.0 ], [ -77.078407159599038, -12.068912672453253, 0.0 ], [ -77.078407624498794, -12.068904187436193, 0.0 ], [ -77.078407425478531, -12.068896399177977, 0.0 ], [ -77.078407000698547, -12.068887617816564, 0.0 ], [ -77.078406397095847, -12.068878846606875, 0.0 ], [ -77.078405614912796, -12.068870089064898, 0.0 ], [ -77.078404654464151, -12.068861348724303, 0.0 ], [ -77.07840351613622, -12.068852629098826, 0.0 ], [ -77.078402200386464, -12.068843933686598, 0.0 ], [ -77.078400707744393, -12.068835265994496, 0.0 ], [ -77.078186668663818, -12.068851729189896, 0.0 ], [ -77.078187264146408, -12.068858821643888, 0.0 ], [ -77.078162912997058, -12.068860702312703, 0.0 ], [ -77.078165577749417, -12.068906551069606, 0.0 ], [ -77.078227467981435, -12.068904786547774, 0.0 ], [ -77.078227535576204, -12.06890596000374, 0.0 ] ] ] ] } },
{ "type": "Feature", "properties": { "Nombre": null, "Perimetro": 386.453, "Área": 6941.354, "Uso": "Áreas de conservación", "Proy riego": "Cuenta con aspersión", "Riego act": "Riego por aspersión", "Referenc_1": null, "código": "D 12", "ID": null }, "geometry": { "type": "MultiPolygon", "coordinates": [ [ [ [ -77.078618439132981, -12.068810066256999, 0.0 ], [ -77.078669343886787, -12.069353239733813, 0.0 ], [ -77.07900412994735, -12.069322491326496, 0.0 ], [ -77.079230392600095, -12.069301807336549, 0.0 ], [ -77.079383898428375, -12.06928800697907, 0.0 ], [ -77.079685439459922, -12.069261124285365, 0.0 ], [ -77.079669612666322, -12.069230180974749, 0.0 ], [ -77.079617095378396, -12.069116421245019, 0.0 ], [ -77.079638020732588, -12.069108002603343, 0.0 ], [ -77.079672316636021, -12.069182292289803, 0.0 ], [ -77.07968974849328, -12.069219408904852, 0.0 ], [ -77.07971588518393, -12.069244457258284, 0.0 ], [ -77.079727207016319, -12.069230583003645, 0.0 ], [ -77.07971407309158, -12.069089732912591, 0.0 ], [ -77.079704924848556, -12.069090516370737, 0.0 ], [ -77.07970222257245, -12.069061536728855, 0.0 ], [ -77.079711370814522, -12.069060753270973, 0.0 ], [ -77.079696338641753, -12.068899545680175, 0.0 ], [ -77.079678792555328, -12.068713282148696, 0.0 ], [ -77.079593176233175, -12.068721188225377, 0.0 ], [ -77.078618439132981, -12.068810066256999, 0.0 ] ] ] ] } },
{ "type": "Feature", "properties": { "Nombre": null, "Perimetro": 99.799, "Área": 103.367, "Uso": "Áreas de manejo sostenible y reducción de consumo de agua", "Proy riego": "Goteo", "Riego act": "Sin riego tecnificado", "Referenc_1": null, "código": "E 11", "ID": null }, "geometry": { "type": "MultiPolygon", "coordinates": [ [ [ [ -77.07809779649925, -12.069726690548729, 0.0 ], [ -77.078100398306432, -12.069748297910465, 0.0 ], [ -77.078484957808982, -12.069711779027141, 0.0 ], [ -77.078496831067312, -12.069702542121087, 0.0 ], [ -77.078496709229228, -12.069698680207189, 0.0 ], [ -77.078487126580839, -12.069699148037612, 0.0 ], [ -77.078486891520782, -12.069694521183909, 0.0 ], [ -77.078350485294408, -12.069707639480532, 0.0 ], [ -77.07814182471472, -12.069727289287687, 0.0 ], [ -77.078137520536742, -12.069682324381366, 0.0 ], [ -77.07809861816726, -12.069684061685008, 0.0 ], [ -77.07809779649925, -12.069726690548729, 0.0 ] ] ] ] } },
{ "type": "Feature", "properties": { "Nombre": null, "Perimetro": 97.004, "Área": 298.816, "Uso": "Áreas de uso administrativo", "Proy riego": "Por validar con unidad", "Riego act": "Sin riego tecnificado", "Referenc_1": null, "código": "E 8", "ID": null }, "geometry": { "type": "MultiPolygon", "coordinates": [ [ [ [ -77.078949990521835, -12.069751781382994, 0.0 ], [ -77.078961074167154, -12.069860967581802, 0.0 ], [ -77.078961598037296, -12.069863286792527, 0.0 ], [ -77.078962280088305, -12.069865565827056, 0.0 ], [ -77.078963117196295, -12.069867794233373, 0.0 ], [ -77.078964105527604, -12.069869961819899, 0.0 ], [ -77.078965240555902, -12.069872058650217, 0.0 ], [ -77.078966517082705, -12.069874075122593, 0.0 ], [ -77.078967929262006, -12.069876002006456, 0.0 ], [ -77.07896947062612, -12.06987783047235, 0.0 ], [ -77.078971134116003, -12.069879552147764, 0.0 ], [ -77.078972912113187, -12.06988115914703, 0.0 ], [ -77.07897479647464, -12.069882644114166, 0.0 ], [ -77.07897677857035, -12.069884000239842, 0.0 ], [ -77.078978849322695, -12.069885221321414, 0.0 ], [ -77.078980999248131, -12.069886301766925, 0.0 ], [ -77.078983218500355, -12.069887236620634, 0.0 ], [ -77.078985496915323, -12.069888021605788, 0.0 ], [ -77.078987824058686, -12.069888653128563, 0.0 ], [ -77.078990189272304, -12.069889128294966, 0.0 ], [ -77.078992581724052, -12.069889444929849, 0.0 ], [ -77.078994990456778, -12.0698896015787, 0.0 ], [ -77.078997404439136, -12.069889597530363, 0.0 ], [ -77.079102129713334, -12.069881157795132, 0.0 ], [ -77.079100089698699, -12.069859196621257, 0.0 ], [ -77.079086634476099, -12.069860280970078, 0.0 ], [ -77.079084034612549, -12.069833286912415, 0.0 ], [ -77.079111493185167, -12.069831074041289, 0.0 ], [ -77.079114093051373, -12.069858068098251, 0.0 ], [ -77.079149787870875, -12.06985519146787, 0.0 ], [ -77.079136470607622, -12.06971182852314, 0.0 ], [ -77.079117954054155, -12.069713508237312, 0.0 ], [ -77.079116946633846, -12.069702663140788, 0.0 ], [ -77.079051795751127, -12.069708573240197, 0.0 ], [ -77.079058477924093, -12.069778940770894, 0.0 ], [ -77.078983295036309, -12.069785760898212, 0.0 ], [ -77.07897912861894, -12.069739851654687, 0.0 ], [ -77.078960749152046, -12.069741518922825, 0.0 ], [ -77.078953066350735, -12.069750033582457, 0.0 ], [ -77.078951635226431, -12.069751619662238, 0.0 ], [ -77.078949990521835, -12.069751781382994, 0.0 ] ] ] ] } },
{ "type": "Feature", "properties": { "Nombre": null, "Perimetro": 13.577, "Área": 10.361, "Uso": "Áreas de uso administrativo", "Proy riego": "Por validar con unidad", "Riego act": "Sin riego tecnificado", "Referenc_1": null, "código": null, "ID": null }, "geometry": { "type": "MultiPolygon", "coordinates": [ [ [ [ -77.078916043429814, -12.069915286604791, 0.0 ], [ -77.078918225804003, -12.06993246951599, 0.0 ], [ -77.078925880294008, -12.069931532234593, 0.0 ], [ -77.078927019283441, -12.06994050005822, 0.0 ], [ -77.07894845331856, -12.069937875489908, 0.0 ], [ -77.078955107270403, -12.069937060722255, 0.0 ], [ -77.078952579958184, -12.069912340252044, 0.0 ], [ -77.078916043429814, -12.069915286604791, 0.0 ] ] ] ] } },
{ "type": "Feature", "properties": { "Nombre": null, "Perimetro": 94.547, "Área": 198.827, "Uso": "Áreas de uso administrativo", "Proy riego": "Por validar con unidad", "Riego act": "Sin riego tecnificado", "Referenc_1": null, "código": null, "ID": null }, "geometry": { "type": "MultiPolygon", "coordinates": [ [ [ [ -77.078603965520259, -12.069940760527873, 0.0 ], [ -77.078597971666383, -12.070146746451757, 0.0 ], [ -77.078603832468573, -12.070172582334461, 0.0 ], [ -77.078649198469577, -12.070162492212065, 0.0 ], [ -77.078615419490916, -12.070010460902557, 0.0 ], [ -77.078781938231387, -12.069974298470282, 0.0 ], [ -77.078782904113197, -12.069978658241924, 0.0 ], [ -77.078798658708081, -12.069975541076261, 0.0 ], [ -77.07878802033008, -12.069925769209433, 0.0 ], [ -77.078603965520259, -12.069940760527873, 0.0 ] ] ] ] } },
{ "type": "Feature", "properties": { "Nombre": null, "Perimetro": 88.09, "Área": 383.612, "Uso": "Áreas de uso recreativo/descanso", "Proy riego": "Falta aspersión", "Riego act": "Sin riego tecnificado", "Referenc_1": null, "código": "E 6", "ID": null }, "geometry": { "type": "MultiPolygon", "coordinates": [ [ [ [ -77.079604729120589, -12.069898555831561, 0.0 ], [ -77.079569598221909, -12.070035189585047, 0.0 ], [ -77.079635418485836, -12.070098275540348, 0.0 ], [ -77.079795751559402, -12.069963605075749, 0.0 ], [ -77.079794993502503, -12.069955463410672, 0.0 ], [ -77.079748300733755, -12.069921019596105, 0.0 ], [ -77.07974281289161, -12.069928265764753, 0.0 ], [ -77.079723708285428, -12.069914172881015, 0.0 ], [ -77.079729196127943, -12.069906926712703, 0.0 ], [ -77.07966007213723, -12.069855936033326, 0.0 ], [ -77.079654584293436, -12.069863182200438, 0.0 ], [ -77.079635479696051, -12.069849089309059, 0.0 ], [ -77.0796409675402, -12.069841843142282, 0.0 ], [ -77.079606952692117, -12.069816751396468, 0.0 ], [ -77.079606906720926, -12.069816748397168, 0.0 ], [ -77.079604729120589, -12.069898555831561, 0.0 ] ] ] ] } },
{ "type": "Feature", "properties": { "Nombre": null, "Perimetro": 65.665, "Área": 44.236, "Uso": "Áreas de uso administrativo", "Proy riego": "Por validar con unidad", "Riego act": "Sin riego tecnificado", "Referenc_1": null, "código": null, "ID": null }, "geometry": { "type": "MultiPolygon", "coordinates": [ [ [ [ -77.079559536690837, -12.069818002716634, 0.0 ], [ -77.079567382220944, -12.069899610010237, 0.0 ], [ -77.079567062132668, -12.06989963854218, 0.0 ], [ -77.079567918481018, -12.069908546063695, 0.0 ], [ -77.079565531612388, -12.069908758823749, 0.0 ], [ -77.079564920488082, -12.069909996774715, 0.0 ], [ -77.079564259321373, -12.069911209554201, 0.0 ], [ -77.079563549180008, -12.069912395213102, 0.0 ], [ -77.079562791211075, -12.069913551835825, 0.0 ], [ -77.079561986638581, -12.069914677555786, 0.0 ], [ -77.079561136761427, -12.069915770555438, 0.0 ], [ -77.079560242951999, -12.06991682905781, 0.0 ], [ -77.079559587105976, -12.069917536687241, 0.0 ], [ -77.079558887393461, -12.069918202380526, 0.0 ], [ -77.079558146577668, -12.069918823496568, 0.0 ], [ -77.079557367584215, -12.069919397589354, 0.0 ], [ -77.079556553489695, -12.069919922397068, 0.0 ], [ -77.079555707509186, -12.069920395839997, 0.0 ], [ -77.079554832983661, -12.069920816048679, 0.0 ], [ -77.079553933366824, -12.069921181363965, 0.0 ], [ -77.079553012211647, -12.069921490347909, 0.0 ], [ -77.079552073155909, -12.069921741768798, 0.0 ], [ -77.079551119908359, -12.069921934647896, 0.0 ], [ -77.079443633486306, -12.069931706998519, 0.0 ], [ -77.079442928526177, -12.069924374145991, 0.0 ], [ -77.079423253803853, -12.069926163710381, 0.0 ], [ -77.079422241766949, -12.069915636697903, 0.0 ], [ -77.079401556302713, -12.069917518195259, 0.0 ], [ -77.079401626709384, -12.069918267983127, 0.0 ], [ -77.079437776065888, -12.069931770023208, 0.0 ], [ -77.079454747067075, -12.069933842141209, 0.0 ], [ -77.079481958798482, -12.069935912164999, 0.0 ], [ -77.079482014132665, -12.069935494613024, 0.0 ], [ -77.079490079363339, -12.069936529903998, 0.0 ], [ -77.07949471393141, -12.069936882459846, 0.0 ], [ -77.079542099452368, -12.069932759079318, 0.0 ], [ -77.079573624522837, -12.069914993487682, 0.0 ], [ -77.079591361095908, -12.069888623772574, 0.0 ], [ -77.079593212730117, -12.069815854959442, 0.0 ], [ -77.079587680639975, -12.06981549402879, 0.0 ], [ -77.079559536690837, -12.069818002716634, 0.0 ] ] ] ] } },
{ "type": "Feature", "properties": { "Nombre": null, "Perimetro": 109.624, "Área": 221.118, "Uso": "Áreas de uso administrativo", "Proy riego": "Por validar con unidad", "Riego act": "Sin riego tecnificado", "Referenc_1": null, "código": "E 22", "ID": null }, "geometry": { "type": "MultiPolygon", "coordinates": [ [ [ [ -77.07926986063498, -12.069939709464576, 0.0 ], [ -77.079272344481126, -12.069975777159199, 0.0 ], [ -77.079217363493484, -12.069980006302554, 0.0 ], [ -77.079217590260242, -12.069982443368113, 0.0 ], [ -77.079376324969772, -12.069968143913686, 0.0 ], [ -77.079374522394914, -12.069949802620041, 0.0 ], [ -77.079397385303466, -12.069947756583193, 0.0 ], [ -77.079399186559598, -12.069966084443207, 0.0 ], [ -77.079439886773045, -12.069962417988009, 0.0 ], [ -77.079458130212558, -12.070112659310857, 0.0 ], [ -77.079459777572509, -12.070112516872886, 0.0 ], [ -77.079461652711288, -12.070127959301892, 0.0 ], [ -77.079532846795871, -12.070121803538633, 0.0 ], [ -77.079554557298437, -12.070038851222055, 0.0 ], [ -77.079451497773007, -12.069951413279011, 0.0 ], [ -77.079433862130728, -12.069944871002027, 0.0 ], [ -77.079428003215014, -12.069942697525454, 0.0 ], [ -77.079401557270543, -12.069932886895671, 0.0 ], [ -77.079388193486551, -12.069929118412501, 0.0 ], [ -77.07926986063498, -12.069939709464576, 0.0 ] ] ] ] } },
{ "type": "Feature", "properties": { "Nombre": null, "Perimetro": 26.644, "Área": 36.167, "Uso": "Áreas de uso administrativo", "Proy riego": "Por validar con unidad", "Riego act": "Sin riego tecnificado", "Referenc_1": null, "código": null, "ID": null }, "geometry": { "type": "MultiPolygon", "coordinates": [ [ [ [ -77.079565809060824, -12.070049826542853, 0.0 ], [ -77.07954664340896, -12.070123378431489, 0.0 ], [ -77.079618737409248, -12.070116519790913, 0.0 ], [ -77.079618023923359, -12.070112885949667, 0.0 ], [ -77.079624476644611, -12.07010746604367, 0.0 ], [ -77.079565809060824, -12.070049826542853, 0.0 ] ] ] ] } },
{ "type": "Feature", "properties": { "Nombre": null, "Perimetro": 40.518, "Área": 29.987, "Uso": "Áreas de uso administrativo", "Proy riego": "Por validar con unidad", "Riego act": "Sin riego tecnificado", "Referenc_1": null, "código": null, "ID": null }, "geometry": { "type": "MultiPolygon", "coordinates": [ [ [ [ -77.07954895470219, -12.070136793394308, 0.0 ], [ -77.079498478141147, -12.070216472881663, 0.0 ], [ -77.079556964027333, -12.070210901507071, 0.0 ], [ -77.079550583440067, -12.070140181790782, 0.0 ], [ -77.079620740767069, -12.070134069616085, 0.0 ], [ -77.079620415882488, -12.070130468741803, 0.0 ], [ -77.07954895470219, -12.070136793394308, 0.0 ] ] ] ] } },
{ "type": "Feature", "properties": { "Nombre": null, "Perimetro": 28.256, "Área": 35.873, "Uso": "Áreas de uso administrativo", "Proy riego": "Por validar con unidad", "Riego act": "Sin riego tecnificado", "Referenc_1": null, "código": null, "ID": null }, "geometry": { "type": "MultiPolygon", "coordinates": [ [ [ [ -77.079462413524809, -12.070161642919619, 0.0 ], [ -77.079468485850441, -12.070211650624621, 0.0 ], [ -77.079470622838258, -12.070229249451865, 0.0 ], [ -77.079474469290005, -12.070228785681401, 0.0 ], [ -77.079526533118951, -12.070146494160578, 0.0 ], [ -77.079527983353287, -12.070141276135356, 0.0 ], [ -77.079463942125429, -12.070146813430263, 0.0 ], [ -77.079465708245266, -12.070161358043517, 0.0 ], [ -77.079462413524809, -12.070161642919619, 0.0 ] ] ] ] } },
{ "type": "Feature", "properties": { "Nombre": null, "Perimetro": 39.318, "Área": 72.808, "Uso": "Áreas de uso administrativo", "Proy riego": "Por validar con unidad", "Riego act": "Sin riego tecnificado", "Referenc_1": null, "código": "E 20", "ID": null }, "geometry": { "type": "MultiPolygon", "coordinates": [ [ [ [ -77.078935904584341, -12.07033391674827, 0.0 ], [ -77.078947392147398, -12.070428205486166, 0.0 ], [ -77.079030804677743, -12.070418645002976, 0.0 ], [ -77.079029200686151, -12.070404780527758, 0.0 ], [ -77.079027390632703, -12.070404976641225, 0.0 ], [ -77.079027234803306, -12.070403629693159, 0.0 ], [ -77.079024533760588, -12.070380282593508, 0.0 ], [ -77.078999706477092, -12.070382972548288, 0.0 ], [ -77.078996921878769, -12.070358903189705, 0.0 ], [ -77.078983803474586, -12.07035973422559, 0.0 ], [ -77.078981200847053, -12.070329204839043, 0.0 ], [ -77.078935904584341, -12.07033391674827, 0.0 ] ] ] ] } },
{ "type": "Feature", "properties": { "Nombre": null, "Perimetro": 40.426, "Área": 62.221, "Uso": "Áreas de uso administrativo", "Proy riego": "Por validar con unidad", "Riego act": "Sin riego tecnificado", "Referenc_1": null, "código": "E 15", "ID": null }, "geometry": { "type": "MultiPolygon", "coordinates": [ [ [ [ -77.078620704758748, -12.070248157316161, 0.0 ], [ -77.078643254343177, -12.070349719738084, 0.0 ], [ -77.07871819158504, -12.070341262405082, 0.0 ], [ -77.078716161537812, -12.070327662788623, 0.0 ], [ -77.078685768937675, -12.070334328820481, 0.0 ], [ -77.078664773215692, -12.070238178237732, 0.0 ], [ -77.078620704758748, -12.070248157316161, 0.0 ] ] ] ] } },
{ "type": "Feature", "properties": { "Nombre": null, "Perimetro": 56.748, "Área": 74.012, "Uso": "Áreas de uso administrativo", "Proy riego": "Por validar con unidad", "Riego act": "Sin riego tecnificado", "Referenc_1": null, "código": "E 17", "ID": null }, "geometry": { "type": "MultiPolygon", "coordinates": [ [ [ [ -77.078652407223288, -12.070391605910553, 0.0 ], [ -77.078688952412577, -12.070555979230722, 0.0 ], [ -77.078704418476349, -12.07056174108167, 0.0 ], [ -77.078712349620943, -12.070560797534014, 0.0 ], [ -77.078710020996922, -12.07054168432032, 0.0 ], [ -77.078706647926097, -12.070542085605773, 0.0 ], [ -77.078706374613489, -12.07053984227082, 0.0 ], [ -77.078709747684286, -12.070539440985378, 0.0 ], [ -77.078705975970607, -12.070508482963017, 0.0 ], [ -77.078702602900179, -12.070508884248335, 0.0 ], [ -77.078701903220193, -12.070503141310809, 0.0 ], [ -77.078705276290549, -12.070502740025493, 0.0 ], [ -77.078701395253646, -12.070470884668829, 0.0 ], [ -77.078698022183659, -12.070471285954035, 0.0 ], [ -77.078697694208827, -12.070468593952032, 0.0 ], [ -77.078701067278757, -12.070468192666853, 0.0 ], [ -77.078697011323683, -12.070434901575469, 0.0 ], [ -77.078693638254137, -12.070435302860552, 0.0 ], [ -77.078693310279434, -12.070432610858539, 0.0 ], [ -77.078696683348952, -12.070432209573468, 0.0 ], [ -77.078692638664123, -12.07039901097259, 0.0 ], [ -77.078689265259044, -12.07039940950011, 0.0 ], [ -77.078688937284497, -12.070396717498074, 0.0 ], [ -77.078696231133364, -12.070395855818118, 0.0 ], [ -77.078694120437049, -12.070378531308492, 0.0 ], [ -77.078698032501421, -12.070373960032326, 0.0 ], [ -77.078671376411265, -12.070363178076274, 0.0 ], [ -77.078646795205842, -12.070366364096545, 0.0 ], [ -77.078647931743788, -12.070371476034071, 0.0 ], [ -77.078655748553075, -12.070369842494829, 0.0 ], [ -77.07866007033374, -12.070390004490827, 0.0 ], [ -77.078652407223288, -12.070391605910553, 0.0 ] ] ] ] } },
{ "type": "Feature", "properties": { "Nombre": null, "Perimetro": 53.206, "Área": 83.495, "Uso": "Áreas de uso administrativo", "Proy riego": "Por validar con unidad", "Riego act": "Sin riego tecnificado", "Referenc_1": null, "código": "E 18", "ID": null }, "geometry": { "type": "MultiPolygon", "coordinates": [ [ [ [ -77.078695367617016, -12.070584833572145, 0.0 ], [ -77.078730799406415, -12.070744198707768, 0.0 ], [ -77.078780657294175, -12.070737350288349, 0.0 ], [ -77.078778791293772, -12.070722034320029, 0.0 ], [ -77.078756820738292, -12.070724648105227, 0.0 ], [ -77.078756547424817, -12.070722404770455, 0.0 ], [ -77.07875973816941, -12.070722025175206, 0.0 ], [ -77.078756316285109, -12.070693938623783, 0.0 ], [ -77.078753125540857, -12.070694318218941, 0.0 ], [ -77.078752852227481, -12.070692074884164, 0.0 ], [ -77.078756042971733, -12.070691695289012, 0.0 ], [ -77.078752632021278, -12.070663698470746, 0.0 ], [ -77.078749441277353, -12.070664078065805, 0.0 ], [ -77.078749167964091, -12.070661834731013, 0.0 ], [ -77.078752358707987, -12.070661455135928, 0.0 ], [ -77.078749111746745, -12.070634804318324, 0.0 ], [ -77.078745920973049, -12.070635183916878, 0.0 ], [ -77.078745647689956, -12.070632940578458, 0.0 ], [ -77.078748838433555, -12.070632560983499, 0.0 ], [ -77.078745569608429, -12.070605730698921, 0.0 ], [ -77.078742378865144, -12.070606110293786, 0.0 ], [ -77.078742105552081, -12.070603866958926, 0.0 ], [ -77.078745296295352, -12.070603487364066, 0.0 ], [ -77.07874152457552, -12.070572529343124, 0.0 ], [ -77.078710802278806, -12.070576184296881, 0.0 ], [ -77.078710692953706, -12.070575286962926, 0.0 ], [ -77.078706134879937, -12.070575829225108, 0.0 ], [ -77.078695367617016, -12.070584833572145, 0.0 ] ] ] ] } },
{ "type": "Feature", "properties": { "Nombre": null, "Perimetro": 84.038, "Área": 200.926, "Uso": "Áreas de uso administrativo", "Proy riego": "Por validar con unidad", "Riego act": "Sin riego tecnificado", "Referenc_1": null, "código": "E 19", "ID": null }, "geometry": { "type": "MultiPolygon", "coordinates": [ [ [ [ -77.079000200950475, -12.070621775267982, 0.0 ], [ -77.079004835195349, -12.070659812513311, 0.0 ], [ -77.07897601672552, -12.070663152589383, 0.0 ], [ -77.078981595295147, -12.070708940737511, 0.0 ], [ -77.079063897404794, -12.070697472348007, 0.0 ], [ -77.079063169593169, -12.070691498584285, 0.0 ], [ -77.079061334500821, -12.070691722573072, 0.0 ], [ -77.079059685593634, -12.070691916681549, 0.0 ], [ -77.07902871362927, -12.070437083721741, 0.0 ], [ -77.078949578673758, -12.070446152257196, 0.0 ], [ -77.078958664200982, -12.070520725234029, 0.0 ], [ -77.078987482656402, -12.07051738516218, 0.0 ], [ -77.078997010700505, -12.07059559012367, 0.0 ], [ -77.07900809894079, -12.070603777562775, 0.0 ], [ -77.079007494548335, -12.070604508339322, 0.0 ], [ -77.079011115434241, -12.070607265721643, 0.0 ], [ -77.079008291896798, -12.070610778414679, 0.0 ], [ -77.07900891526846, -12.07061123870565, 0.0 ], [ -77.079000200950475, -12.070621775267982, 0.0 ] ] ] ] } },
{ "type": "Feature", "properties": { "Nombre": null, "Perimetro": 67.701, "Área": 166.611, "Uso": "Áreas de uso recreativo/descanso", "Proy riego": "Falta aspersión", "Riego act": "Sin riego tecnificado", "Referenc_1": null, "código": "E 25", "ID": null }, "geometry": { "type": "MultiPolygon", "coordinates": [ [ [ [ -77.079663729899508, -12.070449466387531, 0.0 ], [ -77.079676431152635, -12.070602066334079, 0.0 ], [ -77.079645735273573, -12.070604535116592, 0.0 ], [ -77.079647341286915, -12.070616177419145, 0.0 ], [ -77.079841502695842, -12.070589044183649, 0.0 ], [ -77.079663729899508, -12.070449466387531, 0.0 ] ] ] ] } },
{ "type": "Feature", "properties": { "Nombre": null, "Perimetro": 106.428, "Área": 568.795, "Uso": "Áreas de uso recreativo/descanso", "Proy riego": "Falta aspersión", "Riego act": "Sin riego tecnificado", "Referenc_1": null, "código": "E 27", "ID": null }, "geometry": { "type": "MultiPolygon", "coordinates": [ [ [ [ -77.079601900891035, -12.070715753682226, 0.0 ], [ -77.07960345239546, -12.070727165617225, 0.0 ], [ -77.079613177905401, -12.070725796991402, 0.0 ], [ -77.079652813265042, -12.0707202192878, 0.0 ], [ -77.079653519647778, -12.070725415007781, 0.0 ], [ -77.079664064842348, -12.070723931029576, 0.0 ], [ -77.07966536799718, -12.070733516236972, 0.0 ], [ -77.07967264054021, -12.070732492804161, 0.0 ], [ -77.079688739677067, -12.070843615976552, 0.0 ], [ -77.079688909074335, -12.07084359213801, 0.0 ], [ -77.079690942688657, -12.070855174342245, 0.0 ], [ -77.079880908608374, -12.070828928002562, 0.0 ], [ -77.079868974101814, -12.070748202923086, 0.0 ], [ -77.079856415651733, -12.070614479625283, 0.0 ], [ -77.0795921230077, -12.070651340661168, 0.0 ], [ -77.079598338450069, -12.070697057751234, 0.0 ], [ -77.079602162301214, -12.070696562805136, 0.0 ], [ -77.07960268899366, -12.070700414267794, 0.0 ], [ -77.079599865121324, -12.070700779780113, 0.0 ], [ -77.079601377214175, -12.07071190182922, 0.0 ], [ -77.079604198070982, -12.070711536707218, 0.0 ], [ -77.079604724763499, -12.070715388169862, 0.0 ], [ -77.079601900891035, -12.070715753682226, 0.0 ] ] ] ] } },
{ "type": "Feature", "properties": { "Nombre": null, "Perimetro": 116.391, "Área": 352.572, "Uso": "Áreas de uso administrativo", "Proy riego": "Por validar con unidad", "Riego act": "Sin riego tecnificado", "Referenc_1": null, "código": "E 42", "ID": null }, "geometry": { "type": "MultiPolygon", "coordinates": [ [ [ [ -77.078890902101179, -12.070923794202994, 0.0 ], [ -77.078887828991071, -12.070902822165639, 0.0 ], [ -77.078886911458838, -12.070896560586196, 0.0 ], [ -77.07888601599862, -12.070890449633723, 0.0 ], [ -77.078884844112693, -12.070883412946168, 0.0 ], [ -77.078865547203904, -12.070752902129763, 0.0 ], [ -77.078821366683215, -12.070759109433375, 0.0 ], [ -77.078825386619314, -12.070786297520231, 0.0 ], [ -77.078860476501433, -12.070781367439059, 0.0 ], [ -77.078866056814135, -12.070819108794586, 0.0 ], [ -77.078817330960533, -12.070825954711324, 0.0 ], [ -77.07880773071939, -12.070761025266471, 0.0 ], [ -77.078767516523854, -12.070766675298536, 0.0 ], [ -77.078767820346499, -12.070768756510136, 0.0 ], [ -77.078769437418956, -12.070779666932067, 0.0 ], [ -77.078757079632993, -12.070781441074477, 0.0 ], [ -77.078755613532707, -12.070781651554769, 0.0 ], [ -77.078757333212607, -12.070789344533193, 0.0 ], [ -77.078741638698091, -12.070792742826294, 0.0 ], [ -77.078747236055975, -12.070817782577294, 0.0 ], [ -77.078763097465327, -12.070814289651013, 0.0 ], [ -77.078768365602642, -12.07083785662352, 0.0 ], [ -77.078752504192096, -12.070841349550314, 0.0 ], [ -77.078797639546963, -12.071043262028315, 0.0 ], [ -77.078818227373006, -12.07103881483487, 0.0 ], [ -77.078816254289393, -12.071029988311004, 0.0 ], [ -77.078839484747689, -12.071024970278566, 0.0 ], [ -77.078841457831984, -12.071033796802171, 0.0 ], [ -77.078861467208355, -12.071029474556784, 0.0 ], [ -77.07885945466181, -12.071020471502989, 0.0 ], [ -77.078882685117904, -12.071015453467208, 0.0 ], [ -77.078884697665146, -12.071024456520719, 0.0 ], [ -77.078894276389988, -12.071022387409423, 0.0 ], [ -77.078905032944917, -12.07101995589268, 0.0 ], [ -77.07889395032818, -12.070944537677011, 0.0 ], [ -77.078892846232577, -12.070937024202246, 0.0 ], [ -77.078890902101179, -12.070923794202994, 0.0 ] ] ] ] } },
{ "type": "Feature", "properties": { "Nombre": null, "Perimetro": 68.212, "Área": 154.608, "Uso": "Áreas de uso administrativo", "Proy riego": "Por validar con unidad", "Riego act": "Sin riego tecnificado", "Referenc_1": null, "código": null, "ID": null }, "geometry": { "type": "MultiPolygon", "coordinates": [ [ [ [ -77.079067043758712, -12.071071636421323, 0.0 ], [ -77.07906513603146, -12.071071148340673, 0.0 ], [ -77.079063232634823, -12.071070644146388, 0.0 ], [ -77.079061333709262, -12.071070123882699, 0.0 ], [ -77.079059439394854, -12.071069587576613, 0.0 ], [ -77.079057339627965, -12.071068980546555, 0.0 ], [ -77.079055255646637, -12.071068322926783, 0.0 ], [ -77.079053188708855, -12.071067615115117, 0.0 ], [ -77.079051140062418, -12.071066857552561, 0.0 ], [ -77.079049110943956, -12.071066050682379, 0.0 ], [ -77.079047102577832, -12.071065194997523, 0.0 ], [ -77.079045116176331, -12.071064291011728, 0.0 ], [ -77.079043144626709, -12.071063291325494, 0.0 ], [ -77.079041183310096, -12.071062272334711, 0.0 ], [ -77.079039232421763, -12.07106123412709, 0.0 ], [ -77.079037292155661, -12.071060176819696, 0.0 ], [ -77.079035362705241, -12.071059100510205, 0.0 ], [ -77.07903344426245, -12.071058005302772, 0.0 ], [ -77.079031537018352, -12.071056891317085, 0.0 ], [ -77.079029974524516, -12.071055946935802, 0.0 ], [ -77.079028419691909, -12.071054990387761, 0.0 ], [ -77.079026872618343, -12.071054021727806, 0.0 ], [ -77.079025333401205, -12.071053041022004, 0.0 ], [ -77.079023802137272, -12.071052048329971, 0.0 ], [ -77.079022278923105, -12.071051043713473, 0.0 ], [ -77.079020763854402, -12.071050027237058, 0.0 ], [ -77.079019391426016, -12.071048980056565, 0.0 ], [ -77.079018012637462, -12.071047941008999, 0.0 ], [ -77.079016627538152, -12.071046910114926, 0.0 ], [ -77.079015236178293, -12.071045887423523, 0.0 ], [ -77.079013838607722, -12.071044872973207, 0.0 ], [ -77.079012434876958, -12.071043866787308, 0.0 ], [ -77.079011025036394, -12.071042868915281, 0.0 ], [ -77.0790096847212, -12.071042008132826, 0.0 ], [ -77.079008313239797, -12.071041196292697, 0.0 ], [ -77.07900691243627, -12.071040434486257, 0.0 ], [ -77.079005484194695, -12.071039723740149, 0.0 ], [ -77.079004030435769, -12.071039065013991, 0.0 ], [ -77.079002553114037, -12.071038459191772, 0.0 ], [ -77.079001054216448, -12.071037907080758, 0.0 ], [ -77.0790002821537, -12.071037635521469, 0.0 ], [ -77.07899950172424, -12.071037388213428, 0.0 ], [ -77.078998713713915, -12.071037165397422, 0.0 ], [ -77.078997918916386, -12.0710369673067, 0.0 ], [ -77.078997118132477, -12.071036794142138, 0.0 ], [ -77.078996312168471, -12.071036646067943, 0.0 ], [ -77.078995501836275, -12.071036523245741, 0.0 ], [ -77.078994313805111, -12.071036338283477, 0.0 ], [ -77.078993120304318, -12.071036191342138, 0.0 ], [ -77.078991922589395, -12.071036082567872, 0.0 ], [ -77.078990721920178, -12.071036012082708, 0.0 ], [ -77.078989519559983, -12.07103597995909, 0.0 ], [ -77.078988316773646, -12.071035986224198, 0.0 ], [ -77.078987114826504, -12.071036030879855, 0.0 ], [ -77.078942583343306, -12.071041949471059, 0.0 ], [ -77.078899519122601, -12.071049014244966, 0.0 ], [ -77.078868783486428, -12.071055704211048, 0.0 ], [ -77.07887063587259, -12.071064742130124, 0.0 ], [ -77.078847319900945, -12.071069817118287, 0.0 ], [ -77.078845467515478, -12.071060779198936, 0.0 ], [ -77.078803592778996, -12.071069893709302, 0.0 ], [ -77.078809511817795, -12.071096372420003, 0.0 ], [ -77.078814109090942, -12.071116938231338, 0.0 ], [ -77.078816989196284, -12.071129822323838, 0.0 ], [ -77.078838781597099, -12.071125100073598, 0.0 ], [ -77.078838491019553, -12.071123774928285, 0.0 ], [ -77.07907279151523, -12.071073003649396, 0.0 ], [ -77.07907087164206, -12.071072564114516, 0.0 ], [ -77.079068955676078, -12.071072108359221, 0.0 ], [ -77.079067043758712, -12.071071636421323, 0.0 ] ] ] ] } },
{ "type": "Feature", "properties": { "Nombre": null, "Perimetro": 14.434, "Área": 9.46, "Uso": "Áreas de uso administrativo", "Proy riego": "Por validar con unidad", "Riego act": "Sin riego tecnificado", "Referenc_1": null, "código": null, "ID": null }, "geometry": { "type": "MultiPolygon", "coordinates": [ [ [ [ -77.079029967748596, -12.071037609095335, 0.0 ], [ -77.07903961347931, -12.071043742889282, 0.0 ], [ -77.079052090703414, -12.071050714294142, 0.0 ], [ -77.079053416874942, -12.071051361352522, 0.0 ], [ -77.079054755632143, -12.071051982797734, 0.0 ], [ -77.079056106464265, -12.071052578389988, 0.0 ], [ -77.079057468856433, -12.071053147915462, 0.0 ], [ -77.079058842289186, -12.071053691145318, 0.0 ], [ -77.079060226238425, -12.071054207878799, 0.0 ], [ -77.079061620176176, -12.071054697908616, 0.0 ], [ -77.079060518132621, -12.07104713192482, 0.0 ], [ -77.079072063217012, -12.071045509846275, 0.0 ], [ -77.079071515871547, -12.071041752468355, 0.0 ], [ -77.079070424997454, -12.071041905735639, 0.0 ], [ -77.079067884034274, -12.071024460602397, 0.0 ], [ -77.079048517991566, -12.071027273076401, 0.0 ], [ -77.079048646092403, -12.071028168020071, 0.0 ], [ -77.079024924801288, -12.071031606922766, 0.0 ], [ -77.079024851212338, -12.071031611741686, 0.0 ], [ -77.079024778151492, -12.07103162165447, 0.0 ], [ -77.079024705982022, -12.071031636607145, 0.0 ], [ -77.079024635063405, -12.071031656530193, 0.0 ], [ -77.079024565748085, -12.071031681328339, 0.0 ], [ -77.079024498380988, -12.07103171086972, 0.0 ], [ -77.079024433297064, -12.071031745009616, 0.0 ], [ -77.079024370820278, -12.071031783581843, 0.0 ], [ -77.079024311261321, -12.071031826394456, 0.0 ], [ -77.079024254916362, -12.071031873229762, 0.0 ], [ -77.079024202065781, -12.071031923852955, 0.0 ], [ -77.079024152972636, -12.071031978025031, 0.0 ], [ -77.079024107880898, -12.071032035459741, 0.0 ], [ -77.079024067014927, -12.071032095883904, 0.0 ], [ -77.07902403057804, -12.071032158994326, 0.0 ], [ -77.079023998751595, -12.071032224475053, 0.0 ], [ -77.079023971693701, -12.071032291997376, 0.0 ], [ -77.079023949539049, -12.071032361232756, 0.0 ], [ -77.079023932397845, -12.0710324318313, 0.0 ], [ -77.07902392035534, -12.071032503438982, 0.0 ], [ -77.079023913471573, -12.071032575710575, 0.0 ], [ -77.079023911780595, -12.071032648275214, 0.0 ], [ -77.079023915290904, -12.071032720779442, 0.0 ], [ -77.079023923985091, -12.071032792861383, 0.0 ], [ -77.079023937819841, -12.071032864159356, 0.0 ], [ -77.079023956726303, -12.071032934316181, 0.0 ], [ -77.079023980610444, -12.071033002992099, 0.0 ], [ -77.07902400935356, -12.071033069838922, 0.0 ], [ -77.079024042812577, -12.071033134525882, 0.0 ], [ -77.079024080821014, -12.07103319672669, 0.0 ], [ -77.07902412318991, -12.07103325614109, 0.0 ], [ -77.079024169708447, -12.07103331246898, 0.0 ], [ -77.0790242201452, -12.071033365427663, 0.0 ], [ -77.07902427424925, -12.071033414756124, 0.0 ], [ -77.079024331751626, -12.071033460208554, 0.0 ], [ -77.079024392366208, -12.071033501560876, 0.0 ], [ -77.079024455791199, -12.071033538601085, 0.0 ], [ -77.079029967748596, -12.071037609095335, 0.0 ] ] ] ] } },
{ "type": "Feature", "properties": { "Nombre": null, "Perimetro": 31.083, "Área": 57.801, "Uso": "Áreas de uso administrativo", "Proy riego": "Por validar con unidad", "Riego act": "Sin riego tecnificado", "Referenc_1": null, "código": null, "ID": null }, "geometry": { "type": "MultiPolygon", "coordinates": [ [ [ [ -77.079136287958136, -12.071152630451904, 0.0 ], [ -77.079145920356453, -12.071218319245085, 0.0 ], [ -77.079154522155903, -12.071216804881439, 0.0 ], [ -77.079155137159518, -12.071216696608818, 0.0 ], [ -77.079154332556243, -12.071211149528292, 0.0 ], [ -77.079209421714538, -12.071203409505104, 0.0 ], [ -77.079198744792748, -12.071130597620941, 0.0 ], [ -77.079147584727835, -12.07113778560478, 0.0 ], [ -77.079146688717671, -12.071137942409909, 0.0 ], [ -77.079145805683936, -12.071138159094234, 0.0 ], [ -77.079144939751785, -12.071138434631864, 0.0 ], [ -77.079144094966281, -12.071138767744943, 0.0 ], [ -77.07914327527395, -12.071139156871928, 0.0 ], [ -77.079142484504032, -12.071139600195712, 0.0 ], [ -77.07914172635067, -12.071140095650268, 0.0 ], [ -77.079141004355634, -12.071140640912111, 0.0 ], [ -77.079140321891714, -12.071141233443551, 0.0 ], [ -77.079139682147044, -12.071141870471243, 0.0 ], [ -77.079139088110225, -12.071142549020792, 0.0 ], [ -77.07913854255635, -12.07114326592114, 0.0 ], [ -77.079138048034082, -12.07114401782624, 0.0 ], [ -77.079137606853507, -12.071144801219447, 0.0 ], [ -77.079137221075641, -12.071145612443752, 0.0 ], [ -77.07913689250266, -12.071146447706173, 0.0 ], [ -77.079136622669523, -12.071147303107994, 0.0 ], [ -77.079136412836874, -12.071148174653418, 0.0 ], [ -77.079136263984665, -12.071149058271176, 0.0 ], [ -77.079136176808646, -12.071149949831792, 0.0 ], [ -77.079136151715772, -12.071150845171308, 0.0 ], [ -77.079136188823327, -12.071151740102083, 0.0 ], [ -77.079136287958136, -12.071152630451904, 0.0 ] ] ] ] } },
{ "type": "Feature", "properties": { "Nombre": null, "Perimetro": 73.901, "Área": 311.715, "Uso": "Áreas de uso recreativo/descanso", "Proy riego": "Falta aspersión", "Riego act": "Sin riego tecnificado", "Referenc_1": null, "código": "E 28", "ID": null }, "geometry": { "type": "MultiPolygon", "coordinates": [ [ [ [ -77.079695972629395, -12.070893540878808, 0.0 ], [ -77.079712045871958, -12.071004485103195, 0.0 ], [ -77.079713717881447, -12.071016026001619, 0.0 ], [ -77.079904347412281, -12.070989739019884, 0.0 ], [ -77.079897698872202, -12.070944597653991, 0.0 ], [ -77.079888611079824, -12.070945894144083, 0.0 ], [ -77.079885186062626, -12.070922639406954, 0.0 ], [ -77.079894273854265, -12.070921342917099, 0.0 ], [ -77.079884557355868, -12.070855371077233, 0.0 ], [ -77.079694256629395, -12.070881779478491, 0.0 ], [ -77.079695972629395, -12.070893540878808, 0.0 ] ] ] ] } },
{ "type": "Feature", "properties": { "Nombre": null, "Perimetro": 47.177, "Área": 69.382, "Uso": "Áreas de manejo sostenible y reducción de consumo de agua", "Proy riego": "Goteo", "Riego act": "Sin riego tecnificado", "Referenc_1": null, "código": null, "ID": null }, "geometry": { "type": "MultiPolygon", "coordinates": [ [ [ [ -77.078693668157115, -12.07115323054461, 0.0 ], [ -77.078548450670752, -12.071186625675676, 0.0 ], [ -77.078554721464712, -12.071213031877502, 0.0 ], [ -77.07866301097738, -12.07118774943498, 0.0 ], [ -77.078668466676348, -12.071210730431854, 0.0 ], [ -77.078676491591963, -12.071208783602241, 0.0 ], [ -77.078678999027673, -12.071219345055317, 0.0 ], [ -77.078707187781319, -12.071212506513888, 0.0 ], [ -77.078716128074447, -12.071205040127532, 0.0 ], [ -77.078706084826294, -12.071159641959916, 0.0 ], [ -77.078705221116039, -12.071159601800932, 0.0 ], [ -77.078693668157115, -12.07115323054461, 0.0 ] ] ] ] } },
{ "type": "Feature", "properties": { "Nombre": null, "Perimetro": 38.317, "Área": 48.79, "Uso": "Áreas de manejo sostenible y reducción de consumo de agua", "Proy riego": "Goteo", "Riego act": "Sin riego tecnificado", "Referenc_1": null, "código": null, "ID": null }, "geometry": { "type": "MultiPolygon", "coordinates": [ [ [ [ -77.0786754345162, -12.07126899428278, 0.0 ], [ -77.078689394285632, -12.071306313693634, 0.0 ], [ -77.078734843275015, -12.071289637780747, 0.0 ], [ -77.078720938782695, -12.071227879810431, 0.0 ], [ -77.078709618799564, -12.071224948130935, 0.0 ], [ -77.078681924369675, -12.071231666750483, 0.0 ], [ -77.078687419429912, -12.071254812230483, 0.0 ], [ -77.078679371692914, -12.071256662940693, 0.0 ], [ -77.078679457450846, -12.071257024157564, 0.0 ], [ -77.078628453634522, -12.07126870219731, 0.0 ], [ -77.078636353077471, -12.071289820220711, 0.0 ], [ -77.078650763855649, -12.071284658808651, 0.0 ], [ -77.078648511387968, -12.071278637161869, 0.0 ], [ -77.0786754345162, -12.07126899428278, 0.0 ] ] ] ] } },
{ "type": "Feature", "properties": { "Nombre": "Jardín Comedor Central", "Perimetro": 230.891, "Área": 2322.055, "Uso": "Áreas de uso recreativo/descanso", "Proy riego": "Falta aspersión", "Riego act": "Sin riego tecnificado", "Referenc_1": "Entre Sociales y Comedor Central", "código": "F 23", "ID": null }, "geometry": { "type": "MultiPolygon", "coordinates": [ [ [ [ -77.080583514300642, -12.070544302919036, 0.0 ], [ -77.080597864643067, -12.070651249135157, 0.0 ], [ -77.080655248102033, -12.070648213656803, 0.0 ], [ -77.080655691659928, -12.070656335776238, 0.0 ], [ -77.080656775912857, -12.070676189845932, 0.0 ], [ -77.080656996238616, -12.07068022429389, 0.0 ], [ -77.080657073496724, -12.070681086882528, 0.0 ], [ -77.080657210521579, -12.070681942248763, 0.0 ], [ -77.080657406671207, -12.070682786386017, 0.0 ], [ -77.080657661027061, -12.070683615347079, 0.0 ], [ -77.08065797239793, -12.070684425242852, 0.0 ], [ -77.080658339324955, -12.070685212278873, 0.0 ], [ -77.08065876008979, -12.070685972774667, 0.0 ], [ -77.080659232721658, -12.070686703159401, 0.0 ], [ -77.08065975500655, -12.070687400019192, 0.0 ], [ -77.080660324498339, -12.070688060088427, 0.0 ], [ -77.08066093852959, -12.07068868027552, 0.0 ], [ -77.080661594224267, -12.070689257675769, 0.0 ], [ -77.080662288510979, -12.07068978958417, 0.0 ], [ -77.08066301813794, -12.070690273508239, 0.0 ], [ -77.080663779687669, -12.070690707180821, 0.0 ], [ -77.080664569592997, -12.070691088572925, 0.0 ], [ -77.080665384154287, -12.070691415897866, 0.0 ], [ -77.080666219556022, -12.070691687624109, 0.0 ], [ -77.080667071885443, -12.070691902470793, 0.0 ], [ -77.080667937150281, -12.070692059442093, 0.0 ], [ -77.080668811297983, -12.070692157799023, 0.0 ], [ -77.080669690233677, -12.070692197078795, 0.0 ], [ -77.08067056984062, -12.070692177097774, 0.0 ], [ -77.080682242799412, -12.070691518059512, 0.0 ], [ -77.080682808082415, -12.070701644512992, 0.0 ], [ -77.080681891058333, -12.070701691744901, 0.0 ], [ -77.080680974296186, -12.070701743668634, 0.0 ], [ -77.080684113076785, -12.070757971610675, 0.0 ], [ -77.080685946863397, -12.070757872454951, 0.0 ], [ -77.080689205770611, -12.070816252268232, 0.0 ], [ -77.08080630655644, -12.070819864645291, 0.0 ], [ -77.081096360892928, -12.070761904596331, 0.0 ], [ -77.081095267732678, -12.070756605604428, 0.0 ], [ -77.081112406710233, -12.070753181494158, 0.0 ], [ -77.081113594905915, -12.070758460803189, 0.0 ], [ -77.081134241242594, -12.070754279829186, 0.0 ], [ -77.08115849926341, -12.070719236219148, 0.0 ], [ -77.081152608294303, -12.07071467083321, 0.0 ], [ -77.081146867865868, -12.070709923329552, 0.0 ], [ -77.081141283788185, -12.070704998506292, 0.0 ], [ -77.081135861713079, -12.070699901352601, 0.0 ], [ -77.081130607128827, -12.070694637033425, 0.0 ], [ -77.081125525353542, -12.070689210859362, 0.0 ], [ -77.081120621531028, -12.070683628341936, 0.0 ], [ -77.081111709327658, -12.070671663792211, 0.0 ], [ -77.081103660506059, -12.070659120470868, 0.0 ], [ -77.081096513722898, -12.070646058613498, 0.0 ], [ -77.081090303302432, -12.070632540958885, 0.0 ], [ -77.081085059071967, -12.070618632429925, 0.0 ], [ -77.081080806217955, -12.07060439982226, 0.0 ], [ -77.081077565166169, -12.070589911494872, 0.0 ], [ -77.081075351482198, -12.070575237032541, 0.0 ], [ -77.081074175797795, -12.070560446910763, 0.0 ], [ -77.081074067584609, -12.07054996337903, 0.0 ], [ -77.081074511387243, -12.070539488413349, 0.0 ], [ -77.081075506013548, -12.070529050140022, 0.0 ], [ -77.081077048791784, -12.070518676606438, 0.0 ], [ -77.081079135577852, -12.070508395670601, 0.0 ], [ -77.08108176076675, -12.070498234949325, 0.0 ], [ -77.081084917306981, -12.070488221734637, 0.0 ], [ -77.081086030594875, -12.07048482143464, 0.0 ], [ -77.081087145145148, -12.070481421537304, 0.0 ], [ -77.081088260957372, -12.070478022035632, 0.0 ], [ -77.081089378031749, -12.070474622940395, 0.0 ], [ -77.08109049636785, -12.070471224247287, 0.0 ], [ -77.081091615965633, -12.070467825954154, 0.0 ], [ -77.081092736825084, -12.070464428066362, 0.0 ], [ -77.081118204407559, -12.070388040220184, 0.0 ], [ -77.081124714270786, -12.070368514434039, 0.0 ], [ -77.081056297251521, -12.070294534957053, 0.0 ], [ -77.081020171115838, -12.070254924657998, 0.0 ], [ -77.080999245828906, -12.070232308330811, 0.0 ], [ -77.080824817985999, -12.07029794291752, 0.0 ], [ -77.080843147486547, -12.070521480844574, 0.0 ], [ -77.080583514300642, -12.070544302919036, 0.0 ] ] ] ] } },
{ "type": "Feature", "properties": { "Nombre": null, "Perimetro": 58.861, "Área": 70.761, "Uso": "Áreas de uso administrativo", "Proy riego": "Por validar con unidad", "Riego act": "Sin riego tecnificado", "Referenc_1": null, "código": null, "ID": null }, "geometry": { "type": "MultiPolygon", "coordinates": [ [ [ [ -77.080559221498177, -12.070601409879407, 0.0 ], [ -77.080325484176825, -12.070622358261833, 0.0 ], [ -77.080328759199986, -12.070656821990685, 0.0 ], [ -77.080378141916739, -12.070652396148695, 0.0 ], [ -77.080376987532887, -12.070640248359732, 0.0 ], [ -77.080562205527642, -12.070623648435168, 0.0 ], [ -77.080559221498177, -12.070601409879407, 0.0 ] ] ] ] } },
{ "type": "Feature", "properties": { "Nombre": null, "Perimetro": 33.269, "Área": 54.242, "Uso": "Áreas de uso administrativo", "Proy riego": "Por validar con unidad", "Riego act": "Sin riego tecnificado", "Referenc_1": null, "código": null, "ID": null }, "geometry": { "type": "MultiPolygon", "coordinates": [ [ [ [ -77.080818183622156, -12.070217033163447, 0.0 ], [ -77.080823663546425, -12.070283863892611, 0.0 ], [ -77.080907471392038, -12.070252328270854, 0.0 ], [ -77.080903992861963, -12.070209905813346, 0.0 ], [ -77.08085012316225, -12.07021438025545, 0.0 ], [ -77.080850861823464, -12.07022338863173, 0.0 ], [ -77.080827071108274, -12.070225364696306, 0.0 ], [ -77.080826332447813, -12.070216356319831, 0.0 ], [ -77.080818183622156, -12.070217033163447, 0.0 ] ] ] ] } },
{ "type": "Feature", "properties": { "Nombre": null, "Perimetro": 235.181, "Área": 695.339, "Uso": "Áreas de manejo sostenible y reducción de consumo de agua", "Proy riego": "Goteo", "Riego act": "Sin riego tecnificado", "Referenc_1": null, "código": "F 10", "ID": null }, "geometry": { "type": "MultiPolygon", "coordinates": [ [ [ [ -77.080587450794894, -12.069697898054601, 0.0 ], [ -77.080589479721084, -12.069697721916643, 0.0 ], [ -77.080591912735315, -12.069727450021723, 0.0 ], [ -77.080682386274646, -12.069719266926494, 0.0 ], [ -77.080681700209283, -12.069710071778553, 0.0 ], [ -77.080697979608829, -12.06970859934632, 0.0 ], [ -77.080698665876909, -12.069717797203889, 0.0 ], [ -77.081120417398409, -12.069681341183003, 0.0 ], [ -77.081135792440847, -12.069680062752592, 0.0 ], [ -77.081130183327218, -12.069614720054103, 0.0 ], [ -77.081129817055029, -12.069614747373315, 0.0 ], [ -77.081126546877684, -12.069576651803338, 0.0 ], [ -77.081135795291956, -12.069575962496163, 0.0 ], [ -77.081135385561808, -12.069571189390535, 0.0 ], [ -77.081145183386553, -12.069570459134106, 0.0 ], [ -77.0811447562876, -12.069565483694062, 0.0 ], [ -77.081125729071658, -12.069567123803489, 0.0 ], [ -77.081122200664367, -12.069529688104581, 0.0 ], [ -77.081079329587851, -12.069533147951342, 0.0 ], [ -77.081078186829529, -12.069519638274434, 0.0 ], [ -77.081064367300101, -12.069520753557541, 0.0 ], [ -77.081068036439163, -12.069558996166528, 0.0 ], [ -77.080957467390959, -12.069568833873873, 0.0 ], [ -77.080958762288191, -12.069582330347769, 0.0 ], [ -77.080804752100178, -12.0695960330902, 0.0 ], [ -77.08080062571878, -12.069553024320349, 0.0 ], [ -77.080800913429698, -12.069552700806323, 0.0 ], [ -77.08080024603909, -12.069552125886529, 0.0 ], [ -77.080798710405631, -12.069553805900497, 0.0 ], [ -77.080792463063119, -12.069548478892299, 0.0 ], [ -77.080793998696592, -12.069546798878358, 0.0 ], [ -77.080778459753162, -12.069533549070272, 0.0 ], [ -77.08076424990665, -12.069533322561824, 0.0 ], [ -77.080669443580362, -12.069627671962754, 0.0 ], [ -77.080617105567029, -12.069632215612355, 0.0 ], [ -77.080611092519348, -12.069637549668737, 0.0 ], [ -77.080590113205147, -12.069639325039219, 0.0 ], [ -77.080587450794894, -12.069697898054601, 0.0 ] ], [ [ -77.080934900589881, -12.069618568418225, 0.0 ], [ -77.080938626714769, -12.069670201863188, 0.0 ], [ -77.080868894948892, -12.069674460291649, 0.0 ], [ -77.08086809649356, -12.069624956060894, 0.0 ], [ -77.080934900589881, -12.069618568418225, 0.0 ] ], [ [ -77.081040296693914, -12.069604728526215, 0.0 ], [ -77.081042958211427, -12.069628149882764, 0.0 ], [ -77.081071702603595, -12.06962229454396, 0.0 ], [ -77.081074364121619, -12.069644651292492, 0.0 ], [ -77.081044555121878, -12.06964784511441, 0.0 ], [ -77.081042425908237, -12.069670201863195, 0.0 ], [ -77.080950869696551, -12.069674460291646, 0.0 ], [ -77.080948740481915, -12.069615374596307, 0.0 ], [ -77.081040296693914, -12.069604728526215, 0.0 ] ] ] ] } },
{ "type": "Feature", "properties": { "Nombre": null, "Perimetro": 50.864, "Área": 113.961, "Uso": "Áreas de uso administrativo", "Proy riego": "Por validar con unidad", "Riego act": "Sin riego tecnificado", "Referenc_1": null, "código": null, "ID": null }, "geometry": { "type": "MultiPolygon", "coordinates": [ [ [ [ -77.080669651253558, -12.069851120546113, 0.0 ], [ -77.080674896155941, -12.069906552356187, 0.0 ], [ -77.080690805031821, -12.069905094277592, 0.0 ], [ -77.080691525530739, -12.069913086682913, 0.0 ], [ -77.080745491656188, -12.069908374302562, 0.0 ], [ -77.080746221390356, -12.069916469135023, 0.0 ], [ -77.080746678730407, -12.06991642919956, 0.0 ], [ -77.080772846695794, -12.069914234911634, 0.0 ], [ -77.080765794449945, -12.0698360054449, 0.0 ], [ -77.080747109695864, -12.069819969632642, 0.0 ], [ -77.08074665235597, -12.069820009568081, 0.0 ], [ -77.080747642428207, -12.06983099230132, 0.0 ], [ -77.080745447196691, -12.069831183991509, 0.0 ], [ -77.080744217721943, -12.069817545598122, 0.0 ], [ -77.080637549226154, -12.0698267606491, 0.0 ], [ -77.08063924299428, -12.06984575202083, 0.0 ], [ -77.080638932099873, -12.069845779168372, 0.0 ], [ -77.080639646248017, -12.069853701147631, 0.0 ], [ -77.080669651253558, -12.069851120546113, 0.0 ] ] ] ] } },
{ "type": "Feature", "properties": { "Nombre": null, "Perimetro": 45.469, "Área": 65.631, "Uso": "Áreas de uso administrativo", "Proy riego": "Por validar con unidad", "Riego act": "Sin riego tecnificado", "Referenc_1": null, "código": null, "ID": null }, "geometry": { "type": "MultiPolygon", "coordinates": [ [ [ [ -77.080784065106059, -12.06983415355819, 0.0 ], [ -77.080795806186558, -12.069964395392663, 0.0 ], [ -77.080813994957637, -12.069962901763015, 0.0 ], [ -77.080809741576687, -12.069957586343849, 0.0 ], [ -77.080823809096898, -12.069946682567281, 0.0 ], [ -77.0808307407451, -12.069955344491143, 0.0 ], [ -77.080851202863883, -12.06993948423918, 0.0 ], [ -77.080844271465381, -12.069930822122249, 0.0 ], [ -77.080858338982708, -12.069919918344366, 0.0 ], [ -77.080865270631023, -12.069928580267321, 0.0 ], [ -77.080869515223952, -12.069925290269293, 0.0 ], [ -77.080835150232758, -12.069882876404321, 0.0 ], [ -77.080826391221294, -12.069889750668596, 0.0 ], [ -77.0808152272283, -12.069875971871109, 0.0 ], [ -77.080824033851997, -12.069869156371128, 0.0 ], [ -77.080790269713319, -12.069827484062859, 0.0 ], [ -77.080784065106059, -12.06983415355819, 0.0 ] ] ] ] } },
{ "type": "Feature", "properties": { "Nombre": null, "Perimetro": 37.907, "Área": 61.651, "Uso": "Áreas de uso administrativo", "Proy riego": "Por validar con unidad", "Riego act": "Sin riego tecnificado", "Referenc_1": null, "código": "F 14", "ID": null }, "geometry": { "type": "MultiPolygon", "coordinates": [ [ [ [ -77.081023169611512, -12.069896221454611, 0.0 ], [ -77.080976409870502, -12.069945985838142, 0.0 ], [ -77.080980232238687, -12.069992830553696, 0.0 ], [ -77.081026787528558, -12.069965381700579, 0.0 ], [ -77.081024913815426, -12.069961455129247, 0.0 ], [ -77.081030719513535, -12.069953992283942, 0.0 ], [ -77.081026881096946, -12.069950902629358, 0.0 ], [ -77.081030854513017, -12.069937509144538, 0.0 ], [ -77.081055856541155, -12.069944801649036, 0.0 ], [ -77.081063656251786, -12.069929948499977, 0.0 ], [ -77.081076572574347, -12.069928829398833, 0.0 ], [ -77.081073483406584, -12.069891900177094, 0.0 ], [ -77.081023169611512, -12.069896221454611, 0.0 ] ] ] ] } },
{ "type": "Feature", "properties": { "Nombre": null, "Perimetro": 55.313, "Área": 64.153, "Uso": "Áreas de uso administrativo", "Proy riego": "Por validar con unidad", "Riego act": "Sin riego tecnificado", "Referenc_1": null, "código": null, "ID": null }, "geometry": { "type": "MultiPolygon", "coordinates": [ [ [ [ -77.080988498048995, -12.069852507703368, 0.0 ], [ -77.080995429589521, -12.069861169707449, 0.0 ], [ -77.080981362081616, -12.069872073490904, 0.0 ], [ -77.080980955170375, -12.069871565007626, 0.0 ], [ -77.080978447853084, -12.069873495881684, 0.0 ], [ -77.080983499209225, -12.069878901291373, 0.0 ], [ -77.081093964443312, -12.069869228864246, 0.0 ], [ -77.081116475262661, -12.069837872677489, 0.0 ], [ -77.081111948588699, -12.069785886595437, 0.0 ], [ -77.081078900583861, -12.069788448263806, 0.0 ], [ -77.081081055114012, -12.069813182604873, 0.0 ], [ -77.081082792605272, -12.069833129268515, 0.0 ], [ -77.08108364204702, -12.069842880986631, 0.0 ], [ -77.081083869474654, -12.069845492315427, 0.0 ], [ -77.081082771573307, -12.069845584936113, 0.0 ], [ -77.081082967631616, -12.069847836081633, 0.0 ], [ -77.081072467241555, -12.069860164450811, 0.0 ], [ -77.081060617655623, -12.069861105697443, 0.0 ], [ -77.081047828220676, -12.069850800495617, 0.0 ], [ -77.081047632162665, -12.069848549350024, 0.0 ], [ -77.081046534261276, -12.069848641970573, 0.0 ], [ -77.081046306833983, -12.06984603064169, 0.0 ], [ -77.081043901430249, -12.069818411697367, 0.0 ], [ -77.081041744142638, -12.069816546687793, 0.0 ], [ -77.081034119745524, -12.069817146129173, 0.0 ], [ -77.081022988601802, -12.069825773928201, 0.0 ], [ -77.081029920142441, -12.069834435931366, 0.0 ], [ -77.081015852637449, -12.069845339716132, 0.0 ], [ -77.081008920982228, -12.069836677801423, 0.0 ], [ -77.080988498048995, -12.069852507703368, 0.0 ] ] ] ] } },
{ "type": "Feature", "properties": { "Nombre": null, "Perimetro": 16.579, "Área": 14.18, "Uso": "Áreas de uso administrativo", "Proy riego": "Por validar con unidad", "Riego act": "Sin riego tecnificado", "Referenc_1": null, "código": null, "ID": null }, "geometry": { "type": "MultiPolygon", "coordinates": [ [ [ [ -77.081151347967847, -12.069884933292787, 0.0 ], [ -77.081153822152586, -12.069920578080731, 0.0 ], [ -77.081193861277356, -12.069917022354209, 0.0 ], [ -77.081192508015675, -12.069900627932755, 0.0 ], [ -77.081179486684832, -12.069901542099554, 0.0 ], [ -77.081177966114652, -12.069882619792672, 0.0 ], [ -77.081151347967847, -12.069884933292787, 0.0 ] ] ] ] } },
{ "type": "Feature", "properties": { "Nombre": null, "Perimetro": 87.34, "Área": 376.321, "Uso": "Áreas de uso administrativo", "Proy riego": "Por validar con unidad", "Riego act": "Sin riego tecnificado", "Referenc_1": null, "código": "F 24", "ID": null }, "geometry": { "type": "MultiPolygon", "coordinates": [ [ [ [ -77.081006127894582, -12.070199769653014, 0.0 ], [ -77.08107656464837, -12.070276439310906, 0.0 ], [ -77.081150023547636, -12.070355870576961, 0.0 ], [ -77.081241799119127, -12.070335002272008, 0.0 ], [ -77.08126604655844, -12.070258679654856, 0.0 ], [ -77.081298036467032, -12.070216219852917, 0.0 ], [ -77.081282316412839, -12.07017490619462, 0.0 ], [ -77.081248488941753, -12.070177951476895, 0.0 ], [ -77.081249234833749, -12.070186959657454, 0.0 ], [ -77.081225457804763, -12.070189100156966, 0.0 ], [ -77.081224711913521, -12.070180091976217, 0.0 ], [ -77.081155850790651, -12.070186291107259, 0.0 ], [ -77.081156596679676, -12.070195299288564, 0.0 ], [ -77.081132819647891, -12.070197439780399, 0.0 ], [ -77.081132073759633, -12.070188431598917, 0.0 ], [ -77.081006127894582, -12.070199769653014, 0.0 ] ] ] ] } },
{ "type": "Feature", "properties": { "Nombre": null, "Perimetro": 20.704, "Área": 11.75, "Uso": "Áreas de uso administrativo", "Proy riego": "Por validar con unidad", "Riego act": "Sin riego tecnificado", "Referenc_1": null, "código": null, "ID": null }, "geometry": { "type": "MultiPolygon", "coordinates": [ [ [ [ -77.081160589487041, -12.07036738155279, 0.0 ], [ -77.081207794283188, -12.0704185396498, 0.0 ], [ -77.081217526603936, -12.070410266731935, 0.0 ], [ -77.081191113155825, -12.070381641218663, 0.0 ], [ -77.081190505873309, -12.070380933917349, 0.0 ], [ -77.081189947794954, -12.070380188375909, 0.0 ], [ -77.081189441398195, -12.070379407919539, 0.0 ], [ -77.081188988931558, -12.070378596007069, 0.0 ], [ -77.081188592403208, -12.070377756241394, 0.0 ], [ -77.0811882535736, -12.070376892354384, 0.0 ], [ -77.081187973946925, -12.070376008178936, 0.0 ], [ -77.081187754764485, -12.070375107640432, 0.0 ], [ -77.081187596999115, -12.070374194735191, 0.0 ], [ -77.081187501351366, -12.070373273513304, 0.0 ], [ -77.081187468245744, -12.070372348070007, 0.0 ], [ -77.081187497829404, -12.070371422511247, 0.0 ], [ -77.081187589970682, -12.070370500945041, 0.0 ], [ -77.081187744260731, -12.070369587464244, 0.0 ], [ -77.081187960014631, -12.070368686124997, 0.0 ], [ -77.081188236274585, -12.070367800920817, 0.0 ], [ -77.081188571814266, -12.070366935791242, 0.0 ], [ -77.081188965143909, -12.070366094574313, 0.0 ], [ -77.081189414517752, -12.07036528099796, 0.0 ], [ -77.081189917940591, -12.070364498679909, 0.0 ], [ -77.081190473177742, -12.070363751093177, 0.0 ], [ -77.081191077764345, -12.070363041553025, 0.0 ], [ -77.081191729016609, -12.070362373212593, 0.0 ], [ -77.081192424043323, -12.070361749036957, 0.0 ], [ -77.081193159759025, -12.07036117179871, 0.0 ], [ -77.081193932897989, -12.070360644060623, 0.0 ], [ -77.081194740027669, -12.070360168162617, 0.0 ], [ -77.08119557756531, -12.070359746217328, 0.0 ], [ -77.081196441792969, -12.0703593800992, 0.0 ], [ -77.081197328873728, -12.070359071437981, 0.0 ], [ -77.081198234869689, -12.070358821594141, 0.0 ], [ -77.081160589487041, -12.07036738155279, 0.0 ] ] ] ] } },
{ "type": "Feature", "properties": { "Nombre": null, "Perimetro": 186.229, "Área": 904.609, "Uso": "Áreas de uso administrativo", "Proy riego": "Por validar con unidad", "Riego act": "Sin riego tecnificado", "Referenc_1": null, "código": "F 25", "ID": null }, "geometry": { "type": "MultiPolygon", "coordinates": [ [ [ [ -77.081635123985123, -12.070301573744766, 0.0 ], [ -77.081656233291113, -12.070406176953066, 0.0 ], [ -77.081727987145896, -12.070391621376274, 0.0 ], [ -77.081758447949809, -12.07038530309314, 0.0 ], [ -77.081767375378249, -12.070428523651186, 0.0 ], [ -77.081757441666539, -12.070430584135968, 0.0 ], [ -77.081760663402122, -12.070441351916749, 0.0 ], [ -77.081787096700936, -12.070455372298495, 0.0 ], [ -77.081794621652776, -12.070493061325369, 0.0 ], [ -77.081844871737871, -12.070483484189863, 0.0 ], [ -77.081868131556234, -12.070478677792988, 0.0 ], [ -77.081867846928603, -12.070477351412093, 0.0 ], [ -77.08187235846944, -12.070476413645743, 0.0 ], [ -77.081869199010754, -12.070467042089007, 0.0 ], [ -77.081822234840885, -12.070327737305591, 0.0 ], [ -77.081813519337672, -12.070330583431859, 0.0 ], [ -77.081806000568491, -12.07030828129273, 0.0 ], [ -77.081814716071136, -12.070305435166802, 0.0 ], [ -77.081766910086728, -12.070163633168731, 0.0 ], [ -77.08174859491028, -12.070165251361617, 0.0 ], [ -77.081749420498994, -12.070174302571477, 0.0 ], [ -77.081740391238199, -12.070175100329475, 0.0 ], [ -77.081739565649769, -12.070166049119539, 0.0 ], [ -77.081737736575022, -12.070166210722867, 0.0 ], [ -77.081736493280502, -12.070152580054025, 0.0 ], [ -77.081762411713626, -12.070150290094746, 0.0 ], [ -77.081756324331707, -12.070132233700051, 0.0 ], [ -77.08158068180127, -12.07014804598791, 0.0 ], [ -77.081581518261459, -12.070157046013334, 0.0 ], [ -77.081557742408336, -12.070159186435452, 0.0 ], [ -77.081556905948915, -12.070150186409828, 0.0 ], [ -77.081391979159619, -12.070165033893598, 0.0 ], [ -77.081363506678201, -12.070206698294411, 0.0 ], [ -77.081423125355798, -12.070245713593323, 0.0 ], [ -77.081465072254488, -12.070273196796146, 0.0 ], [ -77.081506711298175, -12.070300715269903, 0.0 ], [ -77.081534720675307, -12.07025892012649, 0.0 ], [ -77.081534720677112, -12.070258920127669, 0.0 ], [ -77.081559316767837, -12.070222218226418, 0.0 ], [ -77.081628212858448, -12.070267326926354, 0.0 ], [ -77.081635123985123, -12.070301573744766, 0.0 ] ] ] ] } },
{ "type": "Feature", "properties": { "Nombre": "Jardín CAPU", "Perimetro": 142.636, "Área": 927.087, "Uso": "Áreas de uso recreativo/descanso", "Proy riego": "Falta aspersión", "Riego act": "Sin riego tecnificado", "Referenc_1": null, "código": "F 1", "ID": null }, "geometry": { "type": "MultiPolygon", "coordinates": [ [ [ [ -77.080049086949799, -12.069615327120427, 0.0 ], [ -77.080033071336757, -12.069616775715563, 0.0 ], [ -77.080025110033915, -12.069531515812962, 0.0 ], [ -77.080023553166512, -12.069515870516067, 0.0 ], [ -77.079784642741529, -12.06932014276134, 0.0 ], [ -77.079777190699446, -12.069319066949014, 0.0 ], [ -77.079800892280545, -12.069576502011353, 0.0 ], [ -77.079826664420807, -12.069850630397603, 0.0 ], [ -77.079859977890166, -12.069837338099017, 0.0 ], [ -77.080049086949799, -12.069615327120427, 0.0 ] ] ] ] } },
{ "type": "Feature", "properties": { "Nombre": null, "Perimetro": 121.573, "Área": 740.102, "Uso": "Áreas de uso recreativo/descanso", "Proy riego": "Falta aspersión", "Riego act": "Sin riego tecnificado", "Referenc_1": null, "código": "F 5", "ID": null }, "geometry": { "type": "MultiPolygon", "coordinates": [ [ [ [ -77.080191011769458, -12.069467799539892, 0.0 ], [ -77.080226639510045, -12.069497142042234, 0.0 ], [ -77.080245535352944, -12.069496170447648, 0.0 ], [ -77.080274425598645, -12.069493662797941, 0.0 ], [ -77.080275797093478, -12.06950822032228, 0.0 ], [ -77.080288603324377, -12.069507108750834, 0.0 ], [ -77.080292812619689, -12.0695517876379, 0.0 ], [ -77.08030359608135, -12.069550740743848, 0.0 ], [ -77.080306317619147, -12.069579628041344, 0.0 ], [ -77.080295534156377, -12.06958067493569, 0.0 ], [ -77.080301765811001, -12.069646819750412, 0.0 ], [ -77.080505373985659, -12.069628762415215, 0.0 ], [ -77.080483850941334, -12.069386839389077, 0.0 ], [ -77.080473705516667, -12.069387810402677, 0.0 ], [ -77.080472084488946, -12.069369589706877, 0.0 ], [ -77.080482229912946, -12.069368618693463, 0.0 ], [ -77.080481579169614, -12.069361304201976, 0.0 ], [ -77.080264263694104, -12.069381271961621, 0.0 ], [ -77.080191011769458, -12.069467799539892, 0.0 ] ] ] ] } },
{ "type": "Feature", "properties": { "Nombre": null, "Perimetro": 206.849, "Área": 426.021, "Uso": "Áreas de uso administrativo", "Proy riego": "Por validar con unidad", "Riego act": "Sin riego tecnificado", "Referenc_1": null, "código": "F 6", "ID": null }, "geometry": { "type": "MultiPolygon", "coordinates": [ [ [ [ -77.080501005239341, -12.069372436204487, 0.0 ], [ -77.0805151605296, -12.069531544309614, 0.0 ], [ -77.080523394516462, -12.069530846503429, 0.0 ], [ -77.080523391744492, -12.069530815346019, 0.0 ], [ -77.08052430940387, -12.069530768969388, 0.0 ], [ -77.080526848515447, -12.069559309007504, 0.0 ], [ -77.080517699640225, -12.06956008434797, 0.0 ], [ -77.080523652618908, -12.069626996800705, 0.0 ], [ -77.080666112573454, -12.069614629369314, 0.0 ], [ -77.080780783575719, -12.069500511019385, 0.0 ], [ -77.080783251027512, -12.069497414873423, 0.0 ], [ -77.080785509768035, -12.069494168096201, 0.0 ], [ -77.080787550331834, -12.06949078428063, 0.0 ], [ -77.080789364167643, -12.069487277619656, 0.0 ], [ -77.080790943674117, -12.069483662803311, 0.0 ], [ -77.080792282232238, -12.069479954977595, 0.0 ], [ -77.080793374232627, -12.069476169686034, 0.0 ], [ -77.080794215099033, -12.069472322787668, 0.0 ], [ -77.080794801307803, -12.06946843040515, 0.0 ], [ -77.080795130402052, -12.069464508847105, 0.0 ], [ -77.080795201003042, -12.069460574551991, 0.0 ], [ -77.080795012814676, -12.069456644001892, 0.0 ], [ -77.080794566625769, -12.069452733677242, 0.0 ], [ -77.080793864306017, -12.069448859951265, 0.0 ], [ -77.080792908798784, -12.069445039069347, 0.0 ], [ -77.080790455509188, -12.069446260886245, 0.0 ], [ -77.080787925217024, -12.069447319720032, 0.0 ], [ -77.080785329085813, -12.069448210890215, 0.0 ], [ -77.080782678569847, -12.069448930469147, 0.0 ], [ -77.08077998536352, -12.069449475285879, 0.0 ], [ -77.080777261349084, -12.069449842933002, 0.0 ], [ -77.080774518545212, -12.069450031792902, 0.0 ], [ -77.080771769053243, -12.069450041018774, 0.0 ], [ -77.080769025004187, -12.069449870588043, 0.0 ], [ -77.080767803544816, -12.069449597415559, 0.0 ], [ -77.080766604718292, -12.069449240092068, 0.0 ], [ -77.080765434502098, -12.06944880039233, 0.0 ], [ -77.080764298731637, -12.069448280511551, 0.0 ], [ -77.080763203070191, -12.069447683042698, 0.0 ], [ -77.080762152981407, -12.06944701096163, 0.0 ], [ -77.08076115370126, -12.069446267625164, 0.0 ], [ -77.080760210212603, -12.069445456732444, 0.0 ], [ -77.080759327220278, -12.069444582333794, 0.0 ], [ -77.080758509126937, -12.069443648783452, 0.0 ], [ -77.080757760012219, -12.069442660744059, 0.0 ], [ -77.080757083611502, -12.069441623135102, 0.0 ], [ -77.08075648329752, -12.069440541137343, 0.0 ], [ -77.080755962063577, -12.069439420136932, 0.0 ], [ -77.080755522508994, -12.069438265729836, 0.0 ], [ -77.080755166825469, -12.069437083674517, 0.0 ], [ -77.080754896786601, -12.069435879864006, 0.0 ], [ -77.08075471373887, -12.069434660293647, 0.0 ], [ -77.080754618595179, -12.069433431053643, 0.0 ], [ -77.080754516685829, -12.069429475960527, 0.0 ], [ -77.080754676242691, -12.069425522716775, 0.0 ], [ -77.080755096590536, -12.069421588041067, 0.0 ], [ -77.080755775951303, -12.069417688583869, 0.0 ], [ -77.080756711450292, -12.069413840846542, 0.0 ], [ -77.080757899129893, -12.069410061103676, 0.0 ], [ -77.080759333965148, -12.069406365347623, 0.0 ], [ -77.080618619297766, -12.069340433160649, 0.0 ], [ -77.080595428752062, -12.069342409300432, 0.0 ], [ -77.08060237254081, -12.069417311400676, 0.0 ], [ -77.08065009547343, -12.069413267005512, 0.0 ], [ -77.080684115801617, -12.069389338695112, 0.0 ], [ -77.080721137228082, -12.069406785607791, 0.0 ], [ -77.080726467823936, -12.069466701966853, 0.0 ], [ -77.080692935002702, -12.069490168857989, 0.0 ], [ -77.080692749435443, -12.069490082805586, 0.0 ], [ -77.080661998178826, -12.069496803731598, 0.0 ], [ -77.080657683226733, -12.06950166253268, 0.0 ], [ -77.080662851212665, -12.069559751237623, 0.0 ], [ -77.080615734510019, -12.069563744260632, 0.0 ], [ -77.080618754725066, -12.069597691838059, 0.0 ], [ -77.080530925513827, -12.069605135125132, 0.0 ], [ -77.080527721585611, -12.069569122459063, 0.0 ], [ -77.080543732117562, -12.069567765612385, 0.0 ], [ -77.080540327943453, -12.06952950215498, 0.0 ], [ -77.080567962036397, -12.069499236419285, 0.0 ], [ -77.080566312012536, -12.069480689896695, 0.0 ], [ -77.080559450358351, -12.069481271402719, 0.0 ], [ -77.080554123829472, -12.069421400345913, 0.0 ], [ -77.0805877341745, -12.069418551962743, 0.0 ], [ -77.080580791016899, -12.069343656627169, 0.0 ], [ -77.08051664820006, -12.069349122426114, 0.0 ], [ -77.080501005239341, -12.069372436204487, 0.0 ] ] ] ] } },
{ "type": "Feature", "properties": { "Nombre": null, "Perimetro": 32.555, "Área": 54.665, "Uso": "Áreas de uso administrativo", "Proy riego": "Por validar con unidad", "Riego act": "Sin riego tecnificado", "Referenc_1": null, "código": null, "ID": null }, "geometry": { "type": "MultiPolygon", "coordinates": [ [ [ [ -77.080791862209239, -12.069508909930876, 0.0 ], [ -77.080792418205846, -12.069521443470176, 0.0 ], [ -77.080808126227481, -12.06953483718141, 0.0 ], [ -77.080809600435444, -12.069533224367982, 0.0 ], [ -77.080815847777842, -12.069538551375821, 0.0 ], [ -77.080814312144554, -12.069540231389851, 0.0 ], [ -77.080815068542819, -12.069540876358399, 0.0 ], [ -77.080863513228223, -12.069536566099424, 0.0 ], [ -77.080859861633598, -12.069498506039263, 0.0 ], [ -77.080892602505955, -12.06949559298841, 0.0 ], [ -77.080893824390756, -12.069494242380992, 0.0 ], [ -77.080892153930705, -12.069491209390833, 0.0 ], [ -77.080890281027209, -12.069488293204511, 0.0 ], [ -77.080888214073838, -12.069485506877676, 0.0 ], [ -77.080885962333596, -12.069482862901358, 0.0 ], [ -77.080883535898224, -12.069480373131192, 0.0 ], [ -77.080880945641553, -12.069478048716654, 0.0 ], [ -77.080878203172333, -12.069475900077711, 0.0 ], [ -77.080875320781161, -12.069473936849207, 0.0 ], [ -77.080872311385434, -12.069472167820914, 0.0 ], [ -77.080869188472306, -12.069470600925058, 0.0 ], [ -77.080865966037223, -12.069469243187207, 0.0 ], [ -77.080862658521923, -12.069468100681474, 0.0 ], [ -77.080859280749138, -12.069467178542283, 0.0 ], [ -77.080856604375199, -12.069466656668284, 0.0 ], [ -77.080853896744543, -12.069466326007905, 0.0 ], [ -77.080851171940623, -12.069466188269688, 0.0 ], [ -77.080848444136535, -12.069466244177251, 0.0 ], [ -77.080845727520995, -12.069466493437037, 0.0 ], [ -77.080843036224323, -12.069466934753944, 0.0 ], [ -77.080840384245263, -12.069467565829719, 0.0 ], [ -77.080837785378066, -12.069468383380748, 0.0 ], [ -77.080835253140805, -12.069469383164433, 0.0 ], [ -77.080832800704712, -12.06947055996682, 0.0 ], [ -77.08083044082619, -12.069471907676338, 0.0 ], [ -77.080828185780106, -12.069473419280008, 0.0 ], [ -77.0808260472961, -12.06947508691778, 0.0 ], [ -77.080824036497376, -12.069476901906704, 0.0 ], [ -77.080822163843095, -12.069478854815767, 0.0 ], [ -77.080791862209239, -12.069508909930876, 0.0 ] ] ] ] } },
{ "type": "Feature", "properties": { "Nombre": null, "Perimetro": 143.625, "Área": 330.713, "Uso": "Áreas de uso administrativo", "Proy riego": "Por validar con unidad", "Riego act": "Sin riego tecnificado", "Referenc_1": null, "código": "F 11", "ID": null }, "geometry": { "type": "MultiPolygon", "coordinates": [ [ [ [ -77.081438336729775, -12.069395511508738, 0.0 ], [ -77.081446681074539, -12.06949132039454, 0.0 ], [ -77.081544646447796, -12.069483426876371, 0.0 ], [ -77.081542179443971, -12.069475216368923, 0.0 ], [ -77.081539736207063, -12.069466998981321, 0.0 ], [ -77.081537316756936, -12.069458774778983, 0.0 ], [ -77.081534921113246, -12.069450543828568, 0.0 ], [ -77.081532549295389, -12.069442306198882, 0.0 ], [ -77.081530201322465, -12.069434061952267, 0.0 ], [ -77.081527877213716, -12.069425811159633, 0.0 ], [ -77.081526617395994, -12.069426170124748, 0.0 ], [ -77.081525356544489, -12.069426525557212, 0.0 ], [ -77.081524094669632, -12.069426877450553, 0.0 ], [ -77.081522831781839, -12.069427225811125, 0.0 ], [ -77.081521567891457, -12.069427570630227, 0.0 ], [ -77.08152030300819, -12.069427911905665, 0.0 ], [ -77.081519037142513, -12.069428249630027, 0.0 ], [ -77.081518088643449, -12.069425025168249, 0.0 ], [ -77.081517149477946, -12.069421798052199, 0.0 ], [ -77.081516219653707, -12.069418568319321, 0.0 ], [ -77.081515299178463, -12.06941533599754, 0.0 ], [ -77.081514388059759, -12.069412101108345, 0.0 ], [ -77.081513486304658, -12.069408863679726, 0.0 ], [ -77.081512593920436, -12.0694056237329, 0.0 ], [ -77.0815138540123, -12.069405264686418, 0.0 ], [ -77.081515115138075, -12.06940490918301, 0.0 ], [ -77.0815163772874, -12.069404557205807, 0.0 ], [ -77.081517640449832, -12.06940420876996, 0.0 ], [ -77.081518904615564, -12.069403863879868, 0.0 ], [ -77.081520169774009, -12.069403522529129, 0.0 ], [ -77.081521435915022, -12.069403184732101, 0.0 ], [ -77.081519046220151, -12.069394878854288, 0.0 ], [ -77.081516680568072, -12.069386566320629, 0.0 ], [ -77.081514338977627, -12.06937824718136, 0.0 ], [ -77.081512021468029, -12.069369921516062, 0.0 ], [ -77.081509728057881, -12.069361589393546, 0.0 ], [ -77.081507458765827, -12.069353250871856, 0.0 ], [ -77.081505213610384, -12.069344906027235, 0.0 ], [ -77.081111076129247, -12.069379714669624, 0.0 ], [ -77.081121361978731, -12.069494083926864, 0.0 ], [ -77.081144249984746, -12.069512009051794, 0.0 ], [ -77.081143720430106, -12.069505928687631, 0.0 ], [ -77.081148661777576, -12.069505521055735, 0.0 ], [ -77.081147979494162, -12.069497687055563, 0.0 ], [ -77.081149626609943, -12.069497551178248, 0.0 ], [ -77.081142862597005, -12.069419886520835, 0.0 ], [ -77.081191269484506, -12.069415893236886, 0.0 ], [ -77.081190912657831, -12.069411796144946, 0.0 ], [ -77.081340780520648, -12.069399206140996, 0.0 ], [ -77.081341156955517, -12.069403528347276, 0.0 ], [ -77.081385446138157, -12.069399874718652, 0.0 ], [ -77.081385355062281, -12.069398805317659, 0.0 ], [ -77.081385200643467, -12.069398621918809, 0.0 ], [ -77.081385059694426, -12.069398428293828, 0.0 ], [ -77.081384932911178, -12.069398225400727, 0.0 ], [ -77.08138482092042, -12.069398014249701, 0.0 ], [ -77.081384724275054, -12.069397795877391, 0.0 ], [ -77.081384643452481, -12.069397571366249, 0.0 ], [ -77.081384578851953, -12.069397341820851, 0.0 ], [ -77.081384530792405, -12.069397108376537, 0.0 ], [ -77.081384499511415, -12.069396872186505, 0.0 ], [ -77.081384485163426, -12.069396634417496, 0.0 ], [ -77.081384487819236, -12.069396396241194, 0.0 ], [ -77.081384507465756, -12.069396158838517, 0.0 ], [ -77.081384544005886, -12.069395923382402, 0.0 ], [ -77.08138459725933, -12.069395691033478, 0.0 ], [ -77.08138466696289, -12.06939546293575, 0.0 ], [ -77.081384752772422, -12.069395240225214, 0.0 ], [ -77.081384854263831, -12.069395023991063, 0.0 ], [ -77.081384970936085, -12.06939481531013, 0.0 ], [ -77.081385102212693, -12.069394615208095, 0.0 ], [ -77.081385247445311, -12.069394424676709, 0.0 ], [ -77.081385405916663, -12.069394244656511, 0.0 ], [ -77.081385576843871, -12.069394076032513, 0.0 ], [ -77.081385759382698, -12.069393919642783, 0.0 ], [ -77.081385952631578, -12.069393776256863, 0.0 ], [ -77.081386155635826, -12.069393646584343, 0.0 ], [ -77.08138636739281, -12.069393531261939, 0.0 ], [ -77.08138658685678, -12.069393430866326, 0.0 ], [ -77.081386812943364, -12.069393345888294, 0.0 ], [ -77.0813870445361, -12.069393276749912, 0.0 ], [ -77.081387280491072, -12.06939322379157, 0.0 ], [ -77.081387519642632, -12.069393187271949, 0.0 ], [ -77.081387760809577, -12.069393167380879, 0.0 ], [ -77.081388002800708, -12.069393164204849, 0.0 ], [ -77.081388244420779, -12.06939317776572, 0.0 ], [ -77.081388484476349, -12.06939320799485, 0.0 ], [ -77.08138872178165, -12.069393254745959, 0.0 ], [ -77.081388955164698, -12.069393317786481, 0.0 ], [ -77.081389183472368, -12.069393396801818, 0.0 ], [ -77.081389405577298, -12.06939349140392, 0.0 ], [ -77.081389620382282, -12.069393601126936, 0.0 ], [ -77.081389826826339, -12.069393725431487, 0.0 ], [ -77.081390023889654, -12.069393863695996, 0.0 ], [ -77.081390210599125, -12.069394015242526, 0.0 ], [ -77.081390386032254, -12.069394179319483, 0.0 ], [ -77.08139054932272, -12.069394355123139, 0.0 ], [ -77.081390699663913, -12.06939454177607, 0.0 ], [ -77.081390836313133, -12.069394738361574, 0.0 ], [ -77.081390958595534, -12.069394943910734, 0.0 ], [ -77.081391065907027, -12.069395157402385, 0.0 ], [ -77.08139115771759, -12.069395377784641, 0.0 ], [ -77.081391233573854, -12.069395603970568, 0.0 ], [ -77.081391293101021, -12.069395834842478, 0.0 ], [ -77.081391336005055, -12.069396069256218, 0.0 ], [ -77.081391362074001, -12.069396306058406, 0.0 ], [ -77.081391371179251, -12.069396544077792, 0.0 ], [ -77.081391363275671, -12.069396782138197, 0.0 ], [ -77.081391338402426, -12.069397019067125, 0.0 ], [ -77.081391296682185, -12.069397253687137, 0.0 ], [ -77.081391238321288, -12.069397484846029, 0.0 ], [ -77.081391163607847, -12.06939771139961, 0.0 ], [ -77.081391072911018, -12.069397932231068, 0.0 ], [ -77.081390966678626, -12.069398146248918, 0.0 ], [ -77.081390845435251, -12.069398352389756, 0.0 ], [ -77.081390936511141, -12.069399421790628, 0.0 ], [ -77.081438336729775, -12.069395511508738, 0.0 ] ] ] ] } },
{ "type": "Feature", "properties": { "Nombre": null, "Perimetro": 160.934, "Área": 354.979, "Uso": "Áreas de uso administrativo", "Proy riego": "Por validar con unidad", "Riego act": "Sin riego tecnificado", "Referenc_1": null, "código": "C 38", "ID": null }, "geometry": { "type": "MultiPolygon", "coordinates": [ [ [ [ -77.081400394343774, -12.069294278699143, 0.0 ], [ -77.081380196895182, -12.069296039276178, 0.0 ], [ -77.08138035729408, -12.069297839889934, 0.0 ], [ -77.08134770284218, -12.069300686319593, 0.0 ], [ -77.081347943440235, -12.069303387240286, 0.0 ], [ -77.081344376147044, -12.069303698194568, 0.0 ], [ -77.081343975150332, -12.069299196660054, 0.0 ], [ -77.081303865968863, -12.069302692899218, 0.0 ], [ -77.081304266964906, -12.069307194433918, 0.0 ], [ -77.081294845651612, -12.069308015670611, 0.0 ], [ -77.081291369827241, -12.069308318651062, 0.0 ], [ -77.081290968831397, -12.069303817116326, 0.0 ], [ -77.081241438333464, -12.069308134582981, 0.0 ], [ -77.081241839328513, -12.069312636117941, 0.0 ], [ -77.081238363503928, -12.069312939097747, 0.0 ], [ -77.081237962508936, -12.069308437562775, 0.0 ], [ -77.081105469554615, -12.069319986642753, 0.0 ], [ -77.081105870547489, -12.069324488178259, 0.0 ], [ -77.081102394722308, -12.069324791156415, 0.0 ], [ -77.08110199372949, -12.069320289620897, 0.0 ], [ -77.081052508954372, -12.069324603068353, 0.0 ], [ -77.081052909946393, -12.069329104604074, 0.0 ], [ -77.08104943412097, -12.06932940758159, 0.0 ], [ -77.08104903312902, -12.069324906045852, 0.0 ], [ -77.080999594085156, -12.06932921549762, 0.0 ], [ -77.080999995076326, -12.069333717033562, 0.0 ], [ -77.080996519250689, -12.069334020010434, 0.0 ], [ -77.080996118259577, -12.069329518474476, 0.0 ], [ -77.080943569262899, -12.069334098999807, 0.0 ], [ -77.08094357026107, -12.069334110205203, 0.0 ], [ -77.080989123586207, -12.069372339313951, 0.0 ], [ -77.081061437052085, -12.069365951592747, -8.9884656743115785e+307 ], [ -77.081060783351674, -12.069358162497553, -1.7976931348623157e+308 ], [ -77.081069905667846, -12.069357355908911, -1.7976931348623157e+308 ], [ -77.081070605882147, -12.06936514167406, -8.9884656743115785e+307 ], [ -77.08110752764992, -12.069361880226575, 0.0 ], [ -77.081500386385756, -12.069327184525788, 0.0 ], [ -77.081497633318108, -12.069316996086096, 0.0 ], [ -77.081494895376892, -12.06930680370184, 0.0 ], [ -77.08149217256755, -12.069296607386047, 0.0 ], [ -77.081489464896165, -12.069286407170992, 0.0 ], [ -77.081486772368379, -12.069276203073874, 0.0 ], [ -77.08148409498996, -12.069265995114037, 0.0 ], [ -77.081481432766807, -12.069255783317775, 0.0 ], [ -77.081472533175841, -12.069258010201168, 0.0 ], [ -77.081471688694421, -12.069254757900941, 0.0 ], [ -77.081470845748314, -12.069251505207154, 0.0 ], [ -77.081470004337476, -12.069248252131276, 0.0 ], [ -77.081469164462433, -12.069244998671101, 0.0 ], [ -77.081468326123343, -12.069241744830951, 0.0 ], [ -77.081467489320346, -12.069238490608692, 0.0 ], [ -77.081466654053273, -12.069235235998423, 0.0 ], [ -77.081447074472635, -12.069240135260721, 0.0 ], [ -77.081427709181412, -12.069164288566823, 0.0 ], [ -77.08138913049055, -12.069167832385126, 0.0 ], [ -77.081391620526773, -12.069195785175644, 0.0 ], [ -77.081400394343774, -12.069294278699143, 0.0 ] ] ] ] } },
{ "type": "Feature", "properties": { "Nombre": null, "Perimetro": 77.255, "Área": 113.793, "Uso": "Áreas de uso administrativo", "Proy riego": "Por validar con unidad", "Riego act": "Sin riego tecnificado", "Referenc_1": null, "código": "C 40", "ID": null }, "geometry": { "type": "MultiPolygon", "coordinates": [ [ [ [ -77.080584246658901, -12.068897922728699, 0.0 ], [ -77.080586036928111, -12.068911327148026, 0.0 ], [ -77.080586138081031, -12.068912568165162, 0.0 ], [ -77.080586319487679, -12.068913800306261, 0.0 ], [ -77.080586580408493, -12.06891501854059, 0.0 ], [ -77.08058691978016, -12.068916217904981, 0.0 ], [ -77.080587336219452, -12.068917393516235, 0.0 ], [ -77.080587828029081, -12.068918540577544, 0.0 ], [ -77.080588393204465, -12.068919654410745, 0.0 ], [ -77.080589029442123, -12.068920730486447, 0.0 ], [ -77.080589734148901, -12.068921764411009, 0.0 ], [ -77.080590504452672, -12.068922751973888, 0.0 ], [ -77.080591337213633, -12.068923689143233, 0.0 ], [ -77.080592229037876, -12.068924572108882, 0.0 ], [ -77.080593176290563, -12.068925397271485, 0.0 ], [ -77.08059417511069, -12.068926161257492, 0.0 ], [ -77.080595221427572, -12.068926860962639, 0.0 ], [ -77.080622807767028, -12.068940852372434, 0.0 ], [ -77.0806235906946, -12.068939955246405, 0.0 ], [ -77.080624394490101, -12.068939076176688, 0.0 ], [ -77.080625218723355, -12.068938215627648, 0.0 ], [ -77.080626062954138, -12.068937374074434, 0.0 ], [ -77.080626926731028, -12.068936551960004, 0.0 ], [ -77.080627809591718, -12.068935749720959, 0.0 ], [ -77.080628711064293, -12.068934967785053, 0.0 ], [ -77.080633897517529, -12.068930863028822, 0.0 ], [ -77.080639353960663, -12.068927112615881, 0.0 ], [ -77.08064505544634, -12.06892373368046, 0.0 ], [ -77.080650975907034, -12.068920741684153, 0.0 ], [ -77.080657088273924, -12.068918150303242, 0.0 ], [ -77.080663364600653, -12.068915971378233, 0.0 ], [ -77.080669776191669, -12.068914214880559, 0.0 ], [ -77.08067629373258, -12.068912888838346, 0.0 ], [ -77.080682887424601, -12.068911999313869, 0.0 ], [ -77.080689527121223, -12.068911550368027, 0.0 ], [ -77.080696182464891, -12.068911544063672, 0.0 ], [ -77.080702823027295, -12.068911980425741, 0.0 ], [ -77.080709418447157, -12.068912857457468, 0.0 ], [ -77.080715938569611, -12.068914171147988, 0.0 ], [ -77.080722353584306, -12.068915915492813, 0.0 ], [ -77.080728634161304, -12.068918082518707, 0.0 ], [ -77.080734751585538, -12.068920662317137, 0.0 ], [ -77.080740677887576, -12.068923643090706, 0.0 ], [ -77.08074638597185, -12.068927011212537, 0.0 ], [ -77.080751849740665, -12.068930751281355, 0.0 ], [ -77.0807570442133, -12.068934846202492, 0.0 ], [ -77.080761945640205, -12.06893927724736, 0.0 ], [ -77.080766531611829, -12.068944024160377, 0.0 ], [ -77.080770781160609, -12.068949065235778, 0.0 ], [ -77.080774674857253, -12.068954377433254, 0.0 ], [ -77.080778194899636, -12.068959936454869, 0.0 ], [ -77.080781325193726, -12.068965716886639, 0.0 ], [ -77.080784051427699, -12.068971692305764, 0.0 ], [ -77.080786361136887, -12.068977835387841, 0.0 ], [ -77.080788243760949, -12.068984118044369, 0.0 ], [ -77.080789690692725, -12.068990511555961, 0.0 ], [ -77.08079069531648, -12.068996986688436, 0.0 ], [ -77.080791253038996, -12.06900351383695, 0.0 ], [ -77.080791361310204, -12.069010063152955, 0.0 ], [ -77.080791019635342, -12.069016604705459, 0.0 ], [ -77.080790947020475, -12.069017874067226, 0.0 ], [ -77.080790829750867, -12.069019140198533, 0.0 ], [ -77.080790667967307, -12.06902040156011, 0.0 ], [ -77.080790461864339, -12.069021656648607, 0.0 ], [ -77.08079021168939, -12.069022903958134, 0.0 ], [ -77.080789917743061, -12.069024141975921, 0.0 ], [ -77.08078958037882, -12.069025369231531, 0.0 ], [ -77.080810905321954, -12.069036305962477, 0.0 ], [ -77.080811791415996, -12.068894792459172, 0.0 ], [ -77.080710722559218, -12.068894244992345, 0.0 ], [ -77.080584246658901, -12.068897922728699, 0.0 ] ] ] ] } },
{ "type": "Feature", "properties": { "Nombre": null, "Perimetro": 26.756, "Área": 39.181, "Uso": "Áreas de uso administrativo", "Proy riego": "Por validar con unidad", "Riego act": "Sin riego tecnificado", "Referenc_1": null, "código": "C 44", "ID": null }, "geometry": { "type": "MultiPolygon", "coordinates": [ [ [ [ -77.080391101000956, -12.069309001431819, 0.0 ], [ -77.080391660986194, -12.069325078959471, 0.0 ], [ -77.080402858108513, -12.069324723861643, 0.0 ], [ -77.080403433851941, -12.069341253790101, 0.0 ], [ -77.080459751720554, -12.06933607908195, 0.0 ], [ -77.080467197253057, -12.069325366458097, 0.0 ], [ -77.08046894105216, -12.069325311155998, 0.0 ], [ -77.080467806375196, -12.069292734129982, 0.0 ], [ -77.080387866275046, -12.069295269302883, 0.0 ], [ -77.080388347610366, -12.06930908875087, 0.0 ], [ -77.080391101000956, -12.069309001431819, 0.0 ] ] ] ] } },
{ "type": "Feature", "properties": { "Nombre": null, "Perimetro": 164.263, "Área": 398.939, "Uso": "Áreas de uso recreativo/descanso", "Proy riego": "Falta aspersión", "Riego act": "Sin riego tecnificado", "Referenc_1": null, "código": "C 42", "ID": null }, "geometry": { "type": "MultiPolygon", "coordinates": [ [ [ [ -77.079842822600511, -12.068982856936699, 0.0 ], [ -77.079800076235003, -12.069094633855913, 0.0 ], [ -77.07990553914577, -12.069091554274245, 0.0 ], [ -77.07990498138895, -12.06907330711889, 0.0 ], [ -77.07989976536615, -12.06907360930896, 0.0 ], [ -77.079896865740793, -12.069073989325688, 0.0 ], [ -77.079894967401785, -12.06907481013908, 0.0 ], [ -77.079887585115245, -12.069079758950547, 0.0 ], [ -77.079884667717522, -12.069080901684298, 0.0 ], [ -77.079876178603513, -12.069082258076318, 0.0 ], [ -77.079867519688278, -12.069081926508739, 0.0 ], [ -77.07986302638048, -12.069081039439032, 0.0 ], [ -77.079859339305088, -12.069079963605558, 0.0 ], [ -77.079856451202104, -12.069080171967222, 0.0 ], [ -77.079851080982763, -12.069081897314105, 0.0 ], [ -77.079847995250844, -12.069082293320742, 0.0 ], [ -77.079843936897888, -12.069081707078402, 0.0 ], [ -77.079840675011937, -12.069081549547992, 0.0 ], [ -77.079836791682453, -12.069080806443177, 0.0 ], [ -77.079830951006343, -12.06907815827771, 0.0 ], [ -77.079827527021848, -12.06907368892354, 0.0 ], [ -77.07982661292381, -12.0690674626505, 0.0 ], [ -77.079826467172168, -12.069061563579259, 0.0 ], [ -77.079826648487881, -12.06905605324388, 0.0 ], [ -77.079828025172247, -12.069056097122949, 0.0 ], [ -77.079827845120519, -12.069061569045383, 0.0 ], [ -77.079827987925029, -12.069067348835183, 0.0 ], [ -77.079828839705016, -12.069073150635852, 0.0 ], [ -77.079831842144344, -12.069077069743726, 0.0 ], [ -77.079837217373026, -12.069079506875113, 0.0 ], [ -77.079840841056267, -12.069080200294632, 0.0 ], [ -77.079844070976065, -12.069080356281262, 0.0 ], [ -77.079848006422793, -12.069080924769402, 0.0 ], [ -77.079850775582656, -12.069080569389952, 0.0 ], [ -77.079856183216791, -12.069078832022431, 0.0 ], [ -77.079859489566772, -12.069078593486427, 0.0 ], [ -77.079863358262301, -12.069079722313955, 0.0 ], [ -77.079867682942606, -12.06908057609318, 0.0 ], [ -77.079876094175575, -12.069080898176509, 0.0 ], [ -77.079884298324146, -12.069079587316327, 0.0 ], [ -77.07988693496975, -12.06907855455214, 0.0 ], [ -77.079894297029128, -12.069073619300216, 0.0 ], [ -77.079896490433626, -12.069072670904918, 0.0 ], [ -77.079899633811451, -12.069072258942681, 0.0 ], [ -77.079904939953025, -12.069071951531591, 0.0 ], [ -77.07991476112889, -12.069071664745326, 0.0 ], [ -77.079913385789112, -12.06902667016797, 0.0 ], [ -77.079902373002184, -12.069027044602835, 0.0 ], [ -77.079898879989244, -12.06891276942315, 0.0 ], [ -77.0799025509167, -12.068912644611867, 0.0 ], [ -77.079902437704561, -12.068908940831315, 0.0 ], [ -77.080082771998661, -12.068902809419013, 0.0 ], [ -77.080083586591712, -12.06892945856821, 0.0 ], [ -77.080116716709043, -12.068928332122518, 0.0 ], [ -77.080118180222527, -12.068976210253622, 0.0 ], [ -77.080146334532301, -12.068975252984757, 0.0 ], [ -77.080146359608236, -12.068976073328241, 0.0 ], [ -77.080162808415707, -12.068975569625691, 0.0 ], [ -77.080160006224901, -12.068885488816329, 0.0 ], [ -77.080158713893638, -12.068833357987549, 0.0 ], [ -77.080070302584318, -12.068806309718239, 0.0 ], [ -77.079897643708378, -12.068893944898479, 0.0 ], [ -77.079842822600511, -12.068982856936699, 0.0 ] ] ] ] } },
{ "type": "Feature", "properties": { "Nombre": null, "Perimetro": 106.775, "Área": 330.105, "Uso": "Áreas de uso administrativo", "Proy riego": "Por validar con unidad", "Riego act": "Sin riego tecnificado", "Referenc_1": null, "código": "C 35", "ID": null }, "geometry": { "type": "MultiPolygon", "coordinates": [ [ [ [ -77.081134677995095, -12.068778524481365, 0.0 ], [ -77.081134698183561, -12.06879165704445, 0.0 ], [ -77.081134817742978, -12.068869428757445, 0.0 ], [ -77.081239960576397, -12.068869998132568, 0.0 ], [ -77.081239803535738, -12.068767870846481, 0.0 ], [ -77.081294992021341, -12.068768169693801, 0.0 ], [ -77.081294989380552, -12.068766452509381, 0.0 ], [ -77.081300774529481, -12.068766483835516, 0.0 ], [ -77.081300777170313, -12.068768201019916, 0.0 ], [ -77.08130536855839, -12.068768225881836, 0.0 ], [ -77.081305525623918, -12.068870353163792, 0.0 ], [ -77.081316637288367, -12.068870413331336, 0.0 ], [ -77.081372931171217, -12.068781634349449, 0.0 ], [ -77.081371864320488, -12.06877628952199, 0.0 ], [ -77.08137081151429, -12.068770942002093, 0.0 ], [ -77.081369772759615, -12.068765591817201, 0.0 ], [ -77.081368748063426, -12.068760239008204, 0.0 ], [ -77.081367737432316, -12.068754883609531, 0.0 ], [ -77.08136674087342, -12.068749525657758, 0.0 ], [ -77.081365758393247, -12.068744165189262, 0.0 ], [ -77.081365543995716, -12.068743048614248, 0.0 ], [ -77.081365330283191, -12.068741931919696, 0.0 ], [ -77.081365117255586, -12.068740815090738, 0.0 ], [ -77.081364904913031, -12.068739698142451, 0.0 ], [ -77.081364693255594, -12.068738581066221, 0.0 ], [ -77.081364482283391, -12.068737463859883, 0.0 ], [ -77.081364271996591, -12.068736346534097, 0.0 ], [ -77.081364031708247, -12.068734879201315, 0.0 ], [ -77.081363693011724, -12.068733430797312, 0.0 ], [ -77.081363257400284, -12.068732007708613, 0.0 ], [ -77.08136272679414, -12.068730616206391, 0.0 ], [ -77.081362103532996, -12.06872926243155, 0.0 ], [ -77.081361390364265, -12.068727952343096, 0.0 ], [ -77.081360590432425, -12.068726691726129, 0.0 ], [ -77.081359912354486, -12.068725731956619, 0.0 ], [ -77.081359170679477, -12.068724818895285, 0.0 ], [ -77.081358368717204, -12.068723956603565, 0.0 ], [ -77.081357510046814, -12.068723148935478, 0.0 ], [ -77.081356598500619, -12.068722399497501, 0.0 ], [ -77.081355638146576, -12.068721711629305, 0.0 ], [ -77.081354633271005, -12.068721088406049, 0.0 ], [ -77.081353588358326, -12.068720532608358, 0.0 ], [ -77.081352508072044, -12.068720046715997, 0.0 ], [ -77.08135139723332, -12.068719632892956, 0.0 ], [ -77.081350260799979, -12.068719292992041, 0.0 ], [ -77.08111428969184, -12.068717026274673, 0.0 ], [ -77.081114300945302, -12.068724347188807, 0.0 ], [ -77.081120820757988, -12.0687244098202, 0.0 ], [ -77.081120903975162, -12.068778544991691, 0.0 ], [ -77.081134677995095, -12.068778524481365, 0.0 ] ] ] ] } },
{ "type": "Feature", "properties": { "Nombre": null, "Perimetro": 63.973, "Área": 108.332, "Uso": "Áreas de uso administrativo", "Proy riego": "Por validar con unidad", "Riego act": "Sin riego tecnificado", "Referenc_1": null, "código": "C 41", "ID": null }, "geometry": { "type": "MultiPolygon", "coordinates": [ [ [ [ -77.080189508062873, -12.068898088818804, 0.0 ], [ -77.080199630743195, -12.068909062695248, 0.0 ], [ -77.080219450319987, -12.068908302241923, 0.0 ], [ -77.080219932635984, -12.068925120344581, 0.0 ], [ -77.080377024098311, -12.068920670466428, 0.0 ], [ -77.08037767378066, -12.068939323440087, 0.0 ], [ -77.080408702661785, -12.068938551814819, 0.0 ], [ -77.080407453178324, -12.068902678113226, 0.0 ], [ -77.080346894009494, -12.068904240516479, 0.0 ], [ -77.080185432341068, -12.06884335208605, 0.0 ], [ -77.080186156054992, -12.068876767112014, 0.0 ], [ -77.080186770536244, -12.068898193854194, 0.0 ], [ -77.080189508062873, -12.068898088818804, 0.0 ] ] ] ] } },
{ "type": "Feature", "properties": { "Nombre": null, "Perimetro": 128.228, "Área": 631.213, "Uso": "Áreas de uso recreativo/descanso", "Proy riego": "Falta aspersión", "Riego act": "Sin riego tecnificado", "Referenc_1": null, "código": "C 42", "ID": null }, "geometry": { "type": "MultiPolygon", "coordinates": [ [ [ [ -77.079722078125599, -12.068732199427775, 0.0 ], [ -77.079738282456915, -12.068903979526791, 0.0 ], [ -77.079754463683528, -12.069076345517132, 0.0 ], [ -77.079790796166151, -12.069075284597124, 0.0 ], [ -77.079828723944928, -12.068976107748515, 0.0 ], [ -77.079886994461177, -12.068882596772392, 0.0 ], [ -77.080049122511923, -12.068799829950335, 0.0 ], [ -77.079732001303071, -12.068702810596216, 0.0 ], [ -77.079724263966838, -12.068714008551204, 0.0 ], [ -77.079725697165799, -12.068714839346761, 0.0 ], [ -77.07972612389689, -12.068719363075513, 0.0 ], [ -77.079720900964759, -12.068719720475897, 0.0 ], [ -77.079721229015362, -12.068723198104321, 0.0 ], [ -77.079730392054287, -12.068722571085978, 0.0 ], [ -77.079731241164822, -12.068731572409376, 0.0 ], [ -77.079722078125599, -12.068732199427775, 0.0 ] ] ] ] } },
{ "type": "Feature", "properties": { "Nombre": null, "Perimetro": 85.521, "Área": 245.124, "Uso": "Áreas de uso recreativo/descanso", "Proy riego": "Falta aspersión", "Riego act": "Sin riego tecnificado", "Referenc_1": null, "código": "B 6", "ID": null }, "geometry": { "type": "MultiPolygon", "coordinates": [ [ [ [ -77.079593504700441, -12.066387913396062, 0.0 ], [ -77.07955720948695, -12.066429364375965, 0.0 ], [ -77.079585699473611, -12.066475959810063, 0.0 ], [ -77.079608673785174, -12.066514774853854, 0.0 ], [ -77.079618231929743, -12.066525875931891, 0.0 ], [ -77.079692034845479, -12.06660229668263, 0.0 ], [ -77.079712448020032, -12.066583200496297, 0.0 ], [ -77.079683669286055, -12.066553400972849, 0.0 ], [ -77.07968277823673, -12.066553887729777, 0.0 ], [ -77.079681855700102, -12.066554313896223, 0.0 ], [ -77.079680905923581, -12.066554677505591, 0.0 ], [ -77.079679933279721, -12.066554976889712, 0.0 ], [ -77.079678942246929, -12.066555210668382, 0.0 ], [ -77.079677937387757, -12.066555377764589, 0.0 ], [ -77.079676923328535, -12.066555477406832, 0.0 ], [ -77.079675904738011, -12.066555509137883, 0.0 ], [ -77.079674886305924, -12.066555472814967, 0.0 ], [ -77.079673872721003, -12.066555368601295, 0.0 ], [ -77.07967286864978, -12.066555196979147, 0.0 ], [ -77.079671878715146, -12.06655495873712, 0.0 ], [ -77.079670907474821, -12.066554654970275, 0.0 ], [ -77.079669959400221, -12.06655428708461, 0.0 ], [ -77.079669038856338, -12.066553856762727, 0.0 ], [ -77.079668150081318, -12.066553365994164, 0.0 ], [ -77.079667297167376, -12.066552817036737, 0.0 ], [ -77.079666484040942, -12.066552212416706, 0.0 ], [ -77.079665714445952, -12.066551554915945, 0.0 ], [ -77.079664991925455, -12.066550847563489, 0.0 ], [ -77.079664319806142, -12.066550093618394, 0.0 ], [ -77.07966370118227, -12.066549296552626, 0.0 ], [ -77.079663138901978, -12.066548460029596, 0.0 ], [ -77.079662635554087, -12.066547587899986, 0.0 ], [ -77.079662193456016, -12.06654668418888, 0.0 ], [ -77.079661814643202, -12.066545753048446, 0.0 ], [ -77.079661500859757, -12.066544798770934, 0.0 ], [ -77.079661253550157, -12.066543825745649, 0.0 ], [ -77.079661073853259, -12.066542838456837, 0.0 ], [ -77.079660962596222, -12.066541841442779, 0.0 ], [ -77.079660920291289, -12.066540839302681, 0.0 ], [ -77.079660949524481, -12.066539798470174, 0.0 ], [ -77.079661053130167, -12.066538762240993, 0.0 ], [ -77.079661230594496, -12.066537735759937, 0.0 ], [ -77.079661481037093, -12.06653672412533, 0.0 ], [ -77.079661803215188, -12.066535732352072, 0.0 ], [ -77.079662195530275, -12.066534765356419, 0.0 ], [ -77.079662656035978, -12.066533827945181, 0.0 ], [ -77.079663182447121, -12.06653292475962, 0.0 ], [ -77.079663772152202, -12.06653206029261, 0.0 ], [ -77.07966442222515, -12.06653123882389, 0.0 ], [ -77.079665129440642, -12.066530464432882, 0.0 ], [ -77.079665890289562, -12.066529740959787, 0.0 ], [ -77.07966670099708, -12.066529071996852, 0.0 ], [ -77.079667557540674, -12.06652846086234, 0.0 ], [ -77.079668455670458, -12.066527910587491, 0.0 ], [ -77.079669390930263, -12.066527423903386, 0.0 ], [ -77.07967035867982, -12.066527003223605, 0.0 ], [ -77.079671354117409, -12.066526650635382, 0.0 ], [ -77.07967237230406, -12.066526367890836, 0.0 ], [ -77.079673408188057, -12.066526156393847, 0.0 ], [ -77.079674456629448, -12.066526017186957, 0.0 ], [ -77.07967551242659, -12.066525950968398, 0.0 ], [ -77.079676570340766, -12.066525958061739, 0.0 ], [ -77.079677625123239, -12.066526038432929, 0.0 ], [ -77.079678671540279, -12.066526191685814, 0.0 ], [ -77.07967970440032, -12.066526417053279, 0.0 ], [ -77.079680718578487, -12.066526713422954, 0.0 ], [ -77.079681709042831, -12.066527079328379, 0.0 ], [ -77.079682670879222, -12.06652751294668, 0.0 ], [ -77.079683599315203, -12.066528012126415, 0.0 ], [ -77.079684489744068, -12.066528574391945, 0.0 ], [ -77.079714966778866, -12.066500063626044, 0.0 ], [ -77.079674409638841, -12.066458067893441, 0.0 ], [ -77.079716909159984, -12.06641831028238, 0.0 ], [ -77.079687953044811, -12.066387898099871, 0.0 ], [ -77.079687053652961, -12.066388393709584, 0.0 ], [ -77.079686121840297, -12.066388827439646, 0.0 ], [ -77.079685161995442, -12.066389197243781, 0.0 ], [ -77.079684178639553, -12.066389501379458, 0.0 ], [ -77.07968317640406, -12.066389738422229, 0.0 ], [ -77.079682160009625, -12.066389907246498, 0.0 ], [ -77.079681134243586, -12.066390007058004, 0.0 ], [ -77.079680103937179, -12.066390037394006, 0.0 ], [ -77.079679073943211, -12.066389998101888, 0.0 ], [ -77.079678049113028, -12.066389889373813, 0.0 ], [ -77.079677034273587, -12.066389711716722, 0.0 ], [ -77.079676034204894, -12.066389465974064, 0.0 ], [ -77.079675053617237, -12.066389153295781, 0.0 ], [ -77.079674097129242, -12.066388775160037, 0.0 ], [ -77.079673169245879, -12.066388333347515, 0.0 ], [ -77.07967227433771, -12.066387829937254, 0.0 ], [ -77.07967141661976, -12.066387267298211, 0.0 ], [ -77.079670600131763, -12.066386648085084, 0.0 ], [ -77.079669828719375, -12.066385975212588, 0.0 ], [ -77.079669106016212, -12.066385251846985, 0.0 ], [ -77.079668435425987, -12.066384481401903, 0.0 ], [ -77.079667820107403, -12.066383667499657, 0.0 ], [ -77.07966726295858, -12.066382813975684, 0.0 ], [ -77.079666766603523, -12.06638192485277, 0.0 ], [ -77.079666333380345, -12.066381004315307, 0.0 ], [ -77.079665965329355, -12.066380056700737, 0.0 ], [ -77.079665664184134, -12.066379086469471, 0.0 ], [ -77.079665431363054, -12.066378098200621, 0.0 ], [ -77.079665267962881, -12.06637709653605, 0.0 ], [ -77.079665174752989, -12.066376086201942, 0.0 ], [ -77.079665152172652, -12.066375071957111, 0.0 ], [ -77.079665200328066, -12.0663740585758, 0.0 ], [ -77.07966531899234, -12.066373050830416, 0.0 ], [ -77.07966550760672, -12.066372053465692, 0.0 ], [ -77.079665765282783, -12.06637107119003, 0.0 ], [ -77.079666090806768, -12.066370108615139, 0.0 ], [ -77.079666482645621, -12.066369170286173, 0.0 ], [ -77.07966693895365, -12.066368260617004, 0.0 ], [ -77.07966745758155, -12.06636738389451, 0.0 ], [ -77.079668036086758, -12.066366544248282, 0.0 ], [ -77.079668671744443, -12.066365745629026, 0.0 ], [ -77.079669361560534, -12.066364991804154, 0.0 ], [ -77.079670102286002, -12.066364286318869, 0.0 ], [ -77.079670890432126, -12.066363632500389, 0.0 ], [ -77.079671722286662, -12.066363033427642, 0.0 ], [ -77.079672593931434, -12.066362491918202, 0.0 ], [ -77.079673501261098, -12.066362010528167, 0.0 ], [ -77.079674440001924, -12.066361591517522, 0.0 ], [ -77.079675405732587, -12.066361236867243, 0.0 ], [ -77.079676393904521, -12.066360948244638, 0.0 ], [ -77.079677399863215, -12.066360727011848, 0.0 ], [ -77.079678418870714, -12.066360574208392, 0.0 ], [ -77.079679446127273, -12.066360490551061, 0.0 ], [ -77.079680476794735, -12.066360476438, 0.0 ], [ -77.079681506018417, -12.0663605319378, 0.0 ], [ -77.079682528950741, -12.066360656778546, 0.0 ], [ -77.079683540773757, -12.066360850385497, 0.0 ], [ -77.079626356367697, -12.066347665477853, 0.0 ], [ -77.079614045933923, -12.066361957929821, 0.0 ], [ -77.079614759809346, -12.066362513107361, 0.0 ], [ -77.079593504700441, -12.066387913396062, 0.0 ] ] ] ] } },
{ "type": "Feature", "properties": { "Nombre": null, "Perimetro": 108.565, "Área": 126.956, "Uso": "Áreas de manejo sostenible y reducción de consumo de agua", "Proy riego": "Goteo", "Riego act": "Sin riego tecnificado", "Referenc_1": null, "código": "E 31", "ID": null }, "geometry": { "type": "MultiPolygon", "coordinates": [ [ [ [ -77.079509565326887, -12.071317158002417, 0.0 ], [ -77.079174766391489, -12.07136441939465, 0.0 ], [ -77.079171584971888, -12.071364868493038, 0.0 ], [ -77.079157820906445, -12.071271003674667, 0.0 ], [ -77.079161002628041, -12.071270556643233, 0.0 ], [ -77.079161184440721, -12.071270531098577, 0.0 ], [ -77.079157750031797, -12.071247109939332, 0.0 ], [ -77.079140065564388, -12.071249795369711, 0.0 ], [ -77.079166517026422, -12.071370234711916, 0.0 ], [ -77.079167680882605, -12.071369987118626, 0.0 ], [ -77.079170524279391, -12.071380801230418, 0.0 ], [ -77.079185675241561, -12.071389918330938, 0.0 ], [ -77.079513270852289, -12.071344114198213, 0.0 ], [ -77.079509565326887, -12.071317158002417, 0.0 ] ] ] ] } },
{ "type": "Feature", "properties": { "Nombre": null, "Perimetro": 897.619, "Área": 7129.491, "Uso": "Áreas de uso recreativo/descanso", "Proy riego": "Falta aspersión", "Riego act": "Sin riego tecnificado", "Referenc_1": null, "código": "F 27", "ID": null }, "geometry": { "type": "MultiPolygon", "coordinates": [ [ [ [ -77.081669116771508, -12.071128401794605, 0.0 ], [ -77.081737943621008, -12.071108885665248, 0.0 ], [ -77.081749231116973, -12.07114744418476, 0.0 ], [ -77.081715119356403, -12.07115711671468, 0.0 ], [ -77.08171507696251, -12.071160033082695, 0.0 ], [ -77.081701107071368, -12.07116985789464, 0.0 ], [ -77.081700705402667, -12.071170366868513, 0.0 ], [ -77.081700339565288, -12.071170901371811, 0.0 ], [ -77.081700011228605, -12.071171458961134, 0.0 ], [ -77.0816997218908, -12.071172037097696, 0.0 ], [ -77.081699472872387, -12.071172633140618, 0.0 ], [ -77.081699265309553, -12.071173244366362, 0.0 ], [ -77.081699100149464, -12.071173867992464, 0.0 ], [ -77.081698978146008, -12.071174501168965, 0.0 ], [ -77.081698899855681, -12.071175141008579, 0.0 ], [ -77.081698865635829, -12.071175784591047, 0.0 ], [ -77.081698875642715, -12.071176428980372, 0.0 ], [ -77.081698929830623, -12.071177071229135, 0.0 ], [ -77.081699027952155, -12.071177708417297, 0.0 ], [ -77.081699169559755, -12.071178337626295, 0.0 ], [ -77.081699354006915, -12.071178955995096, 0.0 ], [ -77.081699580452309, -12.071179560694288, 0.0 ], [ -77.081699847862453, -12.071180148971305, 0.0 ], [ -77.081700155016875, -12.071180718131018, 0.0 ], [ -77.081700500514344, -12.071181265590244, 0.0 ], [ -77.081710727104905, -12.071201997442188, 0.0 ], [ -77.081714763311709, -12.071219535001971, 0.0 ], [ -77.081737417271881, -12.071252281586148, 0.0 ], [ -77.081847246130181, -12.071222220147343, 0.0 ], [ -77.081813688390426, -12.071105423961301, 0.0 ], [ -77.081814838511804, -12.071105109159504, 0.0 ], [ -77.081813889000699, -12.071101804427359, 0.0 ], [ -77.081822293733737, -12.07109950395264, 0.0 ], [ -77.081823243244926, -12.071102808684746, 0.0 ], [ -77.081940555605939, -12.071070698876115, 0.0 ], [ -77.081950626341779, -12.071105746166454, 0.0 ], [ -77.081953979110551, -12.071104797627656, 0.0 ], [ -77.08195635289249, -12.071113059456055, 0.0 ], [ -77.081953000337066, -12.071114007934513, 0.0 ], [ -77.081955109862491, -12.071121349317442, 0.0 ], [ -77.081958462228343, -12.071120400892603, 0.0 ], [ -77.081960836010637, -12.071128662720906, 0.0 ], [ -77.081957483858119, -12.071129611085409, 0.0 ], [ -77.081974116415935, -12.07118749421088, 0.0 ], [ -77.082038563845543, -12.071169854142974, 0.0 ], [ -77.082100536309383, -12.071153220045238, 0.0 ], [ -77.082098144859458, -12.071146126757245, 0.0 ], [ -77.082075965437681, -12.071080340272498, 0.0 ], [ -77.082067173816043, -12.071082960691101, 0.0 ], [ -77.0820596522382, -12.071060650892628, 0.0 ], [ -77.082068443859256, -12.071058030474356, 0.0 ], [ -77.082049631560565, -12.071002231182625, 0.0 ], [ -77.082044481306156, -12.071003886385038, 0.0 ], [ -77.082038730149264, -12.070986827830959, 0.0 ], [ -77.081578698366727, -12.071065112376623, 0.0 ], [ -77.081521075462675, -12.071076944447418, 0.0 ], [ -77.081510288263459, -12.071079159449008, 0.0 ], [ -77.081501758301272, -12.071039954632989, 0.0 ], [ -77.081474795448685, -12.071045515772001, 0.0 ], [ -77.08147746811018, -12.071057799679206, 0.0 ], [ -77.081394871892144, -12.071074835287938, 0.0 ], [ -77.081392199233974, -12.071062551379361, 0.0 ], [ -77.081284168036916, -12.071084832955389, 0.0 ], [ -77.081282687492234, -12.071078028153378, 0.0 ], [ -77.081260177232082, -12.071082904649442, 0.0 ], [ -77.081261138624399, -12.071087323352188, 0.0 ], [ -77.081221588721831, -12.071095891215913, 0.0 ], [ -77.081220627330083, -12.071091472512917, 0.0 ], [ -77.081157580653809, -12.071105130570215, 0.0 ], [ -77.081149178099793, -12.07106651110243, 0.0 ], [ -77.081137070986102, -12.071069133913564, 0.0 ], [ -77.081140089751727, -12.071083008642582, 0.0 ], [ -77.081125490759689, -12.071086263817874, 0.0 ], [ -77.081121391969262, -12.071072530519132, 0.0 ], [ -77.08111888308548, -12.071065353655056, 0.0 ], [ -77.081116645138096, -12.071058090522744, 0.0 ], [ -77.081114681178249, -12.071050751018046, 0.0 ], [ -77.081112993884261, -12.07104334516012, 0.0 ], [ -77.081111585556584, -12.071035883042063, 0.0 ], [ -77.081110458115404, -12.07102837483092, 0.0 ], [ -77.081109613098349, -12.071020830780171, 0.0 ], [ -77.081109319746815, -12.07101033002801, 0.0 ], [ -77.081109636346341, -12.070999829923796, 0.0 ], [ -77.081110561862843, -12.070989364762813, 0.0 ], [ -77.081112093274157, -12.070978968727589, 0.0 ], [ -77.081114225578986, -12.070968675763375, 0.0 ], [ -77.081116951813428, -12.070958519487508, 0.0 ], [ -77.081120263074396, -12.070948533061154, 0.0 ], [ -77.08115505101911, -12.070940955061493, 0.0 ], [ -77.081154164631741, -12.070936890238899, 0.0 ], [ -77.08118586304569, -12.070929985240372, 0.0 ], [ -77.081171693127089, -12.070920878543838, 0.0 ], [ -77.081149913778987, -12.070906881430671, 0.0 ], [ -77.081123142180331, -12.070784219010571, 0.0 ], [ -77.080808646989652, -12.070847062964502, 0.0 ], [ -77.080663259901371, -12.07084257799565, 0.0 ], [ -77.080662247754574, -12.07084196608797, 0.0 ], [ -77.080661197394505, -12.070841420114469, 0.0 ], [ -77.080660113248953, -12.070840942373049, 0.0 ], [ -77.080658999888414, -12.070840534883057, 0.0 ], [ -77.080657862006419, -12.070840199361244, 0.0 ], [ -77.080656704399729, -12.070839937219764, 0.0 ], [ -77.080655531948494, -12.070839749564172, 0.0 ], [ -77.080654349595378, -12.070839637189254, 0.0 ], [ -77.080653162324893, -12.070839600561962, 0.0 ], [ -77.080651975141876, -12.07083963984312, 0.0 ], [ -77.080650793051078, -12.070839754861705, 0.0 ], [ -77.080649621035988, -12.070839945136562, 0.0 ], [ -77.080648464037381, -12.070840209867953, 0.0 ], [ -77.080647326932663, -12.070840547933397, 0.0 ], [ -77.080646214515369, -12.070840957911511, 0.0 ], [ -77.080645131475265, -12.07084143807141, 0.0 ], [ -77.080644082377987, -12.070841986392736, 0.0 ], [ -77.080613790561159, -12.070840851515483, 0.0 ], [ -77.080631888205858, -12.070976282571936, 0.0 ], [ -77.080704353772376, -12.070969835705124, 0.0 ], [ -77.080736035966098, -12.071114580536531, 0.0 ], [ -77.080751349608846, -12.071184208473644, 0.0 ], [ -77.080780697611885, -12.07117795628028, 0.0 ], [ -77.080765389151722, -12.071108351940415, 0.0 ], [ -77.080915001079674, -12.071076479107532, 0.0 ], [ -77.080915331338957, -12.071077980723731, 0.0 ], [ -77.080909048895407, -12.071079319116546, 0.0 ], [ -77.080923937379751, -12.071147440946534, 0.0 ], [ -77.080928245342022, -12.071146523191075, 0.0 ], [ -77.080930634866775, -12.071157387825478, 0.0 ], [ -77.080932340101882, -12.071157024547235, 0.0 ], [ -77.08093268978844, -12.071158614493687, 0.0 ], [ -77.080937805493761, -12.071157524658888, 0.0 ], [ -77.080969491009128, -12.071301591470567, 0.0 ], [ -77.080964724988505, -12.071304271252762, 0.0 ], [ -77.080959070785127, -12.071305475808034, 0.0 ], [ -77.0809616545842, -12.071317223745149, 0.0 ], [ -77.080961385336394, -12.071317281104932, 0.0 ], [ -77.080976674439356, -12.071386797092384, 0.0 ], [ -77.080980982404981, -12.071385879335519, 0.0 ], [ -77.080983371935545, -12.071396743968599, 0.0 ], [ -77.08098498742271, -12.071396399809736, 0.0 ], [ -77.080985337110135, -12.071397989756022, 0.0 ], [ -77.080990093822493, -12.071396976399281, 0.0 ], [ -77.081021779414542, -12.071541043193497, 0.0 ], [ -77.081017022700124, -12.071542056551134, 0.0 ], [ -77.081017372388089, -12.071543646497307, 0.0 ], [ -77.081011718180278, -12.071544851054416, 0.0 ], [ -77.081014301985633, -12.071556598990119, 0.0 ], [ -77.081014032737613, -12.071556656349989, 0.0 ], [ -77.08102932187775, -12.071626172328962, 0.0 ], [ -77.081033629846758, -12.071625254570701, 0.0 ], [ -77.081036019383134, -12.071636119202452, 0.0 ], [ -77.081037634871549, -12.07163577504306, 0.0 ], [ -77.081037984559842, -12.071637364989172, 0.0 ], [ -77.081042741275922, -12.071636351630886, 0.0 ], [ -77.08107436866355, -12.071780153416528, 0.0 ], [ -77.081069611945424, -12.071781166775711, 0.0 ], [ -77.081069961634213, -12.07178275672169, 0.0 ], [ -77.080906707447127, -12.071817535928414, 0.0 ], [ -77.080908669585156, -12.071826457293906, 0.0 ], [ -77.080933350678876, -12.07182119931039, 0.0 ], [ -77.080936940656031, -12.07182043451262, 0.0 ], [ -77.080937523469586, -12.07182308442307, 0.0 ], [ -77.080933933492403, -12.071823849220856, 0.0 ], [ -77.080937430373879, -12.071839748683542, 0.0 ], [ -77.08093801318752, -12.071842398593981, 0.0 ], [ -77.080941510069664, -12.071858298056501, 0.0 ], [ -77.080945100047259, -12.071857533258566, 0.0 ], [ -77.080945682861028, -12.071860183168969, 0.0 ], [ -77.080942092883404, -12.071860947966933, 0.0 ], [ -77.080912475566919, -12.071867257548488, 0.0 ], [ -77.080905654608927, -12.071868710663802, 0.0 ], [ -77.080951166227379, -12.072075640663289, 0.0 ], [ -77.081020062690285, -12.072053443950784, 0.0 ], [ -77.081016827427192, -12.072037561212202, 0.0 ], [ -77.081010260844238, -12.072007704649312, 0.0 ], [ -77.080992789267412, -12.072011567500889, 0.0 ], [ -77.0809877380524, -12.071988600913192, 0.0 ], [ -77.080940072007053, -12.071999139558047, 0.0 ], [ -77.080924160698757, -12.071926794800357, 0.0 ], [ -77.081009905797856, -12.071907837128311, 0.0 ], [ -77.081037440992461, -12.072033032594264, 0.0 ], [ -77.081144711658425, -12.071997462884758, 0.0 ], [ -77.081278842924789, -12.071958897079597, 0.0 ], [ -77.081276218688203, -12.071950142084189, 0.0 ], [ -77.081299224240624, -12.071943527454858, 0.0 ], [ -77.081301848477807, -12.07195228244996, 0.0 ], [ -77.081321187511904, -12.071946722027819, 0.0 ], [ -77.081318673143485, -12.071938029596739, 0.0 ], [ -77.081349435975795, -12.071929184563965, 0.0 ], [ -77.081351950345024, -12.071937876994644, 0.0 ], [ -77.081360134227566, -12.071935523936576, 0.0 ], [ -77.081358516133207, -12.071930339954227, 0.0 ], [ -77.081375441310897, -12.071925473568131, 0.0 ], [ -77.081377059405554, -12.071930657550331, 0.0 ], [ -77.081385260315827, -12.071928299595569, 0.0 ], [ -77.081382676535753, -12.071919627122368, 0.0 ], [ -77.081405593869547, -12.071913037848123, 0.0 ], [ -77.081408177650218, -12.071921710321003, 0.0 ], [ -77.081425301579145, -12.071916786785877, 0.0 ], [ -77.081422466582367, -12.071908186543684, 0.0 ], [ -77.081445393866147, -12.071901594404912, 0.0 ], [ -77.081448228863508, -12.071910194646765, 0.0 ], [ -77.081468125129135, -12.071904473995858, 0.0 ], [ -77.081482777061908, -12.071881301166965, 0.0 ], [ -77.081461843391196, -12.071807327186431, 0.0 ], [ -77.081458123101143, -12.071794180672818, 0.0 ], [ -77.081448489769429, -12.071760139037705, 0.0 ], [ -77.08141347260316, -12.071769880428594, 0.0 ], [ -77.081415837818952, -12.071778238477641, 0.0 ], [ -77.08139613211776, -12.071783720385135, 0.0 ], [ -77.081393766902451, -12.071775362335829, 0.0 ], [ -77.081229758878635, -12.071820987487788, 0.0 ], [ -77.081205170549481, -12.071734098575011, 0.0 ], [ -77.081425821355325, -12.071672716039075, 0.0 ], [ -77.081456749571785, -12.071664112146689, 0.0 ], [ -77.081412894566483, -12.071509139985263, 0.0 ], [ -77.081431274753754, -12.071504026817912, 0.0 ], [ -77.081399082888709, -12.071390269025398, 0.0 ], [ -77.081524224722926, -12.071353492934836, 0.0 ], [ -77.081510451639815, -12.071304822427308, 0.0 ], [ -77.081537620688891, -12.071297073757984, 0.0 ], [ -77.081537070379966, -12.071295129363843, 0.0 ], [ -77.081512139827865, -12.071301587398962, 0.0 ], [ -77.081503298189432, -12.071269825927722, 0.0 ], [ -77.081506963185149, -12.071259699680645, 0.0 ], [ -77.08152578450462, -12.071255253226894, 0.0 ], [ -77.081519258538549, -12.071232195166084, 0.0 ], [ -77.081500757457135, -12.071164522697277, 0.0 ], [ -77.08166546669176, -12.071136943011794, 0.0 ], [ -77.081668533751781, -12.071129658744441, 0.0 ], [ -77.081669065933482, -12.071128394812913, 0.0 ], [ -77.081669116771508, -12.071128401794605, 0.0 ] ], [ [ -77.081416184251651, -12.071227984151859, 0.0 ], [ -77.081229461459785, -12.071271645700204, 0.0 ], [ -77.081209953108385, -12.071213120646041, 0.0 ], [ -77.08139388899292, -12.071165743221243, 0.0 ], [ -77.081416184251651, -12.071227984151859, 0.0 ] ] ] ] } },
{ "type": "Feature", "properties": { "Nombre": null, "Perimetro": 85.728, "Área": 289.862, "Uso": "Áreas de uso administrativo", "Proy riego": "Por validar con unidad", "Riego act": "Sin riego tecnificado", "Referenc_1": null, "código": null, "ID": null }, "geometry": { "type": "MultiPolygon", "coordinates": [ [ [ [ -77.082239358937372, -12.07293270390028, 0.0 ], [ -77.082411018148193, -12.07287427157104, 0.0 ], [ -77.082369243136597, -12.072754707614168, 0.0 ], [ -77.082339458911164, -12.072764790803264, 0.0 ], [ -77.082346477634673, -12.072784879098645, 0.0 ], [ -77.082299586988569, -12.072800753510055, 0.0 ], [ -77.082290490656391, -12.07277471893042, 0.0 ], [ -77.082284813966794, -12.07278428611138, 0.0 ], [ -77.082292721299282, -12.07278888113609, 0.0 ], [ -77.082283459532206, -12.072804489589247, 0.0 ], [ -77.082275552080745, -12.072799894761992, 0.0 ], [ -77.082265827367976, -12.072816283720272, 0.0 ], [ -77.082244576726964, -12.07282268066419, 0.0 ], [ -77.082247262569467, -12.072831323042729, 0.0 ], [ -77.082229700054825, -12.072836609772446, 0.0 ], [ -77.082227014212776, -12.072827967393655, 0.0 ], [ -77.082205714282736, -12.072834379171319, 0.0 ], [ -77.082202615839222, -12.07283279697382, 0.0 ], [ -77.082198594973633, -12.072840925405071, 0.0 ], [ -77.082182292987255, -12.07283260091423, 0.0 ], [ -77.082169809839215, -12.072857880544525, 0.0 ], [ -77.082201044111926, -12.072947276101159, 0.0 ], [ -77.082239836709391, -12.072934071329561, 0.0 ], [ -77.082239358937372, -12.07293270390028, 0.0 ] ] ] ] } },
{ "type": "Feature", "properties": { "Nombre": null, "Perimetro": 132.17, "Área": 126.565, "Uso": "Áreas de uso administrativo", "Proy riego": "Por validar con unidad", "Riego act": "Sin riego tecnificado", "Referenc_1": null, "código": null, "ID": null }, "geometry": { "type": "MultiPolygon", "coordinates": [ [ [ [ -77.081569937799841, -12.073223266211849, 0.0 ], [ -77.08163617636275, -12.073412098105875, 0.0 ], [ -77.081650425874301, -12.073407301503963, 0.0 ], [ -77.081632935006127, -12.073357438842811, 0.0 ], [ -77.081636236721664, -12.073356327435253, 0.0 ], [ -77.081632550829895, -12.073345819756662, 0.0 ], [ -77.081681038665451, -12.073329497955706, 0.0 ], [ -77.081678254443347, -12.073321533479255, 0.0 ], [ -77.081690411053046, -12.073317417144336, 0.0 ], [ -77.081693202854865, -12.07332540330216, 0.0 ], [ -77.08175202013598, -12.073305604490386, 0.0 ], [ -77.081755706522841, -12.073316112055972, 0.0 ], [ -77.081759007720279, -12.073315000821102, 0.0 ], [ -77.081776499258908, -12.073364863251426, 0.0 ], [ -77.081804930361457, -12.073355292893007, 0.0 ], [ -77.081787124291651, -12.073304359193378, 0.0 ], [ -77.081830307126438, -12.073289823164039, 0.0 ], [ -77.08182120300792, -12.073263781122101, 0.0 ], [ -77.081766497741114, -12.073282304832086, 0.0 ], [ -77.081766198991801, -12.073281450237923, 0.0 ], [ -77.081659394107135, -12.073317615324489, 0.0 ], [ -77.081659005733385, -12.07331650435186, 0.0 ], [ -77.081642855266935, -12.073321973053357, 0.0 ], [ -77.081635535682096, -12.073301035571166, 0.0 ], [ -77.081651686382557, -12.073295566790723, 0.0 ], [ -77.081651298008879, -12.073294455818086, 0.0 ], [ -77.081634018468876, -12.073300306834266, 0.0 ], [ -77.081642114825897, -12.073323466253376, 0.0 ], [ -77.081626042372761, -12.073328927219166, 0.0 ], [ -77.081611502695409, -12.073287477732137, 0.0 ], [ -77.081611430228591, -12.073287502270007, 0.0 ], [ -77.081587829076568, -12.073219989309635, 0.0 ], [ -77.081586468334294, -12.073220450068481, 0.0 ], [ -77.081567497798645, -12.073166183318657, 0.0 ], [ -77.081568800292118, -12.073165742283395, 0.0 ], [ -77.081566762564577, -12.073159933152875, 0.0 ], [ -77.081549743316344, -12.073165696012932, 0.0 ], [ -77.081557351833155, -12.073187386288128, 0.0 ], [ -77.08155830699512, -12.073187062862301, 0.0 ], [ -77.081570892961906, -12.073222942785961, 0.0 ], [ -77.081569937799841, -12.073223266211849, 0.0 ] ] ] ] } },
{ "type": "Feature", "properties": { "Nombre": null, "Perimetro": 20.097, "Área": 23.216, "Uso": "Áreas de uso administrativo", "Proy riego": "Por validar con unidad", "Riego act": "Sin riego tecnificado", "Referenc_1": "Pabellón K", "código": "G 3", "ID": null }, "geometry": { "type": "MultiPolygon", "coordinates": [ [ [ [ -77.082741355946482, -12.072867079849901, 0.0 ], [ -77.082748099657678, -12.072865236167075, 0.0 ], [ -77.082754872478233, -12.072863498920375, 0.0 ], [ -77.082761672674152, -12.072861868535883, 0.0 ], [ -77.08276849850462, -12.072860345446802, 0.0 ], [ -77.082775348221972, -12.072858930041155, 0.0 ], [ -77.082782220072573, -12.072857622670364, 0.0 ], [ -77.082789112297547, -12.072856423684417, 0.0 ], [ -77.082798711462914, -12.072853244835246, 0.0 ], [ -77.08279469225981, -12.072841571932486, 0.0 ], [ -77.082788224951088, -12.072822789035685, 0.0 ], [ -77.082786836405091, -12.072823261777168, 0.0 ], [ -77.082785775395251, -12.072820180303584, 0.0 ], [ -77.082731524749676, -12.072838491514492, 0.0 ], [ -77.082741355946482, -12.072867079849901, 0.0 ] ] ] ] } },
{ "type": "Feature", "properties": { "Nombre": null, "Perimetro": 113.152, "Área": 352.331, "Uso": "Áreas de uso administrativo", "Proy riego": "Por validar con unidad", "Riego act": "Sin riego tecnificado", "Referenc_1": null, "código": "G 1", "ID": null }, "geometry": { "type": "MultiPolygon", "coordinates": [ [ [ [ -77.082830440795874, -12.072967553508184, 0.0 ], [ -77.082827975421893, -12.072968370491072, 0.0 ], [ -77.082822045783018, -12.072971676005897, 0.0 ], [ -77.082816052420768, -12.072974868264543, 0.0 ], [ -77.082809997567892, -12.072977946068384, 0.0 ], [ -77.082803883480864, -12.07298090828219, 0.0 ], [ -77.082797712437483, -12.072983753794263, 0.0 ], [ -77.082791486737008, -12.072986481546627, 0.0 ], [ -77.082785208699519, -12.072989090528781, 0.0 ], [ -77.082792468718495, -12.073010175660867, 0.0 ], [ -77.082748607013684, -12.073024710670211, 0.0 ], [ -77.082741339723242, -12.07300360441041, 0.0 ], [ -77.082739109120851, -12.073004177698845, 0.0 ], [ -77.082736874762404, -12.073004736642249, 0.0 ], [ -77.082734636742828, -12.073005281210412, 0.0 ], [ -77.082732395157933, -12.07300581138754, 0.0 ], [ -77.082730150103174, -12.073006327147059, 0.0 ], [ -77.082727901674133, -12.073006828464548, 0.0 ], [ -77.082725649966804, -12.073007315324176, 0.0 ], [ -77.082752632744288, -12.073085680906049, 0.0 ], [ -77.082752810348737, -12.073086143934978, 0.0 ], [ -77.082753019724237, -12.073086593927846, 0.0 ], [ -77.08275325988923, -12.073087028761821, 0.0 ], [ -77.082753529718588, -12.073087446409042, 0.0 ], [ -77.082753827947826, -12.073087844911656, 0.0 ], [ -77.082754153179494, -12.073088222401147, 0.0 ], [ -77.082754503889447, -12.073088577104757, 0.0 ], [ -77.082754878434429, -12.073088907362662, 0.0 ], [ -77.082755275059142, -12.073089211627945, 0.0 ], [ -77.082755691905319, -12.073089488479413, 0.0 ], [ -77.082756127019437, -12.073089736612969, 0.0 ], [ -77.082756578362563, -12.073089954867358, 0.0 ], [ -77.082757043819882, -12.073090142219799, 0.0 ], [ -77.082757521210098, -12.073090297794543, 0.0 ], [ -77.082758008296267, -12.073090420858462, 0.0 ], [ -77.08275850279604, -12.073090510842546, 0.0 ], [ -77.082759002391995, -12.073090567315941, 0.0 ], [ -77.082759504743294, -12.07309059002036, 0.0 ], [ -77.082760007495892, -12.073090578848452, 0.0 ], [ -77.08276050829366, -12.073090533848015, 0.0 ], [ -77.082761004790243, -12.07309045523702, 0.0 ], [ -77.082761494658968, -12.073090343379798, 0.0 ], [ -77.082761975604285, -12.073090198799997, 0.0 ], [ -77.082763032436773, -12.073089841742961, 0.0 ], [ -77.082763232191667, -12.073091494204892, 0.0 ], [ -77.082770565479635, -12.073089030222294, 0.0 ], [ -77.082769048884785, -12.073084629484097, 0.0 ], [ -77.082774266630551, -12.073082887760195, 0.0 ], [ -77.082775779692952, -12.073087278248012, 0.0 ], [ -77.082783319820791, -12.073084744766875, 0.0 ], [ -77.082781811866539, -12.07308036910185, 0.0 ], [ -77.082787029612106, -12.073078627377738, 0.0 ], [ -77.082788534033924, -12.073082992792379, 0.0 ], [ -77.082792572028566, -12.07308163602697, 0.0 ], [ -77.082791070342324, -12.073077278550436, 0.0 ], [ -77.082796288087735, -12.07307553682617, 0.0 ], [ -77.082797786241528, -12.073079884052319, 0.0 ], [ -77.08280532636887, -12.073077350570651, 0.0 ], [ -77.082803833323226, -12.073073018167291, 0.0 ], [ -77.082809051068452, -12.073071276442812, 0.0 ], [ -77.082810540581633, -12.073075598595789, 0.0 ], [ -77.082814578576006, -12.073074241830099, 0.0 ], [ -77.082813091798414, -12.073069927615228, 0.0 ], [ -77.08281830954347, -12.073068185890596, 0.0 ], [ -77.082819792788641, -12.073072489855079, 0.0 ], [ -77.082827099648981, -12.073070034750421, 0.0 ], [ -77.082825621353948, -12.073065745150142, 0.0 ], [ -77.082830839098818, -12.073064003425296, 0.0 ], [ -77.082832313861402, -12.073068282775193, 0.0 ], [ -77.082964031891251, -12.073024025483027, 0.0 ], [ -77.082990120403565, -12.073015288951161, 0.0 ], [ -77.082991413697385, -12.073014772927337, 0.0 ], [ -77.082992691581907, -12.073014220975052, 0.0 ], [ -77.082993953026374, -12.073013633531462, 0.0 ], [ -77.082995197013361, -12.073013011071765, 0.0 ], [ -77.082996422539921, -12.073012354099079, 0.0 ], [ -77.082997628617477, -12.073011663140109, 0.0 ], [ -77.082998814273537, -12.073010938759742, 0.0 ], [ -77.083000079576735, -12.073010190512274, 0.0 ], [ -77.083001319012865, -12.073009401450145, 0.0 ], [ -77.083002531222249, -12.073008572422241, 0.0 ], [ -77.083003714875773, -12.073007704349992, 0.0 ], [ -77.08300486867536, -12.0730067981826, 0.0 ], [ -77.083005991355478, -12.073005854909972, 0.0 ], [ -77.083007081685295, -12.073004875572934, 0.0 ], [ -77.083008219794522, -12.073003746177264, 0.0 ], [ -77.083009326060179, -12.073002586544257, 0.0 ], [ -77.08301039965265, -12.073001397531799, 0.0 ], [ -77.083011439767134, -12.073000180040157, 0.0 ], [ -77.083012445623865, -12.072998934980189, 0.0 ], [ -77.083013416468944, -12.072997663281939, 0.0 ], [ -77.083014351574363, -12.072996365904585, 0.0 ], [ -77.083015599513843, -12.072994524291133, 0.0 ], [ -77.08301676856604, -12.072992633200899, 0.0 ], [ -77.083017856708906, -12.072990695901442, 0.0 ], [ -77.083018862060001, -12.072988715748943, 0.0 ], [ -77.083019782880456, -12.072986696165298, 0.0 ], [ -77.083020617577318, -12.072984640642423, 0.0 ], [ -77.083021364707022, -12.072982552743772, 0.0 ], [ -77.083021980703123, -12.072980303093992, 0.0 ], [ -77.083022525961013, -12.072978035832048, 0.0 ], [ -77.083022999962395, -12.072975753102124, 0.0 ], [ -77.083023402257197, -12.072973457086098, 0.0 ], [ -77.083023732462976, -12.072971149958853, 0.0 ], [ -77.083023990266014, -12.072968833905543, 0.0 ], [ -77.083024175421698, -12.072966511138295, 0.0 ], [ -77.083024062180499, -12.072964095657507, 0.0 ], [ -77.083023858473311, -12.072961685934521, 0.0 ], [ -77.083023564577175, -12.072959285247382, 0.0 ], [ -77.083023180892326, -12.07295689686622, 0.0 ], [ -77.083022707941282, -12.072954524040854, 0.0 ], [ -77.083022146367668, -12.072952170000812, 0.0 ], [ -77.083021496936396, -12.072949837959436, 0.0 ], [ -77.083003161138706, -12.072895892417916, 0.0 ], [ -77.082978272657215, -12.072904229255363, 0.0 ], [ -77.082913366735696, -12.072871889810347, 0.0 ], [ -77.082892404702932, -12.072878836277779, 0.0 ], [ -77.082893787656744, -12.072882894677763, 0.0 ], [ -77.082895169292428, -12.072886953509117, 0.0 ], [ -77.082896549609885, -12.072891012772681, 0.0 ], [ -77.082897928609214, -12.072895072474882, 0.0 ], [ -77.082899306290216, -12.072899132611418, 0.0 ], [ -77.082900682652621, -12.072903193180169, 0.0 ], [ -77.08290205769616, -12.072907254180711, 0.0 ], [ -77.082902504582464, -12.072908823981921, 0.0 ], [ -77.082902944878157, -12.072910395581754, 0.0 ], [ -77.082903378575708, -12.072911968959149, 0.0 ], [ -77.08290380566801, -12.072913544086104, 0.0 ], [ -77.082904226147946, -12.072915120936822, 0.0 ], [ -77.082904640007754, -12.072916699487681, 0.0 ], [ -77.082905047240672, -12.072918279697653, 0.0 ], [ -77.082905584357576, -12.072920727109629, 0.0 ], [ -77.082906085742366, -12.072923181858839, 0.0 ], [ -77.082906551291629, -12.07292564343121, 0.0 ], [ -77.08290698090984, -12.072928111325391, 0.0 ], [ -77.082907374508181, -12.072930585033522, 0.0 ], [ -77.082907732006106, -12.072933064041203, 0.0 ], [ -77.082908053329646, -12.07293554784698, 0.0 ], [ -77.082905440158399, -12.072936406130301, 0.0 ], [ -77.082907385311657, -12.072942055395139, 0.0 ], [ -77.082902064146808, -12.072943818740104, 0.0 ], [ -77.082903537747782, -12.072948098486222, 0.0 ], [ -77.08290092865181, -12.072948968657501, 0.0 ], [ -77.082899453332345, -12.07294468392028, 0.0 ], [ -77.082867775448534, -12.072955181437925, 0.0 ], [ -77.082877265436991, -12.072982743004214, 0.0 ], [ -77.08284941674323, -12.072991971589856, 0.0 ], [ -77.082839926756975, -12.072964410022218, 0.0 ], [ -77.082833051610876, -12.072966688328579, 0.0 ], [ -77.082834525210998, -12.072970968075218, 0.0 ], [ -77.082831914395953, -12.072971833254833, 0.0 ], [ -77.082830440795874, -12.072967553508184, 0.0 ] ] ] ] } },
{ "type": "Feature", "properties": { "Nombre": null, "Perimetro": 126.975, "Área": 398.766, "Uso": "Áreas de uso administrativo", "Proy riego": "Por validar con unidad", "Riego act": "Sin riego tecnificado", "Referenc_1": null, "código": "G 11", "ID": null }, "geometry": { "type": "MultiPolygon", "coordinates": [ [ [ [ -77.082185635982285, -12.073139424665534, 0.0 ], [ -77.081885855205684, -12.073240933519408, 0.0 ], [ -77.081895298585408, -12.07326794598996, 0.0 ], [ -77.08189583635297, -12.073269484255803, 0.0 ], [ -77.081912566903114, -12.073317341414045, 0.0 ], [ -77.081913104670917, -12.073318879679816, 0.0 ], [ -77.082265950452722, -12.073199884963904, 0.0 ], [ -77.082240434660164, -12.073127285942229, 0.0 ], [ -77.082253104239854, -12.073122970360092, 0.0 ], [ -77.082250100858801, -12.073114429817661, 0.0 ], [ -77.082258778652587, -12.073111473939299, 0.0 ], [ -77.082230616271659, -12.073031390163106, 0.0 ], [ -77.082215536688992, -12.073036496277664, 0.0 ], [ -77.082220162904179, -12.073043809746359, 0.0 ], [ -77.082224236208575, -12.073051435097723, 0.0 ], [ -77.082227735011784, -12.073059331908517, 0.0 ], [ -77.082230640768501, -12.073067458327131, 0.0 ], [ -77.082232938076586, -12.073075771271743, 0.0 ], [ -77.082234614759273, -12.073084226686124, 0.0 ], [ -77.082235661929431, -12.073092779754637, 0.0 ], [ -77.08223607403626, -12.073101385136768, 0.0 ], [ -77.082235848895607, -12.073109997221817, 0.0 ], [ -77.082194776843508, -12.073123904672475, 0.0 ], [ -77.082189459088056, -12.073108692907766, 0.0 ], [ -77.082176434473354, -12.07311310318458, 0.0 ], [ -77.082185635982285, -12.073139424665534, 0.0 ] ] ] ] } },
{ "type": "Feature", "properties": { "Nombre": null, "Perimetro": 164.053, "Área": 392.537, "Uso": "Áreas de uso administrativo", "Proy riego": "Por validar con unidad", "Riego act": "Sin riego tecnificado", "Referenc_1": "Pabellón K", "código": "G 6", "ID": null }, "geometry": { "type": "MultiPolygon", "coordinates": [ [ [ [ -77.082368347641207, -12.073121579231699, 0.0 ], [ -77.082359936042209, -12.073097379457332, 0.0 ], [ -77.082324107256824, -12.073108803673863, 0.0 ], [ -77.082316062225701, -12.073083814715792, 0.0 ], [ -77.082324771053621, -12.073080944737177, 0.0 ], [ -77.082309066295167, -12.073034558662709, 0.0 ], [ -77.082318806613898, -12.07303130380722, 0.0 ], [ -77.082324955705971, -12.073027245844584, 0.0 ], [ -77.082331362744057, -12.073023594833932, 0.0 ], [ -77.082337999965191, -12.073020366590065, 0.0 ], [ -77.08234483860916, -12.07301757510381, 0.0 ], [ -77.082351849042936, -12.073015232476315, 0.0 ], [ -77.082359000888999, -12.073013348851289, 0.0 ], [ -77.082366263157255, -12.073011932396762, 0.0 ], [ -77.0823736043791, -12.073010989241618, 0.0 ], [ -77.082380992743751, -12.07301052348538, 0.0 ], [ -77.082389236844861, -12.073007768608202, 0.0 ], [ -77.082393222505615, -12.073019321586445, 0.0 ], [ -77.082429742766621, -12.073007344536631, 0.0 ], [ -77.082362892044358, -12.07297169293691, 0.0 ], [ -77.082263913780821, -12.073004770072696, 0.0 ], [ -77.082269303106784, -12.073020095396641, 0.0 ], [ -77.082253944787695, -12.073025021421341, 0.0 ], [ -77.082250606734888, -12.073038773880175, 0.0 ], [ -77.082306305715264, -12.073197161827059, 0.0 ], [ -77.082656645260258, -12.073078951717351, 0.0 ], [ -77.082623120186653, -12.07298176699689, 0.0 ], [ -77.082616412116323, -12.072984008409511, 0.0 ], [ -77.082624144605148, -12.073006423873951, 0.0 ], [ -77.082624358683958, -12.073007471480617, 0.0 ], [ -77.082624496892123, -12.073008531372883, 0.0 ], [ -77.082624558536494, -12.07300959823371, 0.0 ], [ -77.082624543307773, -12.073010666710747, 0.0 ], [ -77.082624451282527, -12.073011731448775, 0.0 ], [ -77.082624282922112, -12.073012787109064, 0.0 ], [ -77.082624039071106, -12.073013828397441, 0.0 ], [ -77.082623720952242, -12.073014850085846, 0.0 ], [ -77.082623330160914, -12.073015847055469, 0.0 ], [ -77.082622868657111, -12.073016814301155, 0.0 ], [ -77.082622338755286, -12.073017746983146, 0.0 ], [ -77.082621743112824, -12.073018640409959, 0.0 ], [ -77.082621084717147, -12.073019490111747, 0.0 ], [ -77.08262036687006, -12.073020291823156, 0.0 ], [ -77.082619593171756, -12.073021041522258, 0.0 ], [ -77.082618767502225, -12.073021735447902, 0.0 ], [ -77.082617894002496, -12.073022370125734, 0.0 ], [ -77.082616977053149, -12.073022942368349, 0.0 ], [ -77.082616021252946, -12.073023449312073, 0.0 ], [ -77.082615031395093, -12.073023888402085, 0.0 ], [ -77.082614012444168, -12.073024257450305, 0.0 ], [ -77.082602590907101, -12.073028013892282, 0.0 ], [ -77.082603551363093, -12.073030842533766, 0.0 ], [ -77.082596414915514, -12.073034725033557, 0.0 ], [ -77.082589051873882, -12.073038173432776, 0.0 ], [ -77.08258148946824, -12.073041174968013, 0.0 ], [ -77.082573755666019, -12.073043718546044, 0.0 ], [ -77.082565879068611, -12.073045794760407, 0.0 ], [ -77.082557888805439, -12.073047395926682, 0.0 ], [ -77.082549814426287, -12.07304851612693, 0.0 ], [ -77.082548853970721, -12.073045687485132, 0.0 ], [ -77.082524554769762, -12.073053679268828, 0.0 ], [ -77.08252925834536, -12.07306762815381, 0.0 ], [ -77.082501209445752, -12.073077456399284, 0.0 ], [ -77.082500282663275, -12.073078721591633, 0.0 ], [ -77.082499269492828, -12.073079920924195, 0.0 ], [ -77.082498174751649, -12.073081048681807, 0.0 ], [ -77.082497003645102, -12.07308209951394, 0.0 ], [ -77.082495761741683, -12.073083068412112, 0.0 ], [ -77.082494454946627, -12.0730839507812, 0.0 ], [ -77.082493089473147, -12.073084742415956, 0.0 ], [ -77.082491671814225, -12.073085439557216, 0.0 ], [ -77.082490208710496, -12.073086038887855, 0.0 ], [ -77.082488707118841, -12.073086537558888, 0.0 ], [ -77.082487174179136, -12.073086933202619, 0.0 ], [ -77.082485617180197, -12.073087223932916, 0.0 ], [ -77.08248404352527, -12.073087408371322, 0.0 ], [ -77.082482460696994, -12.073087485634382, 0.0 ], [ -77.082480876221638, -12.073087455364094, 0.0 ], [ -77.082479297632773, -12.073087317697992, 0.0 ], [ -77.082477732436629, -12.073087073293134, 0.0 ], [ -77.082476188075347, -12.073086723306954, 0.0 ], [ -77.082474671892427, -12.073086269412212, 0.0 ], [ -77.082448221345402, -12.073095053527817, 0.0 ], [ -77.08244924892692, -12.073098050655767, 0.0 ], [ -77.082442143022405, -12.073102025647936, 0.0 ], [ -77.082434794055629, -12.073105546645294, 0.0 ], [ -77.08242723193338, -12.073108599312292, 0.0 ], [ -77.082419487430229, -12.073111171224586, 0.0 ], [ -77.082411592063011, -12.073113251923921, 0.0 ], [ -77.082403577962339, -12.073114832936325, 0.0 ], [ -77.082395477742097, -12.073115907831504, 0.0 ], [ -77.082394450161019, -12.073112910703237, 0.0 ], [ -77.082368347641207, -12.073121579231699, 0.0 ] ] ] ] } },
{ "type": "Feature", "properties": { "Nombre": null, "Perimetro": 52.287, "Área": 72.992, "Uso": "Áreas de uso administrativo", "Proy riego": "Por validar con unidad", "Riego act": "Sin riego tecnificado", "Referenc_1": "Pabellón K", "código": "G 5", "ID": null }, "geometry": { "type": "MultiPolygon", "coordinates": [ [ [ [ -77.082444133091357, -12.072959196277397, 0.0 ], [ -77.082453782907137, -12.072964432657887, 0.0 ], [ -77.082464468333413, -12.072970231001847, 0.0 ], [ -77.082494168113342, -12.072960226028332, 0.0 ], [ -77.082503736336506, -12.072954765889659, 0.0 ], [ -77.082513645805562, -12.072949931117479, 0.0 ], [ -77.08252385438054, -12.072945742271839, 0.0 ], [ -77.082534318650218, -12.072942217168093, 0.0 ], [ -77.082544994115196, -12.072939370796181, 0.0 ], [ -77.082555835378841, -12.072937215258905, 0.0 ], [ -77.082566796338938, -12.072935759721087, 0.0 ], [ -77.082596335474378, -12.072925808851178, 0.0 ], [ -77.082612284792205, -12.072972043839648, 0.0 ], [ -77.082618987194152, -12.072969785995895, 0.0 ], [ -77.082590221038203, -12.072886396658573, 0.0 ], [ -77.082460227690703, -12.072930467259624, 0.0 ], [ -77.082444133091357, -12.072959196277397, 0.0 ] ] ] ] } },
{ "type": "Feature", "properties": { "Nombre": null, "Perimetro": 53.568, "Área": 76.064, "Uso": "Áreas de uso administrativo", "Proy riego": "Por validar con unidad", "Riego act": "Sin riego tecnificado", "Referenc_1": null, "código": "G 2", "ID": null }, "geometry": { "type": "MultiPolygon", "coordinates": [ [ [ [ -77.082601097968407, -12.072862687164244, 0.0 ], [ -77.082805555181196, -12.072793051728599, 0.0 ], [ -77.082795849397186, -12.072765467446784, 0.0 ], [ -77.082591398064039, -12.072835100875308, 0.0 ], [ -77.082601097968407, -12.072862687164244, 0.0 ] ] ] ] } },
{ "type": "Feature", "properties": { "Nombre": null, "Perimetro": 24.374, "Área": 6.911, "Uso": "Áreas de uso administrativo", "Proy riego": "Por validar con unidad", "Riego act": "Sin riego tecnificado", "Referenc_1": null, "código": null, "ID": null }, "geometry": { "type": "MultiPolygon", "coordinates": [ [ [ [ -77.082931994996216, -12.072789619026798, 0.0 ], [ -77.082954738727906, -12.0728558182799, 0.0 ], [ -77.082951041636591, -12.072863108452205, 0.0 ], [ -77.082965073823587, -12.072870100004442, 0.0 ], [ -77.082931445460929, -12.072772219304394, 0.0 ], [ -77.082924472760595, -12.072785692197355, 0.0 ], [ -77.082931994996216, -12.072789619026798, 0.0 ] ] ] ] } },
{ "type": "Feature", "properties": { "Nombre": null, "Perimetro": 54.039, "Área": 75.946, "Uso": "Áreas de uso administrativo", "Proy riego": "Por validar con unidad", "Riego act": "Sin riego tecnificado", "Referenc_1": null, "código": "G 8", "ID": null }, "geometry": { "type": "MultiPolygon", "coordinates": [ [ [ [ -77.082432886579127, -12.072888918381604, 0.0 ], [ -77.08224613257596, -12.072952488435702, 0.0 ], [ -77.082245663170966, -12.072951117135194, 0.0 ], [ -77.082222838926796, -12.072958886374511, 0.0 ], [ -77.082227944124071, -12.072973405483577, 0.0 ], [ -77.082248131241954, -12.072981166129667, 0.0 ], [ -77.082255133266571, -12.072978782681021, 0.0 ], [ -77.082255514403357, -12.072979896118126, 0.0 ], [ -77.082442496379329, -12.072916248459252, 0.0 ], [ -77.082432886579127, -12.072888918381604, 0.0 ] ] ] ] } },
{ "type": "Feature", "properties": { "Nombre": null, "Perimetro": 37.892, "Área": 22.815, "Uso": "Áreas de uso administrativo", "Proy riego": "Por validar con unidad", "Riego act": "Sin riego tecnificado", "Referenc_1": null, "código": null, "ID": null }, "geometry": { "type": "MultiPolygon", "coordinates": [ [ [ [ -77.08189329126462, -12.072436993664585, 0.0 ], [ -77.081826648312287, -12.072455596951912, 0.0 ], [ -77.0817433941112, -12.072479009273202, 0.0 ], [ -77.081743439650737, -12.072478998206325, 0.0 ], [ -77.081743485849913, -12.07247899022191, 0.0 ], [ -77.081743532494158, -12.072478985345688, 0.0 ], [ -77.081743579367497, -12.072478983607283, 0.0 ], [ -77.081743626252276, -12.072478985014792, 0.0 ], [ -77.081743672930997, -12.072478989561219, 0.0 ], [ -77.081743719187131, -12.072478997222328, 0.0 ], [ -77.08174376480612, -12.072479007960943, 0.0 ], [ -77.081743809576352, -12.072479021735548, 0.0 ], [ -77.081743853290234, -12.072479038474427, 0.0 ], [ -77.081743895744964, -12.072479058105849, 0.0 ], [ -77.081743936743607, -12.072479080536459, 0.0 ], [ -77.081743976095936, -12.072479105659953, 0.0 ], [ -77.081744013619314, -12.07247913335703, 0.0 ], [ -77.081744049139999, -12.07247916350831, 0.0 ], [ -77.081744082492961, -12.072479195968516, 0.0 ], [ -77.081744113523456, -12.072479230587962, 0.0 ], [ -77.081744142087715, -12.072479267208267, 0.0 ], [ -77.081744168053135, -12.072479305653737, 0.0 ], [ -77.081744191299308, -12.072479345748576, 0.0 ], [ -77.081744211718402, -12.072479387312589, 0.0 ], [ -77.081744229215658, -12.072479430143931, 0.0 ], [ -77.081744243710062, -12.072479474049286, 0.0 ], [ -77.081744255134097, -12.072479518822288, 0.0 ], [ -77.081744263435013, -12.072479564262943, 0.0 ], [ -77.081744268574283, -12.072479610145285, 0.0 ], [ -77.081744270528063, -12.072479656273874, 0.0 ], [ -77.081744269314413, -12.072479701972718, 0.0 ], [ -77.081744264973537, -12.07247974749072, 0.0 ], [ -77.081744257524903, -12.072479792613951, 0.0 ], [ -77.081744247002518, -12.072479837141753, 0.0 ], [ -77.081744233454373, -12.072479880873372, 0.0 ], [ -77.081744216941814, -12.072479923605799, 0.0 ], [ -77.081744197540147, -12.07247996514239, 0.0 ], [ -77.081744175337548, -12.072480005299317, 0.0 ], [ -77.0817441504351, -12.072480043892945, 0.0 ], [ -77.081744178367117, -12.072480006483335, 0.0 ], [ -77.081744208835019, -12.072479971052511, 0.0 ], [ -77.08174424169583, -12.072479937749959, 0.0 ], [ -77.081744276795519, -12.072479906738439, 0.0 ], [ -77.081744313969367, -12.072479878167862, 0.0 ], [ -77.081744353043121, -12.072479852168822, 0.0 ], [ -77.081744393833475, -12.072479828859043, 0.0 ], [ -77.081744436149094, -12.072479808356329, 0.0 ], [ -77.081744479791425, -12.072479790748346, 0.0 ], [ -77.081744524555873, -12.072479776122819, 0.0 ], [ -77.081744570232502, -12.072479764545966, 0.0 ], [ -77.081744616607068, -12.07247975607541, 0.0 ], [ -77.081744663461976, -12.072479750747256, 0.0 ], [ -77.081744710577553, -12.072479748589007, 0.0 ], [ -77.081744757732849, -12.072479749606631, 0.0 ], [ -77.081744804706631, -12.072479753801773, 0.0 ], [ -77.081744851278501, -12.072479761150232, 0.0 ], [ -77.081744897230109, -12.072479771619163, 0.0 ], [ -77.081744942345964, -12.07247978515846, 0.0 ], [ -77.081744986414407, -12.07247980170507, 0.0 ], [ -77.081745029228799, -12.072479821182959, 0.0 ], [ -77.081745070588312, -12.072479843494515, 0.0 ], [ -77.081745110298883, -12.072479868546376, 0.0 ], [ -77.081745148174377, -12.072479896210647, 0.0 ], [ -77.081745184037004, -12.072479926359373, 0.0 ], [ -77.081745217718776, -12.072479958855904, 0.0 ], [ -77.081745249061541, -12.072479993546274, 0.0 ], [ -77.08174527791833, -12.072480030267823, 0.0 ], [ -77.081745304153785, -12.072480068844865, 0.0 ], [ -77.081745327644896, -12.072480109097327, 0.0 ], [ -77.081745348281444, -12.072480150840713, 0.0 ], [ -77.081745365966768, -12.072480193873204, 0.0 ], [ -77.081745380617761, -12.072480237997169, 0.0 ], [ -77.081745392165686, -12.072480283006275, 0.0 ], [ -77.081745400556585, -12.072480328687593, 0.0 ], [ -77.081745405750752, -12.072480374823789, 0.0 ], [ -77.081745407724313, -12.072480421206093, 0.0 ], [ -77.081745406510777, -12.072480466905338, 0.0 ], [ -77.081745402169773, -12.072480512423347, 0.0 ], [ -77.081745394721139, -12.072480557546573, 0.0 ], [ -77.081745384198754, -12.072480602074377, 0.0 ], [ -77.081745370650609, -12.072480645805998, 0.0 ], [ -77.081745354138022, -12.072480688534116, 0.0 ], [ -77.081745334736382, -12.072480730075014, 0.0 ], [ -77.081745312533769, -12.072480770231945, 0.0 ], [ -77.081745287631364, -12.072480808825166, 0.0 ], [ -77.081745315563339, -12.072480771415954, 0.0 ], [ -77.081745346031255, -12.072480735985136, 0.0 ], [ -77.081745378892066, -12.072480702682581, 0.0 ], [ -77.081745413991754, -12.072480671671059, 0.0 ], [ -77.081745451165602, -12.072480643100485, 0.0 ], [ -77.081745490239342, -12.072480617101444, 0.0 ], [ -77.081745531029696, -12.072480593791669, 0.0 ], [ -77.081745573345287, -12.072480573284645, 0.0 ], [ -77.081745616987661, -12.07248055568097, 0.0 ], [ -77.081745661752109, -12.072480541055443, 0.0 ], [ -77.081745707428738, -12.072480529478586, 0.0 ], [ -77.081745753803304, -12.07248052100803, 0.0 ], [ -77.081745800658211, -12.07248051567988, 0.0 ], [ -77.081745847773789, -12.072480513521631, 0.0 ], [ -77.081745894929085, -12.072480514539253, 0.0 ], [ -77.081745941902867, -12.072480518734393, 0.0 ], [ -77.081745988474736, -12.072480526082854, 0.0 ], [ -77.081746034426345, -12.072480536551781, 0.0 ], [ -77.081746079542185, -12.072480550091081, 0.0 ], [ -77.081746123610785, -12.072480566637688, 0.0 ], [ -77.081746166425162, -12.07248058611558, 0.0 ], [ -77.081746207784533, -12.072480608427135, 0.0 ], [ -77.081746247495261, -12.072480633478994, 0.0 ], [ -77.081746285370613, -12.072480661143269, 0.0 ], [ -77.081746321233368, -12.072480691291991, 0.0 ], [ -77.081746354915012, -12.072480723788523, 0.0 ], [ -77.081746386257777, -12.072480758478893, 0.0 ], [ -77.081746415114551, -12.072480795200438, 0.0 ], [ -77.08174644135002, -12.072480833777487, 0.0 ], [ -77.081746464841132, -12.072480874029948, 0.0 ], [ -77.08174648547778, -12.072480915769022, 0.0 ], [ -77.081746503163004, -12.072480958805819, 0.0 ], [ -77.081746517813997, -12.072481002929791, 0.0 ], [ -77.081746529361908, -12.072481047938895, 0.0 ], [ -77.081746537752821, -12.072481093620215, 0.0 ], [ -77.08174654294713, -12.072481139756407, 0.0 ], [ -77.081746544920577, -12.072481186138324, 0.0 ], [ -77.081746543707013, -12.072481231837957, 0.0 ], [ -77.081746539366009, -12.072481277355962, 0.0 ], [ -77.081746531917517, -12.07248132247919, 0.0 ], [ -77.081746521395118, -12.072481367006995, 0.0 ], [ -77.08174650784683, -12.072481410738613, 0.0 ], [ -77.081746491334258, -12.072481453466734, 0.0 ], [ -77.081746471932604, -12.072481495007629, 0.0 ], [ -77.081746449730005, -12.072481535164561, 0.0 ], [ -77.081746424827614, -12.072481573757395, 0.0 ], [ -77.081746452759575, -12.072481536348576, 0.0 ], [ -77.081746483227491, -12.072481500917753, 0.0 ], [ -77.081746516088273, -12.072481467610892, 0.0 ], [ -77.08174655118799, -12.072481436603677, 0.0 ], [ -77.081746588361838, -12.072481408033102, 0.0 ], [ -77.08174662743555, -12.072481382029753, 0.0 ], [ -77.081746668225932, -12.072481358724287, 0.0 ], [ -77.081746710541523, -12.07248133821726, 0.0 ], [ -77.081746754183882, -12.072481320613587, 0.0 ], [ -77.08174679894833, -12.072481305988058, 0.0 ], [ -77.081746844624973, -12.072481294411205, 0.0 ], [ -77.081746890999526, -12.072481285940647, 0.0 ], [ -77.081746937854589, -12.072481280612493, 0.0 ], [ -77.081746984970167, -12.072481278454246, 0.0 ], [ -77.081747032125335, -12.072481279471868, 0.0 ], [ -77.081747079099102, -12.072481283667011, 0.0 ], [ -77.081747125670987, -12.072481291015469, 0.0 ], [ -77.081747171622581, -12.0724813014844, 0.0 ], [ -77.081747216738563, -12.072481315023696, 0.0 ], [ -77.081747260807006, -12.072481331570303, 0.0 ], [ -77.08174730362137, -12.072481351043884, 0.0 ], [ -77.081747344980784, -12.072481373359748, 0.0 ], [ -77.081747384691468, -12.072481398407298, 0.0 ], [ -77.081747422566849, -12.072481426075882, 0.0 ], [ -77.081747458429618, -12.072481456224605, 0.0 ], [ -77.081747492111248, -12.072481488721133, 0.0 ], [ -77.081747523454027, -12.072481523411506, 0.0 ], [ -77.081747552310759, -12.072481560128745, 0.0 ], [ -77.08174757854637, -12.072481598705787, 0.0 ], [ -77.08174760203751, -12.072481638962556, 0.0 ], [ -77.08174762267403, -12.072481680701634, 0.0 ], [ -77.081747640359225, -12.072481723738434, 0.0 ], [ -77.081747655010233, -12.072481767862403, 0.0 ], [ -77.081747666558286, -12.072481812871505, 0.0 ], [ -77.081747674949057, -12.072481858552825, 0.0 ], [ -77.08174768014338, -12.07248190468902, 0.0 ], [ -77.081747682116841, -12.072481951070532, 0.0 ], [ -77.081747680903263, -12.072481996770568, 0.0 ], [ -77.081747676562387, -12.072482042288573, 0.0 ], [ -77.081747669113753, -12.072482087411801, 0.0 ], [ -77.081747658591368, -12.072482131939605, 0.0 ], [ -77.08174764504308, -12.072482175671228, 0.0 ], [ -77.081747628530508, -12.072482218399346, 0.0 ], [ -77.081747609128854, -12.072482259940244, 0.0 ], [ -77.081747586926255, -12.072482300097171, 0.0 ], [ -77.081747562023892, -12.072482338689605, 0.0 ], [ -77.081747589955839, -12.072482301281189, 0.0 ], [ -77.081747620423698, -12.072482265846055, 0.0 ], [ -77.081747653284523, -12.072482232543503, 0.0 ], [ -77.081747688384226, -12.072482201536289, 0.0 ], [ -77.08174772555823, -12.072482172965712, 0.0 ], [ -77.081747764631942, -12.072482146962363, 0.0 ], [ -77.081747805422182, -12.072482123656899, 0.0 ], [ -77.081747847737773, -12.072482103149872, 0.0 ], [ -77.081747891380132, -12.072482085546197, 0.0 ], [ -77.081747936144723, -12.072482070920667, 0.0 ], [ -77.081747981821351, -12.072482059343812, 0.0 ], [ -77.081748028195904, -12.072482050873257, 0.0 ], [ -77.081748075050811, -12.072482045545108, 0.0 ], [ -77.081748122166402, -12.072482043386856, 0.0 ], [ -77.081748169321571, -12.072482044404477, 0.0 ], [ -77.081748216295338, -12.072482048599619, 0.0 ], [ -77.081748262867208, -12.072482055948079, 0.0 ], [ -77.081748308818959, -12.072482066417008, 0.0 ], [ -77.081748353934799, -12.072482079956304, 0.0 ], [ -77.081748398003256, -12.072482096502911, 0.0 ], [ -77.081748440817606, -12.072482115976491, 0.0 ], [ -77.081748482177161, -12.072482138292354, 0.0 ], [ -77.08174852188769, -12.072482163339908, 0.0 ], [ -77.081748559763227, -12.072482191008486, 0.0 ], [ -77.081748595625868, -12.072482221157212, 0.0 ], [ -77.08174862930764, -12.072482253653739, 0.0 ], [ -77.081748660650391, -12.072482288344109, 0.0 ], [ -77.081748689507151, -12.072482325061348, 0.0 ], [ -77.08174871574262, -12.072482363638395, 0.0 ], [ -77.08174873923376, -12.072482403895163, 0.0 ], [ -77.081748759870266, -12.072482445634243, 0.0 ], [ -77.081748777555617, -12.07248248867104, 0.0 ], [ -77.081748792206483, -12.072482532795009, 0.0 ], [ -77.081748803754508, -12.072482577799802, 0.0 ], [ -77.081748812145307, -12.072482623485431, 0.0 ], [ -77.08174881733963, -12.072482669621627, 0.0 ], [ -77.08174881931312, -12.072482716002753, 0.0 ], [ -77.081748818099513, -12.072482761703176, 0.0 ], [ -77.081748813758637, -12.072482807221183, 0.0 ], [ -77.081748806310003, -12.072482852344409, 0.0 ], [ -77.081748795787604, -12.072482896872209, 0.0 ], [ -77.08174878223933, -12.072482940603832, 0.0 ], [ -77.081748765726886, -12.072482983331952, 0.0 ], [ -77.081748746325104, -12.072483024872851, 0.0 ], [ -77.081748724122605, -12.072483065025466, 0.0 ], [ -77.081748699220157, -12.072483103621824, 0.0 ], [ -77.081748727152231, -12.072483066218087, 0.0 ], [ -77.081748757620076, -12.072483030778647, 0.0 ], [ -77.081748790480901, -12.072482997476108, 0.0 ], [ -77.081748825580476, -12.072482966468899, 0.0 ], [ -77.081748862754466, -12.072482937898318, 0.0 ], [ -77.081748901828178, -12.072482911894966, 0.0 ], [ -77.081748942618432, -12.072482888589505, 0.0 ], [ -77.081748984934009, -12.072482868082476, 0.0 ], [ -77.08174902857651, -12.072482850478798, 0.0 ], [ -77.081749073340973, -12.072482835853275, 0.0 ], [ -77.081749119017601, -12.072482824276417, 0.0 ], [ -77.081749165392154, -12.072482815805863, 0.0 ], [ -77.081749212247075, -12.072482810477709, 0.0 ], [ -77.08174925936261, -12.072482808315153, 0.0 ], [ -77.081749306517821, -12.072482809337082, 0.0 ], [ -77.081749353491588, -12.072482813532224, 0.0 ], [ -77.081749400063615, -12.072482820880678, 0.0 ], [ -77.081749446015209, -12.07248283134961, 0.0 ], [ -77.081749491131063, -12.072482844888908, 0.0 ], [ -77.081749535199506, -12.072482861435518, 0.0 ], [ -77.08174957801387, -12.072482880909096, 0.0 ], [ -77.081749619373412, -12.072482903224959, 0.0 ], [ -77.081749659083954, -12.07248292827251, 0.0 ], [ -77.081749696959449, -12.072482955936779, 0.0 ], [ -77.081749732822104, -12.072482986089815, 0.0 ], [ -77.081749766503876, -12.072483018586341, 0.0 ], [ -77.081749797846655, -12.072483053276713, 0.0 ], [ -77.081749826703401, -12.072483089993952, 0.0 ], [ -77.081749852938856, -12.072483128570994, 0.0 ], [ -77.08174987643001, -12.072483168827764, 0.0 ], [ -77.08174989706653, -12.072483210566842, 0.0 ], [ -77.081749914751867, -12.072483253603641, 0.0 ], [ -77.081749929402747, -12.07248329772761, 0.0 ], [ -77.081749940950758, -12.072483342732406, 0.0 ], [ -77.081749949341685, -12.072483388418014, 0.0 ], [ -77.081749954536036, -12.072483434558515, 0.0 ], [ -77.081749956509384, -12.072483480934947, 0.0 ], [ -77.081749955295749, -12.072483526635777, 0.0 ], [ -77.081749950954887, -12.072483572153782, 0.0 ], [ -77.081749943506253, -12.072483617277008, 0.0 ], [ -77.081749932983868, -12.072483661804814, 0.0 ], [ -77.08174991943568, -12.072483705532123, 0.0 ], [ -77.08174990292315, -12.072483748264553, 0.0 ], [ -77.081749883521496, -12.07248378980545, 0.0 ], [ -77.081749861318855, -12.072483829958069, 0.0 ], [ -77.081749836416435, -12.07248386855402, 0.0 ], [ -77.081749864348495, -12.072483831150688, 0.0 ], [ -77.081749894816468, -12.072483795711245, 0.0 ], [ -77.081749927677166, -12.072483762408712, 0.0 ], [ -77.081749962776868, -12.072483731401498, 0.0 ], [ -77.081749999950731, -12.072483702830921, 0.0 ], [ -77.081750039024442, -12.07248367682757, 0.0 ], [ -77.081750079814825, -12.072483653522102, 0.0 ], [ -77.081750122130273, -12.07248363301508, 0.0 ], [ -77.081750165772732, -12.072483615407089, 0.0 ], [ -77.08175021053718, -12.072483600781565, 0.0 ], [ -77.081750256213851, -12.072483589209018, 0.0 ], [ -77.081750302588375, -12.072483580734152, 0.0 ], [ -77.081750349443325, -12.072483575410306, 0.0 ], [ -77.081750396558874, -12.072483573247753, 0.0 ], [ -77.081750443714213, -12.072483574269679, 0.0 ], [ -77.081750490687853, -12.072483578464825, 0.0 ], [ -77.08175053725985, -12.072483585813279, 0.0 ], [ -77.081750583211445, -12.0724835962779, 0.0 ], [ -77.081750628327285, -12.072483609817194, 0.0 ], [ -77.081750672395756, -12.072483626368111, 0.0 ], [ -77.08175071521012, -12.072483645841691, 0.0 ], [ -77.081750756569676, -12.072483668157556, 0.0 ], [ -77.081750796280204, -12.072483693205108, 0.0 ], [ -77.081750834155699, -12.072483720869377, 0.0 ], [ -77.081750870018368, -12.072483751022407, 0.0 ], [ -77.08175090370014, -12.072483783518937, 0.0 ], [ -77.081750935042919, -12.07248381820931, 0.0 ], [ -77.081750963899651, -12.072483854926547, 0.0 ], [ -77.08175099013512, -12.072483893503591, 0.0 ], [ -77.081751013626231, -12.07248393375605, 0.0 ], [ -77.08175103426278, -12.07248397549944, 0.0 ], [ -77.081751051948089, -12.072484018531926, 0.0 ], [ -77.081751066599125, -12.072484062660207, 0.0 ], [ -77.081751078147008, -12.072484107664998, 0.0 ], [ -77.081751086537949, -12.072484153350608, 0.0 ], [ -77.081751091732286, -12.072484199491113, 0.0 ], [ -77.081751093705677, -12.072484245867143, 0.0 ], [ -77.081751092492155, -12.072484291568369, 0.0 ], [ -77.081751088151151, -12.072484337086376, 0.0 ], [ -77.081751080702517, -12.072484382209607, 0.0 ], [ -77.081751070180133, -12.072484426737407, 0.0 ], [ -77.081751056631944, -12.072484470464717, 0.0 ], [ -77.0817510401194, -12.072484513197146, 0.0 ], [ -77.081751020717761, -12.072484554738043, 0.0 ], [ -77.081750998515119, -12.072484594890666, 0.0 ], [ -77.081750973612714, -12.07248463348621, 0.0 ], [ -77.081751001544887, -12.07248459608328, 0.0 ], [ -77.081751032012733, -12.072484560643842, 0.0 ], [ -77.081751064873416, -12.072484527341302, 0.0 ], [ -77.081751099973133, -12.072484496334091, 0.0 ], [ -77.081751137146966, -12.072484467759207, 0.0 ], [ -77.081751176220692, -12.072484441760166, 0.0 ], [ -77.081751217011089, -12.072484418454698, 0.0 ], [ -77.081751259326666, -12.072484397947669, 0.0 ], [ -77.081751302968996, -12.072484380339684, 0.0 ], [ -77.081751347733459, -12.072484365714159, 0.0 ], [ -77.081751393410116, -12.072484354141611, 0.0 ], [ -77.08175143978464, -12.072484345666748, 0.0 ], [ -77.081751486639547, -12.072484340338592, 0.0 ], [ -77.081751533755138, -12.072484338180343, 0.0 ], [ -77.081751580910463, -12.072484339202273, 0.0 ], [ -77.081751627884245, -12.072484343397415, 0.0 ], [ -77.081751674456129, -12.072484350745873, 0.0 ], [ -77.081751720407695, -12.072484361210492, 0.0 ], [ -77.081751765523535, -12.07248437474979, 0.0 ], [ -77.081751809591992, -12.072484391296396, 0.0 ], [ -77.081751852406384, -12.072484410774283, 0.0 ], [ -77.081751893765926, -12.072484433090146, 0.0 ], [ -77.08175193347661, -12.072484458137696, 0.0 ], [ -77.081751971351963, -12.072484485801969, 0.0 ], [ -77.08175200721476, -12.072484515954999, 0.0 ], [ -77.081752040896404, -12.072484548451531, 0.0 ], [ -77.081752072239169, -12.072484583141899, 0.0 ], [ -77.08175210109593, -12.072484619859138, 0.0 ], [ -77.081752127331384, -12.072484658436185, 0.0 ], [ -77.081752150822496, -12.07248469868864, 0.0 ], [ -77.081752171459186, -12.072484740432028, 0.0 ], [ -77.081752189144368, -12.072484783464514, 0.0 ], [ -77.081752203795361, -12.072484827588482, 0.0 ], [ -77.081752215343286, -12.072484872597588, 0.0 ], [ -77.081752223734327, -12.072484918278889, 0.0 ], [ -77.081752228928522, -12.072484964419392, 0.0 ], [ -77.081752230901969, -12.072485010799342, 0.0 ], [ -77.081752229688377, -12.072485056496649, 0.0 ], [ -77.081752225347415, -12.072485102018964, 0.0 ], [ -77.081752217898924, -12.072485147142194, 0.0 ], [ -77.081752207376539, -12.072485191669998, 0.0 ], [ -77.081752193828208, -12.072485235397309, 0.0 ], [ -77.081752177315664, -12.072485278129735, 0.0 ], [ -77.081752157914025, -12.072485319670633, 0.0 ], [ -77.081752135711383, -12.072485359823254, 0.0 ], [ -77.081752110809006, -12.072485398418413, 0.0 ], [ -77.081752138740995, -12.072485361011577, 0.0 ], [ -77.081752169208869, -12.072485325576448, 0.0 ], [ -77.081752202069694, -12.072485292273893, 0.0 ], [ -77.081752237169397, -12.072485261266682, 0.0 ], [ -77.081752274343216, -12.072485232691792, 0.0 ], [ -77.08175231341697, -12.072485206692752, 0.0 ], [ -77.08175235420731, -12.072485183382977, 0.0 ], [ -77.081752396522944, -12.072485162880257, 0.0 ], [ -77.081752440165261, -12.072485145272276, 0.0 ], [ -77.081752484929709, -12.072485130646749, 0.0 ], [ -77.08175253060638, -12.0724851190742, 0.0 ], [ -77.081752576980904, -12.072485110599333, 0.0 ], [ -77.081752623835953, -12.072485105271179, 0.0 ], [ -77.081752670951545, -12.072485103112928, 0.0 ], [ -77.081752718106742, -12.072485104134859, 0.0 ], [ -77.081752765080481, -12.072485108325692, 0.0 ], [ -77.081752811652365, -12.07248511567415, 0.0 ], [ -77.081752857603973, -12.072485126143077, 0.0 ], [ -77.081752902719956, -12.072485139682373, 0.0 ], [ -77.081752946788384, -12.072485156228979, 0.0 ], [ -77.081752989602791, -12.072485175706868, 0.0 ], [ -77.081753030962204, -12.072485198022731, 0.0 ], [ -77.081753070672875, -12.072485223070283, 0.0 ], [ -77.081753108548227, -12.072485250734553, 0.0 ], [ -77.081753144411039, -12.072485280887587, 0.0 ], [ -77.081753178092669, -12.072485313384114, 0.0 ], [ -77.081753209435448, -12.072485348074483, 0.0 ], [ -77.081753238292194, -12.072485384791722, 0.0 ], [ -77.081753264527791, -12.072485423368766, 0.0 ], [ -77.081753288018902, -12.072485463621224, 0.0 ], [ -77.08175330865545, -12.072485505364609, 0.0 ], [ -77.081753326340632, -12.072485548397099, 0.0 ], [ -77.081753340991625, -12.072485592521067, 0.0 ], [ -77.081753352539693, -12.072485637530169, 0.0 ], [ -77.081753360930449, -12.07248568321149, 0.0 ], [ -77.081753366124786, -12.072485729347685, 0.0 ], [ -77.081753368098262, -12.07248577573152, 0.0 ], [ -77.081753366884655, -12.072485821429233, 0.0 ], [ -77.081753362543694, -12.072485866951551, 0.0 ], [ -77.081753355095188, -12.072485912074779, 0.0 ], [ -77.081753344572803, -12.072485956602579, 0.0 ], [ -77.081753331024487, -12.07248600032989, 0.0 ], [ -77.081753314511943, -12.07248604306232, 0.0 ], [ -77.081753295110303, -12.072486084603216, 0.0 ], [ -77.081753272907662, -12.072486124755837, 0.0 ], [ -77.081753248005299, -12.072486163350591, 0.0 ], [ -77.081753275937274, -12.072486125944163, 0.0 ], [ -77.081753306405133, -12.072486090509031, 0.0 ], [ -77.081753339265958, -12.072486057206474, 0.0 ], [ -77.081753374365675, -12.072486026199265, 0.0 ], [ -77.081753411539623, -12.072485997624376, 0.0 ], [ -77.081753450613377, -12.072485971625335, 0.0 ], [ -77.081753491403589, -12.072485948315558, 0.0 ], [ -77.081753533719208, -12.07248592781284, 0.0 ], [ -77.081753577361539, -12.072485910204858, 0.0 ], [ -77.081753622126129, -12.072485895579325, 0.0 ], [ -77.081753667802758, -12.072485884002472, 0.0 ], [ -77.081753714177324, -12.072485875531916, 0.0 ], [ -77.081753761032232, -12.072485870203758, 0.0 ], [ -77.081753808147809, -12.07248586804551, 0.0 ], [ -77.081753855303006, -12.072485869067439, 0.0 ], [ -77.081753902276745, -12.072485873258273, 0.0 ], [ -77.081753948848629, -12.072485880606729, 0.0 ], [ -77.08175399480038, -12.072485891075658, 0.0 ], [ -77.08175403991622, -12.072485904614956, 0.0 ], [ -77.081754083984677, -12.07248592116156, 0.0 ], [ -77.081754126799069, -12.072485940639448, 0.0 ], [ -77.081754168158611, -12.072485962955311, 0.0 ], [ -77.081754207869153, -12.072485988002862, 0.0 ], [ -77.081754245744648, -12.072486015667129, 0.0 ], [ -77.081754281607303, -12.072486045820163, 0.0 ], [ -77.081754315289089, -12.07248607831669, 0.0 ], [ -77.081754346631826, -12.072486113002753, 0.0 ], [ -77.0817543754886, -12.0724861497243, 0.0 ], [ -77.081754401724069, -12.072486188301344, 0.0 ], [ -77.081754425215181, -12.072486228553803, 0.0 ], [ -77.081754445851729, -12.072486270297189, 0.0 ], [ -77.081754463537038, -12.072486313329678, 0.0 ], [ -77.081754478187918, -12.072486357453645, 0.0 ], [ -77.081754489735957, -12.072486402462749, 0.0 ], [ -77.081754498126742, -12.072486448144067, 0.0 ], [ -77.081754503321065, -12.072486494280264, 0.0 ], [ -77.081754505294555, -12.072486540663711, 0.0 ], [ -77.081754504080934, -12.072486586361812, 0.0 ], [ -77.081754499740072, -12.072486631879817, 0.0 ], [ -77.081754492291438, -12.072486677003045, 0.0 ], [ -77.081754481769082, -12.072486721535157, 0.0 ], [ -77.081754468220765, -12.07248676526247, 0.0 ], [ -77.081754451708363, -12.072486807994899, 0.0 ], [ -77.081754432306568, -12.072486849535796, 0.0 ], [ -77.081754410104068, -12.072486889688413, 0.0 ], [ -77.081754385201606, -12.072486928282784, 0.0 ], [ -77.081754413133694, -12.072486890881034, 0.0 ], [ -77.081754443601554, -12.072486855441591, 0.0 ], [ -77.081754476462379, -12.072486822139055, 0.0 ], [ -77.081754511561925, -12.072486791127533, 0.0 ], [ -77.081754548735915, -12.072486762556951, 0.0 ], [ -77.081754587809655, -12.072486736557913, 0.0 ], [ -77.081754628599867, -12.072486713248137, 0.0 ], [ -77.081754670915501, -12.07248669274542, 0.0 ], [ -77.08175471455796, -12.072486675137434, 0.0 ], [ -77.081754759322408, -12.072486660511904, 0.0 ], [ -77.081754804999036, -12.072486648935046, 0.0 ], [ -77.081754851373589, -12.07248664046449, 0.0 ], [ -77.08175489822851, -12.072486635136338, 0.0 ], [ -77.081754945344102, -12.072486632978089, 0.0 ], [ -77.081754992499299, -12.072486634000013, 0.0 ], [ -77.081755039473038, -12.072486638190849, 0.0 ], [ -77.081755086044907, -12.072486645539302, 0.0 ], [ -77.081755131996658, -12.07248665600823, 0.0 ], [ -77.081755177112498, -12.072486669547526, 0.0 ], [ -77.081755221180941, -12.072486686094134, 0.0 ], [ -77.081755263995348, -12.072486705572022, 0.0 ], [ -77.081755305354889, -12.072486727887885, 0.0 ], [ -77.081755345065432, -12.072486752935436, 0.0 ], [ -77.081755382940926, -12.072486780599704, 0.0 ], [ -77.081755418803596, -12.072486810752737, 0.0 ], [ -77.081755452485353, -12.072486843249262, 0.0 ], [ -77.081755483828104, -12.072486877935326, 0.0 ], [ -77.081755512684893, -12.072486914656874, 0.0 ], [ -77.081755538920362, -12.072486953233915, 0.0 ], [ -77.081755562411459, -12.072486993486375, 0.0 ], [ -77.081755583048007, -12.072487035229763, 0.0 ], [ -77.081755600733331, -12.072487078262251, 0.0 ], [ -77.081755615384196, -12.072487122386217, 0.0 ], [ -77.081755626932249, -12.072487167395321, 0.0 ], [ -77.081755635323162, -12.072487213076624, 0.0 ], [ -77.081755640517486, -12.072487259217125, 0.0 ], [ -77.081755642490876, -12.07248730559588, 0.0 ], [ -77.081755641288424, -12.072487351117587, 0.0 ], [ -77.081755636983502, -12.072487396450011, 0.0 ], [ -77.08175562959525, -12.072487441400424, 0.0 ], [ -77.081755619157349, -12.07248748575952, 0.0 ], [ -77.081755605716751, -12.072487529330878, 0.0 ], [ -77.081755589334293, -12.072487571915811, 0.0 ], [ -77.081755570083615, -12.072487613319826, 0.0 ], [ -77.081755548051859, -12.072487653361273, 0.0 ], [ -77.081755523338117, -12.0724876918541, 0.0 ], [ -77.081755496054285, -12.072487728629392, 0.0 ], [ -77.081755466323315, -12.07248776351816, 0.0 ], [ -77.081755434279458, -12.072487796364248, 0.0 ], [ -77.081755400067124, -12.072487827015745, 0.0 ], [ -77.081755363841012, -12.072487855337897, 0.0 ], [ -77.081755325764348, -12.0724878812045, 0.0 ], [ -77.081755286009042, -12.07248790449791, 0.0 ], [ -77.08175524475449, -12.07248792510905, 0.0 ], [ -77.081755202187054, -12.072487942950328, 0.0 ], [ -77.081755158498453, -12.072487957934122, 0.0 ], [ -77.081755113886274, -12.072487970002927, 0.0 ], [ -77.081755068551672, -12.072487979092731, 0.0 ], [ -77.081755022699127, -12.072487985169714, 0.0 ], [ -77.081754976535578, -12.072487988199107, 0.0 ], [ -77.081752060470322, -12.072490949506678, 0.0 ], [ -77.081753094981494, -12.07249066216713, 0.0 ], [ -77.08175500410934, -12.072488723419459, 0.0 ], [ -77.081821531982357, -12.072470208279659, 0.0 ], [ -77.081883571936018, -12.072452665545612, 0.0 ], [ -77.081896772919919, -12.072449174367762, 0.0 ], [ -77.08189329126462, -12.072436993664585, 0.0 ] ] ] ] } },
{ "type": "Feature", "properties": { "Nombre": null, "Perimetro": 224.495, "Área": 786.889, "Uso": "Áreas de uso administrativo", "Proy riego": "Por validar con unidad", "Riego act": "Sin riego tecnificado", "Referenc_1": null, "código": "G 18", "ID": null }, "geometry": { "type": "MultiPolygon", "coordinates": [ [ [ [ -77.081363797023712, -12.072225438773563, 0.0 ], [ -77.08136915664177, -12.072243104777737, 0.0 ], [ -77.08136238145407, -12.072245095781016, 0.0 ], [ -77.081372890510949, -12.072279735004576, 0.0 ], [ -77.081369132842596, -12.07228083925888, 0.0 ], [ -77.08136209368476, -12.072282907834111, 0.0 ], [ -77.081369091302022, -12.072305931990636, 0.0 ], [ -77.081398808656232, -12.07229785379479, 0.0 ], [ -77.081428521191356, -12.072289671046233, 0.0 ], [ -77.081427276699358, -12.072285321398812, 0.0 ], [ -77.081440541400326, -12.072281668336407, 0.0 ], [ -77.081445519369282, -12.072299066925574, 0.0 ], [ -77.081432254667618, -12.072302719988341, 0.0 ], [ -77.081447213467143, -12.072355002748568, 0.0 ], [ -77.081417588556022, -12.072363161367138, 0.0 ], [ -77.081404059026241, -12.072316112092533, 0.0 ], [ -77.081385079568832, -12.072321271360508, 0.0 ], [ -77.081405022007175, -12.072390465860632, 0.0 ], [ -77.08147508678087, -12.072370930337366, 0.0 ], [ -77.081505818478092, -12.072474754203103, 0.0 ], [ -77.081520192703394, -12.072470795577347, 0.0 ], [ -77.081503312059539, -12.072411578165363, 0.0 ], [ -77.081476644116975, -12.072318827681517, 0.0 ], [ -77.08156358150508, -12.072294587691136, 0.0 ], [ -77.081558580821365, -12.072277195438284, 0.0 ], [ -77.081571833469539, -12.072273500315983, 0.0 ], [ -77.08157683415395, -12.072290892568486, 0.0 ], [ -77.081583195425253, -12.072289118909417, 0.0 ], [ -77.081533077953125, -12.07211481149805, 0.0 ], [ -77.081520291127973, -12.072118425415194, 0.0 ], [ -77.081506280431711, -12.072122283862695, 0.0 ], [ -77.081504622891401, -12.07212262863561, 0.0 ], [ -77.081502944846761, -12.072122858028372, 0.0 ], [ -77.081501254579081, -12.072122970903767, 0.0 ], [ -77.081499560430089, -12.072122966714563, 0.0 ], [ -77.081497870760387, -12.072122845473627, 0.0 ], [ -77.081496193908876, -12.072122607777942, 0.0 ], [ -77.081494538150949, -12.072122254806759, 0.0 ], [ -77.081492911657961, -12.072121788300354, 0.0 ], [ -77.081491322456628, -12.072121210556025, 0.0 ], [ -77.081489778390022, -12.072120524428378, 0.0 ], [ -77.081488287078173, -12.072119733308075, 0.0 ], [ -77.081486855880911, -12.072118841091944, 0.0 ], [ -77.081485491861287, -12.072117852187578, 0.0 ], [ -77.081484201750953, -12.072116771474777, 0.0 ], [ -77.081482991916616, -12.072115604284278, 0.0 ], [ -77.081481868329092, -12.072114356380743, 0.0 ], [ -77.081480836533245, -12.072113033915556, 0.0 ], [ -77.08147990162108, -12.072111643422753, 0.0 ], [ -77.081479068206704, -12.072110191763151, 0.0 ], [ -77.08147834040291, -12.072108686098693, 0.0 ], [ -77.081477721801392, -12.072107133860236, 0.0 ], [ -77.081477215455322, -12.072105542706788, 0.0 ], [ -77.081476823863355, -12.072103920496085, 0.0 ], [ -77.081475290554522, -12.072103898545365, 0.0 ], [ -77.081473762292859, -12.072103774254408, 0.0 ], [ -77.081472246122871, -12.072103548183973, 0.0 ], [ -77.081470749033414, -12.072103221382877, 0.0 ], [ -77.081469277925294, -12.072102795361717, 0.0 ], [ -77.081467839579645, -12.07210227207803, 0.0 ], [ -77.081466440626286, -12.072101653947305, 0.0 ], [ -77.08146508751399, -12.072100943817341, 0.0 ], [ -77.081463786479773, -12.07210014495986, 0.0 ], [ -77.081462543520914, -12.072099261062098, 0.0 ], [ -77.081461364366746, -12.072098296192543, 0.0 ], [ -77.081460254452395, -12.072097254801122, 0.0 ], [ -77.081459218894366, -12.072096141689229, 0.0 ], [ -77.081458262465802, -12.072094961984041, 0.0 ], [ -77.081457389575505, -12.072093721130059, 0.0 ], [ -77.081456604247023, -12.072092424841863, 0.0 ], [ -77.081455910100317, -12.072091079095632, 0.0 ], [ -77.081455310335102, -12.072089690094778, 0.0 ], [ -77.081454807715971, -12.072088264244218, 0.0 ], [ -77.081454404559693, -12.072086808111669, 0.0 ], [ -77.08145410272472, -12.072085328414802, 0.0 ], [ -77.081453903602352, -12.072083831969595, 0.0 ], [ -77.081453808110297, -12.072082325677451, 0.0 ], [ -77.081453816689006, -12.072080816477817, 0.0 ], [ -77.081453929298604, -12.072079311326672, 0.0 ], [ -77.081454145420196, -12.072077817170641, 0.0 ], [ -77.081454464057472, -12.072076340886651, 0.0 ], [ -77.081454883741827, -12.072074889286224, 0.0 ], [ -77.081455402538708, -12.072073469059383, 0.0 ], [ -77.081456018056485, -12.072072086748728, 0.0 ], [ -77.081456727458232, -12.072070748732129, 0.0 ], [ -77.081457527473603, -12.072069461170894, 0.0 ], [ -77.08145841441528, -12.072068230005371, 0.0 ], [ -77.081459384194773, -12.072067060907386, 0.0 ], [ -77.081460432341828, -12.072065959271509, 0.0 ], [ -77.081461554024926, -12.072064930167482, 0.0 ], [ -77.081462744073804, -12.072063978342205, 0.0 ], [ -77.081463997002942, -12.072063108182936, 0.0 ], [ -77.081465307036979, -12.07206232370384, 0.0 ], [ -77.081445154339534, -12.071992232911391, 0.0 ], [ -77.08143897843992, -12.071989194246118, 0.0 ], [ -77.081434840117112, -12.071997262146722, 0.0 ], [ -77.081413566752445, -12.071986795227158, 0.0 ], [ -77.081417705075836, -12.071978727326789, 0.0 ], [ -77.08140489177616, -12.071972422926597, 0.0 ], [ -77.081400753452414, -12.071980490826828, 0.0 ], [ -77.081379562226616, -12.071970064317043, 0.0 ], [ -77.081383700550944, -12.071961996417047, 0.0 ], [ -77.081377197429063, -12.071958796749614, 0.0 ], [ -77.081160621407832, -12.072021064725906, 0.0 ], [ -77.081162473551856, -12.072027424367914, 0.0 ], [ -77.081193850282943, -12.072017795721845, 0.0 ], [ -77.081193750487898, -12.072017466783111, 0.0 ], [ -77.081274104618586, -12.071992976875171, 0.0 ], [ -77.08129164918617, -12.07198762973092, 0.0 ], [ -77.081347718174797, -12.072172440759589, 0.0 ], [ -77.081363797023712, -12.072225438773563, 0.0 ] ] ] ] } },
{ "type": "Feature", "properties": { "Nombre": null, "Perimetro": 142.405, "Área": 710.012, "Uso": "Áreas de uso administrativo", "Proy riego": "Por validar con unidad", "Riego act": "Sin riego tecnificado", "Referenc_1": null, "código": "G 20", "ID": null }, "geometry": { "type": "MultiPolygon", "coordinates": [ [ [ [ -77.080876882046951, -12.07215742321214, 0.0 ], [ -77.080754783213123, -12.072496695997572, 0.0 ], [ -77.080677148425053, -12.072548280238356, 0.0 ], [ -77.080685109917269, -12.072555231300797, 0.0 ], [ -77.080700800572643, -12.072569437941159, 0.0 ], [ -77.080717953024887, -12.072585242813114, 0.0 ], [ -77.080718907667034, -12.072585982999518, 0.0 ], [ -77.080719913864044, -12.072586653797334, 0.0 ], [ -77.080720966417815, -12.0725872517267, 0.0 ], [ -77.080722059891087, -12.072587773705989, 0.0 ], [ -77.080723188634977, -12.072588217034387, 0.0 ], [ -77.08072434681867, -12.072588579428324, 0.0 ], [ -77.080725528458927, -12.07258885901047, 0.0 ], [ -77.080726727451548, -12.072589054339673, 0.0 ], [ -77.080727937602703, -12.072589164402089, 0.0 ], [ -77.080729152660766, -12.072589188636822, 0.0 ], [ -77.080730366349073, -12.07258912691197, 0.0 ], [ -77.080731572397525, -12.072588979548073, 0.0 ], [ -77.08073276457597, -12.072588747308371, 0.0 ], [ -77.080803698049735, -12.072569514171228, 0.0 ], [ -77.08078773306822, -12.072514589871558, 0.0 ], [ -77.080809840278548, -12.072508469809167, 0.0 ], [ -77.081009885353623, -12.07245309012621, 0.0 ], [ -77.080921784483195, -12.072148700070564, 0.0 ], [ -77.08091268926745, -12.072117275886738, 0.0 ], [ -77.080888408741131, -12.072125394257638, 0.0 ], [ -77.080879976660583, -12.072148824282536, 0.0 ], [ -77.080876882046951, -12.07215742321214, 0.0 ] ] ] ] } },
{ "type": "Feature", "properties": { "Nombre": null, "Perimetro": 135.275, "Área": 554.191, "Uso": "Áreas de uso administrativo", "Proy riego": "Por validar con unidad", "Riego act": "Sin riego tecnificado", "Referenc_1": null, "código": "G 19", "ID": null }, "geometry": { "type": "MultiPolygon", "coordinates": [ [ [ [ -77.080662857992621, -12.072200083244843, 0.0 ], [ -77.08070804074481, -12.072406254314634, 0.0 ], [ -77.080528008104025, -12.072444572656954, 0.0 ], [ -77.080532914070034, -12.072468160169072, 0.0 ], [ -77.080539935778617, -12.072470209606115, 0.0 ], [ -77.080546934905072, -12.072472332547349, 0.0 ], [ -77.080553910655141, -12.072474528753832, 0.0 ], [ -77.080560862237149, -12.072476797970747, 0.0 ], [ -77.080567788861899, -12.072479139945425, 0.0 ], [ -77.080574689743571, -12.072481554410082, 0.0 ], [ -77.080581564098836, -12.07248404109194, 0.0 ], [ -77.080587449614441, -12.072486820938417, 0.0 ], [ -77.080593258867452, -12.072489752049945, 0.0 ], [ -77.080598987844766, -12.072492832403695, 0.0 ], [ -77.080604632589328, -12.072496059876585, 0.0 ], [ -77.080610189201664, -12.072499432239555, 0.0 ], [ -77.080615653843253, -12.072502947157549, 0.0 ], [ -77.080621022738939, -12.072506602197967, 0.0 ], [ -77.080626455426867, -12.07251034748673, 0.0 ], [ -77.080631859394629, -12.072514132806397, 0.0 ], [ -77.080637234338056, -12.07251795794382, 0.0 ], [ -77.080642579954144, -12.072521822683591, 0.0 ], [ -77.080647895941851, -12.072525726812485, 0.0 ], [ -77.080653182001143, -12.072529670106533, 0.0 ], [ -77.080658437834487, -12.072533652339208, 0.0 ], [ -77.080659319540814, -12.072532647432435, 0.0 ], [ -77.080735515884669, -12.072482018967831, 0.0 ], [ -77.080860501326327, -12.07213472530208, 0.0 ], [ -77.080780296065072, -12.072161542488599, 0.0 ], [ -77.080662857992621, -12.072200083244843, 0.0 ] ] ] ] } },
{ "type": "Feature", "properties": { "Nombre": null, "Perimetro": 8.469, "Área": 4.445, "Uso": "Áreas de uso administrativo", "Proy riego": "Por validar con unidad", "Riego act": "Sin riego tecnificado", "Referenc_1": null, "código": null, "ID": null }, "geometry": { "type": "MultiPolygon", "coordinates": [ [ [ [ -77.079202843369217, -12.071438964225832, 0.0 ], [ -77.079207306942237, -12.071457430541798, 0.0 ], [ -77.07922645611383, -12.071453280122004, 0.0 ], [ -77.079222279483687, -12.071436000926839, 0.0 ], [ -77.079219812962933, -12.07143653552424, 0.0 ], [ -77.079219526018917, -12.071435348403954, 0.0 ], [ -77.079202843369217, -12.071438964225832, 0.0 ] ] ] ] } },
{ "type": "Feature", "properties": { "Nombre": null, "Perimetro": 192.983, "Área": 291.288, "Uso": "Áreas de manejo sostenible y reducción de consumo de agua", "Proy riego": "Goteo", "Riego act": "Sin riego tecnificado", "Referenc_1": null, "código": null, "ID": null }, "geometry": { "type": "MultiPolygon", "coordinates": [ [ [ [ -77.078905974797848, -12.072099577264964, 0.0 ], [ -77.078907054169576, -12.072099860464869, 0.0 ], [ -77.078908150627171, -12.07210007069329, 0.0 ], [ -77.078909259082607, -12.072100206961323, 0.0 ], [ -77.078910374392805, -12.072100268650185, 0.0 ], [ -77.078911491382456, -12.072100255464548, 0.0 ], [ -77.078912604868464, -12.072100167469001, 0.0 ], [ -77.078913709684045, -12.072100005068458, 0.0 ], [ -77.078914800702933, -12.072099769020927, 0.0 ], [ -77.078915872862581, -12.072099460420088, 0.0 ], [ -77.078916921187954, -12.07209908069942, 0.0 ], [ -77.078917940814577, -12.072098631619109, 0.0 ], [ -77.078918927011458, -12.072098115261563, 0.0 ], [ -77.078919875202317, -12.072097534022623, 0.0 ], [ -77.078920780987573, -12.072096890607119, 0.0 ], [ -77.078921640164054, -12.072096187989912, 0.0 ], [ -77.078922448745104, -12.072095429432977, 0.0 ], [ -77.078923202978999, -12.072094618463746, 0.0 ], [ -77.078923899365904, -12.072093758840467, 0.0 ], [ -77.078924534674229, -12.072092854547806, 0.0 ], [ -77.078925105956301, -12.072091909788103, 0.0 ], [ -77.078925610561328, -12.072090928946773, 0.0 ], [ -77.0789260461477, -12.072089916566384, 0.0 ], [ -77.078926410694379, -12.072088877350881, 0.0 ], [ -77.078926702509733, -12.072087816122401, 0.0 ], [ -77.078926920239653, -12.072086737799703, 0.0 ], [ -77.078927062874044, -12.072085647393758, 0.0 ], [ -77.078927129750753, -12.072084549960366, 0.0 ], [ -77.078927120559726, -12.072083450591469, 0.0 ], [ -77.078927035343597, -12.07208235439146, 0.0 ], [ -77.078926874497597, -12.072081266436243, 0.0 ], [ -77.078926638768309, -12.072080191791944, 0.0 ], [ -77.07880900081777, -12.071552350883588, 0.0 ], [ -77.078808765457026, -12.071551446902257, 0.0 ], [ -77.078808512836204, -12.071550547440259, 0.0 ], [ -77.078808243045188, -12.071549652821254, 0.0 ], [ -77.07880795617973, -12.071548763361248, 0.0 ], [ -77.078807652341666, -12.071547879382701, 0.0 ], [ -77.078807331638728, -12.071547001192972, 0.0 ], [ -77.078806994184646, -12.07154612910082, 0.0 ], [ -77.078805492468362, -12.071542171032247, 0.0 ], [ -77.078803739251029, -12.07153831443237, 0.0 ], [ -77.078801741561207, -12.071534574763891, 0.0 ], [ -77.078799507407851, -12.071530967013919, 0.0 ], [ -77.07879704574755, -12.071527505649632, 0.0 ], [ -77.078794366449529, -12.071524204551757, 0.0 ], [ -77.078791480255006, -12.071521076950221, 0.0 ], [ -77.078788398734972, -12.071518135379213, 0.0 ], [ -77.07878513424339, -12.071515391639766, 0.0 ], [ -77.078784741012356, -12.071515075059008, 0.0 ], [ -77.07878434387527, -12.071514763242535, 0.0 ], [ -77.078783942891306, -12.07151445622552, 0.0 ], [ -77.078783538120845, -12.071514154061383, 0.0 ], [ -77.078783129624171, -12.071513856797077, 0.0 ], [ -77.078782717462474, -12.071513564473092, 0.0 ], [ -77.078782301697643, -12.071513277133796, 0.0 ], [ -77.07877675057162, -12.071509156577822, 0.0 ], [ -77.078770955271878, -12.071505375659481, 0.0 ], [ -77.078764937220939, -12.071501948348137, 0.0 ], [ -77.078758718665, -12.071498887309396, 0.0 ], [ -77.078752322591384, -12.071496203869508, 0.0 ], [ -77.078745772643472, -12.071493907934116, 0.0 ], [ -77.07873909303369, -12.071492008005755, 0.0 ], [ -77.078732367532623, -12.071491250463261, 0.0 ], [ -77.078725618420577, -12.071490735011329, 0.0 ], [ -77.078718854689981, -12.071490462324439, 0.0 ], [ -77.078712085353672, -12.071490432772679, 0.0 ], [ -77.078705319431478, -12.071490646396414, 0.0 ], [ -77.078698565938652, -12.071491102906345, 0.0 ], [ -77.078691833874203, -12.071491801699276, 0.0 ], [ -77.078678842964493, -12.071494795351885, 0.0 ], [ -77.078684264520305, -12.071517689852259, 0.0 ], [ -77.078644826987656, -12.071526735921381, 0.0 ], [ -77.078639391045471, -12.071503886731245, 0.0 ], [ -77.078589782593085, -12.071515318594043, 0.0 ], [ -77.078595225626174, -12.071538197606756, 0.0 ], [ -77.07856515567191, -12.071545126978055, 0.0 ], [ -77.078570020099576, -12.071563160888539, 0.0 ], [ -77.078696416970374, -12.0715315870155, 0.0 ], [ -77.078715127618466, -12.071527036592325, 0.0 ], [ -77.078731656399086, -12.071526946204624, 0.0 ], [ -77.078733033785227, -12.071526947960708, 0.0 ], [ -77.078734677324064, -12.071536298576243, 0.0 ], [ -77.07873679044566, -12.071548320796181, 0.0 ], [ -77.078740312315617, -12.071568357829275, 0.0 ], [ -77.078740547106975, -12.071569693631472, 0.0 ], [ -77.078749802212243, -12.071567604988214, 0.0 ], [ -77.078775252090665, -12.071561600328788, 0.0 ], [ -77.07878194942684, -12.071560020154891, 0.0 ], [ -77.078782597107363, -12.071561628292301, 0.0 ], [ -77.078784135870563, -12.071565402729146, 0.0 ], [ -77.078784506162449, -12.071567093375782, 0.0 ], [ -77.078785096383115, -12.071569741701312, 0.0 ], [ -77.078787457265946, -12.071580335003357, 0.0 ], [ -77.078901385467319, -12.072092911226498, 0.0 ], [ -77.078901965482615, -12.072095561735091, 0.0 ], [ -77.078902273147662, -12.072096883006759, 0.0 ], [ -77.078903279211318, -12.07209780894269, 0.0 ], [ -77.078905291338643, -12.072099660814562, 0.0 ], [ -77.078905974797848, -12.072099577264964, 0.0 ] ] ] ] } },
{ "type": "Feature", "properties": { "Nombre": null, "Perimetro": 209.649, "Área": 663.335, "Uso": "Áreas de manejo sostenible y reducción de consumo de agua", "Proy riego": "Goteo", "Riego act": "Sin riego tecnificado", "Referenc_1": null, "código": null, "ID": null }, "geometry": { "type": "MultiPolygon", "coordinates": [ [ [ [ -77.078540743940238, -12.072400190771672, 0.0 ], [ -77.078614623247333, -12.072456373726634, 0.0 ], [ -77.078624499852367, -12.072625904111256, 0.0 ], [ -77.078605133421263, -12.072658520919436, 0.0 ], [ -77.078755942906042, -12.072625916189079, 0.0 ], [ -77.078744754739802, -12.072575756628041, 0.0 ], [ -77.078694261003307, -12.072586680907394, 0.0 ], [ -77.078603371321719, -12.072179196678071, 0.0 ], [ -77.078533787497278, -12.071868332418475, 0.0 ], [ -77.078528583396647, -12.071844093824184, 0.0 ], [ -77.078522947403997, -12.071844730164944, 0.0 ], [ -77.078523040650055, -12.071845313784715, 0.0 ], [ -77.078501967717017, -12.071847817389116, 0.0 ], [ -77.0785078594228, -12.071884806996026, 0.0 ], [ -77.078509778637681, -12.071897399511744, 0.0 ], [ -77.07851200290321, -12.071913373094816, 0.0 ], [ -77.078516188467944, -12.071947873831942, 0.0 ], [ -77.078518143595318, -12.07196434912866, 0.0 ], [ -77.078519585649687, -12.071979100975989, 0.0 ], [ -77.078523137160659, -12.072016593647955, 0.0 ], [ -77.078525639998816, -12.072047113358144, 0.0 ], [ -77.078528117380969, -12.072082176143464, 0.0 ], [ -77.078530296176268, -12.072117416782996, 0.0 ], [ -77.078532093943963, -12.072151195060094, 0.0 ], [ -77.078533744878015, -12.072189090064866, 0.0 ], [ -77.078535077767228, -12.072214856770973, 0.0 ], [ -77.078536505060001, -12.072257437443145, 0.0 ], [ -77.078538581439219, -12.072331623080448, 0.0 ], [ -77.078539603265824, -12.072367018938827, 0.0 ], [ -77.078540743940238, -12.072400190771672, 0.0 ] ] ] ] } },
{ "type": "Feature", "properties": { "Nombre": null, "Perimetro": 91.256, "Área": 149.753, "Uso": "Áreas de uso administrativo", "Proy riego": "Por validar con unidad", "Riego act": "Sin riego tecnificado", "Referenc_1": null, "código": null, "ID": null }, "geometry": { "type": "MultiPolygon", "coordinates": [ [ [ [ -77.078746352558269, -12.073058646130846, 0.0 ], [ -77.078747219199144, -12.073062622682066, 0.0 ], [ -77.078744170318743, -12.073063284801053, 0.0 ], [ -77.078743303677896, -12.073059308249816, 0.0 ], [ -77.078717746885786, -12.073064858363393, 0.0 ], [ -77.078715140451919, -12.073069589154683, 0.0 ], [ -77.078700654001537, -12.073072735144713, 0.0 ], [ -77.078707286411174, -12.073101302806542, 0.0 ], [ -77.079055866128343, -12.073029731674527, 0.0 ], [ -77.079049204350866, -12.072997041023219, 0.0 ], [ -77.079044476559616, -12.072998067753177, 0.0 ], [ -77.07903976236156, -12.07299492677299, 0.0 ], [ -77.079014205586077, -12.073000476911858, 0.0 ], [ -77.079015072230433, -12.073004453461639, 0.0 ], [ -77.079012023351822, -12.07300511558333, 0.0 ], [ -77.079011156707509, -12.073001139033535, 0.0 ], [ -77.078969279461489, -12.073010233466462, 0.0 ], [ -77.078970146105263, -12.073014210016485, 0.0 ], [ -77.078967186899263, -12.073014852663565, 0.0 ], [ -77.078966320255532, -12.073010876113527, 0.0 ], [ -77.078924712024147, -12.073019912117767, 0.0 ], [ -77.078925578667352, -12.073023888668033, 0.0 ], [ -77.078922619461054, -12.07302453131469, 0.0 ], [ -77.078921752817891, -12.073020554764412, 0.0 ], [ -77.078880144582442, -12.073029590762452, 0.0 ], [ -77.078881011225079, -12.073033567312953, 0.0 ], [ -77.078877962345558, -12.073034229433299, 0.0 ], [ -77.078877095702978, -12.073030252882781, 0.0 ], [ -77.078835487463465, -12.073039288874638, 0.0 ], [ -77.078836354105491, -12.073043265425381, 0.0 ], [ -77.078833305225686, -12.073043927545251, 0.0 ], [ -77.078832438583689, -12.073039950994497, 0.0 ], [ -77.078790830340097, -12.073048986980158, 0.0 ], [ -77.078791696981554, -12.073052963531136, 0.0 ], [ -77.078788648101437, -12.073053625650557, 0.0 ], [ -77.078787781460022, -12.073049649099557, 0.0 ], [ -77.078746352558269, -12.073058646130846, 0.0 ] ] ] ] } },
{ "type": "Feature", "properties": { "Nombre": null, "Perimetro": 41.869, "Área": 88.267, "Uso": "Áreas de uso administrativo", "Proy riego": "Por validar con unidad", "Riego act": "Sin riego tecnificado", "Referenc_1": null, "código": null, "ID": null }, "geometry": { "type": "MultiPolygon", "coordinates": [ [ [ [ -77.079067051925634, -12.073027963948874, 0.0 ], [ -77.079126185183483, -12.073015826234355, 0.0 ], [ -77.079126926947623, -12.073015606939093, 0.0 ], [ -77.079127651841546, -12.073015338509581, 0.0 ], [ -77.079128356508519, -12.073015022179266, 0.0 ], [ -77.079129037685831, -12.073014659418408, 0.0 ], [ -77.079129692219368, -12.073014251907606, 0.0 ], [ -77.079130317078381, -12.073013801526955, 0.0 ], [ -77.079130909369724, -12.073013310370984, 0.0 ], [ -77.079131466350802, -12.073012780705485, 0.0 ], [ -77.079131985442586, -12.073012214988967, 0.0 ], [ -77.079132464241681, -12.073011615838068, 0.0 ], [ -77.079132900530823, -12.073010986027505, 0.0 ], [ -77.079133292290052, -12.073010328472726, 0.0 ], [ -77.079133637705269, -12.073009646221239, 0.0 ], [ -77.079133935177211, -12.073008942426695, 0.0 ], [ -77.079134183328435, -12.073008220353122, 0.0 ], [ -77.079134381009879, -12.073007483344741, 0.0 ], [ -77.079134527306365, -12.073006734808649, 0.0 ], [ -77.079134621540348, -12.07300597821483, 0.0 ], [ -77.079134663275525, -12.07300521706593, 0.0 ], [ -77.079134652318629, -12.073004454884334, 0.0 ], [ -77.079134588720422, -12.07300369520137, 0.0 ], [ -77.079134472775436, -12.07300294153362, 0.0 ], [ -77.079134305020546, -12.073002197372219, 0.0 ], [ -77.079112172101958, -12.072903265645097, 0.0 ], [ -77.079070349517025, -12.072911660205522, 0.0 ], [ -77.079077801087948, -12.072945851308059, 0.0 ], [ -77.079050450860777, -12.072951790933068, 0.0 ], [ -77.079059810624287, -12.07299473766856, 0.0 ], [ -77.079051177485724, -12.072996612519402, 0.0 ], [ -77.079057947190321, -12.073029832789068, 0.0 ], [ -77.079067051925634, -12.073027963948874, 0.0 ] ] ] ] } },
{ "type": "Feature", "properties": { "Nombre": null, "Perimetro": 147.366, "Área": 654.68, "Uso": "Áreas de uso recreativo/descanso", "Proy riego": "Falta aspersión", "Riego act": "Sin riego tecnificado", "Referenc_1": null, "código": "H 5", "ID": null }, "geometry": { "type": "MultiPolygon", "coordinates": [ [ [ [ -77.079372522650729, -12.07199670345593, 0.0 ], [ -77.079358857775347, -12.071999503354256, 0.0 ], [ -77.079372820693195, -12.072065511177103, 0.0 ], [ -77.079404143866796, -12.072058836137385, 0.0 ], [ -77.079409122435294, -12.072082371629071, 0.0 ], [ -77.079773958571067, -12.072006591782518, 0.0 ], [ -77.079745094780648, -12.071874590992067, 0.0 ], [ -77.079654886398117, -12.07189332814804, 0.0 ], [ -77.079652787282001, -12.071883462220024, 0.0 ], [ -77.079649866240388, -12.071884064289005, 0.0 ], [ -77.079649056954977, -12.071880260615407, 0.0 ], [ -77.079607056869136, -12.071888917437716, 0.0 ], [ -77.079607866170363, -12.071892721188361, 0.0 ], [ -77.079611988349768, -12.071912093209884, 0.0 ], [ -77.079582507805057, -12.071918169571004, 0.0 ], [ -77.079577576815197, -12.071894993697224, 0.0 ], [ -77.079562027883583, -12.071898198552441, 0.0 ], [ -77.079562846578185, -12.071902046455252, 0.0 ], [ -77.079559700840477, -12.071902694836274, 0.0 ], [ -77.079565845755852, -12.071931576221587, 0.0 ], [ -77.079548858770224, -12.07193507747925, 0.0 ], [ -77.079546788508111, -12.071925347150168, 0.0 ], [ -77.079542384474834, -12.071926254883422, 0.0 ], [ -77.079492645859517, -12.071936506707074, 0.0 ], [ -77.079489822777518, -12.071923238075478, 0.0 ], [ -77.079539561390661, -12.071912986252709, 0.0 ], [ -77.079537491129187, -12.071903255923463, 0.0 ], [ -77.079516935979001, -12.071907492627986, 0.0 ], [ -77.079517745262748, -12.071911296302241, 0.0 ], [ -77.07951468940297, -12.071911926157652, 0.0 ], [ -77.079513880119251, -12.071908122483368, 0.0 ], [ -77.079472086741333, -12.071916736678828, 0.0 ], [ -77.079472896024527, -12.071920540353327, 0.0 ], [ -77.079469750286222, -12.0719211887334, 0.0 ], [ -77.079468941003071, -12.071917385058885, 0.0 ], [ -77.079427174584652, -12.071925993690526, 0.0 ], [ -77.079427965046762, -12.071929708907691, 0.0 ], [ -77.079424819308159, -12.071930357287302, 0.0 ], [ -77.079424028846077, -12.071926642070112, 0.0 ], [ -77.079413950894633, -12.071928719273005, 0.0 ], [ -77.079417563150614, -12.071945795724679, 0.0 ], [ -77.079364085550111, -12.071956818179835, 0.0 ], [ -77.079372522650729, -12.07199670345593, 0.0 ] ] ] ] } },
{ "type": "Feature", "properties": { "Nombre": null, "Perimetro": 26.482, "Área": 25.21, "Uso": "Áreas de uso administrativo", "Proy riego": "Por validar con unidad", "Riego act": "Sin riego tecnificado", "Referenc_1": null, "código": null, "ID": null }, "geometry": { "type": "MultiPolygon", "coordinates": [ [ [ [ -77.079178175273981, -12.072166776934464, 0.0 ], [ -77.079269785795248, -12.072147813239196, 0.0 ], [ -77.079267354639668, -12.072136408093922, 0.0 ], [ -77.079252054563824, -12.072128926888102, 0.0 ], [ -77.079170238705558, -12.072145790199251, 0.0 ], [ -77.079175998437336, -12.072172861111211, 0.0 ], [ -77.07917932333288, -12.072172172846912, 0.0 ], [ -77.079178175273981, -12.072166776934464, 0.0 ] ] ] ] } },
{ "type": "Feature", "properties": { "Nombre": null, "Perimetro": 93.988, "Área": 306.195, "Uso": "Áreas de uso administrativo", "Proy riego": "Por validar con unidad", "Riego act": "Sin riego tecnificado", "Referenc_1": null, "código": null, "ID": null }, "geometry": { "type": "MultiPolygon", "coordinates": [ [ [ [ -77.07873533638373, -12.072776385575755, 0.0 ], [ -77.078772927789217, -12.072948604397977, 0.0 ], [ -77.078814341322413, -12.072939531006305, 0.0 ], [ -77.078809249406191, -12.072916203266548, 0.0 ], [ -77.078828969498943, -12.072911882741483, 0.0 ], [ -77.07882871399984, -12.072910330917928, 0.0 ], [ -77.078828567413879, -12.072908765491148, 0.0 ], [ -77.078828530433441, -12.072907193849783, 0.0 ], [ -77.078828603233205, -12.072905623420114, 0.0 ], [ -77.078828785469369, -12.072904061623673, 0.0 ], [ -77.078829076280854, -12.072902515831988, 0.0 ], [ -77.07882947429411, -12.072900993355773, 0.0 ], [ -77.078829977628587, -12.072899501384558, 0.0 ], [ -77.078830583906694, -12.072898046960733, 0.0 ], [ -77.078831290264233, -12.072896636962277, 0.0 ], [ -77.078832093364326, -12.072895278050886, 0.0 ], [ -77.078832989413129, -12.07289397663742, 0.0 ], [ -77.078833974177584, -12.072892738877435, 0.0 ], [ -77.078835043005739, -12.072891570615024, 0.0 ], [ -77.078836190848136, -12.072890477369715, 0.0 ], [ -77.078837412282567, -12.072889464310444, 0.0 ], [ -77.078838701538558, -12.072888536212254, 0.0 ], [ -77.07884005252582, -12.072887697473348, 0.0 ], [ -77.078841458862001, -12.072886952041589, 0.0 ], [ -77.078842913903728, -12.072886303453082, 0.0 ], [ -77.078844410777037, -12.072885754758659, 0.0 ], [ -77.078845942410851, -12.072885308558128, 0.0 ], [ -77.078847501569399, -12.072884966961231, 0.0 ], [ -77.078849080887125, -12.07288473157446, 0.0 ], [ -77.078850672903286, -12.07288460351371, 0.0 ], [ -77.078852270097073, -12.072884583382507, 0.0 ], [ -77.078853864923374, -12.072884671276013, 0.0 ], [ -77.078855449847808, -12.07288486678077, 0.0 ], [ -77.078857017383356, -12.072885168974455, 0.0 ], [ -77.078858560124758, -12.072885576425586, 0.0 ], [ -77.078860070783932, -12.07288608721483, 0.0 ], [ -77.078861542224544, -12.072886698921801, 0.0 ], [ -77.078862967495326, -12.072887408659293, 0.0 ], [ -77.078864339863301, -12.072888213077361, 0.0 ], [ -77.078865652845252, -12.072889108375968, 0.0 ], [ -77.078866900238481, -12.07289009032205, 0.0 ], [ -77.078868076150371, -12.072891154279406, 0.0 ], [ -77.078869175025588, -12.072892295217162, 0.0 ], [ -77.078870191673218, -12.07289350775264, 0.0 ], [ -77.078871121290462, -12.072894786155494, 0.0 ], [ -77.078871959485568, -12.072896124382003, 0.0 ], [ -77.078872702299179, -12.072897516118047, 0.0 ], [ -77.078873346221982, -12.072898954785387, 0.0 ], [ -77.078873888211945, -12.07290043357821, 0.0 ], [ -77.078874325709037, -12.072901945528965, 0.0 ], [ -77.078877551300423, -12.072901238825199, 0.0 ], [ -77.078876856947602, -12.072898057770056, 0.0 ], [ -77.078893350113489, -12.072894444236395, 0.0 ], [ -77.078899136389168, -12.072920953028557, 0.0 ], [ -77.078943865138811, -12.072911153276223, 0.0 ], [ -77.078909446607526, -12.072756942177667, 0.0 ], [ -77.078909362995631, -12.072756960496442, 0.0 ], [ -77.078905466906733, -12.072739111242733, 0.0 ], [ -77.078861544912712, -12.072748734235738, 0.0 ], [ -77.078866926141075, -12.072773387414303, 0.0 ], [ -77.078846916745832, -12.072776382500603, 0.0 ], [ -77.078847172198962, -12.072777934343152, 0.0 ], [ -77.078847318739861, -12.072779499791816, 0.0 ], [ -77.07884735567616, -12.072781071446435, 0.0 ], [ -77.07884728283355, -12.072782641889349, 0.0 ], [ -77.078847100555976, -12.072784203699022, 0.0 ], [ -77.07884680970453, -12.072785749495308, 0.0 ], [ -77.078846411653203, -12.07278727198042, 0.0 ], [ -77.078845908282304, -12.072788763956215, 0.0 ], [ -77.078845301969665, -12.07279021838028, 0.0 ], [ -77.078844595579568, -12.072791628383284, 0.0 ], [ -77.078843792448595, -12.072792987294889, 0.0 ], [ -77.078842896371071, -12.072794288708556, 0.0 ], [ -77.078841911579715, -12.072795526468719, 0.0 ], [ -77.078840842726436, -12.072796694726978, 0.0 ], [ -77.07883969486069, -12.07279778796811, 0.0 ], [ -77.07883847340463, -12.0727988010318, 0.0 ], [ -77.07883718412829, -12.07279972912146, 0.0 ], [ -77.078835833122142, -12.072800567864741, 0.0 ], [ -77.078834426767983, -12.07280131329223, 0.0 ], [ -77.078832971709588, -12.072801961885066, 0.0 ], [ -77.078831474820262, -12.072802510579477, 0.0 ], [ -77.078829943171115, -12.072802956779977, 0.0 ], [ -77.078828383997589, -12.072803298385434, 0.0 ], [ -77.078826804664828, -12.072803533772134, 0.0 ], [ -77.078825212633717, -12.0728036618414, 0.0 ], [ -77.078823615424554, -12.072803681976801, 0.0 ], [ -77.078822020582493, -12.072803594091781, 0.0 ], [ -77.078820435641333, -12.072803398591184, 0.0 ], [ -77.07881886808832, -12.072803096410272, 0.0 ], [ -77.07881732532806, -12.072802688967595, 0.0 ], [ -77.078815814648621, -12.07280217819542, 0.0 ], [ -77.078814343186195, -12.072801566496898, 0.0 ], [ -77.078812917891867, -12.072800856772162, 0.0 ], [ -77.078811545498326, -12.072800052366864, 0.0 ], [ -77.078810232488905, -12.072799157081029, 0.0 ], [ -77.078808985065905, -12.072798175147748, 0.0 ], [ -77.078807809122068, -12.072797111203199, 0.0 ], [ -77.078806710212262, -12.072795970269658, 0.0 ], [ -77.07880569352794, -12.072794757747042, 0.0 ], [ -77.078804763871489, -12.072793479352772, 0.0 ], [ -77.078803925634574, -12.072792141130568, 0.0 ], [ -77.078803182777122, -12.072790749403177, 0.0 ], [ -77.07880253880802, -12.072789310744529, 0.0 ], [ -77.078801996769428, -12.072787831943206, 0.0 ], [ -77.078801559221901, -12.072786319997387, 0.0 ], [ -77.078796468644342, -12.072762991964572, 0.0 ], [ -77.07873533638373, -12.072776385575755, 0.0 ] ] ] ] } },
{ "type": "Feature", "properties": { "Nombre": null, "Perimetro": 25.344, "Área": 24.099, "Uso": "Áreas de uso administrativo", "Proy riego": "Por validar con unidad", "Riego act": "Sin riego tecnificado", "Referenc_1": null, "código": null, "ID": null }, "geometry": { "type": "MultiPolygon", "coordinates": [ [ [ [ -77.0793100449972, -12.072042250779054, 0.0 ], [ -77.079307842978935, -12.072042704644028, 0.0 ], [ -77.079316491001734, -12.072083350894413, 0.0 ], [ -77.07931963674254, -12.072082702515711, 0.0 ], [ -77.079320389563009, -12.072086240818178, 0.0 ], [ -77.07933160329884, -12.072083943147303, 0.0 ], [ -77.079339065041125, -12.072082414249522, 0.0 ], [ -77.079320355086367, -12.071993965390073, 0.0 ], [ -77.079300586044411, -12.071998013567597, 0.0 ], [ -77.0792984289656, -12.071998458169897, 0.0 ], [ -77.079307278363842, -12.072040050917082, 0.0 ], [ -77.079309480382108, -12.072039597052118, 0.0 ], [ -77.0793100449972, -12.072042250779054, 0.0 ] ] ] ] } },
{ "type": "Feature", "properties": { "Nombre": null, "Perimetro": 109.989, "Área": 515.999, "Uso": "Áreas de manejo sostenible y reducción de consumo de agua", "Proy riego": "Goteo", "Riego act": "Sin riego tecnificado", "Referenc_1": null, "código": null, "ID": null }, "geometry": { "type": "MultiPolygon", "coordinates": [ [ [ [ -77.079771081796622, -12.071871951098922, 0.0 ], [ -77.079823481609026, -12.072107597320853, 0.0 ], [ -77.079833636706582, -12.072129993226454, 0.0 ], [ -77.079837479672079, -12.07213846844582, 0.0 ], [ -77.079903297566943, -12.072283622148888, 0.0 ], [ -77.079928016647301, -12.072231505948842, 0.0 ], [ -77.079928988023511, -12.072228502184196, 0.0 ], [ -77.079928068171782, -12.072228224808242, 0.0 ], [ -77.079987190731714, -12.072038310518135, 0.0 ], [ -77.079787819140293, -12.071849572188965, 0.0 ], [ -77.079771081796622, -12.071871951098922, 0.0 ] ] ] ] } },
{ "type": "Feature", "properties": { "Nombre": null, "Perimetro": 121.226, "Área": 584.874, "Uso": "Áreas de manejo sostenible y reducción de consumo de agua", "Proy riego": "Goteo", "Riego act": "Sin riego tecnificado", "Referenc_1": null, "código": null, "ID": null }, "geometry": { "type": "MultiPolygon", "coordinates": [ [ [ [ -77.079990397133272, -12.072033909419362, 0.0 ], [ -77.080001776962916, -12.071563842291361, 0.0 ], [ -77.080001378775862, -12.07156376696685, 0.0 ], [ -77.079804595017094, -12.07182714175361, 0.0 ], [ -77.079788533034645, -12.071848617665985, 0.0 ], [ -77.079990397133272, -12.072033909419362, 0.0 ] ] ] ] } },
{ "type": "Feature", "properties": { "Nombre": null, "Perimetro": 42.645, "Área": 62.489, "Uso": "Áreas de uso administrativo", "Proy riego": "Por validar con unidad", "Riego act": "Sin riego tecnificado", "Referenc_1": null, "código": "G 16", "ID": null }, "geometry": { "type": "MultiPolygon", "coordinates": [ [ [ [ -77.082285185584098, -12.072183755690135, 0.0 ], [ -77.082251415024103, -12.07206764031079, 0.0 ], [ -77.082224812280373, -12.072075024163061, 0.0 ], [ -77.082215621149771, -12.07204339521515, 0.0 ], [ -77.082203827411888, -12.072046668681539, 0.0 ], [ -77.082247234421715, -12.072194346580867, 0.0 ], [ -77.08227141349586, -12.072187635440981, 0.0 ], [ -77.082285185584098, -12.072183755690135, 0.0 ] ] ] ] } },
{ "type": "Feature", "properties": { "Nombre": null, "Perimetro": 3.912, "Área": 0.39, "Uso": "Áreas de uso administrativo", "Proy riego": "Por validar con unidad", "Riego act": "Sin riego tecnificado", "Referenc_1": null, "código": null, "ID": null }, "geometry": { "type": "MultiPolygon", "coordinates": [ [ [ [ -77.082430983774245, -12.072137617108272, 0.0 ], [ -77.08243529581344, -12.072152665165172, 0.0 ], [ -77.082437642017766, -12.072152013953108, 0.0 ], [ -77.08243262537674, -12.072137161464173, 0.0 ], [ -77.082430983774245, -12.072137617108272, 0.0 ] ] ] ] } },
{ "type": "Feature", "properties": { "Nombre": null, "Perimetro": 4.905, "Área": 1.501, "Uso": "Áreas de uso administrativo", "Proy riego": "Por validar con unidad", "Riego act": "Sin riego tecnificado", "Referenc_1": null, "código": null, "ID": null }, "geometry": { "type": "MultiPolygon", "coordinates": [ [ [ [ -77.081779438248986, -12.071844669242855, 0.0 ], [ -77.081782438523334, -12.071854850222325, 0.0 ], [ -77.081793720076718, -12.071851629919191, 0.0 ], [ -77.081790725340554, -12.071841441248957, 0.0 ], [ -77.081779438248986, -12.071844669242855, 0.0 ] ] ] ] } },
{ "type": "Feature", "properties": { "Nombre": null, "Perimetro": 4.915, "Área": 1.507, "Uso": "Áreas de uso administrativo", "Proy riego": "Por validar con unidad", "Riego act": "Sin riego tecnificado", "Referenc_1": null, "código": null, "ID": null }, "geometry": { "type": "MultiPolygon", "coordinates": [ [ [ [ -77.081867456399507, -12.071819496929374, 0.0 ], [ -77.081870469622615, -12.071829721837791, 0.0 ], [ -77.081881751173341, -12.071826501531431, 0.0 ], [ -77.081878743488403, -12.071816268932238, 0.0 ], [ -77.081867456399507, -12.071819496929374, 0.0 ] ] ] ] } },
{ "type": "Feature", "properties": { "Nombre": null, "Perimetro": 4.98, "Área": 1.549, "Uso": "Áreas de uso administrativo", "Proy riego": "Por validar con unidad", "Riego act": "Sin riego tecnificado", "Referenc_1": null, "código": null, "ID": null }, "geometry": { "type": "MultiPolygon", "coordinates": [ [ [ [ -77.081955426266859, -12.071794338393278, 0.0 ], [ -77.081958521464458, -12.07180484585302, 0.0 ], [ -77.081969803012527, -12.071801625543424, 0.0 ], [ -77.081966713353069, -12.071791110392914, 0.0 ], [ -77.081955426266859, -12.071794338393278, 0.0 ] ] ] ] } },
{ "type": "Feature", "properties": { "Nombre": null, "Perimetro": 5.014, "Área": 1.57, "Uso": "Áreas de uso administrativo", "Proy riego": "Por validar con unidad", "Riego act": "Sin riego tecnificado", "Referenc_1": null, "código": null, "ID": null }, "geometry": { "type": "MultiPolygon", "coordinates": [ [ [ [ -77.081991798407046, -12.071783936301866, 0.0 ], [ -77.081994936450968, -12.071794591132825, 0.0 ], [ -77.082006217997929, -12.071791370821892, 0.0 ], [ -77.082003085492175, -12.071780708300166, 0.0 ], [ -77.081991798407046, -12.071783936301866, 0.0 ] ] ] ] } },
{ "type": "Feature", "properties": { "Nombre": null, "Perimetro": 4.938, "Área": 1.522, "Uso": "Áreas de uso administrativo", "Proy riego": "Por validar con unidad", "Riego act": "Sin riego tecnificado", "Referenc_1": null, "código": null, "ID": null }, "geometry": { "type": "MultiPolygon", "coordinates": [ [ [ [ -77.081910466863647, -12.071807196354122, 0.0 ], [ -77.081913509099209, -12.071817521649098, 0.0 ], [ -77.081924790648628, -12.071814301341158, 0.0 ], [ -77.081921753951221, -12.071803968355409, 0.0 ], [ -77.081910466863647, -12.071807196354122, 0.0 ] ] ] ] } },
{ "type": "Feature", "properties": { "Nombre": null, "Perimetro": 4.909, "Área": 1.504, "Uso": "Áreas de uso administrativo", "Proy riego": "Por validar con unidad", "Riego act": "Sin riego tecnificado", "Referenc_1": null, "código": null, "ID": null }, "geometry": { "type": "MultiPolygon", "coordinates": [ [ [ [ -77.081822036942498, -12.071832486445125, 0.0 ], [ -77.081825043480819, -12.071842688675286, 0.0 ], [ -77.08183632503291, -12.071839468370591, 0.0 ], [ -77.081833324032772, -12.071829258449659, 0.0 ], [ -77.081822036942498, -12.071832486445125, 0.0 ] ] ] ] } },
{ "type": "Feature", "properties": { "Nombre": null, "Perimetro": 4.899, "Área": 1.497, "Uso": "Áreas de uso administrativo", "Proy riego": "Por validar con unidad", "Riego act": "Sin riego tecnificado", "Referenc_1": null, "código": null, "ID": null }, "geometry": { "type": "MultiPolygon", "coordinates": [ [ [ [ -77.081734615194009, -12.071857488177686, 0.0 ], [ -77.081737608865708, -12.071867646757509, 0.0 ], [ -77.081748890420442, -12.071864426456026, 0.0 ], [ -77.081745902286926, -12.071854260185427, 0.0 ], [ -77.081734615194009, -12.071857488177686, 0.0 ] ] ] ] } },
{ "type": "Feature", "properties": { "Nombre": null, "Perimetro": 70.024, "Área": 184.01, "Uso": "Áreas de manejo sostenible y reducción de consumo de agua", "Proy riego": "Goteo", "Riego act": "Sin riego tecnificado", "Referenc_1": null, "código": null, "ID": null }, "geometry": { "type": "MultiPolygon", "coordinates": [ [ [ [ -77.080755502248849, -12.072051916600511, 0.0 ], [ -77.080668893948328, -12.072070367292191, 0.0 ], [ -77.08064731048934, -12.071972232240961, 0.0 ], [ -77.080601717734055, -12.071981945127796, 0.0 ], [ -77.080637288660583, -12.07214367805941, 0.0 ], [ -77.080671572995115, -12.072136374267538, 0.0 ], [ -77.080675438745871, -12.072153950932544, 0.0 ], [ -77.08077331710345, -12.072132916478383, 0.0 ], [ -77.080755502248849, -12.072051916600511, 0.0 ] ] ] ] } },
{ "type": "Feature", "properties": { "Nombre": null, "Perimetro": 66.667, "Área": 272.937, "Uso": "Áreas de manejo sostenible y reducción de consumo de agua", "Proy riego": "Goteo", "Riego act": "Sin riego tecnificado", "Referenc_1": null, "código": null, "ID": null }, "geometry": { "type": "MultiPolygon", "coordinates": [ [ [ [ -77.080755658332549, -12.071946398804224, 0.0 ], [ -77.080795665604356, -12.072121324517749, 0.0 ], [ -77.080803561067896, -12.072125320353187, 0.0 ], [ -77.080917746460813, -12.072085693695634, 0.0 ], [ -77.080883204099095, -12.071921674940954, 0.0 ], [ -77.080755658332549, -12.071946398804224, 0.0 ] ] ] ] } },
{ "type": "Feature", "properties": { "Nombre": null, "Perimetro": 21.475, "Área": 4.246, "Uso": "Áreas de uso administrativo", "Proy riego": "Por validar con unidad", "Riego act": "Sin riego tecnificado", "Referenc_1": null, "código": null, "ID": null }, "geometry": { "type": "MultiPolygon", "coordinates": [ [ [ [ -77.080128451204345, -12.07265158847035, 0.0 ], [ -77.080126194319021, -12.072640973243118, 0.0 ], [ -77.080120891300282, -12.072642065329827, 0.0 ], [ -77.08012314818545, -12.072652680557155, 0.0 ], [ -77.080128451204345, -12.07265158847035, 0.0 ] ] ], [ [ [ -77.080173717242261, -12.072641689171036, 0.0 ], [ -77.080179020260601, -12.072640597083339, 0.0 ], [ -77.080176763373501, -12.072629981856821, 0.0 ], [ -77.080171460355331, -12.072631073944423, 0.0 ], [ -77.080173717242261, -12.072641689171036, 0.0 ] ] ], [ [ [ -77.080221910560581, -12.072631605760325, 0.0 ], [ -77.080227204476259, -12.072630471703331, 0.0 ], [ -77.080224860856305, -12.072619874697498, 0.0 ], [ -77.080219566940798, -12.072621008754398, 0.0 ], [ -77.080221910560581, -12.072631605760325, 0.0 ] ] ], [ [ [ -77.08027225545213, -12.072620592991955, 0.0 ], [ -77.080269998561775, -12.072609977766753, 0.0 ], [ -77.08026469554467, -12.072611069856009, 0.0 ], [ -77.08026695243484, -12.072621685081305, 0.0 ], [ -77.08027225545213, -12.072620592991955, 0.0 ] ] ], [ [ [ -77.080313552807539, -12.072611585006111, 0.0 ], [ -77.080318855824274, -12.072610492915935, 0.0 ], [ -77.080316598932313, -12.072599877691394, 0.0 ], [ -77.080311295915735, -12.072600969781476, 0.0 ], [ -77.080313552807539, -12.072611585006111, 0.0 ] ] ], [ [ [ -77.080360312776051, -12.072601505695385, 0.0 ], [ -77.08036561579226, -12.072600413604382, 0.0 ], [ -77.08036335889868, -12.0725897983805, 0.0 ], [ -77.080358055882627, -12.072590890471414, 0.0 ], [ -77.080360312776051, -12.072601505695385, 0.0 ] ] ] ] } },
{ "type": "Feature", "properties": { "Nombre": null, "Perimetro": 193.825, "Área": 1036.875, "Uso": "Áreas de uso recreativo/descanso", "Proy riego": "Falta aspersión", "Riego act": "Sin riego tecnificado", "Referenc_1": null, "código": "E 39", "ID": null }, "geometry": { "type": "MultiPolygon", "coordinates": [ [ [ [ -77.079232544876874, -12.071648415891254, 0.0 ], [ -77.07920725185636, -12.071653751110516, 0.0 ], [ -77.079201078737327, -12.071624618922174, 0.0 ], [ -77.079200349568595, -12.071624774982743, 0.0 ], [ -77.079199569041393, -12.071621242500036, 0.0 ], [ -77.079200328815361, -12.071621079889169, 0.0 ], [ -77.079194809679507, -12.071595033970084, 0.0 ], [ -77.079194224779457, -12.071592384502097, 0.0 ], [ -77.079184353001182, -12.071594495440561, 0.0 ], [ -77.079144688712375, -12.071602977077163, 0.0 ], [ -77.07914621938113, -12.071610233509807, 0.0 ], [ -77.07913904032381, -12.071611768647157, 0.0 ], [ -77.079137509655212, -12.071604512214442, 0.0 ], [ -77.079118664629618, -12.07160854194899, 0.0 ], [ -77.079138881745436, -12.071704385110362, 0.0 ], [ -77.0791396896593, -12.071704221208757, 0.0 ], [ -77.079143059848349, -12.071703536093539, 0.0 ], [ -77.079182760124752, -12.071695465544968, 0.0 ], [ -77.07930804684139, -12.071670066506957, 0.0 ], [ -77.079460345366329, -12.071639169832993, 0.0 ], [ -77.079456071513164, -12.071617541067651, 0.0 ], [ -77.079678713936588, -12.071572519379322, 0.0 ], [ -77.079630807799077, -12.071354511553389, 0.0 ], [ -77.079325192774448, -12.071397710044874, 0.0 ], [ -77.079335276294245, -12.07144136799084, 0.0 ], [ -77.079339747401235, -12.071440340058006, 0.0 ], [ -77.0793556856257, -12.07150934668404, 0.0 ], [ -77.07936012431135, -12.071532447565879, 0.0 ], [ -77.079378900389571, -12.071617544135293, 0.0 ], [ -77.079348285405459, -12.071624001967212, 0.0 ], [ -77.079346042143783, -12.071624482083259, 0.0 ], [ -77.079346040680875, -12.071624475462487, 0.0 ], [ -77.079291532032272, -12.071635973342278, 0.0 ], [ -77.079289288772458, -12.071636453457433, 0.0 ], [ -77.079289287309564, -12.071636446836656, 0.0 ], [ -77.079234789600079, -12.07164794239725, 0.0 ], [ -77.079232546339767, -12.071648422512027, 0.0 ], [ -77.079232544876874, -12.071648415891254, 0.0 ] ] ] ] } },
{ "type": "Feature", "properties": { "Nombre": null, "Perimetro": 16.45, "Área": 6.39, "Uso": "Áreas de uso administrativo", "Proy riego": "Por validar con unidad", "Riego act": "Sin riego tecnificado", "Referenc_1": null, "código": null, "ID": null }, "geometry": { "type": "MultiPolygon", "coordinates": [ [ [ [ -77.078976419368004, -12.072617484829317, 0.0 ], [ -77.078985941860125, -12.072658548278289, 0.0 ], [ -77.079013195908146, -12.072653022192551, 0.0 ], [ -77.079015718521916, -12.072652510702143, 0.0 ], [ -77.079013715680048, -12.072643873935437, 0.0 ], [ -77.078991225755033, -12.072648434038275, 0.0 ], [ -77.078983172538386, -12.072613706487147, 0.0 ], [ -77.078977343403892, -12.072614970792696, 0.0 ], [ -77.078977854231908, -12.072617173615669, 0.0 ], [ -77.078976419368004, -12.072617484829317, 0.0 ] ] ] ] } },
{ "type": "Feature", "properties": { "Nombre": null, "Perimetro": 68.143, "Área": 87.93, "Uso": "Áreas de uso administrativo", "Proy riego": "Por validar con unidad", "Riego act": "Sin riego tecnificado", "Referenc_1": null, "código": null, "ID": null }, "geometry": { "type": "MultiPolygon", "coordinates": [ [ [ [ -77.078640077240308, -12.072997869196982, 0.0 ], [ -77.078595451818401, -12.072797471602133, 0.0 ], [ -77.078586663520539, -12.072799376537079, 0.0 ], [ -77.078584120623702, -12.072786879297491, 0.0 ], [ -77.078581698842711, -12.07278740423812, 0.0 ], [ -77.078569297153209, -12.072731050558545, 0.0 ], [ -77.078567435936819, -12.072722593127983, 0.0 ], [ -77.078560660780639, -12.072734260202848, 0.0 ], [ -77.078564210682075, -12.072762760232655, 0.0 ], [ -77.078568609067048, -12.072795016843891, 0.0 ], [ -77.078573053561044, -12.07282504159336, 0.0 ], [ -77.07857717086155, -12.072850463738668, 0.0 ], [ -77.078580293583855, -12.072869256666896, 0.0 ], [ -77.078582804308127, -12.072883676842073, 0.0 ], [ -77.07858595405169, -12.072900975309528, 0.0 ], [ -77.078590723241703, -12.072926039403082, 0.0 ], [ -77.078594714068061, -12.072945652320657, 0.0 ], [ -77.078599389828341, -12.072967294089265, 0.0 ], [ -77.078606691615576, -12.072999187407424, 0.0 ], [ -77.078607976885777, -12.073004827212387, 0.0 ], [ -77.078640077240308, -12.072997869196982, 0.0 ] ] ] ] } },
{ "type": "Feature", "properties": { "Nombre": null, "Perimetro": 40.637, "Área": 30.862, "Uso": "Áreas de uso administrativo", "Proy riego": "Por validar con unidad", "Riego act": "Sin riego tecnificado", "Referenc_1": null, "código": null, "ID": null }, "geometry": { "type": "MultiPolygon", "coordinates": [ [ [ [ -77.07905520175882, -12.072717263166968, 0.0 ], [ -77.079091694571602, -12.072882103070434, 0.0 ], [ -77.079106761078407, -12.072879078945462, 0.0 ], [ -77.07906989341663, -12.072714284253451, 0.0 ], [ -77.07905520175882, -12.072717263166968, 0.0 ] ] ] ] } },
{ "type": "Feature", "properties": { "Nombre": null, "Perimetro": 11.858, "Área": 3.66, "Uso": "Áreas de uso administrativo", "Proy riego": "Por validar con unidad", "Riego act": "Sin riego tecnificado", "Referenc_1": null, "código": null, "ID": null }, "geometry": { "type": "MultiPolygon", "coordinates": [ [ [ [ -77.079045666214952, -12.072635411682535, 0.0 ], [ -77.079055994230771, -12.072681576934034, 0.0 ], [ -77.079062290571372, -12.07268030027392, 0.0 ], [ -77.079051962554615, -12.072634135022838, 0.0 ], [ -77.079045666214952, -12.072635411682535, 0.0 ] ] ] ] } },
{ "type": "Feature", "properties": { "Nombre": null, "Perimetro": 91.614, "Área": 99.627, "Uso": "Áreas de manejo sostenible y reducción de consumo de agua", "Proy riego": "Goteo", "Riego act": "Sin riego tecnificado", "Referenc_1": null, "código": null, "ID": null }, "geometry": { "type": "MultiPolygon", "coordinates": [ [ [ [ -77.078923505892547, -12.071789196717143, 0.0 ], [ -77.079007364091439, -12.072165879489328, 0.0 ], [ -77.079027968866512, -12.072161632596616, 0.0 ], [ -77.078941501755025, -12.071773239450746, 0.0 ], [ -77.078939742313523, -12.071773937980671, 0.0 ], [ -77.078938039685795, -12.07177476167077, 0.0 ], [ -77.07893640304907, -12.071775706079428, 0.0 ], [ -77.07893484122495, -12.071776766122182, 0.0 ], [ -77.078933362631588, -12.07177793608626, 0.0 ], [ -77.07893197523849, -12.071779209661084, 0.0 ], [ -77.078930686523577, -12.071780579977888, 0.0 ], [ -77.078929602659812, -12.071781762812602, 0.0 ], [ -77.078928537723186, -12.071782962193213, 0.0 ], [ -77.078927491973772, -12.071784177806915, 0.0 ], [ -77.078926465667337, -12.071785409373827, 0.0 ], [ -77.078925459055085, -12.071786656586095, 0.0 ], [ -77.078924472382994, -12.07178791913374, 0.0 ], [ -77.078923505892547, -12.071789196717143, 0.0 ] ] ] ] } },
{ "type": "Feature", "properties": { "Nombre": null, "Perimetro": 56.318, "Área": 150.007, "Uso": "Áreas de uso recreativo/descanso", "Proy riego": "Falta aspersión", "Riego act": "Sin riego tecnificado", "Referenc_1": null, "código": null, "ID": null }, "geometry": { "type": "MultiPolygon", "coordinates": [ [ [ [ -77.07963639837719, -12.0716789972023, 0.0 ], [ -77.079658059436952, -12.071780805179767, 0.0 ], [ -77.079721295532437, -12.071766296236065, 0.0 ], [ -77.079683139901903, -12.071592660720196, 0.0 ], [ -77.079608039760629, -12.071607885234108, 0.0 ], [ -77.079623725455903, -12.071681608766468, 0.0 ], [ -77.07963639837719, -12.0716789972023, 0.0 ] ] ] ] } },
{ "type": "Feature", "properties": { "Nombre": null, "Perimetro": 36.796, "Área": 57.549, "Uso": "Áreas de uso administrativo", "Proy riego": "Por validar con unidad", "Riego act": "Sin riego tecnificado", "Referenc_1": null, "código": null, "ID": null }, "geometry": { "type": "MultiPolygon", "coordinates": [ [ [ [ -77.079205859563118, -12.071796213408039, 0.0 ], [ -77.079318543395971, -12.071773007597075, 0.0 ], [ -77.079310824553346, -12.071737131509988, 0.0 ], [ -77.079179192229404, -12.071764222974439, 0.0 ], [ -77.07918473443145, -12.071790354662584, 0.0 ], [ -77.079190012555202, -12.071789370577168, 0.0 ], [ -77.079191126167316, -12.0717892132727, 0.0 ], [ -77.079192248093847, -12.071789131179804, 0.0 ], [ -77.079193373097624, -12.071789124667086, 0.0 ], [ -77.079194495927112, -12.071789193780262, 0.0 ], [ -77.079195611341177, -12.071789338185717, 0.0 ], [ -77.079196714132891, -12.071789557215581, 0.0 ], [ -77.079197799154542, -12.071789849843862, 0.0 ], [ -77.079198861341226, -12.071790214707782, 0.0 ], [ -77.079199895734732, -12.071790650103322, 0.0 ], [ -77.079200897506453, -12.071791153993647, 0.0 ], [ -77.079201861980323, -12.071791724030499, 0.0 ], [ -77.079202784654072, -12.071792357554026, 0.0 ], [ -77.079203661220774, -12.071793051607708, 0.0 ], [ -77.079204487588385, -12.071793802944681, 0.0 ], [ -77.079205259899851, -12.07179460806438, 0.0 ], [ -77.079205859563118, -12.071796213408039, 0.0 ] ] ] ] } },
{ "type": "Feature", "properties": { "Nombre": null, "Perimetro": 73.117, "Área": 321.258, "Uso": "Áreas de uso recreativo/descanso", "Proy riego": "Falta aspersión", "Riego act": "Sin riego tecnificado", "Referenc_1": null, "código": null, "ID": null }, "geometry": { "type": "MultiPolygon", "coordinates": [ [ [ [ -77.079345473399172, -12.071831861753665, 0.0 ], [ -77.07945178150004, -12.071809621330667, 0.0 ], [ -77.079452571979374, -12.071813343661445, 0.0 ], [ -77.079521469510368, -12.071799155028316, 0.0 ], [ -77.079489443554593, -12.071648521431433, 0.0 ], [ -77.079407242827912, -12.071665232247424, 0.0 ], [ -77.079366007341136, -12.071673598827333, 0.0 ], [ -77.079324412379478, -12.071682398621309, 0.0 ], [ -77.079334983801573, -12.071732121309584, 0.0 ], [ -77.07932447963185, -12.071734285751356, 0.0 ], [ -77.079345473399172, -12.071831861753665, 0.0 ] ] ] ] } },
{ "type": "Feature", "properties": { "Nombre": null, "Perimetro": 45.002, "Área": 99.191, "Uso": "Áreas de uso recreativo/descanso", "Proy riego": "Falta aspersión", "Riego act": "Sin riego tecnificado", "Referenc_1": null, "código": null, "ID": null }, "geometry": { "type": "MultiPolygon", "coordinates": [ [ [ [ -77.079921889578472, -12.071637308878188, 0.0 ], [ -77.080001268924207, -12.07151351446767, 0.0 ], [ -77.079995721725595, -12.071488237475638, 0.0 ], [ -77.079892952658312, -12.071509248309676, 0.0 ], [ -77.079921817341344, -12.071637324647615, 0.0 ], [ -77.079921889578472, -12.071637308878188, 0.0 ] ] ] ] } },
{ "type": "Feature", "properties": { "Nombre": null, "Perimetro": 52.367, "Área": 170.913, "Uso": "Áreas de uso recreativo/descanso", "Proy riego": "Falta aspersión", "Riego act": "Sin riego tecnificado", "Referenc_1": null, "código": "H 4", "ID": null }, "geometry": { "type": "MultiPolygon", "coordinates": [ [ [ [ -77.079499442798266, -12.072226921921702, 0.0 ], [ -77.079596083508122, -12.072206891452312, 0.0 ], [ -77.07960686711364, -12.072204656360148, 0.0 ], [ -77.079612895127653, -12.072203406947889, 0.0 ], [ -77.079584398688624, -12.072082210706252, 0.0 ], [ -77.07947443983312, -12.072105129226749, 0.0 ], [ -77.079484837721168, -12.072156031493289, 0.0 ], [ -77.079493578467748, -12.072197771110682, 0.0 ], [ -77.079499442798266, -12.072226921921702, 0.0 ] ] ] ] } },
{ "type": "Feature", "properties": { "Nombre": null, "Perimetro": 64.545, "Área": 87.141, "Uso": "Áreas de uso administrativo", "Proy riego": "Por validar con unidad", "Riego act": "Sin riego tecnificado", "Referenc_1": null, "código": "H 3", "ID": null }, "geometry": { "type": "MultiPolygon", "coordinates": [ [ [ [ -77.079461884309723, -12.072207275852049, 0.0 ], [ -77.079198392267841, -12.072261797386938, 0.0 ], [ -77.079204000711812, -12.072288157217734, 0.0 ], [ -77.0794671817184, -12.072233608584225, 0.0 ], [ -77.079461884309723, -12.072207275852049, 0.0 ] ] ] ] } },
{ "type": "Feature", "properties": { "Nombre": null, "Perimetro": 37.77, "Área": 49.253, "Uso": "Áreas de uso administrativo", "Proy riego": "Por validar con unidad", "Riego act": "Sin riego tecnificado", "Referenc_1": null, "código": "H 2", "ID": null }, "geometry": { "type": "MultiPolygon", "coordinates": [ [ [ [ -77.07917120280905, -12.072294955109282, 0.0 ], [ -77.079143009503966, -12.07216244570251, 0.0 ], [ -77.079127166208181, -12.072154667965849, 0.0 ], [ -77.079112425968574, -12.072157706112732, 0.0 ], [ -77.079143784650782, -12.072300637959351, 0.0 ], [ -77.07917120280905, -12.072294955109282, 0.0 ] ] ] ] } },
{ "type": "Feature", "properties": { "Nombre": null, "Perimetro": 37.889, "Área": 40.321, "Uso": "Áreas de uso administrativo", "Proy riego": "Por validar con unidad", "Riego act": "Sin riego tecnificado", "Referenc_1": null, "código": null, "ID": null }, "geometry": { "type": "MultiPolygon", "coordinates": [ [ [ [ -77.079879792197445, -12.072392256350582, 0.0 ], [ -77.079834394955327, -12.072249611281553, 0.0 ], [ -77.079818826489998, -12.072253001208905, 0.0 ], [ -77.079819063908246, -12.07225406025073, 0.0 ], [ -77.079851390153308, -12.072398256498001, 0.0 ], [ -77.079879792197445, -12.072392256350582, 0.0 ] ] ] ] } },
{ "type": "Feature", "properties": { "Nombre": null, "Perimetro": 24.321, "Área": 27.108, "Uso": "Áreas de uso administrativo", "Proy riego": "Por validar con unidad", "Riego act": "Sin riego tecnificado", "Referenc_1": null, "código": null, "ID": null }, "geometry": { "type": "MultiPolygon", "coordinates": [ [ [ [ -77.079911044002188, -12.072496186278395, 0.0 ], [ -77.07989922983532, -12.072454594487795, 0.0 ], [ -77.079887174318003, -12.072415675716698, 0.0 ], [ -77.079863797490134, -12.072420908068372, 0.0 ], [ -77.079882331220219, -12.072502354713777, 0.0 ], [ -77.079911044002188, -12.072496186278395, 0.0 ] ] ] ] } },
{ "type": "Feature", "properties": { "Nombre": null, "Perimetro": 34.273, "Área": 28.572, "Uso": "Áreas de uso administrativo", "Proy riego": "Por validar con unidad", "Riego act": "Sin riego tecnificado", "Referenc_1": null, "código": null, "ID": null }, "geometry": { "type": "MultiPolygon", "coordinates": [ [ [ [ -77.080004514153188, -12.072323095449576, 0.0 ], [ -77.079985677200028, -12.072327157966093, 0.0 ], [ -77.080006379593343, -12.072420138228253, 0.0 ], [ -77.080025216552229, -12.072416075709318, 0.0 ], [ -77.080004514153188, -12.072323095449576, 0.0 ] ] ], [ [ [ -77.07999159097254, -12.072301383299436, 0.0 ], [ -77.079991820309232, -12.072302260146694, 0.0 ], [ -77.079992111235654, -12.072303119109842, 0.0 ], [ -77.079992462334616, -12.072303956010554, 0.0 ], [ -77.079992871895442, -12.072304766767505, 0.0 ], [ -77.079993337922801, -12.072305547430785, 0.0 ], [ -77.079993858146366, -12.072306294199077, 0.0 ], [ -77.079994430031547, -12.07230700343248, 0.0 ], [ -77.07999505079222, -12.072307671678299, 0.0 ], [ -77.079995717404117, -12.072308295675228, 0.0 ], [ -77.079996426619516, -12.07230887239205, 0.0 ], [ -77.079997174983262, -12.072309399010264, 0.0 ], [ -77.079997958849191, -12.072309872967063, 0.0 ], [ -77.079998774398689, -12.072310291955201, 0.0 ], [ -77.079999617658345, -12.072310653935773, 0.0 ], [ -77.0800004845199, -12.072310957138084, 0.0 ], [ -77.080001370760087, -12.072311200089665, 0.0 ], [ -77.080002272061279, -12.072311381607483, 0.0 ], [ -77.080003184032321, -12.072311500806427, 0.0 ], [ -77.080004102230092, -12.072311557103442, 0.0 ], [ -77.080005022181567, -12.072311550225983, 0.0 ], [ -77.080005939404558, -12.072311480207558, 0.0 ], [ -77.080006849430376, -12.07231134738756, 0.0 ], [ -77.080007747825775, -12.072311152415404, 0.0 ], [ -77.080008630213683, -12.072310896241753, 0.0 ], [ -77.080009492295204, -12.072310580114047, 0.0 ], [ -77.080010329870305, -12.072310205567737, 0.0 ], [ -77.080011138858509, -12.072309774434736, 0.0 ], [ -77.08001191531848, -12.072309288813109, 0.0 ], [ -77.080012655467257, -12.072308751066943, 0.0 ], [ -77.080013355699052, -12.072308163813251, 0.0 ], [ -77.08001401260249, -12.072307529921874, 0.0 ], [ -77.080014622976989, -12.072306852472233, 0.0 ], [ -77.080015183849014, -12.072306134770468, 0.0 ], [ -77.080015692485986, -12.072305380310539, 0.0 ], [ -77.080016146409861, -12.072304592769813, 0.0 ], [ -77.080016543409215, -12.072303775983119, 0.0 ], [ -77.080016881549909, -12.072302933929747, 0.0 ], [ -77.080017159184465, -12.072302070716111, 0.0 ], [ -77.080017374960363, -12.072301190541257, 0.0 ], [ -77.080017527826485, -12.072300297703233, 0.0 ], [ -77.080017617037925, -12.072299396536593, 0.0 ], [ -77.080017642160058, -12.0722984914467, 0.0 ], [ -77.080017603070445, -12.072297586832811, 0.0 ], [ -77.080017499959553, -12.072296687108272, 0.0 ], [ -77.08001733332982, -12.072295796654466, 0.0 ], [ -77.080017103993043, -12.072294919807245, 0.0 ], [ -77.08001681306655, -12.072294060844131, 0.0 ], [ -77.08001646196756, -12.072293223943461, 0.0 ], [ -77.080016052406691, -12.072292413186553, 0.0 ], [ -77.08001558637929, -12.072291632523317, 0.0 ], [ -77.08001506615571, -12.072290885755072, 0.0 ], [ -77.080014494270515, -12.07229017652171, 0.0 ], [ -77.080013873509856, -12.072289508275938, 0.0 ], [ -77.080013206897974, -12.072288884279052, 0.0 ], [ -77.080012497682603, -12.072288307562269, 0.0 ], [ -77.080011749318913, -12.072287780944089, 0.0 ], [ -77.080010965453027, -12.072287306987322, 0.0 ], [ -77.080010149903572, -12.072286887994903, 0.0 ], [ -77.080009306644001, -12.072286526018663, 0.0 ], [ -77.080008439782532, -12.072286222816363, 0.0 ], [ -77.08000755354243, -12.072285979864793, 0.0 ], [ -77.080006652241323, -12.072285798346975, 0.0 ], [ -77.080005740270508, -12.072285679148029, 0.0 ], [ -77.080004822072681, -12.072285622851009, 0.0 ], [ -77.080003902121305, -12.072285629728453, 0.0 ], [ -77.080002984898542, -12.072285699746852, 0.0 ], [ -77.080002074872667, -12.072285832566825, 0.0 ], [ -77.080001176477325, -12.072286027538953, 0.0 ], [ -77.080000294089501, -12.07228628371257, 0.0 ], [ -77.079999432008165, -12.072286599840234, 0.0 ], [ -77.079998594432936, -12.072286974382196, 0.0 ], [ -77.079997785444817, -12.072287405519464, 0.0 ], [ -77.079997008984989, -12.072287891141043, 0.0 ], [ -77.079996268836098, -12.072288428887164, 0.0 ], [ -77.079995568604289, -12.072289016140809, 0.0 ], [ -77.079994911700851, -12.072289650032145, 0.0 ], [ -77.079994301326309, -12.072290327481745, 0.0 ], [ -77.07999374045427, -12.072291045183473, 0.0 ], [ -77.079993231817227, -12.072291799643367, 0.0 ], [ -77.07999277789331, -12.072292587184064, 0.0 ], [ -77.079992380893884, -12.072293403970731, 0.0 ], [ -77.079992042753119, -12.072294246024089, 0.0 ], [ -77.079991765118478, -12.072295109237711, 0.0 ], [ -77.079991549342495, -12.072295989412558, 0.0 ], [ -77.079991396476316, -12.072296882254893, 0.0 ], [ -77.079991307264891, -12.072297783417225, 0.0 ], [ -77.079991282142728, -12.072298688511168, 0.0 ], [ -77.0799913212322, -12.072299593121038, 0.0 ], [ -77.079991424342907, -12.072300492849912, 0.0 ], [ -77.07999159097254, -12.072301383299436, 0.0 ] ] ] ] } },
{ "type": "Feature", "properties": { "Nombre": null, "Perimetro": 14.45, "Área": 10.761, "Uso": "Áreas de uso administrativo", "Proy riego": "Por validar con unidad", "Riego act": "Sin riego tecnificado", "Referenc_1": null, "código": null, "ID": null }, "geometry": { "type": "MultiPolygon", "coordinates": [ [ [ [ -77.080008738333177, -12.072430731985428, 0.0 ], [ -77.080018815412217, -12.072475990938971, 0.0 ], [ -77.080037652374543, -12.072471928418603, 0.0 ], [ -77.080027575292718, -12.072426669466225, 0.0 ], [ -77.080008738333177, -12.072430731985428, 0.0 ] ] ] ] } },
{ "type": "Feature", "properties": { "Nombre": null, "Perimetro": 8.059, "Área": 2.253, "Uso": "Áreas de uso administrativo", "Proy riego": "Por validar con unidad", "Riego act": "Sin riego tecnificado", "Referenc_1": null, "código": null, "ID": null }, "geometry": { "type": "MultiPolygon", "coordinates": [ [ [ [ -77.078615330214745, -12.072802307212084, 0.0 ], [ -77.078622269793101, -12.07283347051486, 0.0 ], [ -77.078622941327438, -12.07283260864595, 0.0 ], [ -77.078627202649287, -12.072825649101368, 0.0 ], [ -77.078621694284394, -12.072800912896589, 0.0 ], [ -77.078615330214745, -12.072802307212084, 0.0 ] ] ] ] } },
{ "type": "Feature", "properties": { "Nombre": null, "Perimetro": 8.134, "Área": 2.298, "Uso": "Áreas de uso administrativo", "Proy riego": "Por validar con unidad", "Riego act": "Sin riego tecnificado", "Referenc_1": null, "código": null, "ID": null }, "geometry": { "type": "MultiPolygon", "coordinates": [ [ [ [ -77.078646745160754, -12.072943381042688, 0.0 ], [ -77.078653750773327, -12.072974840835627, 0.0 ], [ -77.078660113533573, -12.072973440622466, 0.0 ], [ -77.07865447007886, -12.072948097814718, 0.0 ], [ -77.07865024426286, -12.072945196297946, 0.0 ], [ -77.078646745160754, -12.072943381042688, 0.0 ] ] ] ] } },
{ "type": "Feature", "properties": { "Nombre": null, "Perimetro": 68.505, "Área": 86.787, "Uso": "Áreas de manejo sostenible y reducción de consumo de agua", "Proy riego": "Goteo", "Riego act": "Sin riego tecnificado", "Referenc_1": null, "código": "E 36", "ID": null }, "geometry": { "type": "MultiPolygon", "coordinates": [ [ [ [ -77.078910351948991, -12.071442696693005, 0.0 ], [ -77.078906939273125, -12.071427148967455, 0.0 ], [ -77.078886405824505, -12.071431614767915, 0.0 ], [ -77.078889818499334, -12.071447162493897, 0.0 ], [ -77.078910351948991, -12.071442696693005, 0.0 ] ] ], [ [ [ -77.078939941634658, -12.071436261256956, 0.0 ], [ -77.078937479077638, -12.07142504215998, 0.0 ], [ -77.07890892054877, -12.07143125333047, 0.0 ], [ -77.078911383104739, -12.071442472427865, 0.0 ], [ -77.078939941634658, -12.071436261256956, 0.0 ] ] ], [ [ [ -77.078898108377345, -12.07142800519104, 0.0 ], [ -77.078892708207448, -12.071403402681559, 0.0 ], [ -77.078880782668293, -12.071405996355475, 0.0 ], [ -77.078886182837238, -12.071430598865351, 0.0 ], [ -77.078898108377345, -12.07142800519104, 0.0 ] ] ], [ [ [ -77.079053188237481, -12.07141269571679, 0.0 ], [ -77.079043706408939, -12.071369497782804, 0.0 ], [ -77.078893516375828, -12.071402162513962, 0.0 ], [ -77.078899139533064, -12.07142778092595, 0.0 ], [ -77.078907747441491, -12.071425908799799, 0.0 ], [ -77.078908697561431, -12.071430237427938, 0.0 ], [ -77.078938287245848, -12.07142380199226, 0.0 ], [ -77.078941195777816, -12.071437052894177, 0.0 ], [ -77.079053188237481, -12.07141269571679, 0.0 ] ] ] ] } },
{ "type": "Feature", "properties": { "Nombre": null, "Perimetro": 8.105, "Área": 4.058, "Uso": "Áreas de manejo sostenible y reducción de consumo de agua", "Proy riego": "Goteo", "Riego act": "Sin riego tecnificado", "Referenc_1": null, "código": null, "ID": null }, "geometry": { "type": "MultiPolygon", "coordinates": [ [ [ [ -77.078872449246973, -12.071273705183678, 0.0 ], [ -77.078871494858873, -12.071269821811299, 0.0 ], [ -77.07885133653113, -12.071274062549156, 0.0 ], [ -77.078854875094933, -12.071289951860216, 0.0 ], [ -77.078875206497969, -12.071285650835843, 0.0 ], [ -77.078872449246973, -12.071273705183678, 0.0 ] ] ] ] } },
{ "type": "Feature", "properties": { "Nombre": null, "Perimetro": 35.947, "Área": 61.608, "Uso": "Áreas de manejo sostenible y reducción de consumo de agua", "Proy riego": "Goteo", "Riego act": "Sin riego tecnificado", "Referenc_1": null, "código": null, "ID": null }, "geometry": { "type": "MultiPolygon", "coordinates": [ [ [ [ -77.078711221062662, -12.071364664376112, 0.0 ], [ -77.078677210207076, -12.071376754401594, 0.0 ], [ -77.078686153758909, -12.071414791852337, 0.0 ], [ -77.078747574109585, -12.071400643881406, 0.0 ], [ -77.078748564460639, -12.071400272092008, 0.0 ], [ -77.078749530870965, -12.071399843607148, 0.0 ], [ -77.078750469992542, -12.07139935990047, 0.0 ], [ -77.078751378571738, -12.071398822657626, 0.0 ], [ -77.07875225346082, -12.071398233733712, 0.0 ], [ -77.07875309162867, -12.071397595166111, 0.0 ], [ -77.078753890171612, -12.071396909175016, 0.0 ], [ -77.078754243232183, -12.071396557276483, 0.0 ], [ -77.07875457411987, -12.071396185095182, 0.0 ], [ -77.078754881633373, -12.071395793975455, 0.0 ], [ -77.078755164656485, -12.071395385341347, 0.0 ], [ -77.07875542216189, -12.07139496067226, 0.0 ], [ -77.078755653214742, -12.071394521513696, 0.0 ], [ -77.078755856976429, -12.071394069455705, 0.0 ], [ -77.078756032707304, -12.071393606143605, 0.0 ], [ -77.078756179769485, -12.071393133256006, 0.0 ], [ -77.078756345255229, -12.071392237921614, 0.0 ], [ -77.078756463424412, -12.071391335361856, 0.0 ], [ -77.07875653396016, -12.071390427986451, 0.0 ], [ -77.078756556673184, -12.07138951823819, 0.0 ], [ -77.078756531502748, -12.071388608552457, 0.0 ], [ -77.07875645851621, -12.071387701361513, 0.0 ], [ -77.078756337909368, -12.071386799115169, 0.0 ], [ -77.078748686626753, -12.071351671809008, 0.0 ], [ -77.078738829908971, -12.071307658410062, 0.0 ], [ -77.078695802727722, -12.071323445725769, 0.0 ], [ -77.078711221062662, -12.071364664376112, 0.0 ] ] ] ] } },
{ "type": "Feature", "properties": { "Nombre": null, "Perimetro": 21.628, "Área": 18.29, "Uso": "Áreas de manejo sostenible y reducción de consumo de agua", "Proy riego": "Goteo", "Riego act": "Sin riego tecnificado", "Referenc_1": null, "código": null, "ID": null }, "geometry": { "type": "MultiPolygon", "coordinates": [ [ [ [ -77.078608792586351, -12.071406235357715, 0.0 ], [ -77.078534324737547, -12.071432931931829, 0.0 ], [ -77.078540253973841, -12.07144839931828, 0.0 ], [ -77.078598742310845, -12.071434926759981, 0.0 ], [ -77.078597066021743, -12.071427887411593, 0.0 ], [ -77.078613070718504, -12.071424200790448, 0.0 ], [ -77.078608792586351, -12.071406235357715, 0.0 ] ] ] ] } },
{ "type": "Feature", "properties": { "Nombre": null, "Perimetro": 118.661, "Área": 675.368, "Uso": "Áreas de uso recreativo/descanso", "Proy riego": "Falta aspersión", "Riego act": "Sin riego tecnificado", "Referenc_1": null, "código": "E 29", "ID": null }, "geometry": { "type": "MultiPolygon", "coordinates": [ [ [ [ -77.07967718888041, -12.071215449910426, 0.0 ], [ -77.079677750123807, -12.071219296643219, 0.0 ], [ -77.079673930857226, -12.071219824816094, 0.0 ], [ -77.079687773705203, -12.071314702921951, 0.0 ], [ -77.079929700181424, -12.071254325332845, 0.0 ], [ -77.079941138142459, -12.071236622718869, 0.0 ], [ -77.079938446514589, -12.071223571055206, 0.0 ], [ -77.079926387735128, -12.071140772662462, 0.0 ], [ -77.079917297861513, -12.071142054986412, 0.0 ], [ -77.079913910265347, -12.071118794940832, 0.0 ], [ -77.079923000138223, -12.07111751261712, 0.0 ], [ -77.079908272041536, -12.071016385929966, 0.0 ], [ -77.079716569770099, -12.071042820840882, 0.0 ], [ -77.079718281128606, -12.071054550406291, 0.0 ], [ -77.079718917451132, -12.071054460859305, 0.0 ], [ -77.079735099064763, -12.071165368744026, 0.0 ], [ -77.07972755146848, -12.071166412515471, 0.0 ], [ -77.079729744235422, -12.0711814416103, 0.0 ], [ -77.079693097469487, -12.071186509558645, 0.0 ], [ -77.07968154873636, -12.071188106653059, 0.0 ], [ -77.079679355971933, -12.071173077557424, 0.0 ], [ -77.079668353136967, -12.071174599158072, 0.0 ], [ -77.079672177421813, -12.071200810616761, 0.0 ], [ -77.079674996115727, -12.071200420814813, 0.0 ], [ -77.079675557359025, -12.07120426754763, 0.0 ], [ -77.079672738665082, -12.071204657349588, 0.0 ], [ -77.079674370186353, -12.071215839712421, 0.0 ], [ -77.07967718888041, -12.071215449910426, 0.0 ] ] ] ] } },
{ "type": "Feature", "properties": { "Nombre": null, "Perimetro": 36.005, "Área": 49.207, "Uso": "Áreas de uso administrativo", "Proy riego": "Por validar con unidad", "Riego act": "Sin riego tecnificado", "Referenc_1": null, "código": "E 30", "ID": null }, "geometry": { "type": "MultiPolygon", "coordinates": [ [ [ [ -77.079609015513782, -12.071227615630606, 0.0 ], [ -77.079619854361766, -12.071301904618133, 0.0 ], [ -77.07958989967004, -12.071306028835215, 0.0 ], [ -77.079593801141542, -12.071332345203272, 0.0 ], [ -77.079644698645183, -12.071324830050802, 0.0 ], [ -77.079650363661472, -12.071323763936531, 0.0 ], [ -77.079655696034962, -12.071322474589572, 0.0 ], [ -77.079641206477419, -12.071223163893375, 0.0 ], [ -77.079609015513782, -12.071227615630606, 0.0 ] ] ] ] } },
{ "type": "Feature", "properties": { "Nombre": null, "Perimetro": 64.916, "Área": 250.572, "Uso": "Áreas de uso administrativo", "Proy riego": "Por validar con unidad", "Riego act": "Sin riego tecnificado", "Referenc_1": null, "código": null, "ID": null }, "geometry": { "type": "MultiPolygon", "coordinates": [ [ [ [ -77.081270822562246, -12.071022748805051, 0.0 ], [ -77.0813673728114, -12.071002182321312, 0.0 ], [ -77.081383619411952, -12.071013006247538, 0.0 ], [ -77.0814344170727, -12.071002353145593, 0.0 ], [ -77.081406272468683, -12.070869525530755, 0.0 ], [ -77.081245070016664, -12.070904386153167, 0.0 ], [ -77.081270822562246, -12.071022748805051, 0.0 ] ] ] ] } },
{ "type": "Feature", "properties": { "Nombre": null, "Perimetro": 6.456, "Área": 3.315, "Uso": "Áreas de manejo sostenible y reducción de consumo de agua", "Proy riego": "Goteo", "Riego act": "Sin riego tecnificado", "Referenc_1": null, "código": null, "ID": null }, "geometry": { "type": "MultiPolygon", "coordinates": [ [ [ [ -77.080519415917706, -12.071815123603823, 0.0 ], [ -77.080519387923019, -12.071814475772578, 0.0 ], [ -77.080519314080234, -12.071813831444253, 0.0 ], [ -77.080519194749186, -12.071813193752375, 0.0 ], [ -77.080519030511056, -12.071812565806271, 0.0 ], [ -77.080518822166027, -12.071811950666238, 0.0 ], [ -77.080518570729197, -12.071811351328467, 0.0 ], [ -77.080518277425483, -12.071810770714318, 0.0 ], [ -77.080517943683972, -12.071810211648813, 0.0 ], [ -77.080517571130372, -12.071809676856393, 0.0 ], [ -77.080517161580033, -12.071809168948013, 0.0 ], [ -77.080516717027947, -12.071808690391084, 0.0 ], [ -77.08051623964009, -12.071808243522447, 0.0 ], [ -77.080515731742267, -12.071807830513983, 0.0 ], [ -77.080515195808715, -12.071807453381311, 0.0 ], [ -77.080514634450694, -12.071807113962342, 0.0 ], [ -77.080514050402911, -12.071806813904439, 0.0 ], [ -77.080513446510935, -12.071806554681752, 0.0 ], [ -77.08051282571671, -12.07180633754361, 0.0 ], [ -77.080512191044818, -12.071806163557721, 0.0 ], [ -77.080511545587314, -12.071806033567196, 0.0 ], [ -77.080510892488576, -12.071805948203581, 0.0 ], [ -77.08051023493077, -12.071805907891278, 0.0 ], [ -77.080509576117194, -12.071805912817501, 0.0 ], [ -77.080508919257639, -12.071805962958253, 0.0 ], [ -77.080508267552162, -12.071806058078433, 0.0 ], [ -77.080507624176008, -12.071806197706106, 0.0 ], [ -77.080506992263423, -12.071806381162773, 0.0 ], [ -77.080506374893105, -12.071806607559189, 0.0 ], [ -77.080505775072808, -12.071806875782537, 0.0 ], [ -77.080505195724825, -12.071807184539637, 0.0 ], [ -77.080504639671673, -12.071807532313956, 0.0 ], [ -77.080504109622268, -12.071807917417431, 0.0 ], [ -77.080503608159219, -12.071808337973314, 0.0 ], [ -77.080503137725387, -12.071808791929216, 0.0 ], [ -77.080502700612868, -12.071809277078724, 0.0 ], [ -77.080502298950904, -12.071809791052882, 0.0 ], [ -77.080501934696628, -12.071810331354731, 0.0 ], [ -77.080501609624662, -12.071810895346463, 0.0 ], [ -77.080501325318522, -12.071811480279653, 0.0 ], [ -77.080501083163469, -12.071812083308222, 0.0 ], [ -77.080500884339244, -12.071812701492838, 0.0 ], [ -77.080500729814517, -12.071813331822472, 0.0 ], [ -77.080500620342107, -12.071813971225218, 0.0 ], [ -77.080500556455206, -12.071814616583415, 0.0 ], [ -77.08050053846533, -12.071815264758513, 0.0 ], [ -77.080500566459804, -12.071815912587441, 0.0 ], [ -77.080500640302589, -12.071816556920091, 0.0 ], [ -77.08050075963358, -12.071817194607679, 0.0 ], [ -77.080500923871625, -12.071817822549486, 0.0 ], [ -77.080501132216625, -12.071818437689538, 0.0 ], [ -77.080501383653427, -12.071819037027332, 0.0 ], [ -77.080501676957141, -12.071819617645811, 0.0 ], [ -77.080502010698652, -12.071820176711336, 0.0 ], [ -77.080502383252195, -12.071820711499477, 0.0 ], [ -77.080502792802704, -12.071821219412184, 0.0 ], [ -77.080503237354634, -12.071821697964827, 0.0 ], [ -77.08050371474252, -12.071822144837792, 0.0 ], [ -77.080504222640371, -12.071822557846284, 0.0 ], [ -77.080504758573937, -12.071822934978968, 0.0 ], [ -77.080505319931987, -12.071823274397957, 0.0 ], [ -77.08050590397977, -12.071823574451564, 0.0 ], [ -77.080506507871831, -12.07182383367857, 0.0 ], [ -77.080507128666056, -12.071824050812415, 0.0 ], [ -77.080507763338034, -12.071824224802612, 0.0 ], [ -77.080508408795566, -12.07182435479314, 0.0 ], [ -77.080509061894318, -12.071824440152444, 0.0 ], [ -77.080509719452209, -12.071824480469054, 0.0 ], [ -77.080510378265828, -12.071824475542821, 0.0 ], [ -77.080511035125397, -12.07182442539775, 0.0 ], [ -77.080511686830945, -12.071824330281865, 0.0 ], [ -77.080512330207142, -12.071824190654178, 0.0 ], [ -77.080512962119712, -12.071824007193182, 0.0 ], [ -77.080513579490102, -12.071823780801056, 0.0 ], [ -77.080514179310399, -12.071823512573378, 0.0 ], [ -77.080514758658438, -12.071823203820564, 0.0 ], [ -77.080515314711604, -12.071822856046218, 0.0 ], [ -77.080515844760981, -12.071822470942724, 0.0 ], [ -77.080516346224044, -12.071822050386816, 0.0 ], [ -77.080516816657834, -12.071821596426584, 0.0 ], [ -77.080517253770523, -12.071821111281364, 0.0 ], [ -77.080517655432288, -12.071820597302878, 0.0 ], [ -77.080518019686579, -12.071820057005322, 0.0 ], [ -77.080518344758516, -12.071819493013573, 0.0 ], [ -77.080518629064585, -12.071818908076065, 0.0 ], [ -77.080518871219581, -12.071818305047483, 0.0 ], [ -77.080519070043778, -12.071817686862859, 0.0 ], [ -77.080519224568519, -12.071817056537533, 0.0 ], [ -77.080519334040886, -12.071816417139097, 0.0 ], [ -77.080519397927716, -12.07181577177659, 0.0 ], [ -77.080519415917706, -12.071815123603823, 0.0 ] ] ] ] } },
{ "type": "Feature", "properties": { "Nombre": null, "Perimetro": 72.793, "Área": 76.376, "Uso": "Áreas de manejo sostenible y reducción de consumo de agua", "Proy riego": "Goteo", "Riego act": "Sin riego tecnificado", "Referenc_1": null, "código": "E 37", "ID": null }, "geometry": { "type": "MultiPolygon", "coordinates": [ [ [ [ -77.078780346233472, -12.071146564406003, 0.0 ], [ -77.078796031339479, -12.071216735377662, 0.0 ], [ -77.078806286444006, -12.071263096934844, 0.0 ], [ -77.078822231479151, -12.071334599713213, 0.0 ], [ -77.078828448373841, -12.071362402896479, 0.0 ], [ -77.078828540813831, -12.071362817895892, 0.0 ], [ -77.078829205440329, -12.071362657264942, 0.0 ], [ -77.078832878059785, -12.071379081941764, 0.0 ], [ -77.078851991871161, -12.071374470622073, 0.0 ], [ -77.078851569438484, -12.071372576096795, 0.0 ], [ -77.078830410445818, -12.071277735322038, 0.0 ], [ -77.078813918892067, -12.071203815303196, 0.0 ], [ -77.078807073345089, -12.071173131520959, 0.0 ], [ -77.078807966607471, -12.071172936495, 0.0 ], [ -77.078796213823153, -12.0711207946797, 0.0 ], [ -77.078791580056119, -12.071100236732583, 0.0 ], [ -77.078785569531476, -12.07107357072244, 0.0 ], [ -77.078764870399922, -12.071078165855445, 0.0 ], [ -77.078765132425204, -12.071079067535097, 0.0 ], [ -77.078780346233472, -12.071146564406003, 0.0 ] ] ] ] } },
{ "type": "Feature", "properties": { "Nombre": null, "Perimetro": 35.799, "Área": 35.983, "Uso": "Áreas de manejo sostenible y reducción de consumo de agua", "Proy riego": "Goteo", "Riego act": "Sin riego tecnificado", "Referenc_1": null, "código": null, "ID": null }, "geometry": { "type": "MultiPolygon", "coordinates": [ [ [ [ -77.078888430129481, -12.071633290831196, 0.0 ], [ -77.078897474295729, -12.071672974044821, 0.0 ], [ -77.078905312576069, -12.071707366162611, 0.0 ], [ -77.078911040551873, -12.071732498863682, 0.0 ], [ -77.078912246441703, -12.071737789958611, 0.0 ], [ -77.07891251481, -12.071739789769754, 0.0 ], [ -77.078913975500086, -12.071741048521138, 0.0 ], [ -77.078915520601257, -12.071742205546643, 0.0 ], [ -77.078917142813182, -12.071743255368032, 0.0 ], [ -77.078918834471096, -12.071744193032671, 0.0 ], [ -77.078920587582019, -12.071745014107533, 0.0 ], [ -77.078922393862996, -12.071745714711216, 0.0 ], [ -77.078924244779387, -12.071746291537401, 0.0 ], [ -77.078926131586002, -12.071746741858803, 0.0 ], [ -77.078928045367832, -12.071747063548443, 0.0 ], [ -77.078929977082652, -12.071747255087962, 0.0 ], [ -77.078931917603441, -12.071747315569425, 0.0 ], [ -77.078933857761172, -12.071747244701495, 0.0 ], [ -77.078935788389416, -12.071747042833369, 0.0 ], [ -77.078904094448205, -12.071605603731554, 0.0 ], [ -77.078883159601986, -12.071610141154991, 0.0 ], [ -77.078883606575616, -12.071612126450244, 0.0 ], [ -77.078885415408195, -12.071620063093132, 0.0 ], [ -77.078888430129481, -12.071633290831196, 0.0 ] ] ] ] } },
{ "type": "Feature", "properties": { "Nombre": null, "Perimetro": 139.053, "Área": 505.938, "Uso": "Áreas de uso administrativo", "Proy riego": "Por validar con unidad", "Riego act": "Sin riego tecnificado", "Referenc_1": null, "código": "G 21", "ID": null }, "geometry": { "type": "MultiPolygon", "coordinates": [ [ [ [ -77.080598484742154, -12.072690226090284, 0.0 ], [ -77.080599815501031, -12.072719502785887, 0.0 ], [ -77.080630422955537, -12.072715510509218, 0.0 ], [ -77.080625632223516, -12.072685435358272, 0.0 ], [ -77.080598484742154, -12.072690226090284, 0.0 ] ] ], [ [ [ -77.080463394822544, -12.072695307069134, 0.0 ], [ -77.080462677412967, -12.072695462688797, 0.0 ], [ -77.080472083836909, -12.072737011022667, 0.0 ], [ -77.080472801246586, -12.072736855402963, 0.0 ], [ -77.080473420353201, -12.072739590006634, 0.0 ], [ -77.08047270294351, -12.07273974562634, 0.0 ], [ -77.080481949602145, -12.072780588255062, 0.0 ], [ -77.080482667011921, -12.072780432635321, 0.0 ], [ -77.080488720598055, -12.072805032139621, 0.0 ], [ -77.080502154164918, -12.072802431694281, 0.0 ], [ -77.080501890149492, -12.072801193398245, 0.0 ], [ -77.080597744039054, -12.072780423034777, 0.0 ], [ -77.080591343006304, -12.072746853429711, 0.0 ], [ -77.080591220691772, -12.072746228425405, 0.0 ], [ -77.080592089252747, -12.072746069095061, 0.0 ], [ -77.080646975583988, -12.072736000644685, 0.0 ], [ -77.080656550268571, -12.072785821508452, 0.0 ], [ -77.080656746967151, -12.072787828835979, 0.0 ], [ -77.080658337836908, -12.072788513031476, 0.0 ], [ -77.080660230389711, -12.072790476036364, 0.0 ], [ -77.080739616315952, -12.07277052903493, 0.0 ], [ -77.08074152089263, -12.072769888601089, 0.0 ], [ -77.08074337624366, -12.072769120851099, 0.0 ], [ -77.080745173595346, -12.072768229418735, 0.0 ], [ -77.080746904448375, -12.072767218528433, 0.0 ], [ -77.080748560617536, -12.072766092953966, 0.0 ], [ -77.080750134271014, -12.072764858015912, 0.0 ], [ -77.080751617967195, -12.072763519557709, 0.0 ], [ -77.080753004689882, -12.072762083910899, 0.0 ], [ -77.08075428788112, -12.07276055785611, 0.0 ], [ -77.08075546147316, -12.072758948618493, 0.0 ], [ -77.080756519916051, -12.072757263807196, 0.0 ], [ -77.080757458204502, -12.072755511384988, 0.0 ], [ -77.080758271901487, -12.072753699637913, 0.0 ], [ -77.080758957159205, -12.072751837140666, 0.0 ], [ -77.080759510736996, -12.072749932696116, 0.0 ], [ -77.080759930017024, -12.072747995309328, 0.0 ], [ -77.080760213016632, -12.072746034144396, 0.0 ], [ -77.080760358397583, -12.072744058472626, 0.0 ], [ -77.080760365472614, -12.072742077644488, 0.0 ], [ -77.080760234207801, -12.072740101018537, 0.0 ], [ -77.08075996522399, -12.072738137942764, 0.0 ], [ -77.080723441368249, -12.072705217714951, 0.0 ], [ -77.080618148353452, -12.072609967335325, 0.0 ], [ -77.080613872251419, -12.072606486885952, 0.0 ], [ -77.080609433158045, -12.072603210053288, 0.0 ], [ -77.080604841074347, -12.072600144228705, 0.0 ], [ -77.080600106346481, -12.072597296314159, 0.0 ], [ -77.080595239641596, -12.072594672728735, 0.0 ], [ -77.08059025192378, -12.072592279382967, 0.0 ], [ -77.080585154430352, -12.072590121663302, 0.0 ], [ -77.080576440757426, -12.072586479491653, 0.0 ], [ -77.080573976253106, -12.07258552679599, 0.0 ], [ -77.080571455229347, -12.072584730121218, 0.0 ], [ -77.08056888787138, -12.072584092687464, 0.0 ], [ -77.080566284552262, -12.072583617065391, 0.0 ], [ -77.080563655790172, -12.072583305182459, 0.0 ], [ -77.080561012205877, -12.072583158299528, 0.0 ], [ -77.080558364480368, -12.072583177006866, 0.0 ], [ -77.080555723310894, -12.072583361222323, 0.0 ], [ -77.080553099368885, -12.072583710217007, 0.0 ], [ -77.080443426946118, -12.072607108561165, 0.0 ], [ -77.080443423688891, -12.072607094036703, 0.0 ], [ -77.080442706249897, -12.072607249662692, 0.0 ], [ -77.08045209269433, -12.072648709785465, 0.0 ], [ -77.080452810103793, -12.072648554165852, 0.0 ], [ -77.0804534092387, -12.072651200556646, 0.0 ], [ -77.080452691829223, -12.072651356176268, 0.0 ], [ -77.080462058306651, -12.072692728085061, 0.0 ], [ -77.080462775716214, -12.0726925724654, 0.0 ], [ -77.080463394822544, -12.072695307069134, 0.0 ] ], [ [ -77.080592097099469, -12.072730148857021, 0.0 ], [ -77.080589967885246, -12.072683306144045, 0.0 ], [ -77.080628027589526, -12.072677450804932, 0.0 ], [ -77.080640270571323, -12.072721632000114, 0.0 ], [ -77.080592097099469, -12.072730148857021, 0.0 ] ] ] ] } },
{ "type": "Feature", "properties": { "Nombre": null, "Perimetro": 689.454, "Área": 5101.228, "Uso": "Áreas de uso administrativo", "Proy riego": "Por validar con unidad", "Riego act": "Sin riego tecnificado", "Referenc_1": null, "código": null, "ID": null }, "geometry": { "type": "MultiPolygon", "coordinates": [ [ [ [ -77.080965169746818, -12.073309571693555, 0.0 ], [ -77.080987697247821, -12.073307945997607, 0.0 ], [ -77.080998844877186, -12.073308178239886, 0.0 ], [ -77.081007707537793, -12.073315977381339, 0.0 ], [ -77.081010738095372, -12.07331572034359, 0.0 ], [ -77.081011723646625, -12.073326975625237, 0.0 ], [ -77.081012317549906, -12.073333733194866, 0.0 ], [ -77.08107148666501, -12.073329285311051, 0.0 ], [ -77.081069446529852, -12.073313984296846, 0.0 ], [ -77.081082965287806, -12.073315915548235, 0.0 ], [ -77.081082890132976, -12.073314650920102, 0.0 ], [ -77.081096534998778, -12.073313625200656, 0.0 ], [ -77.081097350112884, -12.073327341089891, 0.0 ], [ -77.081099333958434, -12.073360723156251, 0.0 ], [ -77.081144027527344, -12.073382334640888, 0.0 ], [ -77.081181387308064, -12.073388301825949, 0.0 ], [ -77.08124455720781, -12.073392946671527, 0.0 ], [ -77.081262672105524, -12.073387372856848, 0.0 ], [ -77.081311907468546, -12.073380870073043, 0.0 ], [ -77.081349530717659, -12.073372509351012, 0.0 ], [ -77.081361523660121, -12.073372775861039, 0.0 ], [ -77.081370491659143, -12.073369758732113, 0.0 ], [ -77.081375270732309, -12.073368150895064, 0.0 ], [ -77.081376828999637, -12.073372593190664, 0.0 ], [ -77.081372049926415, -12.073374201027754, 0.0 ], [ -77.081385511185275, -12.073412576266193, 0.0 ], [ -77.081318777930065, -12.073435027515638, 0.0 ], [ -77.0813222478467, -12.073444919527672, 0.0 ], [ -77.081270199372469, -12.073462430323932, 0.0 ], [ -77.081244131686105, -12.073471200335497, 0.0 ], [ -77.081249825441958, -12.073487432061905, 0.0 ], [ -77.081279837495515, -12.073485340945517, 0.0 ], [ -77.081316410260229, -12.073482840823091, 0.0 ], [ -77.081347211705463, -12.073479588445858, 0.0 ], [ -77.081375659551497, -12.073476565423586, 0.0 ], [ -77.081390916135888, -12.073474415285963, 0.0 ], [ -77.081420615592307, -12.073469317910812, 0.0 ], [ -77.081462052722458, -12.073461937308826, 0.0 ], [ -77.081496101335446, -12.073454637963424, 0.0 ], [ -77.081524813257914, -12.073447176205368, 0.0 ], [ -77.081517397649947, -12.073426035896272, 0.0 ], [ -77.081431379150629, -12.073454990969072, 0.0 ], [ -77.081431320257039, -12.073454681340612, 0.0 ], [ -77.081431239933949, -12.073454376424195, 0.0 ], [ -77.081431138558955, -12.073454077634061, 0.0 ], [ -77.081431016609301, -12.073453786395266, 0.0 ], [ -77.081430874658793, -12.073453504063188, 0.0 ], [ -77.081430713375312, -12.07345323197743, 0.0 ], [ -77.081430533517917, -12.073452971416561, 0.0 ], [ -77.08143033593295, -12.073452723602484, 0.0 ], [ -77.081430121550227, -12.073452489700447, 0.0 ], [ -77.081429891378548, -12.07345227081478, 0.0 ], [ -77.081429646500865, -12.073452067975992, 0.0 ], [ -77.081429388069779, -12.073451882136492, 0.0 ], [ -77.081429117301127, -12.073451714170655, 0.0 ], [ -77.081428835469268, -12.073451564870528, 0.0 ], [ -77.081428543900259, -12.073451434941575, 0.0 ], [ -77.081428243966201, -12.073451324985495, 0.0 ], [ -77.081427937078701, -12.073451235530431, 0.0 ], [ -77.081427624681439, -12.073451166987914, 0.0 ], [ -77.081427308244827, -12.073451119687405, 0.0 ], [ -77.081426989257892, -12.073451093850478, 0.0 ], [ -77.081426669221415, -12.073451089595194, 0.0 ], [ -77.081426349641788, -12.073451106944761, 0.0 ], [ -77.081426032022492, -12.073451145814664, 0.0 ], [ -77.08142571785848, -12.073451206029956, 0.0 ], [ -77.081425408627837, -12.073451287295143, 0.0 ], [ -77.081425105785797, -12.073451389237336, 0.0 ], [ -77.081424810757397, -12.073451511371816, 0.0 ], [ -77.081424524931165, -12.073451653123637, 0.0 ], [ -77.08142424965196, -12.073451813832, 0.0 ], [ -77.081423986215071, -12.073451992733021, 0.0 ], [ -77.081423735860369, -12.073452188989998, 0.0 ], [ -77.081423499765705, -12.073452401676166, 0.0 ], [ -77.081423279042312, -12.07345262979201, 0.0 ], [ -77.081423074728704, -12.073452872265294, 0.0 ], [ -77.081422887786374, -12.073453127951092, 0.0 ], [ -77.081422719094988, -12.073453395653376, 0.0 ], [ -77.081422569448421, -12.073453674103499, 0.0 ], [ -77.081422439550764, -12.073453961999006, 0.0 ], [ -77.081422330013268, -12.073454257977808, 0.0 ], [ -77.081422241351589, -12.073454560656975, 0.0 ], [ -77.081422173982631, -12.073454868602603, 0.0 ], [ -77.08142212822365, -12.073455180368617, 0.0 ], [ -77.081422104289814, -12.073455494488138, 0.0 ], [ -77.081422102293956, -12.073455809486445, 0.0 ], [ -77.081422122245399, -12.073456123876666, 0.0 ], [ -77.081422164050053, -12.07345643618131, 0.0 ], [ -77.081422227511453, -12.073456744927972, 0.0 ], [ -77.081422312330758, -12.073457048670869, 0.0 ], [ -77.081422418108971, -12.073457345975733, 0.0 ], [ -77.081422544348356, -12.073457635439214, 0.0 ], [ -77.0814226904549, -12.073457915708177, 0.0 ], [ -77.081414349306783, -12.073460723457478, 0.0 ], [ -77.081374488413076, -12.073347088399915, 0.0 ], [ -77.081398454316059, -12.073338973363496, 0.0 ], [ -77.081381253514394, -12.073289937453291, 0.0 ], [ -77.081391113766273, -12.073286598696946, 0.0 ], [ -77.081391863218585, -12.073286223483182, 0.0 ], [ -77.081392584938683, -12.073285798857842, 0.0 ], [ -77.081393275569042, -12.073285326801084, 0.0 ], [ -77.081393931896969, -12.073284809506793, 0.0 ], [ -77.081394550868936, -12.073284249387486, 0.0 ], [ -77.08139512960507, -12.073283649041848, 0.0 ], [ -77.081395665413353, -12.073283011265396, 0.0 ], [ -77.081396155800789, -12.073282339028843, 0.0 ], [ -77.081396598486037, -12.073281635452156, 0.0 ], [ -77.08139699140952, -12.073280903813114, 0.0 ], [ -77.081397332743506, -12.073280147517025, 0.0 ], [ -77.081397620899892, -12.073279370079469, 0.0 ], [ -77.081397854537983, -12.073278575117598, 0.0 ], [ -77.081398032571073, -12.07327776632855, 0.0 ], [ -77.081398154170714, -12.073276947480792, 0.0 ], [ -77.081398218771156, -12.073276122375304, 0.0 ], [ -77.081398226072182, -12.073275294858483, 0.0 ], [ -77.081398176039428, -12.073274468774736, 0.0 ], [ -77.081398068905983, -12.073273647970778, 0.0 ], [ -77.081397905169965, -12.073272836261181, 0.0 ], [ -77.081397685593359, -12.073272037428367, 0.0 ], [ -77.081397411197614, -12.073271255183869, 0.0 ], [ -77.081397083259318, -12.073270493164049, 0.0 ], [ -77.081396703304037, -12.073269754921512, 0.0 ], [ -77.081396273099386, -12.073269043886407, 0.0 ], [ -77.081395794646923, -12.073268363370746, 0.0 ], [ -77.081395270172521, -12.073267716534053, 0.0 ], [ -77.081394702116, -12.073267106387705, 0.0 ], [ -77.081394093120323, -12.073266535773499, 0.0 ], [ -77.081393446018566, -12.073266007342182, 0.0 ], [ -77.081392763821128, -12.073265523553557, 0.0 ], [ -77.081392049701918, -12.073265086659333, 0.0 ], [ -77.081391306983207, -12.073264698694643, 0.0 ], [ -77.081390539120079, -12.073264361456591, 0.0 ], [ -77.081389749685144, -12.073264076521614, 0.0 ], [ -77.081388942350813, -12.073263845206828, 0.0 ], [ -77.081388120873072, -12.073263668600315, 0.0 ], [ -77.081387289073675, -12.073263547513859, 0.0 ], [ -77.081386450822293, -12.073263482513225, 0.0 ], [ -77.08138561001887, -12.073263473905383, 0.0 ], [ -77.081384770574928, -12.073263521723547, 0.0 ], [ -77.081383936395568, -12.073263625751062, 0.0 ], [ -77.081383111361788, -12.07326378549917, 0.0 ], [ -77.081373251058423, -12.073267124023545, 0.0 ], [ -77.081365010310321, -12.073243631205903, 0.0 ], [ -77.081487445593908, -12.07320217656782, 0.0 ], [ -77.081482531335624, -12.073188452945928, 0.0 ], [ -77.081508581404179, -12.073179632799521, 0.0 ], [ -77.08158123714675, -12.073386749616647, 0.0 ], [ -77.081604522908577, -12.073378911503042, 0.0 ], [ -77.081618277585164, -12.073418123104931, 0.0 ], [ -77.08163617636275, -12.073412098105875, 0.0 ], [ -77.081548844319059, -12.073163133161133, 0.0 ], [ -77.081565863693797, -12.073157370662143, 0.0 ], [ -77.081568800292118, -12.073165742283395, 0.0 ], [ -77.08160233171742, -12.073154388258082, 0.0 ], [ -77.081602630874016, -12.07315524401959, 0.0 ], [ -77.081709429166366, -12.073119079874076, 0.0 ], [ -77.081709103169928, -12.073118147336002, 0.0 ], [ -77.081763810937602, -12.073099613262306, 0.0 ], [ -77.08176416959509, -12.073100638702089, 0.0 ], [ -77.081865852176477, -12.073066209156556, 0.0 ], [ -77.081900851032287, -12.072995830360387, 0.0 ], [ -77.081912726981784, -12.07300151627194, 0.0 ], [ -77.081928336073659, -12.072970754980608, 0.0 ], [ -77.08194060338684, -12.072946579425178, 0.0 ], [ -77.081951731515673, -12.072951994897357, 0.0 ], [ -77.082029121808404, -12.07279729658409, 0.0 ], [ -77.08198482407326, -12.072744453587131, 0.0 ], [ -77.081593999226016, -12.072845235500447, 0.0 ], [ -77.081322001169383, -12.072916651052527, 0.0 ], [ -77.081056320086645, -12.072983542939598, 0.0 ], [ -77.080844868246615, -12.073035293562723, 0.0 ], [ -77.080741408233735, -12.07306557633968, 0.0 ], [ -77.080707761041907, -12.073067480071133, 0.0 ], [ -77.080713265416023, -12.073140155411899, 0.0 ], [ -77.080724797595664, -12.073278566688218, 0.0 ], [ -77.080742074077477, -12.073276460845968, 0.0 ], [ -77.080740632215438, -12.073268121505896, 0.0 ], [ -77.080824279310534, -12.073254112896812, 0.0 ], [ -77.080830068663147, -12.073287596883183, 0.0 ], [ -77.080833095309757, -12.073287195207898, 0.0 ], [ -77.080848527822937, -12.073286352036048, 0.0 ], [ -77.08085009937551, -12.073295535894438, 0.0 ], [ -77.080838370132682, -12.07329902806433, 0.0 ], [ -77.080832223098255, -12.073300057526296, 0.0 ], [ -77.080838220386354, -12.0733347441347, 0.0 ], [ -77.080754573268337, -12.073348752751903, 0.0 ], [ -77.080753079033357, -12.073340110507967, 0.0 ], [ -77.080730039670811, -12.073343968969882, 0.0 ], [ -77.080730960339991, -12.073354534674342, 0.0 ], [ -77.080734732614303, -12.073354216283954, 0.0 ], [ -77.080753050893847, -12.073352918255807, 0.0 ], [ -77.080754237801287, -12.07336914394298, 0.0 ], [ -77.080773014038542, -12.07336781346263, 0.0 ], [ -77.080771813942135, -12.073351407490328, 0.0 ], [ -77.080782804909433, -12.073350628672143, 0.0 ], [ -77.080784216012603, -12.073369919210826, 0.0 ], [ -77.080860236871359, -12.07336453237221, 0.0 ], [ -77.080858825762903, -12.073345241834799, 0.0 ], [ -77.080872564470667, -12.073344268307819, 0.0 ], [ -77.08087547740179, -12.073384089455983, 0.0 ], [ -77.080919476908306, -12.073380733397075, 0.0 ], [ -77.080917898979862, -12.07336069529771, 0.0 ], [ -77.080916622117869, -12.073346113109194, 0.0 ], [ -77.080909896084549, -12.073346265973553, 0.0 ], [ -77.080907109177204, -12.073345801488994, 0.0 ], [ -77.080901070877971, -12.073345569246722, 0.0 ], [ -77.080902696573915, -12.073337673009256, 0.0 ], [ -77.080897587243797, -12.073331634710023, 0.0 ], [ -77.080889923248606, -12.073327454349005, 0.0 ], [ -77.08089340688278, -12.073319325869264, 0.0 ], [ -77.080900141908856, -12.07332048708065, 0.0 ], [ -77.080899212939741, -12.073315377750529, 0.0 ], [ -77.080882259253414, -12.073305391332543, 0.0 ], [ -77.080879007861512, -12.073307249270783, 0.0 ], [ -77.080869950412662, -12.073303997878879, 0.0 ], [ -77.080868324716704, -12.073312126358623, 0.0 ], [ -77.080860196236955, -12.073320951565215, 0.0 ], [ -77.080858802783297, -12.073319558111541, 0.0 ], [ -77.080861821932913, -12.073298656306479, 0.0 ], [ -77.080868092474432, -12.073276825532291, 0.0 ], [ -77.080877149923282, -12.073277057774582, 0.0 ], [ -77.080887600825818, -12.073281702620156, 0.0 ], [ -77.080887600825818, -12.073297030610519, 0.0 ], [ -77.080908270388605, -12.073306552543935, 0.0 ], [ -77.08091198626505, -12.073316771204196, 0.0 ], [ -77.080934281523781, -12.073313287570009, 0.0 ], [ -77.080948448302763, -12.073316771204198, 0.0 ], [ -77.080948216379156, -12.073321023137098, 0.0 ], [ -77.080954604480468, -12.073320481329478, 0.0 ], [ -77.080955880055683, -12.073316306719644, 0.0 ], [ -77.080965169746818, -12.073309571693555, 0.0 ] ], [ [ -77.081339312057423, -12.073331170225451, 0.0 ], [ -77.081294721539962, -12.073349749607734, 0.0 ], [ -77.081271497312116, -12.073352536515083, 0.0 ], [ -77.081245486176925, -12.073275432078624, 0.0 ], [ -77.081260349682751, -12.073251278881667, 0.0 ], [ -77.081307727107557, -12.073254065789015, 0.0 ], [ -77.081339312057423, -12.073331170225451, 0.0 ] ], [ [ -77.080825127652915, -12.073235486406741, 0.0 ], [ -77.080819553838225, -12.0732359508913, 0.0 ], [ -77.080780537135453, -12.073237344344971, 0.0 ], [ -77.08075127460836, -12.073228983622943, 0.0 ], [ -77.080742449401782, -12.073213655632562, 0.0 ], [ -77.080738269040779, -12.073175567898907, 0.0 ], [ -77.080787504403801, -12.073171852022442, 0.0 ], [ -77.080821411776455, -12.073188108981944, 0.0 ], [ -77.080825127652915, -12.073235486406741, 0.0 ] ], [ [ -77.080790755795718, -12.073145840887268, 0.0 ], [ -77.08076799605243, -12.073140731557142, 0.0 ], [ -77.080758706361294, -12.073115649391072, 0.0 ], [ -77.080787968888373, -12.073115649391067, 0.0 ], [ -77.080790755795718, -12.073145840887268, 0.0 ] ], [ [ -77.080893406882808, -12.073056427610064, 0.0 ], [ -77.080894103609637, -12.073079884080185, 0.0 ], [ -77.08085601587598, -12.073079651837904, 0.0 ], [ -77.080846029458002, -12.073074542507777, 0.0 ], [ -77.080841152370155, -12.073042028588802, 0.0 ], [ -77.080845332731172, -12.073036454774117, 0.0 ], [ -77.080858570541039, -12.073034132351328, 0.0 ], [ -77.080888994279519, -12.07303436459361, 0.0 ], [ -77.080893406882808, -12.073056427610064, 0.0 ] ] ] ] } },
{ "type": "Feature", "properties": { "Nombre": null, "Perimetro": 123.799, "Área": 84.53, "Uso": "Áreas de uso administrativo", "Proy riego": "Por validar con unidad", "Riego act": "Sin riego tecnificado", "Referenc_1": null, "código": null, "ID": null }, "geometry": { "type": "MultiPolygon", "coordinates": [ [ [ [ -77.081504865140502, -12.072543140952313, 0.0 ], [ -77.081157501602007, -12.072640780974549, 0.0 ], [ -77.081168352076375, -12.07264990719608, 0.0 ], [ -77.081240887710848, -12.072630007918454, 0.0 ], [ -77.081252652595609, -12.072626780362057, 0.0 ], [ -77.08150924283261, -12.072556387741054, 0.0 ], [ -77.081520049963743, -12.072553332576259, 0.0 ], [ -77.081693234008512, -12.072505876698699, 0.0 ], [ -77.081694357611141, -12.072489942428797, 0.0 ], [ -77.081690909653233, -12.072493443879655, 0.0 ], [ -77.081538743294942, -12.072535871135917, 0.0 ], [ -77.081538195774684, -12.072533950432991, 0.0 ], [ -77.081504680228448, -12.072542509512378, 0.0 ], [ -77.081504865140502, -12.072543140952313, 0.0 ] ] ] ] } },
{ "type": "Feature", "properties": { "Nombre": null, "Perimetro": 42.65, "Área": 38.175, "Uso": "Áreas de manejo sostenible y reducción de consumo de agua", "Proy riego": "Goteo", "Riego act": "Sin riego tecnificado", "Referenc_1": null, "código": null, "ID": null }, "geometry": { "type": "MultiPolygon", "coordinates": [ [ [ [ -77.078977337031446, -12.071328583633361, 0.0 ], [ -77.078981244047057, -12.071345689861607, 0.0 ], [ -77.078966000952235, -12.071349005072628, 0.0 ], [ -77.078970854512733, -12.071370255593479, 0.0 ], [ -77.078995512461717, -12.071364892750992, 0.0 ], [ -77.078992088787018, -12.071349902757568, 0.0 ], [ -77.07901217380531, -12.071345534477517, 0.0 ], [ -77.079015597480989, -12.071360524470538, 0.0 ], [ -77.079040434758056, -12.071355122621844, 0.0 ], [ -77.079035581192983, -12.07133387210299, 0.0 ], [ -77.079020248434475, -12.07133720681809, 0.0 ], [ -77.07901634141669, -12.071320100590764, 0.0 ], [ -77.079031674174544, -12.071316765875995, 0.0 ], [ -77.079026820611332, -12.07129551535669, 0.0 ], [ -77.079002252334121, -12.071300858699731, 0.0 ], [ -77.079005676008293, -12.071315848693088, 0.0 ], [ -77.078985411661435, -12.071320255974808, 0.0 ], [ -77.078981987988257, -12.071305265981048, 0.0 ], [ -77.078957240378813, -12.071310648322729, 0.0 ], [ -77.078962093937463, -12.071331898844033, 0.0 ], [ -77.078977337031446, -12.071328583633361, 0.0 ] ] ] ] } },
{ "type": "Feature", "properties": { "Nombre": null, "Perimetro": 96.367, "Área": 118.326, "Uso": "Áreas de manejo sostenible y reducción de consumo de agua", "Proy riego": "Goteo", "Riego act": "Sin riego tecnificado", "Referenc_1": null, "código": null, "ID": null }, "geometry": { "type": "MultiPolygon", "coordinates": [ [ [ [ -77.079166517026422, -12.071370234711916, 0.0 ], [ -77.079167680882605, -12.071369987118626, 0.0 ], [ -77.079170524279391, -12.071380801230418, 0.0 ], [ -77.079185675241561, -12.071389918330938, 0.0 ], [ -77.079513270852289, -12.071344114198213, 0.0 ], [ -77.079509565326887, -12.071317158002417, 0.0 ], [ -77.079174766391489, -12.07136441939465, 0.0 ], [ -77.079171584971888, -12.071364868493038, 0.0 ], [ -77.079161652595502, -12.071297134104283, 0.0 ], [ -77.07915080523334, -12.071298695470464, 0.0 ], [ -77.079166517026422, -12.071370234711916, 0.0 ] ] ] ] } },
{ "type": "Feature", "properties": { "Nombre": null, "Perimetro": 30.063, "Área": 28.636, "Uso": "Áreas de manejo sostenible y reducción de consumo de agua", "Proy riego": "Goteo", "Riego act": "Sin riego tecnificado", "Referenc_1": null, "código": null, "ID": null }, "geometry": { "type": "MultiPolygon", "coordinates": [ [ [ [ -77.078861649403891, -12.07151185099455, 0.0 ], [ -77.078863696860651, -12.071521124068862, 0.0 ], [ -77.078876859087217, -12.071580736688356, 0.0 ], [ -77.07888036901565, -12.071596633386584, 0.0 ], [ -77.078880807756448, -12.07159862047391, 0.0 ], [ -77.078901568552851, -12.071594120774225, 0.0 ], [ -77.078876764966523, -12.071481783672043, 0.0 ], [ -77.078861878180916, -12.071485010236382, 0.0 ], [ -77.07886382814695, -12.071493841769998, 0.0 ], [ -77.07885862673966, -12.071494969123693, 0.0 ], [ -77.078862322406806, -12.071511707059866, 0.0 ], [ -77.078861649403891, -12.07151185099455, 0.0 ] ] ] ] } },
{ "type": "Feature", "properties": { "Nombre": null, "Perimetro": 71.647, "Área": 240.37, "Uso": "Áreas de uso administrativo", "Proy riego": "Por validar con unidad", "Riego act": "Sin riego tecnificado", "Referenc_1": null, "código": "E 38", "ID": null }, "geometry": { "type": "MultiPolygon", "coordinates": [ [ [ [ -77.07894991946462, -12.071659688949619, 0.0 ], [ -77.078957886799571, -12.071695084849157, 0.0 ], [ -77.07894350975215, -12.071698292853974, 0.0 ], [ -77.078953596449438, -12.071743104281515, 0.0 ], [ -77.079125522233639, -12.071707743372038, 0.0 ], [ -77.079105862696593, -12.0716145435016, 0.0 ], [ -77.079100655961668, -12.071615657067108, 0.0 ], [ -77.079100853349445, -12.07161673966695, 0.0 ], [ -77.079100979480998, -12.071617832531473, 0.0 ], [ -77.079101033832742, -12.071618931121103, 0.0 ], [ -77.079101016178768, -12.071620030875824, 0.0 ], [ -77.079100926592488, -12.071621127229074, 0.0 ], [ -77.079100765445716, -12.071622215627139, 0.0 ], [ -77.07910053340791, -12.071623291548571, 0.0 ], [ -77.079100231442425, -12.071624350530048, 0.0 ], [ -77.079099860803268, -12.071625388170721, 0.0 ], [ -77.079099423029319, -12.071626400162435, 0.0 ], [ -77.079098919938659, -12.071627382306987, 0.0 ], [ -77.079098353620083, -12.071628330520509, 0.0 ], [ -77.079097726425474, -12.071629240868011, 0.0 ], [ -77.079097040959113, -12.071630109567762, 0.0 ], [ -77.079096300067462, -12.071630933015056, 0.0 ], [ -77.079095506826903, -12.071631707784485, 0.0 ], [ -77.07909466453161, -12.071632430669172, 0.0 ], [ -77.079093654905876, -12.071633166379016, 0.0 ], [ -77.079092597186829, -12.071633833441233, 0.0 ], [ -77.079091496185697, -12.071634428809251, 0.0 ], [ -77.079090356911152, -12.07163494978016, 0.0 ], [ -77.079089184545865, -12.071635393985902, 0.0 ], [ -77.079087984422969, -12.071635759404211, 0.0 ], [ -77.079086762001793, -12.071636044369574, 0.0 ], [ -77.07908552284357, -12.071636247586353, 0.0 ], [ -77.079084272584979, -12.071636368137568, 0.0 ], [ -77.079083016913643, -12.071636405463581, 0.0 ], [ -77.079081761541758, -12.071636359405346, 0.0 ], [ -77.079080512179857, -12.071636230161532, 0.0 ], [ -77.07907927451177, -12.071636018327478, 0.0 ], [ -77.079078054167468, -12.071635724869576, 0.0 ], [ -77.07907685669845, -12.071635351112478, 0.0 ], [ -77.079075687552177, -12.07163489876517, 0.0 ], [ -77.079074552047103, -12.071634369882382, 0.0 ], [ -77.079073455348549, -12.071633766869052, 0.0 ], [ -77.079072402445746, -12.071633092467588, 0.0 ], [ -77.07907139812832, -12.071632349753731, 0.0 ], [ -77.079070446964892, -12.071631542093614, 0.0 ], [ -77.079069553282494, -12.07163067316977, 0.0 ], [ -77.079068721146569, -12.071629746933885, 0.0 ], [ -77.079067954342577, -12.071628767602631, 0.0 ], [ -77.079067256358613, -12.071627739623294, 0.0 ], [ -77.079066630369823, -12.071626667673922, 0.0 ], [ -77.079066079224148, -12.071625556635393, 0.0 ], [ -77.079065605428539, -12.071624411559213, 0.0 ], [ -77.079065211138555, -12.071623237656173, 0.0 ], [ -77.079060025659786, -12.07159975235931, 0.0 ], [ -77.079057605190172, -12.07160028112837, 0.0 ], [ -77.079055811203744, -12.07159215607099, 0.0 ], [ -77.0789260022988, -12.07162051372919, 0.0 ], [ -77.078935449993452, -12.071662486342023, 0.0 ], [ -77.07894991946462, -12.071659688949619, 0.0 ] ] ] ] } },
{ "type": "Feature", "properties": { "Nombre": null, "Perimetro": 165.172, "Área": 697.975, "Uso": "Áreas de uso recreativo/descanso", "Proy riego": "Falta aspersión", "Riego act": "Sin riego tecnificado", "Referenc_1": null, "código": "H 1", "ID": null }, "geometry": { "type": "MultiPolygon", "coordinates": [ [ [ [ -77.078959310914669, -12.071769627507663, 0.0 ], [ -77.079044704182962, -12.072153197062272, 0.0 ], [ -77.079049917351554, -12.072152122564754, 0.0 ], [ -77.079050978714932, -12.072156889987411, 0.0 ], [ -77.079235600951861, -12.072118837029377, 0.0 ], [ -77.079262430370505, -12.072113307139043, 0.0 ], [ -77.079262203239267, -12.072112243297459, 0.0 ], [ -77.079267674201532, -12.072103994068744, 0.0 ], [ -77.079277239467672, -12.072102015949376, 0.0 ], [ -77.079275836882957, -12.07209542371044, 0.0 ], [ -77.079262040560963, -12.072098267311988, 0.0 ], [ -77.079262736919304, -12.072101540242036, 0.0 ], [ -77.07926004056965, -12.072102095994715, 0.0 ], [ -77.079259344211337, -12.072098823064653, 0.0 ], [ -77.07922235029298, -12.072106447988833, 0.0 ], [ -77.079221794945028, -12.072103837815069, 0.0 ], [ -77.079223917159794, -12.072103449824599, 0.0 ], [ -77.079215069244981, -12.072061864004647, 0.0 ], [ -77.079212901877014, -12.072062260250124, 0.0 ], [ -77.079212337116644, -12.072059605836033, 0.0 ], [ -77.079214504484597, -12.072059209590583, 0.0 ], [ -77.079205630246292, -12.072017500028567, 0.0 ], [ -77.079163426242189, -12.072026389167682, 0.0 ], [ -77.079163877937503, -12.072028512170302, 0.0 ], [ -77.079161184147196, -12.072029079949457, 0.0 ], [ -77.079160732369459, -12.072026956559331, 0.0 ], [ -77.079140079344654, -12.072031306561225, 0.0 ], [ -77.079148548630428, -12.072071112861302, 0.0 ], [ -77.079136515996595, -12.072073647210207, 0.0 ], [ -77.079128046712384, -12.072033840909494, 0.0 ], [ -77.079118438565516, -12.072035864605148, 0.0 ], [ -77.079118890260517, -12.072037987607896, 0.0 ], [ -77.079116196387503, -12.072038554999162, 0.0 ], [ -77.079102005641445, -12.071971857328098, 0.0 ], [ -77.079104697566862, -12.071971290347165, 0.0 ], [ -77.07910516061888, -12.071973457169126, 0.0 ], [ -77.079147544209889, -12.07196453021378, 0.0 ], [ -77.079128713104922, -12.071876443665223, 0.0 ], [ -77.079126558015915, -12.071876897576388, 0.0 ], [ -77.079125989247828, -12.071874237039783, 0.0 ], [ -77.079113678339709, -12.07187678628928, 0.0 ], [ -77.079108800435932, -12.071853968824211, 0.0 ], [ -77.079123267998369, -12.071850972991243, 0.0 ], [ -77.07910023439608, -12.071743228213906, 0.0 ], [ -77.079098077124783, -12.071743671912078, 0.0 ], [ -77.079097547739948, -12.071741195595653, 0.0 ], [ -77.078959310914669, -12.071769627507663, 0.0 ] ] ] ] } },
{ "type": "Feature", "properties": { "Nombre": null, "Perimetro": 93.981, "Área": 162.473, "Uso": "Áreas de uso administrativo", "Proy riego": "Por validar con unidad", "Riego act": "Sin riego tecnificado", "Referenc_1": null, "código": null, "ID": null }, "geometry": { "type": "MultiPolygon", "coordinates": [ [ [ [ -77.078958124547398, -12.072584055378599, 0.0 ], [ -77.07860387277627, -12.072660644088637, 0.0 ], [ -77.078598990208135, -12.072668867274491, 0.0 ], [ -77.078616126115719, -12.072676549040956, 0.0 ], [ -77.078613884171077, -12.072680324908228, 0.0 ], [ -77.078614110361187, -12.072680453966163, 0.0 ], [ -77.078624821621432, -12.072678146825957, 0.0 ], [ -77.078627570162084, -12.072690506936679, 0.0 ], [ -77.078631784078127, -12.072689599284681, 0.0 ], [ -77.078635920273186, -12.0726930411724, 0.0 ], [ -77.078661393034338, -12.072687534012047, 0.0 ], [ -77.078660440598568, -12.07268342684184, 0.0 ], [ -77.078663490695874, -12.072682769868962, 0.0 ], [ -77.078664442590153, -12.072686874703976, 0.0 ], [ -77.078706060055723, -12.07267787708482, 0.0 ], [ -77.078705115551045, -12.07267380411848, 0.0 ], [ -77.078708165648038, -12.072673147145146, 0.0 ], [ -77.078709109611239, -12.072677217776297, 0.0 ], [ -77.078750727072745, -12.072668220150936, 0.0 ], [ -77.078749790499174, -12.072664181388458, 0.0 ], [ -77.078752840595868, -12.07266352441467, 0.0 ], [ -77.078753776627963, -12.072667560841943, 0.0 ], [ -77.078795394085418, -12.072658563210378, 0.0 ], [ -77.07879446544294, -12.072654558651772, 0.0 ], [ -77.07879751553935, -12.07265390167753, 0.0 ], [ -77.078798443640338, -12.072657903900948, 0.0 ], [ -77.078840061093715, -12.072648906263179, 0.0 ], [ -77.078839140382357, -12.072644935908425, 0.0 ], [ -77.078842190478454, -12.072644278933726, 0.0 ], [ -77.078843110648336, -12.072648246953294, 0.0 ], [ -77.078884728097663, -12.072639249309328, 0.0 ], [ -77.07888380280238, -12.072635259190271, 0.0 ], [ -77.078886851888754, -12.072634597862177, 0.0 ], [ -77.078887777651985, -12.072638589998986, 0.0 ], [ -77.078929395097234, -12.072629592348814, 0.0 ], [ -77.078928462947843, -12.072625572675728, 0.0 ], [ -77.078931512033918, -12.07262491134718, 0.0 ], [ -77.078932444651272, -12.072628933038001, 0.0 ], [ -77.078957738010374, -12.072623464635472, 0.0 ], [ -77.078960438913413, -12.072618637278175, 0.0 ], [ -77.078965389110735, -12.072617563609345, 0.0 ], [ -77.078958124547398, -12.072584055378599, 0.0 ] ] ] ] } },
{ "type": "Feature", "properties": { "Nombre": null, "Perimetro": 327.717, "Área": 464.726, "Uso": "Áreas de manejo sostenible y reducción de consumo de agua", "Proy riego": "Goteo", "Riego act": "Sin riego tecnificado", "Referenc_1": null, "código": null, "ID": null }, "geometry": { "type": "MultiPolygon", "coordinates": [ [ [ [ -77.079280193014782, -12.072947914429315, 0.0 ], [ -77.079305164123767, -12.073058232031844, 0.0 ], [ -77.079330062132371, -12.073052700824979, 0.0 ], [ -77.079304748913671, -12.072942511575693, 0.0 ], [ -77.079280193014782, -12.072947914429315, 0.0 ] ] ], [ [ [ -77.079339901252212, -12.073018896123781, 0.0 ], [ -77.079324469846881, -12.073022210117983, 0.0 ], [ -77.079331810765495, -12.073054165356613, 0.0 ], [ -77.079336499562217, -12.073075313271438, 0.0 ], [ -77.079825092812314, -12.07297038424978, 0.0 ], [ -77.079813270591714, -12.072917236552765, 0.0 ], [ -77.079772718375423, -12.072925945474907, 0.0 ], [ -77.079782223277533, -12.07296867551951, 0.0 ], [ -77.079776032783158, -12.072970004978734, 0.0 ], [ -77.079766527881915, -12.07292727493377, 0.0 ], [ -77.079726155096139, -12.072935945314573, 0.0 ], [ -77.079730848628785, -12.072957045482688, 0.0 ], [ -77.079724658134211, -12.072958374940768, 0.0 ], [ -77.079719964601992, -12.072937274772473, 0.0 ], [ -77.07968981958588, -12.07294374865263, 0.0 ], [ -77.079694532754232, -12.072964937107031, 0.0 ], [ -77.079684753566369, -12.072967037264215, 0.0 ], [ -77.079687070874172, -12.072977454921022, 0.0 ], [ -77.079680880378774, -12.072978784378238, 0.0 ], [ -77.079673849903941, -12.072947178266492, 0.0 ], [ -77.079632400502106, -12.072956079844541, 0.0 ], [ -77.079641905384648, -12.07299880989734, 0.0 ], [ -77.079635714888369, -12.073000139353663, 0.0 ], [ -77.079626210006722, -12.072957409300503, 0.0 ], [ -77.079582069080601, -12.072966888895898, 0.0 ], [ -77.079586782241492, -12.072988077353406, 0.0 ], [ -77.079576733899302, -12.072990235309469, 0.0 ], [ -77.079581466698684, -12.073011512052265, 0.0 ], [ -77.079575165803675, -12.073012865216114, 0.0 ], [ -77.079565719844965, -12.072970400015139, 0.0 ], [ -77.079533242167813, -12.072977374833462, 0.0 ], [ -77.079542727398348, -12.073020016606817, 0.0 ], [ -77.079536447183386, -12.073021365328543, 0.0 ], [ -77.079526961953732, -12.072978723554826, 0.0 ], [ -77.079486499429549, -12.07298741317077, 0.0 ], [ -77.079495984653576, -12.073030054946845, 0.0 ], [ -77.079489704437989, -12.073031403667589, 0.0 ], [ -77.079480219214844, -12.072988761891166, 0.0 ], [ -77.07943975668654, -12.072997451500781, 0.0 ], [ -77.079449241904044, -12.073040093279578, 0.0 ], [ -77.079442961687818, -12.07304144199936, 0.0 ], [ -77.079433476471181, -12.072998800220196, 0.0 ], [ -77.07939283450402, -12.073007528358328, 0.0 ], [ -77.079397586928053, -12.073028893391836, 0.0 ], [ -77.079391396428989, -12.073030222843046, 0.0 ], [ -77.079386644005396, -12.073008857809336, 0.0 ], [ -77.07934618146885, -12.073017547406327, 0.0 ], [ -77.079352799509635, -12.073047299541624, 0.0 ], [ -77.079346519292386, -12.073048648259316, 0.0 ], [ -77.079339901252212, -12.073018896123781, 0.0 ] ] ], [ [ [ -77.079860013296738, -12.072907198164469, 0.0 ], [ -77.079819461084597, -12.072915907092938, 0.0 ], [ -77.079831283306277, -12.0729690547895, 0.0 ], [ -77.079871835525452, -12.072960345858085, 0.0 ], [ -77.079860013296738, -12.072907198164469, 0.0 ] ] ], [ [ [ -77.07987802601879, -12.072959016396844, 0.0 ], [ -77.079918578233858, -12.0729503074591, 0.0 ], [ -77.079906755997015, -12.072897159768878, 0.0 ], [ -77.079866203788981, -12.072905868703657, 0.0 ], [ -77.07987802601879, -12.072959016396844, 0.0 ] ] ], [ [ [ -77.080101631017186, -12.072860766256827, 0.0 ], [ -77.080007859684585, -12.072880904515454, 0.0 ], [ -77.080013810087792, -12.072907654927421, 0.0 ], [ -77.079920055541223, -12.072927789549299, 0.0 ], [ -77.079924768726542, -12.072948977996871, 0.0 ], [ -77.08011214376306, -12.07290873750696, 0.0 ], [ -77.080101631017186, -12.072860766256827, 0.0 ] ] ] ] } },
{ "type": "Feature", "properties": { "Nombre": null, "Perimetro": 121.274, "Área": 407.641, "Uso": "Áreas de uso administrativo", "Proy riego": "Por validar con unidad", "Riego act": "Sin riego tecnificado", "Referenc_1": null, "código": "H 7", "ID": null }, "geometry": { "type": "MultiPolygon", "coordinates": [ [ [ [ -77.079355578038758, -12.072441827030383, 0.0 ], [ -77.079354537201468, -12.072442884483984, 0.0 ], [ -77.079353469370062, -12.072443915542328, 0.0 ], [ -77.079352375235743, -12.07244491953046, 0.0 ], [ -77.079351255506481, -12.072445895807418, 0.0 ], [ -77.079350110906702, -12.07244684373428, 0.0 ], [ -77.079348942177432, -12.072447762695708, 0.0 ], [ -77.07934775007503, -12.072448652106788, 0.0 ], [ -77.079345982588222, -12.072449840110709, 0.0 ], [ -77.079344190893764, -12.072450992455202, 0.0 ], [ -77.079342375733972, -12.072452108662436, 0.0 ], [ -77.079340537861455, -12.072453188272121, 0.0 ], [ -77.079338678037814, -12.072454230834675, 0.0 ], [ -77.079336797034046, -12.072455235911223, 0.0 ], [ -77.079334895629898, -12.072456203096593, 0.0 ], [ -77.079333478223134, -12.072456952285503, 0.0 ], [ -77.079332019226911, -12.072457619667414, 0.0 ], [ -77.079330523509768, -12.072458203023842, 0.0 ], [ -77.079328996062813, -12.072458700410456, 0.0 ], [ -77.079327441983224, -12.072459110168747, 0.0 ], [ -77.079325866456287, -12.072459430926186, 0.0 ], [ -77.079324274739292, -12.072459661611076, 0.0 ], [ -77.079322942774766, -12.072459793079062, 0.0 ], [ -77.079321605858297, -12.072459860028268, 0.0 ], [ -77.079320267214257, -12.072459862299088, 0.0 ], [ -77.079318930071281, -12.072459799882481, 0.0 ], [ -77.079317597654381, -12.072459672935342, 0.0 ], [ -77.079316273177028, -12.072459481754723, 0.0 ], [ -77.079314959833852, -12.072459226811008, 0.0 ], [ -77.079313187987708, -12.072458691531502, 0.0 ], [ -77.07931144490486, -12.072458071494401, 0.0 ], [ -77.079309734768856, -12.072457368178151, 0.0 ], [ -77.079308061684245, -12.072456583273754, 0.0 ], [ -77.079306429666474, -12.072455718673282, 0.0 ], [ -77.079304842632482, -12.072454776435459, 0.0 ], [ -77.079303304391615, -12.072453758836472, 0.0 ], [ -77.079301421423992, -12.072452229353829, 0.0 ], [ -77.079299601981731, -12.072450627119281, 0.0 ], [ -77.079297848964458, -12.07244895469359, 0.0 ], [ -77.079296165166085, -12.072447214742871, 0.0 ], [ -77.079294553269634, -12.072445410039691, 0.0 ], [ -77.079293015843703, -12.072443543458773, 0.0 ], [ -77.079291555338216, -12.072441617971782, 0.0 ], [ -77.079289279391887, -12.072438009522171, 0.0 ], [ -77.079287137555482, -12.072434322414841, 0.0 ], [ -77.079285132631938, -12.072430561465103, 0.0 ], [ -77.079283267245458, -12.072426731607225, 0.0 ], [ -77.079281543837567, -12.072422837852258, 0.0 ], [ -77.079279964663769, -12.072418885288062, 0.0 ], [ -77.079278531790891, -12.072414879095435, 0.0 ], [ -77.07927539240211, -12.072415061661951, 0.0 ], [ -77.079272251586559, -12.072415218673468, 0.0 ], [ -77.079269109558851, -12.072415350107956, 0.0 ], [ -77.079265966534123, -12.072415455965968, 0.0 ], [ -77.07926282272723, -12.07241553623297, 0.0 ], [ -77.079259678353395, -12.072415590905191, 0.0 ], [ -77.079256533627643, -12.072415619982527, 0.0 ], [ -77.079251829098723, -12.072415519367617, 0.0 ], [ -77.079247127615574, -12.072415324765014, 0.0 ], [ -77.079242431116199, -12.072415036249232, 0.0 ], [ -77.079237741537312, -12.072414653945863, 0.0 ], [ -77.079233060812399, -12.072414178008533, 0.0 ], [ -77.079228390871265, -12.072413608627521, 0.0 ], [ -77.079223733639495, -12.072412946050679, 0.0 ], [ -77.079218892679378, -12.072412374000605, 0.0 ], [ -77.079214061791404, -12.072411724694039, 0.0 ], [ -77.079209242248425, -12.072410998298805, 0.0 ], [ -77.079204435320435, -12.072410195010118, 0.0 ], [ -77.079199642273707, -12.072409315038305, 0.0 ], [ -77.07919486437126, -12.072408358608801, 0.0 ], [ -77.079190102872147, -12.072407325985399, 0.0 ], [ -77.079186628046088, -12.072406489758956, 0.0 ], [ -77.079183163655657, -12.072405612596937, 0.0 ], [ -77.079179710198758, -12.072404694618895, 0.0 ], [ -77.079176268171821, -12.07240373596118, 0.0 ], [ -77.079172838069638, -12.072402736766628, 0.0 ], [ -77.0791694203849, -12.072401697167306, 0.0 ], [ -77.079166015609019, -12.07240061732152, 0.0 ], [ -77.079197064772117, -12.072540661138106, 0.0 ], [ -77.079626208389215, -12.072447871502003, 0.0 ], [ -77.079624419661158, -12.072440062324143, 0.0 ], [ -77.079619338991904, -12.072439818034388, 0.0 ], [ -77.079614267482711, -12.072439431061291, 0.0 ], [ -77.079609209269847, -12.07243890170755, 0.0 ], [ -77.079604168479193, -12.072438230409922, 0.0 ], [ -77.079599149221991, -12.07243741771947, 0.0 ], [ -77.079594155592119, -12.072436464288664, 0.0 ], [ -77.079589191662706, -12.072435370910075, 0.0 ], [ -77.079584174757073, -12.072434273915361, 0.0 ], [ -77.079579180809915, -12.072433079752855, 0.0 ], [ -77.079574211763742, -12.072431788890832, 0.0 ], [ -77.079569269551683, -12.072430401829839, 0.0 ], [ -77.079564356096142, -12.07242891911144, 0.0 ], [ -77.079559473308407, -12.072427341309611, 0.0 ], [ -77.079554623087958, -12.072425669038534, 0.0 ], [ -77.07954963926997, -12.072423842217168, 0.0 ], [ -77.07954466372162, -12.072421993694602, 0.0 ], [ -77.079539696540124, -12.072420123496807, 0.0 ], [ -77.079534737823053, -12.072418231672597, 0.0 ], [ -77.079529787667781, -12.07241631825142, 0.0 ], [ -77.079524846171239, -12.072414383273495, 0.0 ], [ -77.079519913430474, -12.072412426775971, 0.0 ], [ -77.07951532794948, -12.072410819174978, 0.0 ], [ -77.079510723499013, -12.072409264985632, 0.0 ], [ -77.079506100721034, -12.072407764415225, 0.0 ], [ -77.079501460260204, -12.072406317676558, 0.0 ], [ -77.079496802763828, -12.072404924975974, 0.0 ], [ -77.079492128881441, -12.072403586500384, 0.0 ], [ -77.079487439264767, -12.072402302441654, 0.0 ], [ -77.079483142278193, -12.072401357240734, 0.0 ], [ -77.079478832457255, -12.072400470451548, 0.0 ], [ -77.079474510620983, -12.072399642228948, 0.0 ], [ -77.079470177591517, -12.072398872745628, 0.0 ], [ -77.079465834192817, -12.072398162137658, 0.0 ], [ -77.079461481250675, -12.072397510543228, 0.0 ], [ -77.079457119592945, -12.072396918088961, 0.0 ], [ -77.079452024822018, -12.072396408244227, 0.0 ], [ -77.079446922527353, -12.07239597740225, 0.0 ], [ -77.079441813973318, -12.072395625662111, 0.0 ], [ -77.079436700426257, -12.072395353115624, 0.0 ], [ -77.079431583153294, -12.072395159835198, 0.0 ], [ -77.079426463422791, -12.072395045856611, 0.0 ], [ -77.079421342503764, -12.072395011220888, 0.0 ], [ -77.07941748639027, -12.072395141970359, 0.0 ], [ -77.079413633991251, -12.072395353702531, 0.0 ], [ -77.079409787062005, -12.072395646314975, 0.0 ], [ -77.079405947355667, -12.072396019676086, 0.0 ], [ -77.079402116621793, -12.072396473621943, 0.0 ], [ -77.079398296606158, -12.072397007934796, 0.0 ], [ -77.079394489049335, -12.072397622382189, 0.0 ], [ -77.079392652148229, -12.072397828423771, 0.0 ], [ -77.079390816790479, -12.07239804738723, 0.0 ], [ -77.079388983069634, -12.072398279249981, 0.0 ], [ -77.079387151079402, -12.072398524009172, 0.0 ], [ -77.079385320913403, -12.072398781646855, 0.0 ], [ -77.079383492664931, -12.072399052147262, 0.0 ], [ -77.079381666427707, -12.072399335507496, 0.0 ], [ -77.07938063340913, -12.072401934193499, 0.0 ], [ -77.079379548097293, -12.072404512146841, 0.0 ], [ -77.079378410921535, -12.072407068358059, 0.0 ], [ -77.079377222331317, -12.072409601808854, 0.0 ], [ -77.079375982796961, -12.072412111508806, 0.0 ], [ -77.079374692807974, -12.072414596452317, 0.0 ], [ -77.079373352874285, -12.072417055663117, 0.0 ], [ -77.079372273519425, -12.072418895578636, 0.0 ], [ -77.079371182451212, -12.072420728791291, 0.0 ], [ -77.079370079712561, -12.072422555225984, 0.0 ], [ -77.07936896534666, -12.072424374811288, 0.0 ], [ -77.079367839397804, -12.072426187482222, 0.0 ], [ -77.079366701910033, -12.072427993154422, 0.0 ], [ -77.07936555292838, -12.072429791771008, 0.0 ], [ -77.079364252285799, -12.072431607006457, 0.0 ], [ -77.079362908937838, -12.072433391871943, 0.0 ], [ -77.079361523616711, -12.072435145375616, 0.0 ], [ -77.079360097077625, -12.072436866574495, 0.0 ], [ -77.079358630098241, -12.072438554527588, 0.0 ], [ -77.079357123478232, -12.072440208313125, 0.0 ], [ -77.079355578038758, -12.072441827030383, 0.0 ] ] ] ] } },
{ "type": "Feature", "properties": { "Nombre": null, "Perimetro": 31.504, "Área": 24.248, "Uso": "Áreas de uso administrativo", "Proy riego": "Por validar con unidad", "Riego act": "Sin riego tecnificado", "Referenc_1": null, "código": null, "ID": null }, "geometry": { "type": "MultiPolygon", "coordinates": [ [ [ [ -77.079304811295401, -12.072417859720215, 0.0 ], [ -77.079305883434358, -12.072419489055326, 0.0 ], [ -77.079307013316765, -12.072421080148681, 0.0 ], [ -77.079308199535632, -12.0724226310133, 0.0 ], [ -77.079309440613883, -12.072424139724236, 0.0 ], [ -77.079310581148391, -12.07242523435149, 0.0 ], [ -77.079311788512101, -12.072426257206279, 0.0 ], [ -77.079313058050005, -12.072427204333689, 0.0 ], [ -77.079314384867104, -12.072428072096368, 0.0 ], [ -77.07931576384793, -12.072428857138748, 0.0 ], [ -77.079317189675564, -12.072429556440753, 0.0 ], [ -77.079318656852863, -12.072430167298251, 0.0 ], [ -77.079320159722727, -12.072430687361697, 0.0 ], [ -77.079321692490979, -12.072431114629495, 0.0 ], [ -77.079323249247906, -12.072431447441367, 0.0 ], [ -77.079324823991172, -12.072431684528096, 0.0 ], [ -77.079326628680676, -12.072431808070307, 0.0 ], [ -77.079328437730069, -12.072431809368858, 0.0 ], [ -77.079330242600975, -12.072431688418259, 0.0 ], [ -77.079332034774353, -12.072431445788551, 0.0 ], [ -77.079333805791606, -12.072431082624664, 0.0 ], [ -77.079335547293752, -12.072430600641795, 0.0 ], [ -77.079337251061006, -12.072430002117633, 0.0 ], [ -77.0793397917882, -12.072428832146052, 0.0 ], [ -77.079342237706172, -12.07242748056254, 0.0 ], [ -77.07934457543567, -12.072425954757788, 0.0 ], [ -77.079346792189369, -12.072424263082398, 0.0 ], [ -77.079348875841546, -12.072422414789182, 0.0 ], [ -77.079350814994868, -12.072420419980977, 0.0 ], [ -77.079352599042096, -12.072418289580117, 0.0 ], [ -77.07935410393641, -12.07241619614279, 0.0 ], [ -77.079355553564568, -12.072414065271799, 0.0 ], [ -77.079356946965305, -12.072411898366184, 0.0 ], [ -77.079358283214873, -12.0724096968701, 0.0 ], [ -77.079359561427182, -12.072407462246817, 0.0 ], [ -77.079360780754527, -12.072405195970081, 0.0 ], [ -77.07936194038885, -12.07240289955133, 0.0 ], [ -77.079345306906532, -12.072405807751407, 0.0 ], [ -77.079318242886799, -12.072410513260168, 0.0 ], [ -77.079315921695041, -12.07241087357804, 0.0 ], [ -77.079313598463088, -12.07241122093258, 0.0 ], [ -77.079311273265674, -12.072411555299752, 0.0 ], [ -77.079308946177804, -12.07241187668115, 0.0 ], [ -77.079306617274312, -12.072412185058974, 0.0 ], [ -77.079304286630247, -12.072412480421889, 0.0 ], [ -77.079301954320783, -12.072412762766001, 0.0 ], [ -77.079302845514619, -12.072414494480054, 0.0 ], [ -77.079303798235088, -12.072416194171803, 0.0 ], [ -77.079304811295401, -12.072417859720215, 0.0 ] ] ], [ [ [ -77.079397999418589, -12.072362233442222, 0.0 ], [ -77.079397248284209, -12.072363137028448, 0.0 ], [ -77.079396521327297, -12.072364059570724, 0.0 ], [ -77.079395819041451, -12.072365000438309, 0.0 ], [ -77.079395141903589, -12.072365959002498, 0.0 ], [ -77.079394272658547, -12.072367412817551, 0.0 ], [ -77.079393455331441, -12.072368895515075, 0.0 ], [ -77.07939269091186, -12.072370405303761, 0.0 ], [ -77.079391980324999, -12.072371940347269, 0.0 ], [ -77.079391324431583, -12.072373498798976, 0.0 ], [ -77.079390724025529, -12.072375078758878, 0.0 ], [ -77.079390179833894, -12.072376678325915, 0.0 ], [ -77.079410807805445, -12.072373926608229, 0.0 ], [ -77.079414756121395, -12.072373411386994, 0.0 ], [ -77.0794187148433, -12.072372980398384, 0.0 ], [ -77.079422682116018, -12.072372633835359, 0.0 ], [ -77.079426656081139, -12.072372371869109, 0.0 ], [ -77.079430634876474, -12.072372194616989, 0.0 ], [ -77.079434616637812, -12.07237210215972, 0.0 ], [ -77.07943859949971, -12.072372094549447, 0.0 ], [ -77.079440443583607, -12.072372148322547, 0.0 ], [ -77.079442287238635, -12.072372214837415, 0.0 ], [ -77.079444130373886, -12.072372294078066, 0.0 ], [ -77.079445972898753, -12.072372386055953, 0.0 ], [ -77.079447814722101, -12.072372490758836, 0.0 ], [ -77.079449655753564, -12.072372608176607, 0.0 ], [ -77.079451495902234, -12.072372738315726, 0.0 ], [ -77.079450891638814, -12.072371036001551, 0.0 ], [ -77.079450209755535, -12.072369362333024, 0.0 ], [ -77.079449451648102, -12.072367720732995, 0.0 ], [ -77.079448618868483, -12.072366114562117, 0.0 ], [ -77.079447713121496, -12.072364547113112, 0.0 ], [ -77.079446736261318, -12.072363021580605, 0.0 ], [ -77.079445690287713, -12.072361541107771, 0.0 ], [ -77.079444585392565, -12.072360343902508, 0.0 ], [ -77.0794434410804, -12.072359183118344, 0.0 ], [ -77.079442258589609, -12.07235806000522, 0.0 ], [ -77.079441039200049, -12.072356975788278, 0.0 ], [ -77.079439784231766, -12.072355931634165, 0.0 ], [ -77.079438495043021, -12.072354928676926, 0.0 ], [ -77.079437173029334, -12.07235396799833, 0.0 ], [ -77.079436245245503, -12.072353270866108, 0.0 ], [ -77.079435275722275, -12.072352631111011, 0.0 ], [ -77.079434268117751, -12.072352051147375, 0.0 ], [ -77.079433226233789, -12.072351533168368, 0.0 ], [ -77.079432154001609, -12.072351079120567, 0.0 ], [ -77.079431055467069, -12.072350690719112, 0.0 ], [ -77.079429934775163, -12.072350369434917, 0.0 ], [ -77.07942879615446, -12.072350116475386, 0.0 ], [ -77.079427643901326, -12.072349932797124, 0.0 ], [ -77.079425940783494, -12.072349890027365, 0.0 ], [ -77.079424237280065, -12.072349913612765, 0.0 ], [ -77.079422536058388, -12.072350003505727, 0.0 ], [ -77.079420839782401, -12.072350159576438, 0.0 ], [ -77.079419151108269, -12.072350381572335, 0.0 ], [ -77.079417472680277, -12.072350669143962, 0.0 ], [ -77.079415807126693, -12.072351021848389, 0.0 ], [ -77.079414654418244, -12.072351266692584, 0.0 ], [ -77.079413515306726, -12.072351566915883, 0.0 ], [ -77.07941239253681, -12.072351921787648, 0.0 ], [ -77.079411288813716, -12.072352330462373, 0.0 ], [ -77.07941020679705, -12.072352791950527, 0.0 ], [ -77.079409149093891, -12.072353305135829, 0.0 ], [ -77.079408118252829, -12.072353868788595, 0.0 ], [ -77.079406904403015, -12.072354538751286, 0.0 ], [ -77.079405723229485, -12.072355263085573, 0.0 ], [ -77.079404577244489, -12.072356040242422, 0.0 ], [ -77.079403468885275, -12.072356868576739, 0.0 ], [ -77.079402400509281, -12.07235774632553, 0.0 ], [ -77.079401374388567, -12.07235867161222, 0.0 ], [ -77.079400392705793, -12.07235964248583, 0.0 ], [ -77.079399572163354, -12.072360485577414, 0.0 ], [ -77.079398774220337, -12.072361349423504, 0.0 ], [ -77.079397999418589, -12.072362233442222, 0.0 ] ] ] ] } },
{ "type": "Feature", "properties": { "Nombre": null, "Perimetro": 135.806, "Área": 587.508, "Uso": "Áreas de uso administrativo", "Proy riego": "Por validar con unidad", "Riego act": "Sin riego tecnificado", "Referenc_1": null, "código": "H 6", "ID": null }, "geometry": { "type": "MultiPolygon", "coordinates": [ [ [ [ -77.079156249107243, -12.072356566552108, 0.0 ], [ -77.079159462537731, -12.072358905464682, 0.0 ], [ -77.07916274711809, -12.072361146607964, 0.0 ], [ -77.079166099777765, -12.072363287871854, 0.0 ], [ -77.079169517382851, -12.072365327265048, 0.0 ], [ -77.079172996738478, -12.072367262880714, 0.0 ], [ -77.079176534592065, -12.072369092900811, 0.0 ], [ -77.079180127636675, -12.072370815627693, 0.0 ], [ -77.079184178438737, -12.072372941204653, 0.0 ], [ -77.079188301253552, -12.072374928148285, 0.0 ], [ -77.079192491184727, -12.072376774097576, 0.0 ], [ -77.079196743256034, -12.072378476859489, 0.0 ], [ -77.079201052417645, -12.072380034420394, 0.0 ], [ -77.079205413551435, -12.072381444911544, 0.0 ], [ -77.079209821478344, -12.072382706678344, 0.0 ], [ -77.079214049656045, -12.072383905686728, 0.0 ], [ -77.079218308238723, -12.072384995495838, 0.0 ], [ -77.079222594314928, -12.072385975359953, 0.0 ], [ -77.079226904954794, -12.072386844604967, 0.0 ], [ -77.079231237211786, -12.072387602645255, 0.0 ], [ -77.079235588124007, -12.072388248949157, 0.0 ], [ -77.079239954717394, -12.072388783090387, 0.0 ], [ -77.079244165493563, -12.072389221986752, 0.0 ], [ -77.07924838145027, -12.072389609732246, 0.0 ], [ -77.079252601946024, -12.072389946267347, 0.0 ], [ -77.079256826338479, -12.072390231538673, 0.0 ], [ -77.079261053984851, -12.072390465507928, 0.0 ], [ -77.079265284242126, -12.07239064813036, 0.0 ], [ -77.079269516466354, -12.072390779386248, 0.0 ], [ -77.079273923846969, -12.072390994358694, 0.0 ], [ -77.07927833481213, -12.072391119248046, 0.0 ], [ -77.079282747460837, -12.072391153989621, 0.0 ], [ -77.079287159891521, -12.07239109857824, 0.0 ], [ -77.079291570203026, -12.072390953041042, 0.0 ], [ -77.079295976494322, -12.072390717424552, 0.0 ], [ -77.079300376866954, -12.072390391847977, 0.0 ], [ -77.079304299321592, -12.072390178506224, 0.0 ], [ -77.079308217646101, -12.072389901229581, 0.0 ], [ -77.079312130764436, -12.072389560089157, 0.0 ], [ -77.07931603760224, -12.072389155185647, 0.0 ], [ -77.079319937086993, -12.072388686630488, 0.0 ], [ -77.079323828147665, -12.072388154545887, 0.0 ], [ -77.079327709716267, -12.07238755908106, 0.0 ], [ -77.079331603729798, -12.072387023725849, 0.0 ], [ -77.079335491439437, -12.072386445700031, 0.0 ], [ -77.079339372362156, -12.072385825059921, 0.0 ], [ -77.079343246015839, -12.072385161893155, 0.0 ], [ -77.079347111919503, -12.072384456285224, 0.0 ], [ -77.079350969592866, -12.072383708310813, 0.0 ], [ -77.079354818556951, -12.072382918076347, 0.0 ], [ -77.079370509040899, -12.072379938698887, 0.0 ], [ -77.079371819380697, -12.072376198181475, 0.0 ], [ -77.079373263895349, -12.072372505841241, 0.0 ], [ -77.079374840761062, -12.07236886632573, 0.0 ], [ -77.079376547987991, -12.072365284233065, 0.0 ], [ -77.079378383421343, -12.072361764087194, 0.0 ], [ -77.079380344744294, -12.072358310320585, 0.0 ], [ -77.079382429481811, -12.07235492730875, 0.0 ], [ -77.079384033694311, -12.072352330897973, 0.0 ], [ -77.079385745809063, -12.072349802117085, 0.0 ], [ -77.079387562886808, -12.072347345301955, 0.0 ], [ -77.079389481808661, -12.072344964679891, 0.0 ], [ -77.079391499280334, -12.072342664330847, 0.0 ], [ -77.079393611838654, -12.072340448200267, 0.0 ], [ -77.079395815857382, -12.072338320098293, 0.0 ], [ -77.079397378454004, -12.072336905956591, 0.0 ], [ -77.079398989293551, -12.072335545254504, 0.0 ], [ -77.079400646489887, -12.072334239584226, 0.0 ], [ -77.079402348103287, -12.072332990479351, 0.0 ], [ -77.079404092141317, -12.072331799402788, 0.0 ], [ -77.07940587656185, -12.072330667746749, 0.0 ], [ -77.079407699275848, -12.072329596833653, 0.0 ], [ -77.079409422833933, -12.072328644281304, 0.0 ], [ -77.079411185770923, -12.072327764302209, 0.0 ], [ -77.079412984933626, -12.072326958457467, 0.0 ], [ -77.079414817105118, -12.07232622820406, 0.0 ], [ -77.07941667900873, -12.072325574842116, 0.0 ], [ -77.079418567314661, -12.072324999532094, 0.0 ], [ -77.079420478646398, -12.072324503314983, 0.0 ], [ -77.079422116365478, -12.072324161696349, 0.0 ], [ -77.079423772478563, -12.072323920830778, 0.0 ], [ -77.079425440592985, -12.072323781642204, 0.0 ], [ -77.07942711427016, -12.07232374467651, 0.0 ], [ -77.07942878704975, -12.072323810066008, 0.0 ], [ -77.079430452475279, -12.072323977561599, 0.0 ], [ -77.079432104118197, -12.072324246523946, 0.0 ], [ -77.07943373560343, -12.072324615899591, 0.0 ], [ -77.079435340633808, -12.072325084281237, 0.0 ], [ -77.079437274192841, -12.072325805804839, 0.0 ], [ -77.079439171979516, -12.072326614113118, 0.0 ], [ -77.079441029975371, -12.072327507484138, 0.0 ], [ -77.079442844246387, -12.072328484031685, 0.0 ], [ -77.079444610951157, -12.07232954169001, 0.0 ], [ -77.079446326348673, -12.072330678209457, 0.0 ], [ -77.079447986807054, -12.072331891196946, 0.0 ], [ -77.07945080118958, -12.072334353853954, 0.0 ], [ -77.079453477461584, -12.072336961390478, 0.0 ], [ -77.079456007934539, -12.072339706298887, 0.0 ], [ -77.079458385338924, -12.072342580706014, 0.0 ], [ -77.079460602844833, -12.072345576349713, 0.0 ], [ -77.079462654081695, -12.072348684621788, 0.0 ], [ -77.079464533156823, -12.072351896599741, 0.0 ], [ -77.079466372287257, -12.072355136669652, 0.0 ], [ -77.079468101359666, -12.072358434924494, 0.0 ], [ -77.079469718476531, -12.07236178773514, 0.0 ], [ -77.079471221862846, -12.072365191423691, 0.0 ], [ -77.079472609868688, -12.072368642257443, 0.0 ], [ -77.079473880970795, -12.072372136444567, 0.0 ], [ -77.079475033774074, -12.072375670153356, 0.0 ], [ -77.079503548708502, -12.072380953954045, 0.0 ], [ -77.079532702242204, -12.072387777050634, 0.0 ], [ -77.079537452122267, -12.072389170697747, 0.0 ], [ -77.079542194220565, -12.072390589782156, 0.0 ], [ -77.07954692839661, -12.072392034257467, 0.0 ], [ -77.079551654509714, -12.072393504088105, 0.0 ], [ -77.079556372419844, -12.072394999232014, 0.0 ], [ -77.079561081987151, -12.072396519632065, 0.0 ], [ -77.079565783071871, -12.072398065255046, 0.0 ], [ -77.079569139858506, -12.07239912494302, 0.0 ], [ -77.079572522800277, -12.07240010074772, 0.0 ], [ -77.07957592973348, -12.072400992038652, 0.0 ], [ -77.079579358478995, -12.072401798256783, 0.0 ], [ -77.079582806843533, -12.072402518879798, 0.0 ], [ -77.079586272621569, -12.072403153439355, 0.0 ], [ -77.079589753596551, -12.072403701545962, 0.0 ], [ -77.079593505888326, -12.072404101358961, 0.0 ], [ -77.079597268391595, -12.072404393811651, 0.0 ], [ -77.079601037934935, -12.072404578644266, 0.0 ], [ -77.07960481134117, -12.072404655706009, 0.0 ], [ -77.079608585430364, -12.072404624934467, 0.0 ], [ -77.079612357021475, -12.072404486351259, 0.0 ], [ -77.079616122935789, -12.072404240076924, 0.0 ], [ -77.079619748691911, -12.072403577031315, 0.0 ], [ -77.079623349278918, -12.072402792296222, 0.0 ], [ -77.079626920481701, -12.072401886797577, 0.0 ], [ -77.079630458119865, -12.072400861590122, 0.0 ], [ -77.07963395805244, -12.072399717881336, 0.0 ], [ -77.07963741618191, -12.072398457001214, 0.0 ], [ -77.079640828460143, -12.072397080428281, 0.0 ], [ -77.079655594710971, -12.072391729082057, 0.0 ], [ -77.079649190018401, -12.072362948674991, 0.0 ], [ -77.07964364976435, -12.072338052739692, 0.0 ], [ -77.079631821312475, -12.072284899853248, 0.0 ], [ -77.079618958866078, -12.072230227112227, 0.0 ], [ -77.07914979780287, -12.072327468617344, 0.0 ], [ -77.079156249107243, -12.072356566552108, 0.0 ] ] ] ] } },
{ "type": "Feature", "properties": { "Nombre": null, "Perimetro": 167.798, "Área": 757.794, "Uso": "Áreas de uso administrativo", "Proy riego": "Por validar con unidad", "Riego act": "Sin riego tecnificado", "Referenc_1": null, "código": null, "ID": null }, "geometry": { "type": "MultiPolygon", "coordinates": [ [ [ [ -77.079861318296864, -12.071731771484467, 0.0 ], [ -77.079911950587686, -12.071652809016694, 0.0 ], [ -77.079900528535362, -12.07160212790825, 0.0 ], [ -77.079886141865671, -12.071605069217673, 0.0 ], [ -77.079890192363607, -12.071623041802763, 0.0 ], [ -77.079892518227183, -12.071622538348052, 0.0 ], [ -77.079894351761467, -12.071630669468709, 0.0 ], [ -77.07986298412645, -12.071637459282295, 0.0 ], [ -77.079861150593032, -12.071629328161302, 0.0 ], [ -77.079863107617186, -12.071628904545523, 0.0 ], [ -77.07983496396956, -12.071504027403396, 0.0 ], [ -77.079835323636203, -12.071503953870749, 0.0 ], [ -77.07980354483189, -12.071362946852409, 0.0 ], [ -77.079803185165403, -12.07136302038499, 0.0 ], [ -77.079796022501569, -12.071331238610128, 0.0 ], [ -77.079796918991903, -12.071331042905976, 0.0 ], [ -77.079802533177087, -12.07135595385779, 0.0 ], [ -77.079838140156056, -12.071348674131356, 0.0 ], [ -77.079832420007449, -12.071323293018908, 0.0 ], [ -77.079813713640306, -12.07131115277517, 0.0 ], [ -77.079669746748692, -12.071346775636455, 0.0 ], [ -77.079694113712037, -12.071458421128515, 0.0 ], [ -77.079718982778132, -12.071453163647179, 0.0 ], [ -77.079721181266024, -12.071463236753058, 0.0 ], [ -77.079699903400183, -12.071467735031732, 0.0 ], [ -77.079703451836096, -12.071483993378429, 0.0 ], [ -77.079699860634818, -12.07148475258151, 0.0 ], [ -77.079731931510238, -12.071631695910671, 0.0 ], [ -77.079768017009087, -12.071856587808677, 0.0 ], [ -77.079861318296864, -12.071731771484467, 0.0 ] ] ] ] } },
{ "type": "Feature", "properties": { "Nombre": null, "Perimetro": 68.644, "Área": 253.97, "Uso": "Áreas de uso recreativo/descanso", "Proy riego": "Falta aspersión", "Riego act": "Sin riego tecnificado", "Referenc_1": null, "código": null, "ID": null }, "geometry": { "type": "MultiPolygon", "coordinates": [ [ [ [ -77.079890566261156, -12.07149865954859, 0.0 ], [ -77.079993395265234, -12.071477636461411, 0.0 ], [ -77.079962624411777, -12.071337422373805, 0.0 ], [ -77.079954544300108, -12.071339130994899, 0.0 ], [ -77.079949813983646, -12.071317576257522, 0.0 ], [ -77.079957894094761, -12.071315867636661, 0.0 ], [ -77.079949450379274, -12.071277391964697, 0.0 ], [ -77.07986113376208, -12.071299358321752, 0.0 ], [ -77.079850170514192, -12.071319418073802, 0.0 ], [ -77.079857494800251, -12.071351916961795, 0.0 ], [ -77.079889273629476, -12.071492923969647, 0.0 ], [ -77.079890566261156, -12.07149865954859, 0.0 ] ] ] ] } },
{ "type": "Feature", "properties": { "Nombre": null, "Perimetro": 164.538, "Área": 381.311, "Uso": "Áreas de manejo sostenible y reducción de consumo de agua", "Proy riego": "Goteo", "Riego act": "Riego por goteo", "Referenc_1": null, "código": null, "ID": null }, "geometry": { "type": "MultiPolygon", "coordinates": [ [ [ [ -77.080259234452427, -12.072366172508502, 0.0 ], [ -77.080265515199656, -12.072364825899236, 0.0 ], [ -77.080280407508042, -12.072433779593432, 0.0 ], [ -77.08032078374741, -12.072425122812675, 0.0 ], [ -77.080305815059063, -12.072355815513559, 0.0 ], [ -77.080312095805681, -12.072354468903303, 0.0 ], [ -77.080327064495435, -12.07242377620185, 0.0 ], [ -77.080367530455661, -12.072415100177492, 0.0 ], [ -77.080352638127607, -12.072346146491363, 0.0 ], [ -77.080359008598506, -12.072344780642824, 0.0 ], [ -77.080373900928009, -12.07241373432837, 0.0 ], [ -77.080554696691038, -12.072374971089038, 0.0 ], [ -77.080551813680074, -12.072361622366167, 0.0 ], [ -77.080535510101839, -12.072364810931646, 0.0 ], [ -77.080514816379051, -12.072357350330046, 0.0 ], [ -77.080369464316078, -12.072298620423537, 0.0 ], [ -77.080318883351211, -12.072309393032649, 0.0 ], [ -77.080179750066932, -12.07233902524615, 0.0 ], [ -77.080182820244545, -12.072350558288562, 0.0 ], [ -77.080173213229315, -12.072352981810315, 0.0 ], [ -77.080170047963477, -12.072341091569957, 0.0 ], [ -77.080162895487874, -12.072342614881743, 0.0 ], [ -77.080186914069074, -12.072453824829324, 0.0 ], [ -77.080227290316643, -12.072445168061176, 0.0 ], [ -77.080211834773621, -12.072376335123554, 0.0 ], [ -77.080218294917927, -12.072374950052223, 0.0 ], [ -77.080233750462398, -12.072443782989232, 0.0 ], [ -77.080274126759377, -12.072435126203294, 0.0 ], [ -77.080259234452427, -12.072366172508502, 0.0 ] ] ] ] } },
{ "type": "Feature", "properties": { "Nombre": null, "Perimetro": 92.584, "Área": 111.184, "Uso": "Áreas de uso administrativo", "Proy riego": "Por validar con unidad", "Riego act": "Sin riego tecnificado", "Referenc_1": null, "código": null, "ID": null }, "geometry": { "type": "MultiPolygon", "coordinates": [ [ [ [ -77.0808513041125, -12.072694554250758, 0.0 ], [ -77.080854524413837, -12.072695816319101, 0.0 ], [ -77.080857784117768, -12.072696976276529, 0.0 ], [ -77.080861079882652, -12.072698032926255, 0.0 ], [ -77.080864408329759, -12.072698985198619, 0.0 ], [ -77.080870368832009, -12.07270075946993, 0.0 ], [ -77.08087640594151, -12.072702262060256, 0.0 ], [ -77.080882506881011, -12.072703489790173, 0.0 ], [ -77.080888658738274, -12.072704440060619, 0.0 ], [ -77.080894848493159, -12.072705110861573, 0.0 ], [ -77.080901063045488, -12.072705500767587, 0.0 ], [ -77.080907289242546, -12.07270560896219, 0.0 ], [ -77.080913022116832, -12.072705447539059, 0.0 ], [ -77.08091875229465, -12.072705210902289, 0.0 ], [ -77.08092447875741, -12.072704899095182, 0.0 ], [ -77.08093020048679, -12.072704512170612, 0.0 ], [ -77.080935916465918, -12.072704050200834, 0.0 ], [ -77.080941625678236, -12.072703513260242, 0.0 ], [ -77.080947327109158, -12.072702901456058, 0.0 ], [ -77.08103283161195, -12.0726873027086, 0.0 ], [ -77.081119748233931, -12.072663241007072, 0.0 ], [ -77.081116518217698, -12.072652024252024, 0.0 ], [ -77.081115926972643, -12.072652187930387, 0.0 ], [ -77.081013827397783, -12.072680452824699, 0.0 ], [ -77.081006165508569, -12.072653845633608, 0.0 ], [ -77.080934214766458, -12.072673764202632, 0.0 ], [ -77.08093118506801, -12.072663243057118, 0.0 ], [ -77.080860485430662, -12.072683449700246, 0.0 ], [ -77.080857202378937, -12.072684399456119, 0.0 ], [ -77.080841931220164, -12.072688818793106, 0.0 ], [ -77.080841888955689, -12.072688902564838, 0.0 ], [ -77.080841852211279, -12.072688988826716, 0.0 ], [ -77.080841821136673, -12.072689077218216, 0.0 ], [ -77.080841795858831, -12.072689167382858, 0.0 ], [ -77.080841776480511, -12.07268925894709, 0.0 ], [ -77.080841763081025, -12.072689351548307, 0.0 ], [ -77.080841755714843, -12.072689444798245, 0.0 ], [ -77.080841754412333, -12.072689538326054, 0.0 ], [ -77.08084175917844, -12.07268963173952, 0.0 ], [ -77.080841769993953, -12.072689724663855, 0.0 ], [ -77.080841786814645, -12.072689816720143, 0.0 ], [ -77.080841809571936, -12.072689907533965, 0.0 ], [ -77.080841838173029, -12.072689996733237, 0.0 ], [ -77.080841872501139, -12.072690083950361, 0.0 ], [ -77.080841912416517, -12.072690168834496, 0.0 ], [ -77.080844994879769, -12.072691729059093, 0.0 ], [ -77.08084812651532, -12.072693191369849, 0.0 ], [ -77.0808513041125, -12.072694554250758, 0.0 ] ] ], [ [ [ -77.080812484828513, -12.072599743298802, 0.0 ], [ -77.080753364688078, -12.0726161098513, 0.0 ], [ -77.080753326667306, -12.072616155177245, 0.0 ], [ -77.080753291704625, -12.072616202837731, 0.0 ], [ -77.080753259946519, -12.072616252616116, 0.0 ], [ -77.080753231525662, -12.072616304311017, 0.0 ], [ -77.080753206561383, -12.072616357712517, 0.0 ], [ -77.080753185157789, -12.072616412587124, 0.0 ], [ -77.080753167404851, -12.07261646871007, 0.0 ], [ -77.08075315337652, -12.072616525843769, 0.0 ], [ -77.080753143131872, -12.072616583750756, 0.0 ], [ -77.080753136713668, -12.072616642193681, 0.0 ], [ -77.080753134148694, -12.072616700918077, 0.0 ], [ -77.080753135447807, -12.07261675968253, 0.0 ], [ -77.08075314060541, -12.072616818241432, 0.0 ], [ -77.080753149600227, -12.072616876353607, 0.0 ], [ -77.08075316239416, -12.072616933767229, 0.0 ], [ -77.080753178933989, -12.072616990247823, 0.0 ], [ -77.080753199150422, -12.072617045559433, 0.0 ], [ -77.080815763708031, -12.072673860773929, 0.0 ], [ -77.080832603719102, -12.072668958220291, 0.0 ], [ -77.080812484828513, -12.072599743298802, 0.0 ] ] ] ] } },
{ "type": "Feature", "properties": { "Nombre": null, "Perimetro": 120.775, "Área": 579.076, "Uso": "Áreas de uso administrativo", "Proy riego": "Por validar con unidad", "Riego act": "Sin riego tecnificado", "Referenc_1": null, "código": "F 30", "ID": null }, "geometry": { "type": "MultiPolygon", "coordinates": [ [ [ [ -77.081507078066778, -12.071780561929964, 0.0 ], [ -77.081532431459081, -12.07187015397216, 0.0 ], [ -77.081544721780062, -12.071866785085197, 0.0 ], [ -77.081563231756135, -12.071878076343014, 0.0 ], [ -77.081609098017708, -12.071864978021575, 0.0 ], [ -77.081605942458722, -12.071854398522072, 0.0 ], [ -77.081628872057124, -12.071847850367137, 0.0 ], [ -77.081632027616848, -12.071858429866252, 0.0 ], [ -77.081759696556801, -12.071821970574886, 0.0 ], [ -77.081756630070203, -12.07181136563954, 0.0 ], [ -77.08177955985208, -12.07180481741832, 0.0 ], [ -77.081782626339418, -12.071815422353279, 0.0 ], [ -77.081855563381424, -12.071794593187795, 0.0 ], [ -77.081852159404988, -12.07178408463267, 0.0 ], [ -77.081875096752299, -12.07177753424212, 0.0 ], [ -77.081878500729459, -12.071788042796847, 0.0 ], [ -77.081904756817067, -12.071780544645886, 0.0 ], [ -77.081914171357042, -12.071777849877265, 0.0 ], [ -77.08188367053458, -12.071670068717165, 0.0 ], [ -77.081856276990209, -12.071677689347892, 0.0 ], [ -77.081851521897747, -12.071660886198377, 0.0 ], [ -77.081570163587401, -12.071739157301662, 0.0 ], [ -77.081576421565771, -12.07176127130086, 0.0 ], [ -77.081512797794076, -12.071778970762969, 0.0 ], [ -77.081507078066778, -12.071780561929964, 0.0 ] ] ] ] } },
{ "type": "Feature", "properties": { "Nombre": null, "Perimetro": 175.991, "Área": 1118.646, "Uso": "Áreas de uso administrativo", "Proy riego": "Por validar con unidad", "Riego act": "Sin riego tecnificado", "Referenc_1": null, "código": "F 29", "ID": null }, "geometry": { "type": "MultiPolygon", "coordinates": [ [ [ [ -77.081974997529215, -12.071539119034371, 0.0 ], [ -77.082002685363207, -12.07163695985763, 0.0 ], [ -77.081913361599817, -12.071661808933991, 0.0 ], [ -77.081915579002072, -12.071669644598805, 0.0 ], [ -77.081917057270346, -12.071674868375341, 0.0 ], [ -77.08190733698099, -12.071677572471536, 0.0 ], [ -77.081934100086187, -12.071772145581015, 0.0 ], [ -77.082059011884681, -12.071736391438114, 0.0 ], [ -77.082056325079733, -12.071727748440447, 0.0 ], [ -77.082079252646579, -12.071721185759081, 0.0 ], [ -77.08207790963209, -12.07171686550919, 0.0 ], [ -77.082084846624426, -12.071714776694606, 0.0 ], [ -77.082080281259451, -12.071700090689127, 0.0 ], [ -77.082128161707161, -12.071686375493947, 0.0 ], [ -77.082130019561248, -12.071692351892741, 0.0 ], [ -77.082266261934251, -12.07164876829856, 0.0 ], [ -77.082274902367416, -12.071674502567122, 0.0 ], [ -77.082276288639918, -12.071674104933214, 0.0 ], [ -77.082208389742746, -12.071472723942062, 0.0 ], [ -77.082199674287367, -12.071475570313103, 0.0 ], [ -77.082192154839007, -12.071453268392885, 0.0 ], [ -77.082200870293846, -12.071450422022179, 0.0 ], [ -77.082130473109501, -12.071241630900127, 0.0 ], [ -77.082128123630724, -12.07123868098545, 0.0 ], [ -77.082127945812346, -12.071238471464833, 0.0 ], [ -77.082127753789649, -12.071238274456086, 0.0 ], [ -77.082127548469913, -12.071238090897952, 0.0 ], [ -77.082127330823454, -12.071237921655827, 0.0 ], [ -77.082127101878299, -12.071237767525771, 0.0 ], [ -77.082126862716095, -12.071237629240944, 0.0 ], [ -77.082126614466929, -12.071237507452251, 0.0 ], [ -77.082126358303427, -12.071237402732715, 0.0 ], [ -77.082126095436038, -12.071237315577497, 0.0 ], [ -77.082125827106523, -12.07123724640396, 0.0 ], [ -77.082125554582561, -12.071237195534449, 0.0 ], [ -77.082125279151882, -12.071237163209284, 0.0 ], [ -77.082125002115632, -12.071237149582499, 0.0 ], [ -77.082124724782759, -12.071237154717556, 0.0 ], [ -77.082124448463276, -12.07123717859173, 0.0 ], [ -77.082124174463004, -12.071237221091815, 0.0 ], [ -77.08212390407607, -12.071237282014193, 0.0 ], [ -77.082123638580271, -12.071237361073493, 0.0 ], [ -77.082123379229671, -12.071237457894021, 0.0 ], [ -77.08212312724973, -12.071237572022712, 0.0 ], [ -77.082122883830849, -12.071237702916273, 0.0 ], [ -77.082122650123011, -12.071237849958445, 0.0 ], [ -77.08212242723036, -12.071238012451438, 0.0 ], [ -77.08212221620623, -12.071238189633185, 0.0 ], [ -77.08212201804713, -12.071238380660173, 0.0 ], [ -77.08212183368974, -12.071238584633315, 0.0 ], [ -77.082121664004802, -12.071238800595802, 0.0 ], [ -77.082121509793936, -12.07123902751384, 0.0 ], [ -77.08212137178576, -12.071239264322447, 0.0 ], [ -77.082095044472439, -12.071280615866767, 0.0 ], [ -77.08206827305105, -12.071329368789348, 0.0 ], [ -77.082058773500975, -12.071346788999596, 0.0 ], [ -77.082023154700181, -12.071407727415558, 0.0 ], [ -77.082021015092309, -12.071410864155135, 0.0 ], [ -77.082018651902757, -12.071413841392074, 0.0 ], [ -77.082016077360052, -12.071416643724332, 0.0 ], [ -77.082013304786869, -12.071419256656016, 0.0 ], [ -77.082010348530147, -12.071421666661896, 0.0 ], [ -77.082007223887445, -12.071423861271906, 0.0 ], [ -77.082003947027673, -12.071425829132114, 0.0 ], [ -77.082000534907365, -12.071427560054936, 0.0 ], [ -77.081997005182899, -12.071429045082809, 0.0 ], [ -77.081994014463149, -12.071430127232782, 0.0 ], [ -77.081991002532916, -12.071431150819615, 0.0 ], [ -77.081987970576122, -12.071432115433062, 0.0 ], [ -77.081984919784205, -12.07143302070004, 0.0 ], [ -77.081981851356801, -12.071433866266812, 0.0 ], [ -77.081978766499631, -12.071434651794672, 0.0 ], [ -77.081975666425564, -12.071435376980586, 0.0 ], [ -77.082002865630685, -12.071531491191907, 0.0 ], [ -77.081974997529215, -12.071539119034371, 0.0 ] ] ] ] } },
{ "type": "Feature", "properties": { "Nombre": null, "Perimetro": 38.776, "Área": 40.501, "Uso": "Áreas de uso administrativo", "Proy riego": "Por validar con unidad", "Riego act": "Sin riego tecnificado", "Referenc_1": null, "código": null, "ID": null }, "geometry": { "type": "MultiPolygon", "coordinates": [ [ [ [ -77.082266261934251, -12.07164876829856, 0.0 ], [ -77.082130019561248, -12.071692351892741, 0.0 ], [ -77.082136786289524, -12.071714119296951, 0.0 ], [ -77.082143487043894, -12.071712197277913, 0.0 ], [ -77.08214080025769, -12.071703554348732, 0.0 ], [ -77.082163723889479, -12.071696979019469, 0.0 ], [ -77.082166410676365, -12.071705621948537, 0.0 ], [ -77.082274902367416, -12.071674502567122, 0.0 ], [ -77.082266261934251, -12.07164876829856, 0.0 ] ] ] ] } },
{ "type": "Feature", "properties": { "Nombre": null, "Perimetro": 127.287, "Área": 357.608, "Uso": "Áreas de manejo sostenible y reducción de consumo de agua", "Proy riego": "Goteo", "Riego act": "Sin riego tecnificado", "Referenc_1": null, "código": "G 17", "ID": null }, "geometry": { "type": "MultiPolygon", "coordinates": [ [ [ [ -77.081660936409534, -12.071878407423558, 0.0 ], [ -77.081774292428946, -12.072272656472199, 0.0 ], [ -77.081783131939957, -12.072270208407708, 0.0 ], [ -77.081789382818172, -12.072291948738126, 0.0 ], [ -77.081780543306579, -12.072294396802922, 0.0 ], [ -77.081791275519365, -12.072331723047162, 0.0 ], [ -77.081803405597583, -12.072328414877234, 0.0 ], [ -77.081802216795495, -12.072324280268239, 0.0 ], [ -77.081806636551633, -12.072323056235451, 0.0 ], [ -77.081807830327989, -12.072327208144543, 0.0 ], [ -77.081816060326418, -12.072324963621572, 0.0 ], [ -77.0818148572979, -12.072320779534326, 0.0 ], [ -77.081819277053881, -12.072319555501354, 0.0 ], [ -77.081820485056667, -12.072323756888718, 0.0 ], [ -77.081857999969756, -12.07231352564526, 0.0 ], [ -77.081839274951591, -12.07224801535064, 0.0 ], [ -77.081830435450456, -12.07225046341012, 0.0 ], [ -77.081823993103413, -12.072227931133574, 0.0 ], [ -77.081832832603951, -12.072225483074391, 0.0 ], [ -77.081814525399579, -12.072161453129132, 0.0 ], [ -77.081805685900775, -12.07216390118743, 0.0 ], [ -77.081799218685106, -12.072141281912263, 0.0 ], [ -77.081808058183299, -12.072138833854302, 0.0 ], [ -77.081791392670766, -12.072080545721263, 0.0 ], [ -77.081785823787939, -12.072082087997309, 0.0 ], [ -77.081781346487901, -12.072066428498347, 0.0 ], [ -77.081778959823922, -12.072067089473697, 0.0 ], [ -77.081776571930902, -12.072058737740825, 0.0 ], [ -77.081784527477254, -12.072056534489672, 0.0 ], [ -77.081774602798049, -12.072021822599771, 0.0 ], [ -77.081765763303039, -12.07202427065611, 0.0 ], [ -77.081759296095925, -12.072001651378718, 0.0 ], [ -77.081768135590309, -12.07199920332271, 0.0 ], [ -77.081750296725062, -12.07193735892918, 0.0 ], [ -77.081681923877042, -12.071875324553375, 0.0 ], [ -77.081680960618328, -12.071872832826472, 0.0 ], [ -77.081660936409534, -12.071878407423558, 0.0 ] ] ] ] } },
{ "type": "Feature", "properties": { "Nombre": null, "Perimetro": 72.588, "Área": 108.844, "Uso": "Áreas de uso administrativo", "Proy riego": "Por validar con unidad", "Riego act": "Sin riego tecnificado", "Referenc_1": null, "código": null, "ID": null }, "geometry": { "type": "MultiPolygon", "coordinates": [ [ [ [ -77.081162473551871, -12.072027424367947, 0.0 ], [ -77.08116523141058, -12.072036893929942, 0.0 ], [ -77.08116655731996, -12.072036526618525, 0.0 ], [ -77.081173007559201, -12.072058674583872, 0.0 ], [ -77.081174333435214, -12.072058307149677, 0.0 ], [ -77.081189997195636, -12.072112091245181, 0.0 ], [ -77.08119123471333, -12.072111748420474, 0.0 ], [ -77.081202367607602, -12.072149975024098, 0.0 ], [ -77.081190964764687, -12.072153133909316, 0.0 ], [ -77.081189638852706, -12.072153501221527, 0.0 ], [ -77.081196571610704, -12.072177305970094, 0.0 ], [ -77.081140706510681, -12.072192782054721, 0.0 ], [ -77.081134965869666, -12.072194372360778, 0.0 ], [ -77.081134127280635, -12.072194635473814, 0.0 ], [ -77.081133308950072, -12.072194954451508, 0.0 ], [ -77.081132514713389, -12.0721953277825, 0.0 ], [ -77.081131748293643, -12.072195753725888, 0.0 ], [ -77.081131013283411, -12.07219623028316, 0.0 ], [ -77.081130313127744, -12.072196755222036, 0.0 ], [ -77.081129651108697, -12.072197326078744, 0.0 ], [ -77.081129030329294, -12.072197940183987, 0.0 ], [ -77.081128453699407, -12.072198594650123, 0.0 ], [ -77.081127923921869, -12.072199286414369, 0.0 ], [ -77.081127443480042, -12.072200012234571, 0.0 ], [ -77.081127014625778, -12.07220076871087, 0.0 ], [ -77.081126639369529, -12.07220155229005, 0.0 ], [ -77.081126319469988, -12.072202359304427, 0.0 ], [ -77.081126056426683, -12.072203185971892, 0.0 ], [ -77.081125851472819, -12.072204028413223, 0.0 ], [ -77.081125705568795, -12.072204882682263, 0.0 ], [ -77.081125619398762, -12.072205744774598, 0.0 ], [ -77.081125593366451, -12.072206610653431, 0.0 ], [ -77.081125627593977, -12.072207476249609, 0.0 ], [ -77.081125721920927, -12.072208337519777, 0.0 ], [ -77.081125875905116, -12.072209190414073, 0.0 ], [ -77.081126088824746, -12.072210030941548, 0.0 ], [ -77.081127346185937, -12.072214357701403, 0.0 ], [ -77.081134406184233, -12.072212359080106, 0.0 ], [ -77.081146150922009, -12.072252774391734, 0.0 ], [ -77.081213482608376, -12.072233702036488, 0.0 ], [ -77.081234593554925, -12.072176730121607, 0.0 ], [ -77.081201227384582, -12.072066750554876, 0.0 ], [ -77.081193244602943, -12.072069183503546, 0.0 ], [ -77.081187280425567, -12.072049524725585, 0.0 ], [ -77.081179398254491, -12.072023543961285, 0.0 ], [ -77.081194223418208, -12.072019025628993, 0.0 ], [ -77.081193850282958, -12.072017795721877, 0.0 ], [ -77.081162473551871, -12.072027424367947, 0.0 ] ] ] ] } },
{ "type": "Feature", "properties": { "Nombre": null, "Perimetro": 93.852, "Área": 133.722, "Uso": "Áreas de uso administrativo", "Proy riego": "Por validar con unidad", "Riego act": "Sin riego tecnificado", "Referenc_1": null, "código": "G 14", "ID": null }, "geometry": { "type": "MultiPolygon", "coordinates": [ [ [ [ -77.082254047873164, -12.072217527060968, 0.0 ], [ -77.082284073779519, -12.072319680057443, 0.0 ], [ -77.082284236535116, -12.072320185687929, 0.0 ], [ -77.082284433422672, -12.072320679422322, 0.0 ], [ -77.082284663553253, -12.072321159031057, 0.0 ], [ -77.082284925887933, -12.07232162234342, 0.0 ], [ -77.082285219242692, -12.072322067280268, 0.0 ], [ -77.082285542292766, -12.072322491817401, 0.0 ], [ -77.082285893580249, -12.072322894052267, 0.0 ], [ -77.082286271519152, -12.072323272160856, 0.0 ], [ -77.082286674403207, -12.072323624436416, 0.0 ], [ -77.082287100413751, -12.072323949293697, 0.0 ], [ -77.082287547627629, -12.072324245260285, 0.0 ], [ -77.082288014025934, -12.072324511006705, 0.0 ], [ -77.082288497503228, -12.07232474532479, 0.0 ], [ -77.082288995876795, -12.072324947166406, 0.0 ], [ -77.082289506896984, -12.072325115608901, 0.0 ], [ -77.082290028256779, -12.072325249902432, 0.0 ], [ -77.082290557602676, -12.07232534943973, 0.0 ], [ -77.082291092544835, -12.072325413764624, 0.0 ], [ -77.082291630668394, -12.072325442589202, 0.0 ], [ -77.082292169544189, -12.072325435785123, 0.0 ], [ -77.082292706739494, -12.072325393385674, 0.0 ], [ -77.082293239829028, -12.072325315574931, 0.0 ], [ -77.082293766406693, -12.072325202714012, 0.0 ], [ -77.082361130673817, -12.072306467619104, 0.0 ], [ -77.082351109557536, -12.072266928298529, 0.0 ], [ -77.082399918231062, -12.072253380950325, 0.0 ], [ -77.08240994305207, -12.072292934861691, 0.0 ], [ -77.082470927478155, -12.072276035233614, 0.0 ], [ -77.082471444329443, -12.072275875430261, 0.0 ], [ -77.082471948595838, -12.072275680532361, 0.0 ], [ -77.0824724378204, -12.072275451490166, 0.0 ], [ -77.082472909620392, -12.072275189422591, 0.0 ], [ -77.082473361697168, -12.072274895603092, 0.0 ], [ -77.082473791848429, -12.072274571461701, 0.0 ], [ -77.08247419797884, -12.072274218582789, 0.0 ], [ -77.08247457810954, -12.072273838679147, 0.0 ], [ -77.082474930389225, -12.072273433609128, 0.0 ], [ -77.082475253101279, -12.072273005337825, 0.0 ], [ -77.08247554467394, -12.072272555954219, 0.0 ], [ -77.082475803686705, -12.072272087653907, 0.0 ], [ -77.082476028877693, -12.072271602708863, 0.0 ], [ -77.082476219149939, -12.07227110348464, 0.0 ], [ -77.082476373576426, -12.072270592414471, 0.0 ], [ -77.082476491405188, -12.072270071990618, 0.0 ], [ -77.082476572061893, -12.072269544742792, 0.0 ], [ -77.082476615153709, -12.072269013242449, 0.0 ], [ -77.082476620470786, -12.072268480081215, 0.0 ], [ -77.082476587987145, -12.072267947849351, 0.0 ], [ -77.082476517861082, -12.072267419146486, 0.0 ], [ -77.082476410434225, -12.072266896549385, 0.0 ], [ -77.082476266229705, -12.072266382593046, 0.0 ], [ -77.08247406285669, -12.072259843031208, 0.0 ], [ -77.082440309826268, -12.072159912383901, 0.0 ], [ -77.082437588921195, -12.072160667599828, 0.0 ], [ -77.082446736428963, -12.072192590355467, 0.0 ], [ -77.082422912043867, -12.072199247890518, 0.0 ], [ -77.082431503034101, -12.072229026658686, 0.0 ], [ -77.082308297740425, -12.072263223550241, 0.0 ], [ -77.082302131861184, -12.072242023058278, 0.0 ], [ -77.082298135869493, -12.072243132185635, 0.0 ], [ -77.082302027102429, -12.072256711738865, 0.0 ], [ -77.082287680237059, -12.072260693854069, 0.0 ], [ -77.082283789004734, -12.072247114300549, 0.0 ], [ -77.082275087196962, -12.072249529573392, 0.0 ], [ -77.082264903393792, -12.07221451400452, 0.0 ], [ -77.082254047873164, -12.072217527060968, 0.0 ] ] ] ] } },
{ "type": "Feature", "properties": { "Nombre": null, "Perimetro": 126.855, "Área": 212.699, "Uso": "Áreas de manejo sostenible y reducción de consumo de agua", "Proy riego": "Goteo", "Riego act": "Sin riego tecnificado", "Referenc_1": null, "código": null, "ID": null }, "geometry": { "type": "MultiPolygon", "coordinates": [ [ [ [ -77.080343378426406, -12.071886491652954, 0.0 ], [ -77.080343942793633, -12.071887608857461, 0.0 ], [ -77.080344584970689, -12.071888684595116, 0.0 ], [ -77.080345301828686, -12.0718897136273, 0.0 ], [ -77.080346089875263, -12.071890690937906, 0.0 ], [ -77.08034694527116, -12.071891611763375, 0.0 ], [ -77.080347863849013, -12.071892471622727, 0.0 ], [ -77.080348841133585, -12.071893266321712, 0.0 ], [ -77.080349872363669, -12.071893991991439, 0.0 ], [ -77.080350952515047, -12.07189464509683, 0.0 ], [ -77.080352076325539, -12.071895222453646, 0.0 ], [ -77.080353238319901, -12.071895721254194, 0.0 ], [ -77.080354432837041, -12.071896139058476, 0.0 ], [ -77.080355654057485, -12.071896473841393, 0.0 ], [ -77.08035689603156, -12.071896723966699, 0.0 ], [ -77.080358152708342, -12.071896888216925, 0.0 ], [ -77.080359417965539, -12.071896965793165, 0.0 ], [ -77.08036068563905, -12.071896956314857, 0.0 ], [ -77.080361949552639, -12.071896859828181, 0.0 ], [ -77.080363203548771, -12.071896676805832, 0.0 ], [ -77.080364441518228, -12.07189640813816, 0.0 ], [ -77.080365657429539, -12.071896055132976, 0.0 ], [ -77.080366845359023, -12.071895619515315, 0.0 ], [ -77.080367999519112, -12.071895103397049, 0.0 ], [ -77.080369114287038, -12.07189450930254, 0.0 ], [ -77.080370184231526, -12.071893840121046, 0.0 ], [ -77.080371204140178, -12.07189309911511, 0.0 ], [ -77.080372169043912, -12.071892289894533, 0.0 ], [ -77.080373074241791, -12.071891416398955, 0.0 ], [ -77.080373915323875, -12.07189048288906, 0.0 ], [ -77.080374688192421, -12.071889493907623, 0.0 ], [ -77.080375389082178, -12.071888454275062, 0.0 ], [ -77.08037601457859, -12.071887369059125, 0.0 ], [ -77.080376561634054, -12.071886243544618, 0.0 ], [ -77.080377027583467, -12.071885083211709, 0.0 ], [ -77.080377410156714, -12.07188389371432, 0.0 ], [ -77.080377707490086, -12.071882680854163, 0.0 ], [ -77.080377918134872, -12.071881450535432, 0.0 ], [ -77.080378041064904, -12.071880208745362, 0.0 ], [ -77.080378075681395, -12.07187896154959, 0.0 ], [ -77.080378021815335, -12.071877715007323, 0.0 ], [ -77.080377879729511, -12.071876475207389, 0.0 ], [ -77.080377650116034, -12.071875248176154, 0.0 ], [ -77.080377334093541, -12.071874039902049, 0.0 ], [ -77.080376933201705, -12.071872856262614, 0.0 ], [ -77.08037644939354, -12.071871703031022, 0.0 ], [ -77.080375885026228, -12.071870585826598, 0.0 ], [ -77.080375242849072, -12.071869510084717, 0.0 ], [ -77.080374525991061, -12.071868481056928, 0.0 ], [ -77.080373737944484, -12.071867503746407, 0.0 ], [ -77.080372882548602, -12.071866582921018, 0.0 ], [ -77.080371963970791, -12.071865723061746, 0.0 ], [ -77.080370986686276, -12.071864928362839, 0.0 ], [ -77.080369955456277, -12.071864202693179, 0.0 ], [ -77.080368875304984, -12.071863549587849, 0.0 ], [ -77.08036775149462, -12.071862972231081, 0.0 ], [ -77.080366589500386, -12.071862473430578, 0.0 ], [ -77.08036539498336, -12.071862055622017, 0.0 ], [ -77.080364173763115, -12.071861720843426, 0.0 ], [ -77.080362931789196, -12.071861470718126, 0.0 ], [ -77.080361675112584, -12.071861306467895, 0.0 ], [ -77.080360409855558, -12.071861228891638, 0.0 ], [ -77.080359142182232, -12.071861238369916, 0.0 ], [ -77.080357878268799, -12.07186133485655, 0.0 ], [ -77.080356624272824, -12.071861517878853, 0.0 ], [ -77.080355386303495, -12.071861786546464, 0.0 ], [ -77.080354170392283, -12.071862139547269, 0.0 ], [ -77.080352982462941, -12.071862575169169, 0.0 ], [ -77.080351828302938, -12.071863091287353, 0.0 ], [ -77.080350713535083, -12.071863685381777, 0.0 ], [ -77.080349643590623, -12.071864354563189, 0.0 ], [ -77.080348623682013, -12.071865095569038, 0.0 ], [ -77.080347658778294, -12.071865904789531, 0.0 ], [ -77.080346753580372, -12.071866778285024, 0.0 ], [ -77.080345912498245, -12.071867711794846, 0.0 ], [ -77.080345139629628, -12.071868700776212, 0.0 ], [ -77.080344438739743, -12.071869740404402, 0.0 ], [ -77.080343813243246, -12.071870825624586, 0.0 ], [ -77.080343266187683, -12.07187195113905, 0.0 ], [ -77.080342800238114, -12.071873111471923, 0.0 ], [ -77.08034241766471, -12.071874300969288, 0.0 ], [ -77.080342120331181, -12.071875513829431, 0.0 ], [ -77.080341909686254, -12.071876744152469, 0.0 ], [ -77.080341786755994, -12.071877985933938, 0.0 ], [ -77.080341752139518, -12.071879233137809, 0.0 ], [ -77.080341806005208, -12.07188047967203, 0.0 ], [ -77.080341948090961, -12.071881719480629, 0.0 ], [ -77.080342177704253, -12.071882946507611, 0.0 ], [ -77.08034249372659, -12.071884154781779, 0.0 ], [ -77.08034289461834, -12.071885338421286, 0.0 ], [ -77.080343378426406, -12.071886491652954, 0.0 ] ] ], [ [ [ -77.080410918282993, -12.071842894429983, 0.0 ], [ -77.080411630380866, -12.07184377754901, 0.0 ], [ -77.080412403337149, -12.07184460963134, 0.0 ], [ -77.080413233386096, -12.071845386619627, 0.0 ], [ -77.080414116483766, -12.071846104730138, 0.0 ], [ -77.080415048327794, -12.071846760461167, 0.0 ], [ -77.080416024378422, -12.07184735062309, 0.0 ], [ -77.080417039880459, -12.071847872338177, 0.0 ], [ -77.080418089886194, -12.071848323061976, 0.0 ], [ -77.080419169280518, -12.071848700604676, 0.0 ], [ -77.08042027280429, -12.071849003118004, 0.0 ], [ -77.080421395081601, -12.071849229138106, 0.0 ], [ -77.080422530644611, -12.071849377559513, 0.0 ], [ -77.080423673961093, -12.07184944765649, 0.0 ], [ -77.080424819460916, -12.071849439091434, 0.0 ], [ -77.080425961563293, -12.071849351906074, 0.0 ], [ -77.080427094704064, -12.071849186521263, 0.0 ], [ -77.080428213362595, -12.071848943745387, 0.0 ], [ -77.080429312088853, -12.071848624765543, 0.0 ], [ -77.080430385530036, -12.071848231125806, 0.0 ], [ -77.080431428456535, -12.071847764752878, 0.0 ], [ -77.080432435787117, -12.071847227912807, 0.0 ], [ -77.08043340261429, -12.071846623223735, 0.0 ], [ -77.08043432422788, -12.071845953634167, 0.0 ], [ -77.080435196137614, -12.071845222401244, 0.0 ], [ -77.080436014095795, -12.071844433090597, 0.0 ], [ -77.080436774117388, -12.071843589546004, 0.0 ], [ -77.080437472499682, -12.071842695880651, 0.0 ], [ -77.08043810584013, -12.071841756446798, 0.0 ], [ -77.080438671053145, -12.071840775814138, 0.0 ], [ -77.0804391653853, -12.071839758773974, 0.0 ], [ -77.080439586428113, -12.071838710270177, 0.0 ], [ -77.080439932130218, -12.071837635412022, 0.0 ], [ -77.080440200807416, -12.07183653943963, 0.0 ], [ -77.080440391150873, -12.071835427695907, 0.0 ], [ -77.080440502233074, -12.071834305585551, 0.0 ], [ -77.080440533513183, -12.071833178589083, 0.0 ], [ -77.080440484838249, -12.071832052183852, 0.0 ], [ -77.080440356445976, -12.071830931872704, 0.0 ], [ -77.0804401489615, -12.071829823094999, 0.0 ], [ -77.080439863395938, -12.071828731271086, 0.0 ], [ -77.080439501140248, -12.071827661706463, 0.0 ], [ -77.080439063959446, -12.071826619619751, 0.0 ], [ -77.080438553983456, -12.071825610084669, 0.0 ], [ -77.080437973696917, -12.07182463802142, 0.0 ], [ -77.080437325926766, -12.071823708162343, 0.0 ], [ -77.080436613828908, -12.071822825043384, 0.0 ], [ -77.080435840872639, -12.071821992961125, 0.0 ], [ -77.08043501082372, -12.071821215972898, 0.0 ], [ -77.080434127726122, -12.071820497866758, 0.0 ], [ -77.080433195881994, -12.071819842131479, 0.0 ], [ -77.080432219831479, -12.071819251973915, 0.0 ], [ -77.08043120432967, -12.071818730258869, 0.0 ], [ -77.080430154323921, -12.071818279535103, 0.0 ], [ -77.080429074929853, -12.071817901992425, 0.0 ], [ -77.080427971406181, -12.071817599474803, 0.0 ], [ -77.080426849128997, -12.071817373454707, 0.0 ], [ -77.080425713566015, -12.071817225037604, 0.0 ], [ -77.080424570249633, -12.071817154936308, 0.0 ], [ -77.080423424749952, -12.071817163501342, 0.0 ], [ -77.08042228264776, -12.071817250690975, 0.0 ], [ -77.080421149507202, -12.071817416071434, 0.0 ], [ -77.080420030848799, -12.071817658847261, 0.0 ], [ -77.080418932122669, -12.07181797783136, 0.0 ], [ -77.080417858681443, -12.071818371471037, 0.0 ], [ -77.080416815755143, -12.0718188378439, 0.0 ], [ -77.080415808424505, -12.071819374683903, 0.0 ], [ -77.080414841597303, -12.071819979368598, 0.0 ], [ -77.080413919983926, -12.071820648962403, 0.0 ], [ -77.080413048074135, -12.071821380190947, 0.0 ], [ -77.08041223011594, -12.071822169501528, 0.0 ], [ -77.080411470094319, -12.071823013046057, 0.0 ], [ -77.080410771711968, -12.071823906711355, 0.0 ], [ -77.080410138371477, -12.071824846149463, 0.0 ], [ -77.080409573158192, -12.071825826777768, 0.0 ], [ -77.080409078826108, -12.071826843822203, 0.0 ], [ -77.080408657783181, -12.07182789232597, 0.0 ], [ -77.080408312080948, -12.071828967184107, 0.0 ], [ -77.080408043403594, -12.071830063152179, 0.0 ], [ -77.080407853060066, -12.071831174904519, 0.0 ], [ -77.080407741977496, -12.071832297006269, 0.0 ], [ -77.080407710697557, -12.071833424009355, 0.0 ], [ -77.080407759372065, -12.071834550408015, 0.0 ], [ -77.080407887764423, -12.071835670727815, 0.0 ], [ -77.0804080952487, -12.07183677949695, 0.0 ], [ -77.080408380814191, -12.07183787132522, 0.0 ], [ -77.080408743069782, -12.071838940889906, 0.0 ], [ -77.080409180250498, -12.071839982976675, 0.0 ], [ -77.080409690226261, -12.071840992507518, 0.0 ], [ -77.080410270512914, -12.071841964575144, 0.0 ], [ -77.080410918282993, -12.071842894429983, 0.0 ] ] ], [ [ [ -77.08026296214139, -12.07181554389711, 0.0 ], [ -77.080360482368292, -12.071794590305496, 0.0 ], [ -77.080347505160674, -12.071735585491094, 0.0 ], [ -77.080249984952587, -12.07175653907489, 0.0 ], [ -77.08026296214139, -12.07181554389711, 0.0 ] ] ], [ [ [ -77.080371441950476, -12.071782026915379, 0.0 ], [ -77.08037217509947, -12.071782936144107, 0.0 ], [ -77.080372970905998, -12.071783792822956, 0.0 ], [ -77.080373825493012, -12.071784592783375, 0.0 ], [ -77.080374734696989, -12.071785332121836, 0.0 ], [ -77.080375694088531, -12.071786007238471, 0.0 ], [ -77.080376698993391, -12.071786614845539, 0.0 ], [ -77.080377744515815, -12.071787151984479, 0.0 ], [ -77.080378825562306, -12.071787616034355, 0.0 ], [ -77.080379936865867, -12.07178800473754, 0.0 ], [ -77.080381073012504, -12.071788316195196, 0.0 ], [ -77.080382228466931, -12.071788548897258, 0.0 ], [ -77.080383397599888, -12.071788701704987, 0.0 ], [ -77.080384574715595, -12.071788773876628, 0.0 ], [ -77.080385754079074, -12.071788765058576, 0.0 ], [ -77.080386929944638, -12.071788675293794, 0.0 ], [ -77.080388096583818, -12.071788505021592, 0.0 ], [ -77.080389248312571, -12.071788255068821, 0.0 ], [ -77.080390379519841, -12.071787926658256, 0.0 ], [ -77.080391484694715, -12.071787521382561, 0.0 ], [ -77.080392558452559, -12.071787041221308, 0.0 ], [ -77.080393595562413, -12.071786488510622, 0.0 ], [ -77.080394590971437, -12.071785865947298, 0.0 ], [ -77.080395539830064, -12.07178517656277, 0.0 ], [ -77.080396437515788, -12.071784423714281, 0.0 ], [ -77.080397279654861, -12.071783611067533, 0.0 ], [ -77.080398062144667, -12.071782742587846, 0.0 ], [ -77.080398781172946, -12.071781822501267, 0.0 ], [ -77.08039943323665, -12.071780855294417, 0.0 ], [ -77.080400015158901, -12.071779845675575, 0.0 ], [ -77.080400524104888, -12.071778798565935, 0.0 ], [ -77.08040095759479, -12.071777719065052, 0.0 ], [ -77.080401313516887, -12.071776612433482, 0.0 ], [ -77.0804015901372, -12.071775484062558, 0.0 ], [ -77.080401786107871, -12.071774339450622, 0.0 ], [ -77.080401900474229, -12.071773184170643, 0.0 ], [ -77.080401932679109, -12.071772023854646, 0.0 ], [ -77.080401882565567, -12.071770864150775, 0.0 ], [ -77.080401750377845, -12.071769710718595, 0.0 ], [ -77.080401536759851, -12.071768569164846, 0.0 ], [ -77.080401242752302, -12.071767445060507, 0.0 ], [ -77.080400869787724, -12.071766343878828, 0.0 ], [ -77.080400419683116, -12.071765270984583, 0.0 ], [ -77.080399894631185, -12.071764231606146, 0.0 ], [ -77.080399297190198, -12.071763230805402, 0.0 ], [ -77.080398630270594, -12.071762273460587, 0.0 ], [ -77.080397897121571, -12.071761364231934, 0.0 ], [ -77.080397101315043, -12.071760507553158, 0.0 ], [ -77.080396246728085, -12.071759707592808, 0.0 ], [ -77.08039533752401, -12.071758968254414, 0.0 ], [ -77.080394378132695, -12.071758293137831, 0.0 ], [ -77.080393373227906, -12.071757685530818, 0.0 ], [ -77.080392327705439, -12.071757148391924, 0.0 ], [ -77.080391246659218, -12.071756684342082, 0.0 ], [ -77.080390135355643, -12.071756295638924, 0.0 ], [ -77.080388999209276, -12.071755984181282, 0.0 ], [ -77.080387843754991, -12.071755751479229, 0.0 ], [ -77.080386674622048, -12.071755598671492, 0.0 ], [ -77.080385497506626, -12.071755526499837, 0.0 ], [ -77.080384318143302, -12.071755535317862, 0.0 ], [ -77.080383142277725, -12.071755625082613, 0.0 ], [ -77.080381975638815, -12.071755795354768, 0.0 ], [ -77.08038082391019, -12.071756045307492, 0.0 ], [ -77.080379692702891, -12.071756373717996, 0.0 ], [ -77.080378587528244, -12.071756778993629, 0.0 ], [ -77.080377513770344, -12.071757259154813, 0.0 ], [ -77.080376476660675, -12.071757811865428, 0.0 ], [ -77.080375481251693, -12.071758434428673, 0.0 ], [ -77.080374532392966, -12.071759123813131, 0.0 ], [ -77.080373634707357, -12.071759876661543, 0.0 ], [ -77.080372792568284, -12.071760689308224, 0.0 ], [ -77.080372010078435, -12.071761557787843, 0.0 ], [ -77.080371291050099, -12.071762477874357, 0.0 ], [ -77.080370638986295, -12.07176344508115, 0.0 ], [ -77.080370057063817, -12.071764454699949, 0.0 ], [ -77.080369548117716, -12.07176550180955, 0.0 ], [ -77.0803691146277, -12.071766581310403, 0.0 ], [ -77.080368758705461, -12.07176768794195, 0.0 ], [ -77.080368482085163, -12.071768816312863, 0.0 ], [ -77.080368286114378, -12.071769960929108, 0.0 ], [ -77.08036817174785, -12.071771116204784, 0.0 ], [ -77.080368139542898, -12.071772276524174, 0.0 ], [ -77.080368189656198, -12.071773436224705, 0.0 ], [ -77.080368321843835, -12.071774589661235, 0.0 ], [ -77.080368535461659, -12.071775731210723, 0.0 ], [ -77.080368829468952, -12.071776855315113, 0.0 ], [ -77.080369202433431, -12.071777956496856, 0.0 ], [ -77.080369652538096, -12.07177902939117, 0.0 ], [ -77.080370177589813, -12.071780068769673, 0.0 ], [ -77.080370775030886, -12.071781069570489, 0.0 ], [ -77.080371441950476, -12.071782026915379, 0.0 ] ] ], [ [ [ -77.080451170201954, -12.071739912017028, 0.0 ], [ -77.080450681463248, -12.071739305898973, 0.0 ], [ -77.08045015095523, -12.071738734811277, 0.0 ], [ -77.080449581262357, -12.071738201535863, 0.0 ], [ -77.080448975160309, -12.071737708667889, 0.0 ], [ -77.080448335601773, -12.07173725861589, 0.0 ], [ -77.080447665702735, -12.071736853567387, 0.0 ], [ -77.080446968726847, -12.071736495497625, 0.0 ], [ -77.080446248069663, -12.071736186148144, 0.0 ], [ -77.080445507242032, -12.071735927026902, 0.0 ], [ -77.080444749853527, -12.071735719399801, 0.0 ], [ -77.080443979593838, -12.071735564273542, 0.0 ], [ -77.080443200215612, -12.07173546240873, 0.0 ], [ -77.080442415515904, -12.071735414294118, 0.0 ], [ -77.080441629317662, -12.071735420172624, 0.0 ], [ -77.080440845451292, -12.071735480015613, 0.0 ], [ -77.08044006773558, -12.071735593523025, 0.0 ], [ -77.080439299959608, -12.071735760149378, 0.0 ], [ -77.080438545863814, -12.071735979078049, 0.0 ], [ -77.080437809121946, -12.071736249247268, 0.0 ], [ -77.080437093323582, -12.071736569337322, 0.0 ], [ -77.080436401955922, -12.071736937787916, 0.0 ], [ -77.080435738387237, -12.071737352806936, 0.0 ], [ -77.080435105850285, -12.071737812370568, 0.0 ], [ -77.080434507426972, -12.071738314244943, 0.0 ], [ -77.0804339460324, -12.071738855977653, 0.0 ], [ -77.080433424401917, -12.071739434932333, 0.0 ], [ -77.080432945076709, -12.071740048288744, 0.0 ], [ -77.080432510391944, -12.071740693055805, 0.0 ], [ -77.080432122465524, -12.071741366097548, 0.0 ], [ -77.080431783187407, -12.071742064133169, 0.0 ], [ -77.080431494210345, -12.07174278375866, 0.0 ], [ -77.080431256942333, -12.071743521472726, 0.0 ], [ -77.080431072539227, -12.071744273676842, 0.0 ], [ -77.080430941899607, -12.071745036711905, 0.0 ], [ -77.080430865659608, -12.07174580685183, 0.0 ], [ -77.080430844191113, -12.071746580357294, 0.0 ], [ -77.080430877598175, -12.071747353444096, 0.0 ], [ -77.080430965718591, -12.071748122363704, 0.0 ], [ -77.080431108122582, -12.071748883352882, 0.0 ], [ -77.080431304116658, -12.071749632712727, 0.0 ], [ -77.080431552745878, -12.071750366793696, 0.0 ], [ -77.080431852798924, -12.071751082014947, 0.0 ], [ -77.08043220281391, -12.071751774896647, 0.0 ], [ -77.080432601085789, -12.071752442059903, 0.0 ], [ -77.08043304567407, -12.071753080252554, 0.0 ], [ -77.080433534412776, -12.071753686370645, 0.0 ], [ -77.080434064920794, -12.071754257458368, 0.0 ], [ -77.080434634613681, -12.071754790733815, 0.0 ], [ -77.080435240715715, -12.071755283597508, 0.0 ], [ -77.080435880274322, -12.071755733653839, 0.0 ], [ -77.080436550173403, -12.071756138702371, 0.0 ], [ -77.08043724714932, -12.071756496772155, 0.0 ], [ -77.080437967806574, -12.071756806121652, 0.0 ], [ -77.080438708634262, -12.071757065242899, 0.0 ], [ -77.080439466022824, -12.071757272870007, 0.0 ], [ -77.08044023628257, -12.071757427996266, 0.0 ], [ -77.080441015660867, -12.071757529861081, 0.0 ], [ -77.080441800360646, -12.071757577975688, 0.0 ], [ -77.080442586558959, -12.071757572097171, 0.0 ], [ -77.080443370425385, -12.071757512254166, 0.0 ], [ -77.080444148141154, -12.071757398746733, 0.0 ], [ -77.080444915917184, -12.07175723212036, 0.0 ], [ -77.08044567001302, -12.071757013191661, 0.0 ], [ -77.080446406754945, -12.071756743022412, 0.0 ], [ -77.080447122553338, -12.071756422932333, 0.0 ], [ -77.080447813921012, -12.071756054481703, 0.0 ], [ -77.080448477489725, -12.071755639462646, 0.0 ], [ -77.080449110026635, -12.071755179894678, 0.0 ], [ -77.080449708450004, -12.071754678024579, 0.0 ], [ -77.080450269844562, -12.071754136291833, 0.0 ], [ -77.08045079147503, -12.071753557337127, 0.0 ], [ -77.080451270800197, -12.071752943980686, 0.0 ], [ -77.080451705484919, -12.071752299213598, 0.0 ], [ -77.08045209341131, -12.071751626171833, 0.0 ], [ -77.08045243268937, -12.071750928136199, 0.0 ], [ -77.080452721666376, -12.071750208510696, 0.0 ], [ -77.080452958934345, -12.071749470796618, 0.0 ], [ -77.080453143337365, -12.071748718592497, 0.0 ], [ -77.080453273976957, -12.071747955561744, 0.0 ], [ -77.080453350216843, -12.071747185413201, 0.0 ], [ -77.080453371685465, -12.071746411916099, 0.0 ], [ -77.080453338278147, -12.071745638820964, 0.0 ], [ -77.080453250157717, -12.07174486990999, 0.0 ], [ -77.080453107753655, -12.071744108916524, 0.0 ], [ -77.080452911759522, -12.071743359556699, 0.0 ], [ -77.080452663130259, -12.071742625475764, 0.0 ], [ -77.080452363077171, -12.07174191025454, 0.0 ], [ -77.080452013062157, -12.071741217372868, 0.0 ], [ -77.080451614790263, -12.071740550209645, 0.0 ], [ -77.080451170201954, -12.071739912017028, 0.0 ] ] ], [ [ [ -77.08015338049114, -12.071813446276046, 0.0 ], [ -77.08021950047295, -12.07179923949972, 0.0 ], [ -77.080193662685645, -12.071681759829413, 0.0 ], [ -77.080127542729215, -12.071695966595209, 0.0 ], [ -77.08015338049114, -12.071813446276046, 0.0 ] ] ], [ [ [ -77.080483678784091, -12.071744251954364, 0.0 ], [ -77.080484156248119, -12.071744844090155, 0.0 ], [ -77.080484674517919, -12.071745402004362, 0.0 ], [ -77.080485231068494, -12.071745922974964, 0.0 ], [ -77.080485823188539, -12.071746404470954, 0.0 ], [ -77.080486447993039, -12.071746844143631, 0.0 ], [ -77.080487102438312, -12.071747239848035, 0.0 ], [ -77.080487783335613, -12.071747589655756, 0.0 ], [ -77.080488487368058, -12.07174789187208, 0.0 ], [ -77.08048921110543, -12.07174814501429, 0.0 ], [ -77.080489951021747, -12.071748347850352, 0.0 ], [ -77.080490703512368, -12.071748499398781, 0.0 ], [ -77.080491464910978, -12.071748598915569, 0.0 ], [ -77.080492231508401, -12.071748645915612, 0.0 ], [ -77.080492999569799, -12.07174864017257, 0.0 ], [ -77.08049376535314, -12.071748581714425, 0.0 ], [ -77.080494525127634, -12.071748470823337, 0.0 ], [ -77.080495275191765, -12.071748308039824, 0.0 ], [ -77.08049601189127, -12.071748094162631, 0.0 ], [ -77.080496731637055, -12.071747830227034, 0.0 ], [ -77.080497430922435, -12.071747517517656, 0.0 ], [ -77.080498106340897, -12.071747157568327, 0.0 ], [ -77.08049875460155, -12.071746752123177, 0.0 ], [ -77.080499372546342, -12.07174630315807, 0.0 ], [ -77.08049995716452, -12.071745812863233, 0.0 ], [ -77.080500505608029, -12.071745283630246, 0.0 ], [ -77.08050101520486, -12.071744718030356, 0.0 ], [ -77.080501483472318, -12.071744118823034, 0.0 ], [ -77.080501908129108, -12.071743488929998, 0.0 ], [ -77.080502287106242, -12.0717428314136, 0.0 ], [ -77.080502618557347, -12.071742149481052, 0.0 ], [ -77.080502900867771, -12.07174144645419, 0.0 ], [ -77.080503132662074, -12.071740725760803, 0.0 ], [ -77.080503312810919, -12.071739990908721, 0.0 ], [ -77.080503440436772, -12.071739245479298, 0.0 ], [ -77.080503514917694, -12.071738493108048, 0.0 ], [ -77.080503535890827, -12.071737737446586, 0.0 ], [ -77.080503503254135, -12.071736982192885, 0.0 ], [ -77.080503417166497, -12.07173623101364, 0.0 ], [ -77.080503278047274, -12.07173548757449, 0.0 ], [ -77.080503086574453, -12.071734755501158, 0.0 ], [ -77.080502843680719, -12.071734038357182, 0.0 ], [ -77.08050255054944, -12.071733339633095, 0.0 ], [ -77.08050220860882, -12.071732662735732, 0.0 ], [ -77.080501819524628, -12.071732010966706, 0.0 ], [ -77.080501385192434, -12.071731387492319, 0.0 ], [ -77.080500907728421, -12.071730795356558, 0.0 ], [ -77.080500389458649, -12.071730237446689, 0.0 ], [ -77.080499832908046, -12.071729716471811, 0.0 ], [ -77.080499240788171, -12.071729234975846, 0.0 ], [ -77.080498615983586, -12.071728795307504, 0.0 ], [ -77.080497961538512, -12.071728399603122, 0.0 ], [ -77.080497280641069, -12.071728049791108, 0.0 ], [ -77.080496576608837, -12.071727747579112, 0.0 ], [ -77.080495852871522, -12.07172749443691, 0.0 ], [ -77.080495112955234, -12.071727291596547, 0.0 ], [ -77.080494360464712, -12.071727140052428, 0.0 ], [ -77.080493599066017, -12.07172704053564, 0.0 ], [ -77.080492832468664, -12.071726993535592, 0.0 ], [ -77.080492064407323, -12.071726999278619, 0.0 ], [ -77.08049129862404, -12.071727057736753, 0.0 ], [ -77.08049053884973, -12.071727168627822, 0.0 ], [ -77.080489788785613, -12.071727331407006, 0.0 ], [ -77.080489052086207, -12.071727545288484, 0.0 ], [ -77.080488332340451, -12.071727809224052, 0.0 ], [ -77.080487633054943, -12.071728121929091, 0.0 ], [ -77.080486957636666, -12.071728481882696, 0.0 ], [ -77.0804863093759, -12.071728887327817, 0.0 ], [ -77.080485691431207, -12.071729336288582, 0.0 ], [ -77.080485106812915, -12.071729826583391, 0.0 ], [ -77.08048455836942, -12.071730355820655, 0.0 ], [ -77.080484048772547, -12.071730921416204, 0.0 ], [ -77.08048358050506, -12.071731520623503, 0.0 ], [ -77.08048315584827, -12.071732150520825, 0.0 ], [ -77.080482776871193, -12.071732808032893, 0.0 ], [ -77.080482445419904, -12.071733489965425, 0.0 ], [ -77.080482163109423, -12.071734192992276, 0.0 ], [ -77.080481931315191, -12.071734913685653, 0.0 ], [ -77.080481751166289, -12.071735648537725, 0.0 ], [ -77.08048162354055, -12.071736393971426, 0.0 ], [ -77.080481549059627, -12.0717371463513, 0.0 ], [ -77.08048152808631, -12.071737902005868, 0.0 ], [ -77.080481560723072, -12.071738657266481, 0.0 ], [ -77.080481646810583, -12.071739408437123, 0.0 ], [ -77.080481785929592, -12.071740151872023, 0.0 ], [ -77.080481977402357, -12.071740883945377, 0.0 ], [ -77.080482220296048, -12.071741601089382, 0.0 ], [ -77.080482513427157, -12.071742299813494, 0.0 ], [ -77.080482855367876, -12.071742976710883, 0.0 ], [ -77.080483244451955, -12.071743628484255, 0.0 ], [ -77.080483678784091, -12.071744251954364, 0.0 ] ] ] ] } },
{ "type": "Feature", "properties": { "Nombre": "Jardin física", "Perimetro": 192.158, "Área": 1237.515, "Uso": "Áreas de uso recreativo/descanso", "Proy riego": "Falta aspersión", "Riego act": "Sin riego tecnificado", "Referenc_1": null, "código": "F 32", "ID": null }, "geometry": { "type": "MultiPolygon", "coordinates": [ [ [ [ -77.080048460534982, -12.071505215072019, 0.0 ], [ -77.080074732720504, -12.071571198978923, 0.0 ], [ -77.080075177437152, -12.071570976380059, 0.0 ], [ -77.08007563623562, -12.071570783433812, 0.0 ], [ -77.08007610707665, -12.07157062099996, 0.0 ], [ -77.080076587867893, -12.071570489807343, 0.0 ], [ -77.080077076472548, -12.071570390434358, 0.0 ], [ -77.080077570718828, -12.071570323319575, 0.0 ], [ -77.080078068410359, -12.071570288768157, 0.0 ], [ -77.080078567335207, -12.071570286930241, 0.0 ], [ -77.080079065275697, -12.071570317809476, 0.0 ], [ -77.080079560018959, -12.071570381275876, 0.0 ], [ -77.080080049366273, -12.07157047704421, 0.0 ], [ -77.080080531142727, -12.071570604691159, 0.0 ], [ -77.080081003206914, -12.071570763646617, 0.0 ], [ -77.080081463461013, -12.071570953202269, 0.0 ], [ -77.080081909859373, -12.071571172520105, 0.0 ], [ -77.08008234041823, -12.071571420623744, 0.0 ], [ -77.080082753223735, -12.071571696407009, 0.0 ], [ -77.080083146441453, -12.071571998651066, 0.0 ], [ -77.080083518323534, -12.071572326007146, 0.0 ], [ -77.080083867217411, -12.071572677022353, 0.0 ], [ -77.080084191572411, -12.071573050135269, 0.0 ], [ -77.080084489946927, -12.071573443693175, 0.0 ], [ -77.080084761014959, -12.071573855939054, 0.0 ], [ -77.080085003571654, -12.071574285046021, 0.0 ], [ -77.080085216539047, -12.071574729104372, 0.0 ], [ -77.080085398970567, -12.071575186138768, 0.0 ], [ -77.080085550055571, -12.071575654125457, 0.0 ], [ -77.080085669122496, -12.071576130979301, 0.0 ], [ -77.080085755642415, -12.071576614581774, 0.0 ], [ -77.080085809230198, -12.07157710278314, 0.0 ], [ -77.080085829648084, -12.071577593407993, 0.0 ], [ -77.080085815177938, -12.071578110566575, 0.0 ], [ -77.080085763858293, -12.071578625448534, 0.0 ], [ -77.080085675942243, -12.071579135510159, 0.0 ], [ -77.080085551863661, -12.071579638246456, 0.0 ], [ -77.080085392234579, -12.071580131168391, 0.0 ], [ -77.080085197842635, -12.071580611848074, 0.0 ], [ -77.080084969646791, -12.07158107790808, 0.0 ], [ -77.080084708772759, -12.071581527055896, 0.0 ], [ -77.080084416507646, -12.07158195707539, 0.0 ], [ -77.080084094293468, -12.071582365839783, 0.0 ], [ -77.080083743719541, -12.071582751337534, 0.0 ], [ -77.080083366515694, -12.071583111663804, 0.0 ], [ -77.080082964542655, -12.071583445042062, 0.0 ], [ -77.080082539783618, -12.071583749828454, 0.0 ], [ -77.080082094334159, -12.0715840245162, 0.0 ], [ -77.080081630391859, -12.07158426775289, 0.0 ], [ -77.080081150245803, -12.071584478342729, 0.0 ], [ -77.080080656264286, -12.071584655240203, 0.0 ], [ -77.080080150884569, -12.071584797569628, 0.0 ], [ -77.080092235015854, -12.071615490704117, 0.0 ], [ -77.080097469345375, -12.071613527350681, 0.0 ], [ -77.080102200929574, -12.071625669187982, 0.0 ], [ -77.080203224020437, -12.07160396301401, 0.0 ], [ -77.080207063698509, -12.071621268930762, 0.0 ], [ -77.080221418094183, -12.071618184691886, 0.0 ], [ -77.080222098035591, -12.071621276262157, 0.0 ], [ -77.080264622930571, -12.071612139200255, 0.0 ], [ -77.080263942988736, -12.071609047630163, 0.0 ], [ -77.080264209530185, -12.071608990360028, 0.0 ], [ -77.080260658943544, -12.071592983952824, 0.0 ], [ -77.080296286038603, -12.071584778547022, 0.0 ], [ -77.080301071365085, -12.071604307744451, 0.0 ], [ -77.080309842442162, -12.071602423155154, 0.0 ], [ -77.080305739564935, -12.071583878725582, 0.0 ], [ -77.080297216656788, -12.071585709992197, 0.0 ], [ -77.08024144851403, -12.071333645410233, 0.0 ], [ -77.080231445332572, -12.071288432289967, 0.0 ], [ -77.080368485129711, -12.071259238065336, 0.0 ], [ -77.080365734854809, -12.071247155712877, 0.0 ], [ -77.080367260632968, -12.071246830668883, 0.0 ], [ -77.080370352170988, -12.071260412238786, 0.0 ], [ -77.080440432252217, -12.071245482607594, 0.0 ], [ -77.080426396105366, -12.071181446082335, 0.0 ], [ -77.080014945171143, -12.071246705783556, 0.0 ], [ -77.079988278396712, -12.07126183011432, 0.0 ], [ -77.08003075571942, -12.07145577792342, 0.0 ], [ -77.080048460534982, -12.071505215072019, 0.0 ] ] ] ] } },
{ "type": "Feature", "properties": { "Nombre": null, "Perimetro": 71.042, "Área": 204.811, "Uso": "Áreas de uso administrativo", "Proy riego": "Por validar con unidad", "Riego act": "Sin riego tecnificado", "Referenc_1": null, "código": "F 33", "ID": null }, "geometry": { "type": "MultiPolygon", "coordinates": [ [ [ [ -77.08040677656038, -12.071452293261595, 0.0 ], [ -77.080422143246594, -12.071522162622852, 0.0 ], [ -77.080439846778376, -12.071518391149228, 0.0 ], [ -77.080439166836101, -12.071515299584695, 0.0 ], [ -77.080441859317887, -12.071514725991477, 0.0 ], [ -77.08044253926019, -12.071517817555998, 0.0 ], [ -77.080489006542933, -12.071507918387715, 0.0 ], [ -77.080488326600161, -12.071504826823389, 0.0 ], [ -77.080491019081677, -12.07150425322973, 0.0 ], [ -77.080494250059459, -12.071503564917299, 0.0 ], [ -77.080449665283041, -12.071300846619058, 0.0 ], [ -77.080448139544558, -12.071301171655074, 0.0 ], [ -77.080440951593715, -12.071268489400174, 0.0 ], [ -77.080375370933808, -12.071282460379505, 0.0 ], [ -77.080392643292853, -12.071359639493549, 0.0 ], [ -77.080413694152085, -12.071450819572231, 0.0 ], [ -77.08040677656038, -12.071452293261595, 0.0 ] ] ] ] } },
{ "type": "Feature", "properties": { "Nombre": null, "Perimetro": 25.834, "Área": 34.208, "Uso": "Áreas de uso administrativo", "Proy riego": "Por validar con unidad", "Riego act": "Sin riego tecnificado", "Referenc_1": null, "código": null, "ID": null }, "geometry": { "type": "MultiPolygon", "coordinates": [ [ [ [ -77.080713046960923, -12.071457323230492, 0.0 ], [ -77.080730919809298, -12.071538587180587, 0.0 ], [ -77.080764306571496, -12.071531474588715, 0.0 ], [ -77.080746433714253, -12.071450210642304, 0.0 ], [ -77.080713046960923, -12.071457323230492, 0.0 ] ] ] ] } },
{ "type": "Feature", "properties": { "Nombre": null, "Perimetro": 117.362, "Área": 328.788, "Uso": "Áreas de uso administrativo", "Proy riego": "Por validar con unidad", "Riego act": "Sin riego tecnificado", "Referenc_1": null, "código": "F 31", "ID": null }, "geometry": { "type": "MultiPolygon", "coordinates": [ [ [ [ -77.080583788803779, -12.071269037137025, 0.0 ], [ -77.080577513904302, -12.071240506417062, 0.0 ], [ -77.08047699469131, -12.071261920578374, 0.0 ], [ -77.080483269581407, -12.071290451302229, 0.0 ], [ -77.080583788803779, -12.071269037137025, 0.0 ] ] ], [ [ [ -77.080751605697486, -12.071296442443018, 0.0 ], [ -77.080714901367244, -12.071129555555961, 0.0 ], [ -77.080585354876021, -12.071152699266866, 0.0 ], [ -77.080622994956158, -12.071323841173484, 0.0 ], [ -77.080751605697486, -12.071296442443018, 0.0 ] ] ], [ [ [ -77.080566502579472, -12.071195741649669, 0.0 ], [ -77.080566031090427, -12.071194808300554, 0.0 ], [ -77.08056549459711, -12.071193909595298, 0.0 ], [ -77.080564895712968, -12.071193049910136, 0.0 ], [ -77.080564237356, -12.07119223343803, 0.0 ], [ -77.080563522733428, -12.071191464149994, 0.0 ], [ -77.080562755326895, -12.071190745799496, 0.0 ], [ -77.080561938875164, -12.071190081883827, 0.0 ], [ -77.080561077355881, -12.071189475635604, 0.0 ], [ -77.080560174966266, -12.071188930014292, 0.0 ], [ -77.080559236102715, -12.071188447671904, 0.0 ], [ -77.08055826533915, -12.071188030961745, 0.0 ], [ -77.080557267405283, -12.071187681908434, 0.0 ], [ -77.080556247162633, -12.071187402225309, 0.0 ], [ -77.080555209582002, -12.071187193262899, 0.0 ], [ -77.080554159718119, -12.071187056043561, 0.0 ], [ -77.080553102685968, -12.071186991231517, 0.0 ], [ -77.080552043635279, -12.07118699915026, 0.0 ], [ -77.080550987725687, -12.071187079761216, 0.0 ], [ -77.080549940101506, -12.071187232663915, 0.0 ], [ -77.080548905866436, -12.071187457117729, 0.0 ], [ -77.080547890059378, -12.071187752024825, 0.0 ], [ -77.080546897629162, -12.071188115960508, 0.0 ], [ -77.080545933410761, -12.071188547138938, 0.0 ], [ -77.0805450021019, -12.07118904346501, 0.0 ], [ -77.080544108239636, -12.071189602517277, 0.0 ], [ -77.080543256178927, -12.071190221578311, 0.0 ], [ -77.080542450070851, -12.071190897626209, 0.0 ], [ -77.080541693842662, -12.071191627369261, 0.0 ], [ -77.080540991178708, -12.071192407254662, 0.0 ], [ -77.080540345502286, -12.071193233477315, 0.0 ], [ -77.080539759959066, -12.071194102018707, 0.0 ], [ -77.080539237401581, -12.07119500864273, 0.0 ], [ -77.080538780375988, -12.071195948934559, 0.0 ], [ -77.080538391108561, -12.071196918313706, 0.0 ], [ -77.080538071496093, -12.071197912055601, 0.0 ], [ -77.080537823095383, -12.071198925317551, 0.0 ], [ -77.080537647116813, -12.071199953166802, 0.0 ], [ -77.080537544417751, -12.071200990591361, 0.0 ], [ -77.080537515498449, -12.071202032541706, 0.0 ], [ -77.080537560499749, -12.07120307393782, 0.0 ], [ -77.080537679202422, -12.071204109706919, 0.0 ], [ -77.080537871028341, -12.071205134806036, 0.0 ], [ -77.080538135042872, -12.071206144236573, 0.0 ], [ -77.080538469959535, -12.071207133080133, 0.0 ], [ -77.080538874147067, -12.07120809652648, 0.0 ], [ -77.080539345635913, -12.071209029875652, 0.0 ], [ -77.080539882129315, -12.071209928580968, 0.0 ], [ -77.080540481013301, -12.071210788266191, 0.0 ], [ -77.080541139370268, -12.07121160473835, 0.0 ], [ -77.080541853992855, -12.071212374026448, 0.0 ], [ -77.080542621399388, -12.071213092377004, 0.0 ], [ -77.080543437851205, -12.071213756297034, 0.0 ], [ -77.080544299370516, -12.071214362540996, 0.0 ], [ -77.080545201760245, -12.071214908166654, 0.0 ], [ -77.080546140623866, -12.071215390509078, 0.0 ], [ -77.080547111387531, -12.071215807219268, 0.0 ], [ -77.080548109321612, -12.07121615626829, 0.0 ], [ -77.080549129564275, -12.071216435955735, 0.0 ], [ -77.080550167145162, -12.071216644918147, 0.0 ], [ -77.080551217009003, -12.071216782137485, 0.0 ], [ -77.080552274041253, -12.071216846945209, 0.0 ], [ -77.080553333092055, -12.071216839026443, 0.0 ], [ -77.08055438900179, -12.071216758419771, 0.0 ], [ -77.080555436626213, -12.071216605517035, 0.0 ], [ -77.080556470861254, -12.071216381063181, 0.0 ], [ -77.080557486668368, -12.071216086151729, 0.0 ], [ -77.08055847909867, -12.0712157222203, 0.0 ], [ -77.080559443317142, -12.071215291041815, 0.0 ], [ -77.08056037462606, -12.071214794715686, 0.0 ], [ -77.080561268488324, -12.071214235659051, 0.0 ], [ -77.080562120549075, -12.071213616602266, 0.0 ], [ -77.080562926657123, -12.071212940549998, 0.0 ], [ -77.080563682885284, -12.071212210806895, 0.0 ], [ -77.080564385549209, -12.071211430921437, 0.0 ], [ -77.080565031225589, -12.071210604698736, 0.0 ], [ -77.08056561676888, -12.0712097361573, 0.0 ], [ -77.080566139326152, -12.071208829533241, 0.0 ], [ -77.080566596351645, -12.071207889241373, 0.0 ], [ -77.080566985618972, -12.071206919862203, 0.0 ], [ -77.080567305231497, -12.071205926124602, 0.0 ], [ -77.08056755363198, -12.07120491286264, 0.0 ], [ -77.080567729610422, -12.071203885013388, 0.0 ], [ -77.080567832309498, -12.071202847588838, 0.0 ], [ -77.080567861228744, -12.071201805640026, 0.0 ], [ -77.080567816227273, -12.07120076424242, 0.0 ], [ -77.08056769752433, -12.071199728473355, 0.0 ], [ -77.080567505698326, -12.071198703374275, 0.0 ], [ -77.080567241683852, -12.07119769394378, 0.0 ], [ -77.080566906766933, -12.071196705095964, 0.0 ], [ -77.080566502579472, -12.071195741649669, 0.0 ] ] ], [ [ [ -77.080477966480302, -12.071192372608534, 0.0 ], [ -77.080478475797136, -12.071193380842878, 0.0 ], [ -77.080479055333882, -12.071194351653473, 0.0 ], [ -77.080479702266899, -12.071195280312283, 0.0 ], [ -77.080480413444533, -12.07119616229193, 0.0 ], [ -77.080481185401993, -12.071196993300118, 0.0 ], [ -77.080482014378376, -12.071197769288093, 0.0 ], [ -77.080482896334985, -12.07119848647207, 0.0 ], [ -77.080483826974969, -12.071199141358923, 0.0 ], [ -77.080484801764484, -12.071199730758984, 0.0 ], [ -77.080485815954262, -12.071200251798791, 0.0 ], [ -77.080486864603387, -12.071200701942455, 0.0 ], [ -77.080487942603014, -12.071201078995813, 0.0 ], [ -77.080489044700954, -12.071201381123458, 0.0 ], [ -77.080490165528232, -12.071201606852878, 0.0 ], [ -77.080491299624157, -12.07120175508285, 0.0 ], [ -77.080492441463377, -12.07120182508759, 0.0 ], [ -77.080493585483183, -12.071201816533749, 0.0 ], [ -77.080494726110061, -12.071201729462999, 0.0 ], [ -77.080495857786659, -12.071201564291835, 0.0 ], [ -77.080496974999875, -12.071201321828582, 0.0 ], [ -77.080498072306682, -12.071201003255977, 0.0 ], [ -77.080499144361013, -12.071200610126658, 0.0 ], [ -77.080500185940025, -12.071200144354354, 0.0 ], [ -77.08050119196939, -12.071199608209367, 0.0 ], [ -77.080502157547443, -12.07119900430118, 0.0 ], [ -77.080503077970249, -12.07119833557393, 0.0 ], [ -77.080503948753588, -12.071197605284723, 0.0 ], [ -77.08050476565505, -12.071196816990527, 0.0 ], [ -77.080505524694942, -12.071195974535081, 0.0 ], [ -77.080506222174989, -12.071195082022912, 0.0 ], [ -77.08050685469729, -12.071194143797635, 0.0 ], [ -77.080507419180208, -12.071193164433218, 0.0 ], [ -77.08050791287387, -12.071192148699389, 0.0 ], [ -77.080508333372734, -12.071191101548616, 0.0 ], [ -77.080508678628391, -12.07119002807722, 0.0 ], [ -77.08050894695873, -12.071188933521, 0.0 ], [ -77.080509137056382, -12.071187823209927, 0.0 ], [ -77.080509247995323, -12.071186702548676, 0.0 ], [ -77.080509279235088, -12.071185577003661, 0.0 ], [ -77.080509230623292, -12.071184452051464, 0.0 ], [ -77.080509102397002, -12.071183333182773, 0.0 ], [ -77.080508895180841, -12.071182225838124, 0.0 ], [ -77.080508609984264, -12.071181135420655, 0.0 ], [ -77.080508248196779, -12.071180067235858, 0.0 ], [ -77.0805078115811, -12.071179026493773, 0.0 ], [ -77.080507302264067, -12.071178018259502, 0.0 ], [ -77.080506722727421, -12.071177047448968, 0.0 ], [ -77.080506075794347, -12.071176118790234, 0.0 ], [ -77.080505364616585, -12.071175236810653, 0.0 ], [ -77.080504592659139, -12.071174405802532, 0.0 ], [ -77.080503763682785, -12.07117362981462, 0.0 ], [ -77.080502881726218, -12.071172912630708, 0.0 ], [ -77.080501951086305, -12.071172257743907, 0.0 ], [ -77.080500976296875, -12.071171668343895, 0.0 ], [ -77.080499962107183, -12.071171147304133, 0.0 ], [ -77.080498913458172, -12.0711706971605, 0.0 ], [ -77.080497835458814, -12.071170320107168, 0.0 ], [ -77.08049673336086, -12.071170017979535, 0.0 ], [ -77.080495612533724, -12.071169792250123, 0.0 ], [ -77.080494478438069, -12.071169644020145, 0.0 ], [ -77.080493336598849, -12.071169574015395, 0.0 ], [ -77.080492192579186, -12.071169582569212, 0.0 ], [ -77.080491051952592, -12.071169669639925, 0.0 ], [ -77.080489920275966, -12.071169834811048, 0.0 ], [ -77.080488803062849, -12.071170077274257, 0.0 ], [ -77.080487705756298, -12.071170395846805, 0.0 ], [ -77.080486633701923, -12.071170788976064, 0.0 ], [ -77.080485592122969, -12.071171254748304, 0.0 ], [ -77.080484586093803, -12.071171790893219, 0.0 ], [ -77.080483620515665, -12.071172394801339, 0.0 ], [ -77.080482700092873, -12.071173063528521, 0.0 ], [ -77.08048182930952, -12.071173793817657, 0.0 ], [ -77.080481012408043, -12.071174582111789, 0.0 ], [ -77.08048025336825, -12.071175424567167, 0.0 ], [ -77.080479555888132, -12.071176317079281, 0.0 ], [ -77.080478923365774, -12.071177255304507, 0.0 ], [ -77.08047835888263, -12.07117823466888, 0.0 ], [ -77.080477865188996, -12.07117925040267, 0.0 ], [ -77.080477444689876, -12.071180297553415, 0.0 ], [ -77.080477099434233, -12.071181371024792, 0.0 ], [ -77.080476831103766, -12.071182465580998, 0.0 ], [ -77.080476641006015, -12.071183575896383, 0.0 ], [ -77.080476530066889, -12.071184696553331, 0.0 ], [ -77.08047649882711, -12.071185822102606, 0.0 ], [ -77.080476547438636, -12.071186947050592, 0.0 ], [ -77.080476675664869, -12.071188065923627, 0.0 ], [ -77.080476882880845, -12.07118917326401, 0.0 ], [ -77.080477168077309, -12.071190263681531, 0.0 ], [ -77.080477529864581, -12.071191331866387, 0.0 ], [ -77.080477966480302, -12.071192372608534, 0.0 ] ] ] ] } },
{ "type": "Feature", "properties": { "Nombre": null, "Perimetro": 76.384, "Área": 302.84, "Uso": "Áreas de uso administrativo", "Proy riego": "Por validar con unidad", "Riego act": "Sin riego tecnificado", "Referenc_1": null, "código": null, "ID": null }, "geometry": { "type": "MultiPolygon", "coordinates": [ [ [ [ -77.080481919612382, -12.071104285757956, 0.0 ], [ -77.080494256537079, -12.071103251392177, 0.0 ], [ -77.080498158891956, -12.071140721077324, 0.0 ], [ -77.080709086701873, -12.07110303848547, 0.0 ], [ -77.080683265355646, -12.070985069806129, 0.0 ], [ -77.080591130534614, -12.070993390514976, 0.0 ], [ -77.080592357177409, -12.071006348560159, 0.0 ], [ -77.080590711192372, -12.071006497209027, 0.0 ], [ -77.080591741913167, -12.071017385566416, 0.0 ], [ -77.080474694075576, -12.071027956130283, 0.0 ], [ -77.080481919612382, -12.071104285757956, 0.0 ] ] ] ] } },
{ "type": "Feature", "properties": { "Nombre": null, "Perimetro": 157.161, "Área": 704.061, "Uso": "Áreas de manejo sostenible y reducción de consumo de agua", "Proy riego": "Goteo", "Riego act": "Sin riego tecnificado", "Referenc_1": null, "código": "F 22", "ID": null }, "geometry": { "type": "MultiPolygon", "coordinates": [ [ [ [ -77.079959252750143, -12.07108054647721, 0.0 ], [ -77.079975867032203, -12.071197569731341, 0.0 ], [ -77.079982003497847, -12.071232385962514, 0.0 ], [ -77.079982521170393, -12.071235154362988, 0.0 ], [ -77.080009655236537, -12.071220082171642, 0.0 ], [ -77.080380748485553, -12.071161223585838, 0.0 ], [ -77.080393004511436, -12.071118684600219, 0.0 ], [ -77.080417421740407, -12.071034861927458, 0.0 ], [ -77.080182408661756, -12.071055964879131, 0.0 ], [ -77.080186846495408, -12.071102846112677, 0.0 ], [ -77.080185475018283, -12.071102971866031, 0.0 ], [ -77.080180645189316, -12.071051949593397, 0.0 ], [ -77.080176805054066, -12.071052301702567, 0.0 ], [ -77.08017694986367, -12.071053831470904, 0.0 ], [ -77.080173749750927, -12.071054124895186, 0.0 ], [ -77.080172408341326, -12.071039954245324, 0.0 ], [ -77.080074077753011, -12.071048910404574, 0.0 ], [ -77.080080785406238, -12.071118526788791, 0.0 ], [ -77.080022195472253, -12.071123323336144, 0.0 ], [ -77.080015363865655, -12.071052420324518, 0.0 ], [ -77.07995595082275, -12.071058034618957, 0.0 ], [ -77.07995660417815, -12.071062584753319, 0.0 ], [ -77.079959252750143, -12.07108054647721, 0.0 ] ] ] ] } },
{ "type": "Feature", "properties": { "Nombre": "Jardín Palmeras (Gastronomía)", "Perimetro": 138.173, "Área": 918.693, "Uso": "Áreas de uso recreativo/descanso", "Proy riego": "Falta aspersión", "Riego act": "Sin riego tecnificado", "Referenc_1": null, "código": "F 26", "ID": null }, "geometry": { "type": "MultiPolygon", "coordinates": [ [ [ [ -77.081947061225065, -12.070697996003394, 0.0 ], [ -77.081890124307122, -12.070705613637601, 0.0 ], [ -77.081890455111932, -12.070707219528265, 0.0 ], [ -77.081706948143193, -12.070744304385387, 0.0 ], [ -77.081718735281299, -12.070791152968686, 0.0 ], [ -77.08177177244167, -12.071000434975115, 0.0 ], [ -77.081788752261161, -12.071011207215157, 0.0 ], [ -77.082038338429285, -12.070968734531396, 0.0 ], [ -77.081957576216013, -12.070729184728151, 0.0 ], [ -77.081950473346737, -12.070731648625751, 0.0 ], [ -77.081941796153373, -12.070705911058898, 0.0 ], [ -77.081948899022123, -12.070703447161616, 0.0 ], [ -77.081947621219271, -12.070699657049179, 0.0 ], [ -77.081947061225065, -12.070697996003394, 0.0 ] ] ] ] } },
{ "type": "Feature", "properties": { "Nombre": "Jardín Palmeras (Gastronomía)", "Perimetro": 212.296, "Área": 1143.885, "Uso": "Áreas de uso recreativo/descanso", "Proy riego": "Falta aspersión", "Riego act": "Sin riego tecnificado", "Referenc_1": null, "código": "F 26", "ID": null }, "geometry": { "type": "MultiPolygon", "coordinates": [ [ [ [ -77.081484697778933, -12.070781873427329, 0.0 ], [ -77.081459005975546, -12.070814407339803, 0.0 ], [ -77.081461981419721, -12.070828209255343, 0.0 ], [ -77.081462743619511, -12.070828043609456, 0.0 ], [ -77.081497375314612, -12.070988686273131, 0.0 ], [ -77.081501714111141, -12.070987877743407, 0.0 ], [ -77.081507102270649, -12.07098682465252, 0.0 ], [ -77.081532324349411, -12.070981895112329, 0.0 ], [ -77.081545893560886, -12.071044260956823, 0.0 ], [ -77.081556922715905, -12.071051236447284, 0.0 ], [ -77.081575516209142, -12.071047493928576, 0.0 ], [ -77.081745628365468, -12.07101854568972, 0.0 ], [ -77.08175611832057, -12.071002897634193, 0.0 ], [ -77.081703191280639, -12.070794050110411, 0.0 ], [ -77.081674429800401, -12.070750875992296, 0.0 ], [ -77.081576869326554, -12.07077059188955, 0.0 ], [ -77.081578487016984, -12.070778014941714, 0.0 ], [ -77.081545473779542, -12.07078468654543, 0.0 ], [ -77.081543856089922, -12.07077726349293, 0.0 ], [ -77.081524372351254, -12.070781200935205, 0.0 ], [ -77.081525415183648, -12.07078615683681, 0.0 ], [ -77.081504716339694, -12.070790339836547, 0.0 ], [ -77.08150367350764, -12.070785383934805, 0.0 ], [ -77.08148619536324, -12.070788916066657, 0.0 ], [ -77.081484697778933, -12.070781873427329, 0.0 ] ] ] ] } },
{ "type": "Feature", "properties": { "Nombre": null, "Perimetro": 58.807, "Área": 78.785, "Uso": "Áreas de manejo sostenible y reducción de consumo de agua", "Proy riego": "Goteo", "Riego act": "Sin riego tecnificado", "Referenc_1": "av rivaguero y av urubamba", "código": null, "ID": null }, "geometry": { "type": "MultiPolygon", "coordinates": [ [ [ [ -77.083125415565604, -12.073035796242207, 0.0 ], [ -77.083126324437899, -12.073031908316519, 0.0 ], [ -77.083125712543506, -12.073025629179238, 0.0 ], [ -77.083124797182336, -12.073021299734148, 0.0 ], [ -77.083122522887209, -12.07301375852939, 0.0 ], [ -77.083092088559141, -12.072913083423737, 0.0 ], [ -77.083076335900998, -12.072918360061202, 0.0 ], [ -77.083080737585462, -12.072931442548455, 0.0 ], [ -77.083082184013733, -12.072936493057755, 0.0 ], [ -77.083083416657146, -12.072941598201975, 0.0 ], [ -77.083084433399932, -12.072946749204881, 0.0 ], [ -77.083085232497396, -12.072951937234118, 0.0 ], [ -77.083085812578162, -12.072957153387742, 0.0 ], [ -77.083086172646418, -12.072962388707122, 0.0 ], [ -77.08308631208439, -12.072967634217926, 0.0 ], [ -77.083086019720483, -12.072972392126086, 0.0 ], [ -77.083085559016922, -12.072977137114041, 0.0 ], [ -77.083084930533389, -12.072981863409161, 0.0 ], [ -77.083084135033985, -12.07298656527184, 0.0 ], [ -77.083083173485491, -12.072991236993252, 0.0 ], [ -77.083082047056593, -12.072995872878153, 0.0 ], [ -77.083080757116477, -12.073000467307592, 0.0 ], [ -77.083079148436482, -12.073005114355608, 0.0 ], [ -77.083077338576658, -12.073009689175342, 0.0 ], [ -77.083075330872731, -12.073014183318513, 0.0 ], [ -77.083073129024925, -12.073018588511038, 0.0 ], [ -77.083070737091361, -12.073022896637744, 0.0 ], [ -77.083068159480703, -12.07302709974676, 0.0 ], [ -77.083065400943795, -12.073031190105533, 0.0 ], [ -77.083063443471417, -12.073033896287923, 0.0 ], [ -77.083061410154428, -12.073036547746183, 0.0 ], [ -77.083059302571101, -12.073039142421505, 0.0 ], [ -77.083057122358099, -12.073041678304119, 0.0 ], [ -77.083054871207864, -12.073044153429096, 0.0 ], [ -77.083052550867663, -12.073046565867788, 0.0 ], [ -77.083050163138637, -12.073048913743868, 0.0 ], [ -77.083047652328148, -12.073051198283446, 0.0 ], [ -77.083045068419381, -12.073053402456825, 0.0 ], [ -77.083042414066611, -12.073055523999924, 0.0 ], [ -77.083039691996618, -12.073057560739661, 0.0 ], [ -77.083036905005869, -12.073059510586495, 0.0 ], [ -77.083034055956887, -12.073061371525842, 0.0 ], [ -77.083031147776154, -12.073063141649893, 0.0 ], [ -77.083028416064352, -12.073064764039774, 0.0 ], [ -77.08302563820628, -12.07306630866567, 0.0 ], [ -77.08302281648615, -12.073067774263304, 0.0 ], [ -77.083019953225133, -12.073069159627973, 0.0 ], [ -77.083017050777883, -12.073070463617254, 0.0 ], [ -77.083014111531341, -12.073071685159604, 0.0 ], [ -77.083011137902631, -12.073072823243264, 0.0 ], [ -77.082984110108313, -12.073081874323584, 0.0 ], [ -77.082978287292292, -12.073084580173761, 0.0 ], [ -77.082984006234923, -12.073095626272245, 0.0 ], [ -77.083021755654286, -12.073084069905667, 0.0 ], [ -77.083043107660259, -12.073076887057939, 0.0 ], [ -77.083061278927303, -12.073071206546148, 0.0 ], [ -77.083094504609136, -12.073057466258192, 0.0 ], [ -77.08311069281325, -12.073050322069513, 0.0 ], [ -77.08311816664812, -12.073045460912279, 0.0 ], [ -77.08312077263318, -12.073042484355716, 0.0 ], [ -77.083123380046757, -12.073039692603706, 0.0 ], [ -77.083125415565604, -12.073035796242207, 0.0 ] ] ] ] } },
{ "type": "Feature", "properties": { "Nombre": null, "Perimetro": 78.855, "Área": 141.348, "Uso": "Áreas de uso administrativo", "Proy riego": "Por validar con unidad", "Riego act": "Sin riego tecnificado", "Referenc_1": null, "código": null, "ID": null }, "geometry": { "type": "MultiPolygon", "coordinates": [ [ [ [ -77.082853482856294, -12.072726005853088, 0.0 ], [ -77.082869472810316, -12.072771770345234, 0.0 ], [ -77.082883886846602, -12.07276695385241, 0.0 ], [ -77.082890173656537, -12.072770056496534, 0.0 ], [ -77.082912579377052, -12.072727032063884, 0.0 ], [ -77.082942332120936, -12.072717156301888, 0.0 ], [ -77.082920975262269, -12.072652439511939, 0.0 ], [ -77.082904940278866, -12.072604659875962, 0.0 ], [ -77.082897792143299, -12.072583315585154, 0.0 ], [ -77.082871529706253, -12.072505320479371, 0.0 ], [ -77.082803971087372, -12.072522888377517, 0.0 ], [ -77.082831586502763, -12.072545388454953, 0.0 ], [ -77.08284315334177, -12.072573602542835, 0.0 ], [ -77.082852014872941, -12.072570613611493, 0.0 ], [ -77.082888541961793, -12.072675157046332, 0.0 ], [ -77.082900721503975, -12.072710015841025, 0.0 ], [ -77.082892906406897, -12.072712661591087, 0.0 ], [ -77.082874410676411, -12.072718923198785, 0.0 ], [ -77.082853482856294, -12.072726005853088, 0.0 ] ] ] ] } },
{ "type": "Feature", "properties": { "Nombre": null, "Perimetro": 198.987, "Área": 583.228, "Uso": "Áreas de manejo sostenible y reducción de consumo de agua", "Proy riego": "Goteo", "Riego act": "Sin riego tecnificado", "Referenc_1": null, "código": "G 9", "ID": null }, "geometry": { "type": "MultiPolygon", "coordinates": [ [ [ [ -77.082739131434224, -12.072538281424597, 0.0 ], [ -77.082417278308881, -12.072629075066294, 0.0 ], [ -77.082075751635458, -12.072723242245532, 0.0 ], [ -77.082168461353746, -12.072773215409834, 0.0 ], [ -77.082183828061758, -12.072742769923797, 0.0 ], [ -77.082174905686401, -12.07270966040214, 0.0 ], [ -77.08222208824553, -12.072696843111602, 0.0 ], [ -77.08222630261551, -12.072712481962771, 0.0 ], [ -77.082236990365061, -12.072709837601369, 0.0 ], [ -77.082240309605538, -12.07272215476703, 0.0 ], [ -77.082262547928536, -12.072735569592419, 0.0 ], [ -77.082275999431829, -12.072730464366769, 0.0 ], [ -77.082288779805026, -12.072767043040722, 0.0 ], [ -77.082333933756217, -12.072751756573144, 0.0 ], [ -77.082326825439679, -12.072731411889009, 0.0 ], [ -77.082343109360551, -12.072725899049598, 0.0 ], [ -77.082337551903819, -12.072709993074817, 0.0 ], [ -77.082435334570221, -12.072676900429464, 0.0 ], [ -77.082446205558128, -12.07270801420815, 0.0 ], [ -77.082602312593608, -12.072654836284773, 0.0 ], [ -77.082843153344442, -12.07257360254194, 0.0 ], [ -77.082831586505435, -12.072545388454058, 0.0 ], [ -77.082803990106385, -12.072522903870494, 0.0 ], [ -77.082739131434224, -12.072538281424597, 0.0 ] ] ] ] } },
{ "type": "Feature", "properties": { "Nombre": null, "Perimetro": 53.429, "Área": 129.025, "Uso": "Áreas de uso administrativo", "Proy riego": "Por validar con unidad", "Riego act": "Sin riego tecnificado", "Referenc_1": null, "código": "G 10", "ID": null }, "geometry": { "type": "MultiPolygon", "coordinates": [ [ [ [ -77.082122320971621, -12.072866985871293, 0.0 ], [ -77.082114056275259, -12.072863046789626, 0.0 ], [ -77.082122061037467, -12.072846778817024, 0.0 ], [ -77.082130325733374, -12.072850717898515, 0.0 ], [ -77.082162562651376, -12.072785203212838, 0.0 ], [ -77.082027776602899, -12.072712838795304, 0.0 ], [ -77.082011423926318, -12.072717369197809, 0.0 ], [ -77.082008029903704, -12.072743728920859, 0.0 ], [ -77.082118263523981, -12.072875231768482, 0.0 ], [ -77.082122320971621, -12.072866985871293, 0.0 ] ] ] ] } },
{ "type": "Feature", "properties": { "Nombre": null, "Perimetro": 83.95, "Área": 97.615, "Uso": "Áreas de uso administrativo", "Proy riego": "Por validar con unidad", "Riego act": "Sin riego tecnificado", "Referenc_1": "Pabellón K", "código": "G 4", "ID": null }, "geometry": { "type": "MultiPolygon", "coordinates": [ [ [ [ -77.082605934512614, -12.072881069440665, 0.0 ], [ -77.082687371395778, -12.073117139705742, 0.0 ], [ -77.082726527662118, -12.073103895042131, 0.0 ], [ -77.082725987515005, -12.073102346464063, 0.0 ], [ -77.082726480109116, -12.073102190118561, 0.0 ], [ -77.082726960294963, -12.073102000015824, 0.0 ], [ -77.082727425688901, -12.073101777115857, 0.0 ], [ -77.082727873981099, -12.07310152251547, 0.0 ], [ -77.082728302946052, -12.073101237483275, 0.0 ], [ -77.082728710454717, -12.073100923435822, 0.0 ], [ -77.082729094483895, -12.073100581926784, 0.0 ], [ -77.082729453127669, -12.073100214651163, 0.0 ], [ -77.082729784605647, -12.073099823436623, 0.0 ], [ -77.082730087272509, -12.073099410217553, 0.0 ], [ -77.082730359625714, -12.073098977056569, 0.0 ], [ -77.082730600313539, -12.073098526092718, 0.0 ], [ -77.082730808141065, -12.073098059571624, 0.0 ], [ -77.082730982076782, -12.07309757980663, 0.0 ], [ -77.082731121257154, -12.073097089178789, 0.0 ], [ -77.082731224991647, -12.073096590123871, 0.0 ], [ -77.082731292764905, -12.073096085119436, 0.0 ], [ -77.082731324240925, -12.073095576671864, 0.0 ], [ -77.082731319263104, -12.07309506730344, 0.0 ], [ -77.082731277856453, -12.073094559543696, 0.0 ], [ -77.082731200226448, -12.073094055918652, 0.0 ], [ -77.082731086758272, -12.073093558918552, 0.0 ], [ -77.082730938015132, -12.073093071015652, 0.0 ], [ -77.082706492328981, -12.073022073848319, 0.0 ], [ -77.082702922442891, -12.073023256845802, 0.0 ], [ -77.082665761654667, -12.073035571274362, 0.0 ], [ -77.082661606108175, -12.073023502385414, 0.0 ], [ -77.082660799945373, -12.073021099412939, 0.0 ], [ -77.082661651165395, -12.073020817333745, 0.0 ], [ -77.08262478176249, -12.072913738035393, 0.0 ], [ -77.082623911490657, -12.072914026427949, 0.0 ], [ -77.082623027332744, -12.072911458578952, 0.0 ], [ -77.082660981641482, -12.072898881195444, 0.0 ], [ -77.082699043258799, -12.072886268245718, 0.0 ], [ -77.082698013089995, -12.072883271975114, 0.0 ], [ -77.082701159401125, -12.072882229342763, 0.0 ], [ -77.082690848148545, -12.07285228180808, 0.0 ], [ -77.082605934512614, -12.072881069440665, 0.0 ] ] ] ] } },
{ "type": "Feature", "properties": { "Nombre": null, "Perimetro": 74.671, "Área": 207.687, "Uso": "Áreas de uso administrativo", "Proy riego": "Por validar con unidad", "Riego act": "Sin riego tecnificado", "Referenc_1": null, "código": null, "ID": null }, "geometry": { "type": "MultiPolygon", "coordinates": [ [ [ [ -77.082048993215565, -12.072821001277649, 0.0 ], [ -77.081977293651846, -12.072964324206897, 0.0 ], [ -77.081988382329826, -12.072969687219565, 0.0 ], [ -77.0819763123624, -12.072993958602964, 0.0 ], [ -77.081961048957766, -12.073024651633325, 0.0 ], [ -77.081972448889672, -12.073030109635518, 0.0 ], [ -77.082128836196532, -12.07297716029319, 0.0 ], [ -77.082132665927134, -12.072987905784242, 0.0 ], [ -77.082140491094833, -12.072985256088449, 0.0 ], [ -77.082132503820844, -12.072962330323971, 0.0 ], [ -77.082127751054728, -12.072948647633863, 0.0 ], [ -77.082118458084565, -12.072951774305206, 0.0 ], [ -77.08210034282456, -12.072928986754139, 0.0 ], [ -77.082108165015711, -12.072922693163305, 0.0 ], [ -77.082102109063129, -12.072915075257292, 0.0 ], [ -77.082092153547066, -12.072923085281733, 0.0 ], [ -77.082078400310351, -12.072905784802369, 0.0 ], [ -77.082099017720878, -12.072889196414609, 0.0 ], [ -77.082087797260655, -12.072875811485915, 0.0 ], [ -77.082092062974439, -12.072872379371141, 0.0 ], [ -77.082048993215565, -12.072821001277649, 0.0 ] ] ] ] } },
{ "type": "Feature", "properties": { "Nombre": null, "Perimetro": 114.203, "Área": 159.801, "Uso": "Áreas de manejo sostenible y reducción de consumo de agua", "Proy riego": "Goteo", "Riego act": "Sin riego tecnificado", "Referenc_1": null, "código": null, "ID": null }, "geometry": { "type": "MultiPolygon", "coordinates": [ [ [ [ -77.078953710155716, -12.072192052147157, 0.0 ], [ -77.078925642645927, -12.072198153229829, 0.0 ], [ -77.078982529262802, -12.072453078785863, 0.0 ], [ -77.078996699954629, -12.07245028761352, 0.0 ], [ -77.079012093759147, -12.072518394631702, 0.0 ], [ -77.078966403843751, -12.072528097932917, 0.0 ], [ -77.078977262425539, -12.072578122118067, 0.0 ], [ -77.079009866256484, -12.072571197946703, 0.0 ], [ -77.079021983935903, -12.072626586467313, 0.0 ], [ -77.07903292916599, -12.072629334061105, 0.0 ], [ -77.079032432573811, -12.072627114340008, 0.0 ], [ -77.079049612585891, -12.072623630883371, 0.0 ], [ -77.079036551471674, -12.072565248908068, 0.0 ], [ -77.079010894809016, -12.072447273009747, 0.0 ], [ -77.078953710155716, -12.072192052147157, 0.0 ] ] ] ] } },
{ "type": "Feature", "properties": { "Nombre": null, "Perimetro": 46.715, "Área": 59.864, "Uso": "Áreas de uso administrativo", "Proy riego": "Por validar con unidad", "Riego act": "Sin riego tecnificado", "Referenc_1": null, "código": null, "ID": null }, "geometry": { "type": "MultiPolygon", "coordinates": [ [ [ [ -77.079800466214976, -12.072244225879563, 0.0 ], [ -77.079830593309552, -12.072237665911011, 0.0 ], [ -77.079822379347405, -12.072211856362381, 0.0 ], [ -77.07964055838039, -12.072252366995109, 0.0 ], [ -77.079646340267175, -12.072277785695251, 0.0 ], [ -77.079800466214976, -12.072244225879563, 0.0 ] ] ] ] } },
{ "type": "Feature", "properties": { "Nombre": null, "Perimetro": 26.409, "Área": 25.926, "Uso": "Áreas de uso administrativo", "Proy riego": "Por validar con unidad", "Riego act": "Sin riego tecnificado", "Referenc_1": null, "código": null, "ID": null }, "geometry": { "type": "MultiPolygon", "coordinates": [ [ [ [ -77.080743834347189, -12.066293593684929, 0.0 ], [ -77.08074165475459, -12.06639124598332, 0.0 ], [ -77.08076368770584, -12.066391722346992, 0.0 ], [ -77.080765867290481, -12.066294070049723, 0.0 ], [ -77.080743834347189, -12.066293593684929, 0.0 ] ] ] ] } },
{ "type": "Feature", "properties": { "Nombre": null, "Perimetro": 37.633, "Área": 30.383, "Uso": "Áreas de uso administrativo", "Proy riego": "Por validar con unidad", "Riego act": "Sin riego tecnificado", "Referenc_1": null, "código": null, "ID": null }, "geometry": { "type": "MultiPolygon", "coordinates": [ [ [ [ -77.080762214403407, -12.066448119312701, 0.0 ], [ -77.080762392091614, -12.066439605197374, 0.0 ], [ -77.080752490250973, -12.066439391115006, 0.0 ], [ -77.080751118316741, -12.066494504143758, 0.0 ], [ -77.080739183758595, -12.066494246113033, 0.0 ], [ -77.080737170747838, -12.066575112275306, 0.0 ], [ -77.080737373882258, -12.066575122877815, 0.0 ], [ -77.080737307629008, -12.066576520301494, 0.0 ], [ -77.080737995576783, -12.066576551895766, 0.0 ], [ -77.080737477976683, -12.066587465973633, 0.0 ], [ -77.080758211743557, -12.066587987951653, 0.0 ], [ -77.080758633417176, -12.066586699651522, 0.0 ], [ -77.080761523348173, -12.066448225398192, 0.0 ], [ -77.080762214403407, -12.066448119312701, 0.0 ] ] ] ] } },
{ "type": "Feature", "properties": { "Nombre": null, "Perimetro": 52.999, "Área": 72.907, "Uso": "Áreas de manejo sostenible y reducción de consumo de agua", "Proy riego": "Goteo", "Riego act": "Sin riego tecnificado", "Referenc_1": null, "código": null, "ID": null }, "geometry": { "type": "MultiPolygon", "coordinates": [ [ [ [ -77.081635629777381, -12.06611696268909, 0.0 ], [ -77.08162540149003, -12.066179946177014, 0.0 ], [ -77.081615508002244, -12.066242997871406, 0.0 ], [ -77.081615488888545, -12.066243123530082, 0.0 ], [ -77.081596722864333, -12.0662695859157, 0.0 ], [ -77.081620336804363, -12.066285542113453, 0.0 ], [ -77.081642821301458, -12.066253836221764, 0.0 ], [ -77.081643825241429, -12.066247236037801, 0.0 ], [ -77.081653697107242, -12.066184322098119, 0.0 ], [ -77.081663910503153, -12.066121430266637, 0.0 ], [ -77.081666489502183, -12.066105682390585, 0.0 ], [ -77.081669197020247, -12.066090083982004, 0.0 ], [ -77.08167155654111, -12.066076735145501, 0.0 ], [ -77.081643184860724, -12.066072866387836, 0.0 ], [ -77.081638303538199, -12.066100660464199, 0.0 ], [ -77.081638233187803, -12.066101065762828, 0.0 ], [ -77.081635629777381, -12.06611696268909, 0.0 ] ] ] ] } },
{ "type": "Feature", "properties": { "Nombre": null, "Perimetro": 5.059, "Área": 1.592, "Uso": "Áreas de uso administrativo", "Proy riego": "Por validar con unidad", "Riego act": "Sin riego tecnificado", "Referenc_1": null, "código": null, "ID": null }, "geometry": { "type": "MultiPolygon", "coordinates": [ [ [ [ -77.079054817074791, -12.066777419175489, 0.0 ], [ -77.079054677738242, -12.06678808267843, 0.0 ], [ -77.079067073269414, -12.06678823957105, 0.0 ], [ -77.07906721260548, -12.066777576068191, 0.0 ], [ -77.079054817074791, -12.066777419175489, 0.0 ] ] ] ] } },
{ "type": "Feature", "properties": { "Nombre": null, "Perimetro": 5.059, "Área": 1.592, "Uso": "Áreas de uso administrativo", "Proy riego": "Por validar con unidad", "Riego act": "Sin riego tecnificado", "Referenc_1": null, "código": null, "ID": null }, "geometry": { "type": "MultiPolygon", "coordinates": [ [ [ [ -77.079092332787752, -12.06677789401758, 0.0 ], [ -77.079092193452695, -12.066788557520294, 0.0 ], [ -77.079104588983625, -12.066788714411231, 0.0 ], [ -77.0791047283182, -12.066778050908594, 0.0 ], [ -77.079092332787752, -12.06677789401758, 0.0 ] ] ] ] } },
{ "type": "Feature", "properties": { "Nombre": null, "Perimetro": 5.059, "Área": 1.592, "Uso": "Áreas de uso administrativo", "Proy riego": "Por validar con unidad", "Riego act": "Sin riego tecnificado", "Referenc_1": null, "código": null, "ID": null }, "geometry": { "type": "MultiPolygon", "coordinates": [ [ [ [ -77.079129787444558, -12.066778368081815, 0.0 ], [ -77.079129648110978, -12.066789031584301, 0.0 ], [ -77.079142043641667, -12.066789188473569, 0.0 ], [ -77.079142182974763, -12.066778524971156, 0.0 ], [ -77.079129787444558, -12.066778368081815, 0.0 ] ] ] ] } },
{ "type": "Feature", "properties": { "Nombre": null, "Perimetro": 6.28, "Área": 3.138, "Uso": "Áreas de uso administrativo", "Proy riego": "Por validar con unidad", "Riego act": "Sin riego tecnificado", "Referenc_1": null, "código": null, "ID": null }, "geometry": { "type": "MultiPolygon", "coordinates": [ [ [ [ -77.079264323975039, -12.068659933210453, 0.0 ], [ -77.079264296744654, -12.068659302959869, 0.0 ], [ -77.079264224911185, -12.06865867612103, 0.0 ], [ -77.079264108824418, -12.068658055736746, 0.0 ], [ -77.07926394904996, -12.068657444834587, 0.0 ], [ -77.079263746366237, -12.068656846388823, 0.0 ], [ -77.079263501760749, -12.068656263318289, 0.0 ], [ -77.079263216425019, -12.068655698458418, 0.0 ], [ -77.079262891749238, -12.068655154565574, 0.0 ], [ -77.079262529315272, -12.068654634286966, 0.0 ], [ -77.079262130888864, -12.068654140160678, 0.0 ], [ -77.079261698411131, -12.068653674589884, 0.0 ], [ -77.079261233988916, -12.068653239847251, 0.0 ], [ -77.079260739884859, -12.068652838044796, 0.0 ], [ -77.079260218506406, -12.068652471146963, 0.0 ], [ -77.079259672393292, -12.068652140931867, 0.0 ], [ -77.0792591042065, -12.068651849021585, 0.0 ], [ -77.079258516713892, -12.068651596826221, 0.0 ], [ -77.079257912777749, -12.068651385578484, 0.0 ], [ -77.079257295340653, -12.068651216312244, 0.0 ], [ -77.079256667410277, -12.068651089845394, 0.0 ], [ -77.079256032046018, -12.068651006797213, 0.0 ], [ -77.079255392343484, -12.068650967571218, 0.0 ], [ -77.079254751418858, -12.068650972359608, 0.0 ], [ -77.07925411239512, -12.068651021139056, 0.0 ], [ -77.079253478385084, -12.068651113670818, 0.0 ], [ -77.079252852477794, -12.068651249505175, 0.0 ], [ -77.079252237722756, -12.068651427977208, 0.0 ], [ -77.079251637114666, -12.068651648224176, 0.0 ], [ -77.079251053579839, -12.068651909168366, 0.0 ], [ -77.079250489961197, -12.068652209534449, 0.0 ], [ -77.07924994900452, -12.068652547871119, 0.0 ], [ -77.07924943334551, -12.068652922516739, 0.0 ], [ -77.079248945496118, -12.068653331655433, 0.0 ], [ -77.079248487833269, -12.068653773287036, 0.0 ], [ -77.0792480625867, -12.068654245265948, 0.0 ], [ -77.079247671828028, -12.068654745288297, 0.0 ], [ -77.079247317461054, -12.06865527092218, 0.0 ], [ -77.079247001212167, -12.068655819603421, 0.0 ], [ -77.079246724622195, -12.068656388661491, 0.0 ], [ -77.079246489038667, -12.068656975319556, 0.0 ], [ -77.079246295609238, -12.068657576724714, 0.0 ], [ -77.079246145276258, -12.068658189943717, 0.0 ], [ -77.079246038772197, -12.068658811990998, 0.0 ], [ -77.079245976615908, -12.068659439830888, 0.0 ], [ -77.07924595911031, -12.068660070415708, 0.0 ], [ -77.079245986340467, -12.068660700659063, 0.0 ], [ -77.079246058173936, -12.068661327502221, 0.0 ], [ -77.07924617426066, -12.068661947886518, 0.0 ], [ -77.079246334035091, -12.068662558788695, 0.0 ], [ -77.079246536718784, -12.068663157234477, 0.0 ], [ -77.079246781324244, -12.068663740305027, 0.0 ], [ -77.079247066659946, -12.068664305164923, 0.0 ], [ -77.079247391335713, -12.068664849057788, 0.0 ], [ -77.079247753769636, -12.068665369332107, 0.0 ], [ -77.079248152196072, -12.068665863462728, 0.0 ], [ -77.079248584673834, -12.068666329033539, 0.0 ], [ -77.079249049096049, -12.068666763776198, 0.0 ], [ -77.07924954320012, -12.068667165578669, 0.0 ], [ -77.079250064578588, -12.068667532476518, 0.0 ], [ -77.079250610691702, -12.068667862687324, 0.0 ], [ -77.07925117887855, -12.068668154601927, 0.0 ], [ -77.0792517663712, -12.068668406797304, 0.0 ], [ -77.07925237030733, -12.068668618040737, 0.0 ], [ -77.079252987744511, -12.068668787311294, 0.0 ], [ -77.079253615674915, -12.068668913778142, 0.0 ], [ -77.079254251039231, -12.068668996826325, 0.0 ], [ -77.079254890741794, -12.068669036052318, 0.0 ], [ -77.079255531666462, -12.068669031263918, 0.0 ], [ -77.079256170690272, -12.068668982484461, 0.0 ], [ -77.079256804700336, -12.068668889952679, 0.0 ], [ -77.079257430607655, -12.068668754118313, 0.0 ], [ -77.079258045362693, -12.068668575641949, 0.0 ], [ -77.079258645970839, -12.068668355399273, 0.0 ], [ -77.079259229505695, -12.068668094455061, 0.0 ], [ -77.079259793124322, -12.068667794084652, 0.0 ], [ -77.079260334081042, -12.068667455752264, 0.0 ], [ -77.079260849740066, -12.068667081106629, 0.0 ], [ -77.079261337589443, -12.068666671967909, 0.0 ], [ -77.079261795252293, -12.068666230336287, 0.0 ], [ -77.079262220498848, -12.068665758357355, 0.0 ], [ -77.079262611257462, -12.068665258330677, 0.0 ], [ -77.079262965624451, -12.068664732701084, 0.0 ], [ -77.079263281873324, -12.068664184019829, 0.0 ], [ -77.079263558463254, -12.068663614961752, 0.0 ], [ -77.079263794046753, -12.068663028303678, 0.0 ], [ -77.079263987476139, -12.068662426898511, 0.0 ], [ -77.079264137809062, -12.068661813679508, 0.0 ], [ -77.079264244313094, -12.068661191632225, 0.0 ], [ -77.079264306469298, -12.068660563788027, 0.0 ], [ -77.079264323975039, -12.068659933210453, 0.0 ] ] ] ] } },
{ "type": "Feature", "properties": { "Nombre": null, "Perimetro": 5.778, "Área": 2.656, "Uso": "Áreas de uso administrativo", "Proy riego": "Por validar con unidad", "Riego act": "Sin riego tecnificado", "Referenc_1": null, "código": null, "ID": null }, "geometry": { "type": "MultiPolygon", "coordinates": [ [ [ [ -77.07925814647723, -12.068697842582541, 0.0 ], [ -77.079258121425241, -12.068697262752231, 0.0 ], [ -77.079258055338443, -12.068696686059981, 0.0 ], [ -77.079257948538682, -12.068696115304547, 0.0 ], [ -77.079257801546106, -12.0686955532768, 0.0 ], [ -77.07925761507704, -12.068695002705836, 0.0 ], [ -77.079257390039899, -12.068694466282672, 0.0 ], [ -77.079257127531108, -12.06869394661072, 0.0 ], [ -77.079256828829301, -12.06869344622741, 0.0 ], [ -77.079256495390084, -12.068692967574023, 0.0 ], [ -77.079256128837713, -12.068692512978522, 0.0 ], [ -77.079255730958039, -12.06869208465133, 0.0 ], [ -77.079255303689578, -12.068691684685344, 0.0 ], [ -77.079254849113752, -12.068691315030195, 0.0 ], [ -77.079254369445479, -12.068690977483669, 0.0 ], [ -77.079253867021421, -12.068690673687506, 0.0 ], [ -77.079253344289427, -12.068690405127462, 0.0 ], [ -77.079252803796095, -12.068690173107557, 0.0 ], [ -77.079252248174853, -12.068689978763087, 0.0 ], [ -77.079251680132614, -12.068689823034871, 0.0 ], [ -77.079251102436629, -12.068689706686579, 0.0 ], [ -77.079250517901471, -12.068689630283288, 0.0 ], [ -77.079249929374981, -12.068689594195893, 0.0 ], [ -77.079249339724299, -12.068689598601214, 0.0 ], [ -77.079248751822277, -12.068689643477789, 0.0 ], [ -77.079248168532999, -12.068689728605984, 0.0 ], [ -77.079247592698238, -12.068689853572385, 0.0 ], [ -77.079247027123401, -12.068690017769935, 0.0 ], [ -77.079246474563931, -12.068690220393702, 0.0 ], [ -77.079245937711903, -12.068690460462529, 0.0 ], [ -77.079245419182641, -12.068690736801914, 0.0 ], [ -77.079244921502493, -12.068691048069931, 0.0 ], [ -77.079244447096087, -12.068691392744419, 0.0 ], [ -77.079243998274521, -12.068691769148916, 0.0 ], [ -77.079243577224716, -12.068692175452753, 0.0 ], [ -77.079243185997768, -12.06869260967542, 0.0 ], [ -77.079242826499723, -12.0686930696953, 0.0 ], [ -77.079242500482081, -12.068693553275544, 0.0 ], [ -77.079242209533035, -12.068694058064183, 0.0 ], [ -77.079241955070231, -12.068694581598471, 0.0 ], [ -77.079241738333266, -12.068695121322166, 0.0 ], [ -77.079241560378179, -12.068695674615778, 0.0 ], [ -77.079241422071874, -12.068696238775015, 0.0 ], [ -77.079241324088102, -12.068696811060414, 0.0 ], [ -77.079241266904319, -12.068697388673632, 0.0 ], [ -77.079241250799257, -12.068697968811435, 0.0 ], [ -77.079241275850933, -12.068698548637276, 0.0 ], [ -77.079241341937731, -12.068699125333845, 0.0 ], [ -77.079241448737577, -12.068699696084984, 0.0 ], [ -77.079241595729982, -12.068700258112745, 0.0 ], [ -77.07924178219902, -12.068700808683724, 0.0 ], [ -77.079242007236175, -12.068701345111217, 0.0 ], [ -77.079242269745052, -12.06870186477887, 0.0 ], [ -77.079242568446844, -12.068702365162201, 0.0 ], [ -77.079242901886062, -12.068702843815611, 0.0 ], [ -77.079243268438418, -12.068703298411124, 0.0 ], [ -77.079243666318106, -12.068703726738335, 0.0 ], [ -77.079244093586581, -12.068704126704338, 0.0 ], [ -77.079244548162393, -12.068704496359503, 0.0 ], [ -77.079245027830694, -12.068704833906045, 0.0 ], [ -77.079245530254781, -12.068705137702221, 0.0 ], [ -77.079246052986804, -12.068705406262277, 0.0 ], [ -77.079246593480022, -12.068705638282191, 0.0 ], [ -77.079247149101306, -12.068705832626668, 0.0 ], [ -77.079247717143716, -12.068705988354886, 0.0 ], [ -77.079248294839729, -12.068706104703178, 0.0 ], [ -77.079248879374958, -12.068706181110779, 0.0 ], [ -77.079249467901477, -12.068706217198169, 0.0 ], [ -77.079250057552201, -12.068706212792844, 0.0 ], [ -77.079250645454266, -12.068706167916257, 0.0 ], [ -77.079251228743544, -12.068706082783748, 0.0 ], [ -77.079251804578334, -12.068705957817331, 0.0 ], [ -77.079252370153185, -12.068705793619765, 0.0 ], [ -77.079252922712683, -12.068705590995982, 0.0 ], [ -77.07925345956474, -12.068705350927136, 0.0 ], [ -77.079253978094016, -12.068705074587733, 0.0 ], [ -77.079254475774178, -12.068704763319701, 0.0 ], [ -77.079254950180584, -12.068704418645193, 0.0 ], [ -77.07925539900215, -12.068704042240674, 0.0 ], [ -77.079255820051941, -12.068703635936822, 0.0 ], [ -77.079256211278874, -12.068703201714134, 0.0 ], [ -77.079256570776906, -12.068702741694246, 0.0 ], [ -77.079256896794533, -12.068702258113987, 0.0 ], [ -77.079257187743551, -12.068701753325335, 0.0 ], [ -77.079257442206227, -12.068701229795353, 0.0 ], [ -77.079257658943121, -12.068700690067335, 0.0 ], [ -77.079257836898179, -12.068700136773719, 0.0 ], [ -77.079257975204598, -12.068699572614477, 0.0 ], [ -77.079258073188228, -12.068699000333391, 0.0 ], [ -77.07925813037194, -12.068698422715862, 0.0 ], [ -77.07925814647723, -12.068697842582541, 0.0 ] ] ] ] } },
{ "type": "Feature", "properties": { "Nombre": null, "Perimetro": 5.904, "Área": 2.772, "Uso": "Áreas de uso administrativo", "Proy riego": "Por validar con unidad", "Riego act": "Sin riego tecnificado", "Referenc_1": null, "código": null, "ID": null }, "geometry": { "type": "MultiPolygon", "coordinates": [ [ [ [ -77.079234403379104, -12.068677562861222, 0.0 ], [ -77.079234377782896, -12.068676970435803, 0.0 ], [ -77.079234310260304, -12.068676381213351, 0.0 ], [ -77.079234201139954, -12.068675798054979, 0.0 ], [ -77.079234050953787, -12.068675223816134, 0.0 ], [ -77.079233860433277, -12.068674661281817, 0.0 ], [ -77.079233630506721, -12.068674113198909, 0.0 ], [ -77.079233362294346, -12.068673582239619, 0.0 ], [ -77.079233057102627, -12.068673070988561, 0.0 ], [ -77.079232716418588, -12.068672581929873, 0.0 ], [ -77.079232341902156, -12.068672117455911, 0.0 ], [ -77.079231935377678, -12.068671679824199, 0.0 ], [ -77.079231498825763, -12.06867127117043, 0.0 ], [ -77.079231034373308, -12.068670893482672, 0.0 ], [ -77.079230544283135, -12.068670548601457, 0.0 ], [ -77.079230030942668, -12.068670238202614, 0.0 ], [ -77.079229496853188, -12.068669963810295, 0.0 ], [ -77.079228944616432, -12.068669726749652, 0.0 ], [ -77.079228376923083, -12.068669528181417, 0.0 ], [ -77.079227796538646, -12.068669369067509, 0.0 ], [ -77.079227206290895, -12.068669250192698, 0.0 ], [ -77.079226609055297, -12.068669172125919, 0.0 ], [ -77.079226007741568, -12.06866913525484, 0.0 ], [ -77.079225405279502, -12.068669139755819, 0.0 ], [ -77.079224804603783, -12.068669185606925, 0.0 ], [ -77.079224208641165, -12.068669272588059, 0.0 ], [ -77.079223620295025, -12.068669400268112, 0.0 ], [ -77.079223042431892, -12.068669568035256, 0.0 ], [ -77.079222477866665, -12.06866977506257, 0.0 ], [ -77.079221929350126, -12.068670020346911, 0.0 ], [ -77.079221399554584, -12.068670302687488, 0.0 ], [ -77.079220891061084, -12.068670620720427, 0.0 ], [ -77.079220406347034, -12.06867097288438, 0.0 ], [ -77.079219947773808, -12.068671357468041, 0.0 ], [ -77.079219517575552, -12.068671772597284, 0.0 ], [ -77.07921911784824, -12.068672216252487, 0.0 ], [ -77.079218750539312, -12.068672686268608, 0.0 ], [ -77.079218417438071, -12.068673180361134, 0.0 ], [ -77.079218120167383, -12.068673696113182, 0.0 ], [ -77.079217860175788, -12.068674231018676, 0.0 ], [ -77.07921763872973, -12.068674782473781, 0.0 ], [ -77.079217456908069, -12.068675347789867, 0.0 ], [ -77.079217315596622, -12.068675924206483, 0.0 ], [ -77.079217215483894, -12.068676508928039, 0.0 ], [ -77.079217157057627, -12.068677099091458, 0.0 ], [ -77.079217140602481, -12.068677691831045, 0.0 ], [ -77.079217166198475, -12.068678284251863, 0.0 ], [ -77.079217233721096, -12.068678873482945, 0.0 ], [ -77.079217342841318, -12.068679456632706, 0.0 ], [ -77.079217493027514, -12.068680030875875, 0.0 ], [ -77.079217683547952, -12.068680593405903, 0.0 ], [ -77.07921791347448, -12.068681141488822, 0.0 ], [ -77.079218181686841, -12.068681672448134, 0.0 ], [ -77.079218486878574, -12.068682183703524, 0.0 ], [ -77.079218827562585, -12.06868267275792, 0.0 ], [ -77.079219202079017, -12.068683137231901, 0.0 ], [ -77.079219608603509, -12.068683574863632, 0.0 ], [ -77.079220045155409, -12.068683983517417, 0.0 ], [ -77.079220509607879, -12.068684361205193, 0.0 ], [ -77.079220999698109, -12.068684706090732, 0.0 ], [ -77.079221513038561, -12.068685016485277, 0.0 ], [ -77.079222047128098, -12.068685290881918, 0.0 ], [ -77.079222599364854, -12.068685527938261, 0.0 ], [ -77.079223167058416, -12.068685726510815, 0.0 ], [ -77.079223747442711, -12.068685885620418, 0.0 ], [ -77.079224337690505, -12.068686004495227, 0.0 ], [ -77.079224934926131, -12.068686082562007, 0.0 ], [ -77.079225536239903, -12.068686119433082, 0.0 ], [ -77.079226138702012, -12.068686114932097, 0.0 ], [ -77.079226739377759, -12.068686069080979, 0.0 ], [ -77.079227335340406, -12.068685982099836, 0.0 ], [ -77.079227923686588, -12.068685854419771, 0.0 ], [ -77.07922850154992, -12.068685686656918, 0.0 ], [ -77.079229066115005, -12.068685479625278, 0.0 ], [ -77.0792296146316, -12.068685234345232, 0.0 ], [ -77.079230144427115, -12.068684952000325, 0.0 ], [ -77.079230652920657, -12.068684633971676, 0.0 ], [ -77.079231137634679, -12.068684281803394, 0.0 ], [ -77.079231596207919, -12.068683897219712, 0.0 ], [ -77.07923202640616, -12.068683482090453, 0.0 ], [ -77.079232426133473, -12.068683038435234, 0.0 ], [ -77.079232793442387, -12.068682568419092, 0.0 ], [ -77.079233126543627, -12.068682074330866, 0.0 ], [ -77.079233423814244, -12.068681558574493, 0.0 ], [ -77.079233683805825, -12.068681023668988, 0.0 ], [ -77.079233905251868, -12.068680472213879, 0.0 ], [ -77.079234087073516, -12.068679906902094, 0.0 ], [ -77.079234228384877, -12.068679330481162, 0.0 ], [ -77.079234328497648, -12.068678745768231, 0.0 ], [ -77.079234386923801, -12.068678155596194, 0.0 ], [ -77.079234403379104, -12.068677562861222, 0.0 ] ] ] ] } },
{ "type": "Feature", "properties": { "Nombre": null, "Perimetro": 437.198, "Área": 10357.69, "Uso": "Áreas deportivas y recreación activa", "Proy riego": "Cuenta con aspersión", "Riego act": "Riego por aspersión", "Referenc_1": null, "código": null, "ID": null }, "geometry": { "type": "MultiPolygon", "coordinates": [ [ [ [ -77.079271599234289, -12.065907733671549, 0.0 ], [ -77.079312155695732, -12.065786064287222, 0.0 ], [ -77.079395199878689, -12.065500237797083, 0.0 ], [ -77.079534250603629, -12.064909272216118, 0.0 ], [ -77.079584463365407, -12.064924722296666, 0.0 ], [ -77.079643032772339, -12.064741836567846, 0.0 ], [ -77.079554861065503, -12.064721894523107, 0.0 ], [ -77.079561121813583, -12.064698605951975, 0.0 ], [ -77.079568829627576, -12.064654177658579, 0.0 ], [ -77.078989635264293, -12.064526882722539, 0.0 ], [ -77.078854447059499, -12.064893822135561, 0.0 ], [ -77.078630420891542, -12.065762889166399, 0.0 ], [ -77.079271599234289, -12.065907733671549, 0.0 ] ] ] ] } },
{ "type": "Feature", "properties": { "Nombre": null, "Perimetro": 405.806, "Área": 10409.438, "Uso": "Áreas deportivas y recreación activa", "Proy riego": "Cuenta con aspersión", "Riego act": "Riego por aspersión", "Referenc_1": null, "código": null, "ID": null }, "geometry": { "type": "MultiPolygon", "coordinates": [ [ [ [ -77.080627343802419, -12.064944034897341, 0.0 ], [ -77.079680191899513, -12.064688736701168, 0.0 ], [ -77.079626714917993, -12.064852885252522, 0.0 ], [ -77.079600315499505, -12.065048524896666, 0.0 ], [ -77.07952459430328, -12.065517619137704, 0.0 ], [ -77.079509144222726, -12.065560106859209, 0.0 ], [ -77.079825870873961, -12.065645082302222, 0.0 ], [ -77.080434217795556, -12.065791858067426, 0.0 ], [ -77.080635068842682, -12.064988453878927, 0.0 ], [ -77.080627343802419, -12.064944034897341, 0.0 ] ] ] ] } },
{ "type": "Feature", "properties": { "Nombre": null, "Perimetro": 24.999, "Área": 30.196, "Uso": "Áreas de manejo sostenible y reducción de consumo de agua", "Proy riego": "Goteo", "Riego act": "Sin riego tecnificado", "Referenc_1": null, "código": "E 33", "ID": null }, "geometry": { "type": "MultiPolygon", "coordinates": [ [ [ [ -77.079097476341403, -12.07123840547626, 0.0 ], [ -77.079090332371194, -12.071240003072678, 0.0 ], [ -77.07909022219313, -12.071239381099797, 0.0 ], [ -77.079089371370515, -12.071235540399583, 0.0 ], [ -77.079059871590616, -12.07124195629982, 0.0 ], [ -77.079056917822442, -12.071228622681055, 0.0 ], [ -77.079027059381971, -12.071235116582663, 0.0 ], [ -77.079033794902628, -12.07126317935861, 0.0 ], [ -77.079037391090452, -12.071278222232914, 0.0 ], [ -77.079105148511104, -12.07126348568857, 0.0 ], [ -77.079099495268096, -12.071237966380178, 0.0 ], [ -77.079097476341403, -12.07123840547626, 0.0 ] ] ] ] } },
{ "type": "Feature", "properties": { "Nombre": null, "Perimetro": 25.054, "Área": 11.568, "Uso": "Áreas de manejo sostenible y reducción de consumo de agua", "Proy riego": "Goteo", "Riego act": "Sin riego tecnificado", "Referenc_1": null, "código": null, "ID": null }, "geometry": { "type": "MultiPolygon", "coordinates": [ [ [ [ -77.079105954702385, -12.071262245950253, 0.0 ], [ -77.079117162825767, -12.071259808296611, 0.0 ], [ -77.079111734537861, -12.071235304462821, 0.0 ], [ -77.079100526415374, -12.071237742116091, 0.0 ], [ -77.079105954702385, -12.071262245950253, 0.0 ] ] ], [ [ [ -77.079089146414546, -12.071234524925339, 0.0 ], [ -77.079086642556987, -12.071223222255597, 0.0 ], [ -77.079058173925603, -12.071229413891411, 0.0 ], [ -77.07906067778211, -12.071240716561608, 0.0 ], [ -77.079089146414546, -12.071234524925339, 0.0 ] ] ], [ [ [ -77.079111509581821, -12.071234288988633, 0.0 ], [ -77.079108027653746, -12.071218571213954, 0.0 ], [ -77.079087673704237, -12.07122299799155, 0.0 ], [ -77.079091155631261, -12.071238715766626, 0.0 ], [ -77.079111509581821, -12.071234288988633, 0.0 ] ] ] ] } },
{ "type": "Feature", "properties": { "Nombre": null, "Perimetro": 44.366, "Área": 103.625, "Uso": "Áreas de manejo sostenible y reducción de consumo de agua", "Proy riego": "Goteo", "Riego act": "Sin riego tecnificado", "Referenc_1": null, "código": "E 32", "ID": null }, "geometry": { "type": "MultiPolygon", "coordinates": [ [ [ [ -77.079125044056084, -12.071354568900857, 0.0 ], [ -77.079124612237493, -12.071352710203248, 0.0 ], [ -77.07912463124903, -12.071352705450362, 0.0 ], [ -77.079124421360362, -12.071351757992735, 0.0 ], [ -77.079137960777331, -12.07134881330547, 0.0 ], [ -77.079121587876372, -12.071274904447254, 0.0 ], [ -77.079041525709826, -12.071292317150601, 0.0 ], [ -77.079058127251741, -12.071365004200585, 0.0 ], [ -77.079067893410283, -12.071409497493427, 0.0 ], [ -77.079095559718695, -12.071403480354569, 0.0 ], [ -77.079092605945704, -12.071390146736956, 0.0 ], [ -77.079122105739856, -12.07138373083075, 0.0 ], [ -77.079121029861909, -12.071378874215217, 0.0 ], [ -77.079129996364159, -12.071376924091231, 0.0 ], [ -77.079125044056084, -12.071354568900857, 0.0 ] ] ] ] } },
{ "type": "Feature", "properties": { "Nombre": null, "Perimetro": 25.154, "Área": 11.732, "Uso": "Áreas de manejo sostenible y reducción de consumo de agua", "Proy riego": "Goteo", "Riego act": "Sin riego tecnificado", "Referenc_1": null, "código": null, "ID": null }, "geometry": { "type": "MultiPolygon", "coordinates": [ [ [ [ -77.079096365910345, -12.071402240616214, 0.0 ], [ -77.079124834557803, -12.071396048973691, 0.0 ], [ -77.079122330696165, -12.071384746304915, 0.0 ], [ -77.07909386204976, -12.071390937947003, 0.0 ], [ -77.079096365910345, -12.071402240616214, 0.0 ] ] ], [ [ [ -77.079146309331634, -12.071391378425812, 0.0 ], [ -77.079142729590899, -12.071375219141959, 0.0 ], [ -77.07912228596598, -12.07137966542513, 0.0 ], [ -77.07912586570562, -12.07139582470943, 0.0 ], [ -77.079146309331634, -12.071391378425812, 0.0 ] ] ], [ [ [ -77.079142504634532, -12.071374203667842, 0.0 ], [ -77.079137154586007, -12.07135005304389, 0.0 ], [ -77.07912567746429, -12.071352549202652, 0.0 ], [ -77.07913102751192, -12.071376699826965, 0.0 ], [ -77.079142504634532, -12.071374203667842, 0.0 ] ] ] ] } },
{ "type": "Feature", "properties": { "Nombre": null, "Perimetro": 61.487, "Área": 111.436, "Uso": "Áreas de manejo sostenible y reducción de consumo de agua", "Proy riego": "Goteo", "Riego act": "Sin riego tecnificado", "Referenc_1": null, "código": "E 35", "ID": null }, "geometry": { "type": "MultiPolygon", "coordinates": [ [ [ [ -77.078929823400443, -12.071256079265169, 0.0 ], [ -77.078902027356335, -12.071262124603569, 0.0 ], [ -77.078905023153183, -12.071275486381987, 0.0 ], [ -77.078875415998098, -12.071281866762661, 0.0 ], [ -77.078876472957205, -12.071286445984834, 0.0 ], [ -77.078867740761623, -12.071288293244988, 0.0 ], [ -77.078873467404463, -12.071313835083613, 0.0 ], [ -77.078859770183982, -12.071316786851236, 0.0 ], [ -77.078865374986009, -12.07134195423682, 0.0 ], [ -77.078876427986842, -12.071390792340297, 0.0 ], [ -77.078956140011428, -12.071373455840369, 0.0 ], [ -77.07894508738184, -12.071324619438631, 0.0 ], [ -77.078929823400443, -12.071256079265169, 0.0 ] ] ], [ [ [ -77.0788722082726, -12.071313042479225, 0.0 ], [ -77.078866708306123, -12.071288511656693, 0.0 ], [ -77.078855101188495, -12.071290967094329, 0.0 ], [ -77.07886057567309, -12.071315549318525, 0.0 ], [ -77.0788722082726, -12.071313042479225, 0.0 ] ] ], [ [ [ -77.078903764021433, -12.071274693777728, 0.0 ], [ -77.078901223762145, -12.071263363776389, 0.0 ], [ -77.078872582975592, -12.071269592833948, 0.0 ], [ -77.078875182057843, -12.07128085322821, 0.0 ], [ -77.078903764021433, -12.071274693777728, 0.0 ] ] ] ] } },
{ "type": "Feature", "properties": { "Nombre": null, "Perimetro": 32.252, "Área": 66.394, "Uso": "Áreas de manejo sostenible y reducción de consumo de agua", "Proy riego": "Goteo", "Riego act": "Sin riego tecnificado", "Referenc_1": null, "código": null, "ID": null }, "geometry": { "type": "MultiPolygon", "coordinates": [ [ [ [ -77.079360225966113, -12.06952966105038, 0.0 ], [ -77.079285872453468, -12.069538351720682, 0.0 ], [ -77.079294563123781, -12.069611739603285, 0.0 ], [ -77.079368916636426, -12.069598220782799, 0.0 ], [ -77.07936795100639, -12.069558629951398, 0.0 ], [ -77.079360225966113, -12.06952966105038, 0.0 ] ] ] ] } },
{ "type": "Feature", "properties": { "Nombre": null, "Perimetro": 20.095, "Área": 23.584, "Uso": "Áreas de manejo sostenible y reducción de consumo de agua", "Proy riego": "Goteo", "Riego act": "Sin riego tecnificado", "Referenc_1": null, "código": null, "ID": null }, "geometry": { "type": "MultiPolygon", "coordinates": [ [ [ [ -77.079126543497807, -12.069561526841493, 0.0 ], [ -77.079067640065716, -12.069568286251748, 0.0 ], [ -77.079076330736029, -12.069600152042876, 0.0 ], [ -77.079131371647989, -12.06959725515277, 0.0 ], [ -77.079126543497807, -12.069561526841493, 0.0 ] ] ] ] } },
{ "type": "Feature", "properties": { "Nombre": null, "Perimetro": 80.443, "Área": 218.921, "Uso": "Áreas de uso administrativo", "Proy riego": "Por validar con unidad", "Riego act": "Sin riego tecnificado", "Referenc_1": null, "código": "B 13", "ID": null }, "geometry": { "type": "MultiPolygon", "coordinates": [ [ [ [ -77.078408732218591, -12.064905171220566, 0.0 ], [ -77.078406050149923, -12.064932938519691, 0.0 ], [ -77.078514329886673, -12.064959020886201, 0.0 ], [ -77.078509047167756, -12.064980264926268, 0.0 ], [ -77.07850637134473, -12.064979620376047, 0.0 ], [ -77.078499903555453, -12.065005163080054, 0.0 ], [ -77.07852146586697, -12.065010451952931, 0.0 ], [ -77.078514826907494, -12.065036670650384, 0.0 ], [ -77.078523206694172, -12.065038689282341, 0.0 ], [ -77.078529868288172, -12.065012381192865, 0.0 ], [ -77.078551430600484, -12.065017670063222, 0.0 ], [ -77.078548011479768, -12.06503117292255, 0.0 ], [ -77.078599226524346, -12.065043509546383, 0.0 ], [ -77.078627516356917, -12.064925601700699, 0.0 ], [ -77.078450268141381, -12.064883105451893, 0.0 ], [ -77.078433709860192, -12.064879135504853, 0.0 ], [ -77.07842654760536, -12.064909324174629, 0.0 ], [ -77.078408732218591, -12.064905171220566, 0.0 ] ] ] ] } },
{ "type": "Feature", "properties": { "Nombre": null, "Perimetro": 111.623, "Área": 421.576, "Uso": "Áreas de manejo sostenible y reducción de consumo de agua", "Proy riego": "Goteo", "Riego act": "Sin riego tecnificado", "Referenc_1": null, "código": "D 14", "ID": null }, "geometry": { "type": "MultiPolygon", "coordinates": [ [ [ [ -77.079157870115154, -12.068016311779404, 0.0 ], [ -77.079127197712282, -12.068215682395303, 0.0 ], [ -77.07912238793223, -12.068385627887164, 0.0 ], [ -77.079135767117307, -12.068465269675761, 0.0 ], [ -77.079142234141742, -12.068463727646778, 0.0 ], [ -77.079188140701845, -12.068426568557546, 0.0 ], [ -77.079190438271041, -12.068424758655583, 0.0 ], [ -77.079191744526213, -12.068423729657702, 0.0 ], [ -77.079216305721431, -12.068396861592367, 0.0 ], [ -77.079216483356205, -12.068394608205946, 0.0 ], [ -77.079212946799856, -12.068394310294783, 0.0 ], [ -77.079212919605396, -12.068390753542339, 0.0 ], [ -77.079212855740593, -12.068382400687426, 0.0 ], [ -77.079212798203415, -12.06837487541406, 0.0 ], [ -77.079218045564843, -12.068374790803295, 0.0 ], [ -77.079225310317824, -12.068047255386253, 0.0 ], [ -77.079172170601311, -12.068042958417729, 0.0 ], [ -77.079171621490929, -12.068042914015669, 0.0 ], [ -77.079172015691654, -12.068032154894841, 0.0 ], [ -77.079157632134013, -12.068030991813796, 0.0 ], [ -77.079158169736544, -12.068016318778216, 0.0 ], [ -77.079157870115154, -12.068016311779404, 0.0 ] ] ] ] } },
{ "type": "Feature", "properties": { "Nombre": null, "Perimetro": 73.504, "Área": 111.108, "Uso": "Áreas de uso administrativo", "Proy riego": "Por validar con unidad", "Riego act": "Sin riego tecnificado", "Referenc_1": null, "código": null, "ID": null }, "geometry": { "type": "MultiPolygon", "coordinates": [ [ [ [ -77.080587450794894, -12.069697898054601, 0.0 ], [ -77.080590113205147, -12.069639325039219, 0.0 ], [ -77.080550695221774, -12.06964266077429, 0.0 ], [ -77.080535607570098, -12.069661287714245, 0.0 ], [ -77.080532743694704, -12.069664823402292, 0.0 ], [ -77.080515478632663, -12.069650254385438, 0.0 ], [ -77.080468199971563, -12.069654358788974, 0.0 ], [ -77.080455472908611, -12.06966986045917, 0.0 ], [ -77.080452024722263, -12.06966687306095, 0.0 ], [ -77.080417256131724, -12.069709977237565, 0.0 ], [ -77.080427012343407, -12.069821804498899, 0.0 ], [ -77.080438705915611, -12.069820953937151, 0.0 ], [ -77.080431510828262, -12.069741194400253, 0.0 ], [ -77.080429092508368, -12.06971164562815, 0.0 ], [ -77.080587450794894, -12.069697898054601, 0.0 ] ] ] ] } },
{ "type": "Feature", "properties": { "Nombre": null, "Perimetro": 151.754, "Área": 393.012, "Uso": "Áreas de uso administrativo", "Proy riego": "Por validar con unidad", "Riego act": "Sin riego tecnificado", "Referenc_1": null, "código": null, "ID": null }, "geometry": { "type": "MultiPolygon", "coordinates": [ [ [ [ -77.079507794755159, -12.065583175157375, 0.0 ], [ -77.079448176756841, -12.065743930831401, 0.0 ], [ -77.079632353787346, -12.065787579723022, 0.0 ], [ -77.079729233034598, -12.065809936472391, 0.0 ], [ -77.07976862349777, -12.065667279119275, 0.0 ], [ -77.079764365069323, -12.065645986977017, 0.0 ], [ -77.079507794755159, -12.065583175157375, 0.0 ] ], [ [ -77.079706876285243, -12.065790773544348, 0.0 ], [ -77.079571671181924, -12.065758835330977, 0.0 ], [ -77.079597221752621, -12.065656633048144, 0.0 ], [ -77.079730297641717, -12.065682183618852, 0.0 ], [ -77.079706876285243, -12.065790773544348, 0.0 ] ] ] ] } },
{ "type": "Feature", "properties": { "Nombre": null, "Perimetro": 8.146, "Área": 2.009, "Uso": "Áreas de manejo sostenible y reducción de consumo de agua", "Proy riego": "Goteo", "Riego act": "Sin riego tecnificado", "Referenc_1": null, "código": null, "ID": null }, "geometry": { "type": "MultiPolygon", "coordinates": [ [ [ [ -77.079245905321486, -12.070645145380388, -1.7976931348623157e+308 ], [ -77.079272029432943, -12.070641505092947, -1.7976931348623157e+308 ], [ -77.079270769916278, -12.070630924809315, -1.7976931348623157e+308 ], [ -77.079258760927004, -12.070632390618355, -1.7976931348623157e+308 ], [ -77.079259731968833, -12.070640754319015, -1.7976931348623157e+308 ], [ -77.079245605889298, -12.070642478538058, -1.7976931348623157e+308 ], [ -77.079245905321486, -12.070645145380388, -1.7976931348623157e+308 ] ] ] ] } },
{ "type": "Feature", "properties": { "Nombre": null, "Perimetro": 22.61, "Área": 3.983, "Uso": "Áreas de manejo sostenible y reducción de consumo de agua", "Proy riego": "Goteo", "Riego act": "Sin riego tecnificado", "Referenc_1": null, "código": null, "ID": null }, "geometry": { "type": "MultiPolygon", "coordinates": [ [ [ [ -77.079102683864647, -12.07065992345613, -1.7976931348623157e+308 ], [ -77.079090993147005, -12.070661350410047, -1.7976931348623157e+308 ], [ -77.079091588046296, -12.070666648806867, -1.7976931348623157e+308 ], [ -77.079103256422925, -12.070665022873484, -1.7976931348623157e+308 ], [ -77.079102683864647, -12.07065992345613, -1.7976931348623157e+308 ] ] ], [ [ [ -77.07911164284188, -12.070658829934583, -1.7976931348623157e+308 ], [ -77.079112198279489, -12.070663776867505, -1.7976931348623157e+308 ], [ -77.079124072324149, -12.070662122274346, -1.7976931348623157e+308 ], [ -77.079123539621378, -12.070657377828143, -1.7976931348623157e+308 ], [ -77.07911164284188, -12.070658829934583, -1.7976931348623157e+308 ] ] ], [ [ [ -77.079144921877457, -12.070659216984373, -1.7976931348623157e+308 ], [ -77.079144429094669, -12.070654828083159, -1.7976931348623157e+308 ], [ -77.079132593030238, -12.070656272779694, -1.7976931348623157e+308 ], [ -77.079133108431861, -12.070660863134234, -1.7976931348623157e+308 ], [ -77.079144921877457, -12.070659216984373, -1.7976931348623157e+308 ] ] ], [ [ [ -77.079153920077772, -12.070657963125777, -1.7976931348623157e+308 ], [ -77.079167584349761, -12.070656059070602, -1.7976931348623157e+308 ], [ -77.079167134958169, -12.070652056629894, -1.7976931348623157e+308 ], [ -77.07915344452357, -12.070653727669836, -1.7976931348623157e+308 ], [ -77.079153920077772, -12.070657963125777, -1.7976931348623157e+308 ] ] ], [ [ [ -77.079176113617919, -12.070650960703833, -1.7976931348623157e+308 ], [ -77.079176545851155, -12.070654810325104, -1.7976931348623157e+308 ], [ -77.079190124035435, -12.070652918264743, -1.7976931348623157e+308 ], [ -77.079189717799991, -12.070649300190661, -1.7976931348623157e+308 ], [ -77.079176113617919, -12.070650960703833, -1.7976931348623157e+308 ] ] ], [ [ [ -77.079213360959557, -12.070649680299843, -1.7976931348623157e+308 ], [ -77.079212999215315, -12.07064645848231, -1.7976931348623157e+308 ], [ -77.079198786152247, -12.070648193316078, -1.7976931348623157e+308 ], [ -77.079199175057923, -12.070651657044122, -1.7976931348623157e+308 ], [ -77.079213360959557, -12.070649680299843, -1.7976931348623157e+308 ] ] ] ] } },
{ "type": "Feature", "properties": { "Nombre": null, "Perimetro": 11.724, "Área": 3.941, "Uso": "Áreas de uso administrativo", "Proy riego": "Por validar con unidad", "Riego act": "Sin riego tecnificado", "Referenc_1": null, "código": null, "ID": null }, "geometry": { "type": "MultiPolygon", "coordinates": [ [ [ [ -77.0811482248928, -12.069727883349323, -1.7976931348623157e+308 ], [ -77.081146788597763, -12.069728137956302, -8.9884656743115785e+307 ], [ -77.081143169503576, -12.069731975590976, 0.0 ], [ -77.081141401681421, -12.069711933183596, -8.9884656743115785e+307 ], [ -77.081136763514678, -12.069716921616479, -1.7976931348623157e+308 ], [ -77.081139972920994, -12.069753772043155, -1.7976931348623157e+308 ], [ -77.081150406209204, -12.069752929227198, -1.7976931348623157e+308 ], [ -77.0811482248928, -12.069727883349323, -1.7976931348623157e+308 ] ] ] ] } },
{ "type": "Feature", "properties": { "Nombre": null, "Perimetro": 4.571, "Área": 1.287, "Uso": "Áreas de manejo sostenible y reducción de consumo de agua", "Proy riego": "Goteo", "Riego act": "Sin riego tecnificado", "Referenc_1": null, "código": null, "ID": null }, "geometry": { "type": "MultiPolygon", "coordinates": [ [ [ [ -77.081070605882147, -12.06936514167406, -8.9884656743115785e+307 ], [ -77.081061437052085, -12.069365951592747, -8.9884656743115785e+307 ], [ -77.081062370797824, -12.069377077535512, -1.7976931348623157e+308 ], [ -77.081062401634981, -12.069377444972178, -1.7976931348623157e+308 ], [ -77.081071644803544, -12.06937669356155, -1.7976931348623157e+308 ], [ -77.081070605882147, -12.06936514167406, -8.9884656743115785e+307 ] ] ] ] } },
{ "type": "Feature", "properties": { "Nombre": null, "Perimetro": 31.638, "Área": 19.326, "Uso": "Áreas de manejo sostenible y reducción de consumo de agua", "Proy riego": "Goteo", "Riego act": "Sin riego tecnificado", "Referenc_1": null, "código": null, "ID": null }, "geometry": { "type": "MultiPolygon", "coordinates": [ [ [ [ -77.081103094049482, -12.067502462508608, -1.7976931348623157e+308 ], [ -77.081150346898823, -12.067503724678399, -1.7976931348623157e+308 ], [ -77.081150867226299, -12.067484855239268, -1.7976931348623157e+308 ], [ -77.08111525116621, -12.067483903899815, -1.7976931348623157e+308 ], [ -77.08111600221973, -12.067449116380118, -1.7976931348623157e+308 ], [ -77.081060834743127, -12.06744764279315, -1.7976931348623157e+308 ], [ -77.081060683120469, -12.067454600115173, -1.7976931348623157e+308 ], [ -77.081104102345449, -12.067455760038852, -1.7976931348623157e+308 ], [ -77.081103094049482, -12.067502462508608, -1.7976931348623157e+308 ] ] ] ] } },
{ "type": "Feature", "properties": { "Nombre": null, "Perimetro": 51.013, "Área": 142.48, "Uso": "Áreas de manejo sostenible y reducción de consumo de agua", "Proy riego": "Goteo", "Riego act": "Sin riego tecnificado", "Referenc_1": null, "código": null, "ID": null }, "geometry": { "type": "MultiPolygon", "coordinates": [ [ [ [ -77.078144485318944, -12.068872639612001, 0.0 ], [ -77.078107987518791, -12.068872383922958, 0.0 ], [ -77.078083914618446, -12.06888259991562, 0.0 ], [ -77.078078174087054, -12.068903771705651, 0.0 ], [ -77.078091831130678, -12.068934834893373, 0.0 ], [ -77.078120629022095, -12.068980575268464, 0.0 ], [ -77.078145974793145, -12.068996232699357, 0.0 ], [ -77.078185245554693, -12.0690080885822, 0.0 ], [ -77.078203520930884, -12.06901164967322, 0.0 ], [ -77.07820835098542, -12.069011613604765, 0.0 ], [ -77.078205191205313, -12.068949835097971, 0.0 ], [ -77.078201682063977, -12.068912357462196, 0.0 ], [ -77.078160362350388, -12.068913194234375, 0.0 ], [ -77.078158422515898, -12.068870422647304, 0.0 ], [ -77.078144485318944, -12.068872639612001, 0.0 ] ] ] ] } },
{ "type": "Feature", "properties": { "Nombre": null, "Perimetro": 289.194, "Área": 962.565, "Uso": "Áreas de uso recreativo/descanso", "Proy riego": "Falta aspersión", "Riego act": "Sin riego tecnificado", "Referenc_1": null, "código": null, "ID": null }, "geometry": { "type": "MultiPolygon", "coordinates": [ [ [ [ -77.079045208136151, -12.065945116373802, 0.0 ], [ -77.078995011519055, -12.066085247146212, 0.0 ], [ -77.07893493301107, -12.066267228187861, 0.0 ], [ -77.078889965567996, -12.066382305661676, 0.0 ], [ -77.07889304805046, -12.066384952549619, 0.0 ], [ -77.078909301742229, -12.066408897947271, 0.0 ], [ -77.07893753527182, -12.066446162509427, 0.0 ], [ -77.078946330727916, -12.066444507971552, 0.0 ], [ -77.079164973207099, -12.066328443597829, 0.0 ], [ -77.079245888149003, -12.066293879211598, 0.0 ], [ -77.079281250205511, -12.066253076838704, 0.0 ], [ -77.079281250205511, -12.066191873279347, 0.0 ], [ -77.079278530047318, -12.066130669719991, 0.0 ], [ -77.079275809889126, -12.066115708849926, 0.0 ], [ -77.07927036957274, -12.066088507267995, 0.0 ], [ -77.07928941068009, -12.066047704895091, 0.0 ], [ -77.079269629233679, -12.066000681303635, 0.0 ], [ -77.079045208136151, -12.065945116373802, 0.0 ] ], [ [ -77.078922189323862, -12.066377524076049, 0.0 ], [ -77.078920149205217, -12.066373443838756, 0.0 ], [ -77.078962311657207, -12.066297959448885, 0.0 ], [ -77.078994273515974, -12.066245596403661, 0.0 ], [ -77.079025555335207, -12.066256477036436, 0.0 ], [ -77.079046636561202, -12.066278918341526, 0.0 ], [ -77.079059557312618, -12.06629931952798, 0.0 ], [ -77.079069077866293, -12.066321760833075, 0.0 ], [ -77.079071798024486, -12.066348282375458, 0.0 ], [ -77.079068397826745, -12.066355082770942, 0.0 ], [ -77.078922189323862, -12.066377524076049, 0.0 ] ], [ [ -77.079191144965236, -12.066125229403617, 0.0 ], [ -77.079203949771696, -12.066130534620815, 0.0 ], [ -77.079241127872052, -12.066141550352761, 0.0 ], [ -77.07924588814889, -12.066289118934765, 0.0 ], [ -77.079151479490264, -12.066257835596756, 0.0 ], [ -77.079151362651672, -12.06625851715509, 0.0 ], [ -77.07899155335781, -12.066219074861277, 0.0 ], [ -77.078994398203278, -12.066213984085506, 0.0 ], [ -77.078985433001876, -12.066217034742634, 0.0 ], [ -77.079058877273084, -12.066100067940319, 0.0 ], [ -77.079080638538628, -12.066102788098522, 0.0 ], [ -77.079101039725074, -12.066106868335799, 0.0 ], [ -77.079141845567165, -12.066117010317893, 0.0 ], [ -77.079169947766502, -12.066121199465135, 0.0 ], [ -77.079191144965236, -12.066125229403617, 0.0 ] ] ] ] } },
{ "type": "Feature", "properties": { "Nombre": null, "Perimetro": 138.173, "Área": 918.693, "Uso": "Áreas de uso recreativo/descanso", "Proy riego": "Falta aspersión", "Riego act": "Sin riego tecnificado", "Referenc_1": null, "código": "F 26", "ID": null }, "geometry": { "type": "MultiPolygon", "coordinates": [ [ [ [ -77.081890124307122, -12.070705613637601, 0.0 ], [ -77.081947061225065, -12.070697996003394, 0.0 ], [ -77.081916822897412, -12.070608303521924, 0.0 ], [ -77.081871906046729, -12.070617173118896, 0.0 ], [ -77.081890124307122, -12.070705613637601, 0.0 ] ] ] ] } },
{ "type": "Feature", "properties": { "Nombre": null, "Perimetro": 212.296, "Área": 1143.885, "Uso": "Áreas de uso recreativo/descanso", "Proy riego": "Falta aspersión", "Riego act": "Sin riego tecnificado", "Referenc_1": null, "código": "F 26", "ID": null }, "geometry": { "type": "MultiPolygon", "coordinates": [ [ [ [ -77.081459005975546, -12.070814407339803, 0.0 ], [ -77.081484697778933, -12.070781873427329, 0.0 ], [ -77.081475341320655, -12.070737873113897, 0.0 ], [ -77.081475571792836, -12.070739252192858, 0.0 ], [ -77.081475703620768, -12.070740643770131, 0.0 ], [ -77.081475736157444, -12.070742041007367, 0.0 ], [ -77.081475669243559, -12.070743437064291, 0.0 ], [ -77.081475503207145, -12.07074482508836, 0.0 ], [ -77.081475238862751, -12.070746198268635, 0.0 ], [ -77.081474877507205, -12.070747549872475, 0.0 ], [ -77.081474420912784, -12.070748873267082, 0.0 ], [ -77.081473871319446, -12.070750161962707, 0.0 ], [ -77.081473231423075, -12.070751409634257, 0.0 ], [ -77.08147250436258, -12.070752610168805, 0.0 ], [ -77.081471693704231, -12.070753757670017, 0.0 ], [ -77.081470803424907, -12.070754846509985, 0.0 ], [ -77.081469837891433, -12.070755871350949, 0.0 ], [ -77.08146880184006, -12.070756827162665, 0.0 ], [ -77.081467700353315, -12.070757709261379, 0.0 ], [ -77.081466538833894, -12.070758513314324, 0.0 ], [ -77.081465322979639, -12.070759235378706, 0.0 ], [ -77.081464058754634, -12.070759871914834, 0.0 ], [ -77.08146275236048, -12.070760419799278, 0.0 ], [ -77.081461410205193, -12.070760876342316, 0.0 ], [ -77.081460038872834, -12.070761239309743, 0.0 ], [ -77.081458645089796, -12.070761506914483, 0.0 ], [ -77.081457235693392, -12.070761677851296, 0.0 ], [ -77.081455817596961, -12.070761751275503, 0.0 ], [ -77.081454397756858, -12.070761726824784, 0.0 ], [ -77.081452983137766, -12.070761604628041, 0.0 ], [ -77.081451580678774, -12.070761385279804, 0.0 ], [ -77.081450197259656, -12.070761069853416, 0.0 ], [ -77.081448839666251, -12.070760659901284, 0.0 ], [ -77.081447514558221, -12.070760157433574, 0.0 ], [ -77.081446228435496, -12.070759564909848, 0.0 ], [ -77.081444987606858, -12.07075888523929, 0.0 ], [ -77.081443798159157, -12.070758121759397, 0.0 ], [ -77.081442665926943, -12.070757278214655, 0.0 ], [ -77.081441596464231, -12.070756358739503, 0.0 ], [ -77.081440595016858, -12.070755367841326, 0.0 ], [ -77.081439666497573, -12.07075431039199, 0.0 ], [ -77.081438815460885, -12.070753191567722, 0.0 ], [ -77.081438046081345, -12.070752016862187, 0.0 ], [ -77.081437362133045, -12.070750792034925, 0.0 ], [ -77.081436766971109, -12.070749523094273, 0.0 ], [ -77.081436263514803, -12.07074821626944, 0.0 ], [ -77.081435854233945, -12.0707468779654, 0.0 ], [ -77.081435541136045, -12.070745514752318, 0.0 ], [ -77.081429572765472, -12.070716129376322, 0.0 ], [ -77.081318911046267, -12.070737863286711, 0.0 ], [ -77.081313499708216, -12.070738566800449, 0.0 ], [ -77.081308070668499, -12.070739122737624, 0.0 ], [ -77.081302628081588, -12.070739530659809, 0.0 ], [ -77.081297176112543, -12.070739790262184, 0.0 ], [ -77.081291718933372, -12.070739901345476, 0.0 ], [ -77.081286260720404, -12.070739863824572, 0.0 ], [ -77.081280805650422, -12.070739677726541, 0.0 ], [ -77.081268045640243, -12.070738331923001, 0.0 ], [ -77.081255402628685, -12.070736166264917, 0.0 ], [ -77.08124293093951, -12.070733190048891, 0.0 ], [ -77.081230684160303, -12.070729416072231, 0.0 ], [ -77.081218714912495, -12.070724860550538, 0.0 ], [ -77.081207074624459, -12.070719543050416, 0.0 ], [ -77.081195813311922, -12.070713486429304, 0.0 ], [ -77.081150677435133, -12.070778690609599, 0.0 ], [ -77.081147704289023, -12.070779276832484, 0.0 ], [ -77.081169053842657, -12.070877410232953, 0.0 ], [ -77.081198693899893, -12.070896459251983, 0.0 ], [ -77.081213846376784, -12.070893158522182, 0.0 ], [ -77.081205599116373, -12.070855338001364, 0.0 ], [ -77.081207930266331, -12.070854830196831, 0.0 ], [ -77.081232497434911, -12.070849478622405, 0.0 ], [ -77.08123125854695, -12.070843731885645, 0.0 ], [ -77.081394531553954, -12.070808165350192, 0.0 ], [ -77.0813971046354, -12.070820100877699, 0.0 ], [ -77.081415951975558, -12.070815995265285, 0.0 ], [ -77.081421517224413, -12.070808589366257, 0.0 ], [ -77.081444024535088, -12.070803697943493, 0.0 ], [ -77.081446006754021, -12.070812892681053, 0.0 ], [ -77.081458112279591, -12.070810261835291, 0.0 ], [ -77.081459005975546, -12.070814407339803, 0.0 ] ] ] ] } }
]
}
